unsigned char cubin_fmha_v2_flash_attention_fp16_64_32_S_qkv_128_sm86_cu_cubin[] = {
  0x7f, 0x45, 0x4c, 0x46, 0x02, 0x01, 0x01, 0x33, 0x07, 0x00, 0x00, 0x00,
  0x00, 0x00, 0x00, 0x00, 0x02, 0x00, 0xbe, 0x00, 0x80, 0x00, 0x00, 0x00,
  0x00, 0x00, 0x00, 0x00, 0x00, 0x00, 0x00, 0x00, 0xc0, 0xae, 0x01, 0x00,
  0x00, 0x00, 0x00, 0x00, 0x00, 0xaa, 0x01, 0x00, 0x00, 0x00, 0x00, 0x00,
  0x56, 0x05, 0x56, 0x00, 0x40, 0x00, 0x38, 0x00, 0x04, 0x00, 0x40, 0x00,
  0x13, 0x00, 0x01, 0x00, 0x00, 0x2e, 0x73, 0x68, 0x73, 0x74, 0x72, 0x74,
  0x61, 0x62, 0x00, 0x2e, 0x73, 0x74, 0x72, 0x74, 0x61, 0x62, 0x00, 0x2e,
  0x73, 0x79, 0x6d, 0x74, 0x61, 0x62, 0x00, 0x2e, 0x73, 0x79, 0x6d, 0x74,
  0x61, 0x62, 0x5f, 0x73, 0x68, 0x6e, 0x64, 0x78, 0x00, 0x2e, 0x6e, 0x76,
  0x2e, 0x69, 0x6e, 0x66, 0x6f, 0x00, 0x2e, 0x74, 0x65, 0x78, 0x74, 0x2e,
  0x66, 0x6d, 0x68, 0x61, 0x5f, 0x76, 0x32, 0x5f, 0x66, 0x6c, 0x61, 0x73,
  0x68, 0x5f, 0x61, 0x74, 0x74, 0x65, 0x6e, 0x74, 0x69, 0x6f, 0x6e, 0x5f,
  0x66, 0x70, 0x31, 0x36, 0x5f, 0x36, 0x34, 0x5f, 0x33, 0x32, 0x5f, 0x53,
  0x5f, 0x71, 0x6b, 0x76, 0x5f, 0x31, 0x32, 0x38, 0x5f, 0x63, 0x61, 0x75,
  0x73, 0x61, 0x6c, 0x5f, 0x73, 0x6d, 0x38, 0x36, 0x5f, 0x6b, 0x65, 0x72,
  0x6e, 0x65, 0x6c, 0x5f, 0x6e, 0x6c, 0x00, 0x2e, 0x6e, 0x76, 0x2e, 0x69,
  0x6e, 0x66, 0x6f, 0x2e, 0x66, 0x6d, 0x68, 0x61, 0x5f, 0x76, 0x32, 0x5f,
  0x66, 0x6c, 0x61, 0x73, 0x68, 0x5f, 0x61, 0x74, 0x74, 0x65, 0x6e, 0x74,
  0x69, 0x6f, 0x6e, 0x5f, 0x66, 0x70, 0x31, 0x36, 0x5f, 0x36, 0x34, 0x5f,
  0x33, 0x32, 0x5f, 0x53, 0x5f, 0x71, 0x6b, 0x76, 0x5f, 0x31, 0x32, 0x38,
  0x5f, 0x63, 0x61, 0x75, 0x73, 0x61, 0x6c, 0x5f, 0x73, 0x6d, 0x38, 0x36,
  0x5f, 0x6b, 0x65, 0x72, 0x6e, 0x65, 0x6c, 0x5f, 0x6e, 0x6c, 0x00, 0x2e,
  0x6e, 0x76, 0x2e, 0x73, 0x68, 0x61, 0x72, 0x65, 0x64, 0x2e, 0x66, 0x6d,
  0x68, 0x61, 0x5f, 0x76, 0x32, 0x5f, 0x66, 0x6c, 0x61, 0x73, 0x68, 0x5f,
  0x61, 0x74, 0x74, 0x65, 0x6e, 0x74, 0x69, 0x6f, 0x6e, 0x5f, 0x66, 0x70,
  0x31, 0x36, 0x5f, 0x36, 0x34, 0x5f, 0x33, 0x32, 0x5f, 0x53, 0x5f, 0x71,
  0x6b, 0x76, 0x5f, 0x31, 0x32, 0x38, 0x5f, 0x63, 0x61, 0x75, 0x73, 0x61,
  0x6c, 0x5f, 0x73, 0x6d, 0x38, 0x36, 0x5f, 0x6b, 0x65, 0x72, 0x6e, 0x65,
  0x6c, 0x5f, 0x6e, 0x6c, 0x00, 0x2e, 0x6e, 0x76, 0x2e, 0x63, 0x6f, 0x6e,
  0x73, 0x74, 0x61, 0x6e, 0x74, 0x30, 0x2e, 0x66, 0x6d, 0x68, 0x61, 0x5f,
  0x76, 0x32, 0x5f, 0x66, 0x6c, 0x61, 0x73, 0x68, 0x5f, 0x61, 0x74, 0x74,
  0x65, 0x6e, 0x74, 0x69, 0x6f, 0x6e, 0x5f, 0x66, 0x70, 0x31, 0x36, 0x5f,
  0x36, 0x34, 0x5f, 0x33, 0x32, 0x5f, 0x53, 0x5f, 0x71, 0x6b, 0x76, 0x5f,
  0x31, 0x32, 0x38, 0x5f, 0x63, 0x61, 0x75, 0x73, 0x61, 0x6c, 0x5f, 0x73,
  0x6d, 0x38, 0x36, 0x5f, 0x6b, 0x65, 0x72, 0x6e, 0x65, 0x6c, 0x5f, 0x6e,
  0x6c, 0x00, 0x2e, 0x72, 0x65, 0x6c, 0x2e, 0x6e, 0x76, 0x2e, 0x63, 0x6f,
  0x6e, 0x73, 0x74, 0x61, 0x6e, 0x74, 0x30, 0x2e, 0x66, 0x6d, 0x68, 0x61,
  0x5f, 0x76, 0x32, 0x5f, 0x66, 0x6c, 0x61, 0x73, 0x68, 0x5f, 0x61, 0x74,
  0x74, 0x65, 0x6e, 0x74, 0x69, 0x6f, 0x6e, 0x5f, 0x66, 0x70, 0x31, 0x36,
  0x5f, 0x36, 0x34, 0x5f, 0x33, 0x32, 0x5f, 0x53, 0x5f, 0x71, 0x6b, 0x76,
  0x5f, 0x31, 0x32, 0x38, 0x5f, 0x63, 0x61, 0x75, 0x73, 0x61, 0x6c, 0x5f,
  0x73, 0x6d, 0x38, 0x36, 0x5f, 0x6b, 0x65, 0x72, 0x6e, 0x65, 0x6c, 0x5f,
  0x6e, 0x6c, 0x00, 0x2e, 0x64, 0x65, 0x62, 0x75, 0x67, 0x5f, 0x66, 0x72,
  0x61, 0x6d, 0x65, 0x00, 0x2e, 0x64, 0x65, 0x62, 0x75, 0x67, 0x5f, 0x6c,
  0x69, 0x6e, 0x65, 0x00, 0x2e, 0x64, 0x65, 0x62, 0x75, 0x67, 0x5f, 0x73,
  0x74, 0x72, 0x00, 0x2e, 0x72, 0x65, 0x6c, 0x61, 0x2e, 0x64, 0x65, 0x62,
  0x75, 0x67, 0x5f, 0x6c, 0x69, 0x6e, 0x65, 0x00, 0x2e, 0x72, 0x65, 0x6c,
  0x2e, 0x64, 0x65, 0x62, 0x75, 0x67, 0x5f, 0x6c, 0x69, 0x6e, 0x65, 0x00,
  0x2e, 0x6e, 0x76, 0x5f, 0x64, 0x65, 0x62, 0x75, 0x67, 0x5f, 0x6c, 0x69,
  0x6e, 0x65, 0x5f, 0x73, 0x61, 0x73, 0x73, 0x00, 0x2e, 0x72, 0x65, 0x6c,
  0x2e, 0x6e, 0x76, 0x5f, 0x64, 0x65, 0x62, 0x75, 0x67, 0x5f, 0x6c, 0x69,
  0x6e, 0x65, 0x5f, 0x73, 0x61, 0x73, 0x73, 0x00, 0x2e, 0x6e, 0x76, 0x5f,
  0x64, 0x65, 0x62, 0x75, 0x67, 0x5f, 0x70, 0x74, 0x78, 0x5f, 0x74, 0x78,
  0x74, 0x00, 0x2e, 0x72, 0x65, 0x6c, 0x2e, 0x64, 0x65, 0x62, 0x75, 0x67,
  0x5f, 0x66, 0x72, 0x61, 0x6d, 0x65, 0x00, 0x2e, 0x72, 0x65, 0x6c, 0x61,
  0x2e, 0x64, 0x65, 0x62, 0x75, 0x67, 0x5f, 0x66, 0x72, 0x61, 0x6d, 0x65,
  0x00, 0x2e, 0x6e, 0x76, 0x2e, 0x63, 0x61, 0x6c, 0x6c, 0x67, 0x72, 0x61,
  0x70, 0x68, 0x00, 0x2e, 0x6e, 0x76, 0x2e, 0x70, 0x72, 0x6f, 0x74, 0x6f,
  0x74, 0x79, 0x70, 0x65, 0x00, 0x2e, 0x6e, 0x76, 0x2e, 0x72, 0x65, 0x6c,
  0x2e, 0x61, 0x63, 0x74, 0x69, 0x6f, 0x6e, 0x00, 0x00, 0x2e, 0x73, 0x68,
  0x73, 0x74, 0x72, 0x74, 0x61, 0x62, 0x00, 0x2e, 0x73, 0x74, 0x72, 0x74,
  0x61, 0x62, 0x00, 0x2e, 0x73, 0x79, 0x6d, 0x74, 0x61, 0x62, 0x00, 0x2e,
  0x73, 0x79, 0x6d, 0x74, 0x61, 0x62, 0x5f, 0x73, 0x68, 0x6e, 0x64, 0x78,
  0x00, 0x2e, 0x6e, 0x76, 0x2e, 0x69, 0x6e, 0x66, 0x6f, 0x00, 0x2e, 0x74,
  0x65, 0x78, 0x74, 0x2e, 0x66, 0x6d, 0x68, 0x61, 0x5f, 0x76, 0x32, 0x5f,
  0x66, 0x6c, 0x61, 0x73, 0x68, 0x5f, 0x61, 0x74, 0x74, 0x65, 0x6e, 0x74,
  0x69, 0x6f, 0x6e, 0x5f, 0x66, 0x70, 0x31, 0x36, 0x5f, 0x36, 0x34, 0x5f,
  0x33, 0x32, 0x5f, 0x53, 0x5f, 0x71, 0x6b, 0x76, 0x5f, 0x31, 0x32, 0x38,
  0x5f, 0x63, 0x61, 0x75, 0x73, 0x61, 0x6c, 0x5f, 0x73, 0x6d, 0x38, 0x36,
  0x5f, 0x6b, 0x65, 0x72, 0x6e, 0x65, 0x6c, 0x5f, 0x6e, 0x6c, 0x00, 0x2e,
  0x6e, 0x76, 0x2e, 0x69, 0x6e, 0x66, 0x6f, 0x2e, 0x66, 0x6d, 0x68, 0x61,
  0x5f, 0x76, 0x32, 0x5f, 0x66, 0x6c, 0x61, 0x73, 0x68, 0x5f, 0x61, 0x74,
  0x74, 0x65, 0x6e, 0x74, 0x69, 0x6f, 0x6e, 0x5f, 0x66, 0x70, 0x31, 0x36,
  0x5f, 0x36, 0x34, 0x5f, 0x33, 0x32, 0x5f, 0x53, 0x5f, 0x71, 0x6b, 0x76,
  0x5f, 0x31, 0x32, 0x38, 0x5f, 0x63, 0x61, 0x75, 0x73, 0x61, 0x6c, 0x5f,
  0x73, 0x6d, 0x38, 0x36, 0x5f, 0x6b, 0x65, 0x72, 0x6e, 0x65, 0x6c, 0x5f,
  0x6e, 0x6c, 0x00, 0x2e, 0x6e, 0x76, 0x2e, 0x73, 0x68, 0x61, 0x72, 0x65,
  0x64, 0x2e, 0x66, 0x6d, 0x68, 0x61, 0x5f, 0x76, 0x32, 0x5f, 0x66, 0x6c,
  0x61, 0x73, 0x68, 0x5f, 0x61, 0x74, 0x74, 0x65, 0x6e, 0x74, 0x69, 0x6f,
  0x6e, 0x5f, 0x66, 0x70, 0x31, 0x36, 0x5f, 0x36, 0x34, 0x5f, 0x33, 0x32,
  0x5f, 0x53, 0x5f, 0x71, 0x6b, 0x76, 0x5f, 0x31, 0x32, 0x38, 0x5f, 0x63,
  0x61, 0x75, 0x73, 0x61, 0x6c, 0x5f, 0x73, 0x6d, 0x38, 0x36, 0x5f, 0x6b,
  0x65, 0x72, 0x6e, 0x65, 0x6c, 0x5f, 0x6e, 0x6c, 0x00, 0x2e, 0x72, 0x65,
  0x6c, 0x2e, 0x6e, 0x76, 0x2e, 0x63, 0x6f, 0x6e, 0x73, 0x74, 0x61, 0x6e,
  0x74, 0x30, 0x2e, 0x66, 0x6d, 0x68, 0x61, 0x5f, 0x76, 0x32, 0x5f, 0x66,
  0x6c, 0x61, 0x73, 0x68, 0x5f, 0x61, 0x74, 0x74, 0x65, 0x6e, 0x74, 0x69,
  0x6f, 0x6e, 0x5f, 0x66, 0x70, 0x31, 0x36, 0x5f, 0x36, 0x34, 0x5f, 0x33,
  0x32, 0x5f, 0x53, 0x5f, 0x71, 0x6b, 0x76, 0x5f, 0x31, 0x32, 0x38, 0x5f,
  0x63, 0x61, 0x75, 0x73, 0x61, 0x6c, 0x5f, 0x73, 0x6d, 0x38, 0x36, 0x5f,
  0x6b, 0x65, 0x72, 0x6e, 0x65, 0x6c, 0x5f, 0x6e, 0x6c, 0x00, 0x2e, 0x6e,
  0x76, 0x2e, 0x63, 0x6f, 0x6e, 0x73, 0x74, 0x61, 0x6e, 0x74, 0x30, 0x2e,
  0x66, 0x6d, 0x68, 0x61, 0x5f, 0x76, 0x32, 0x5f, 0x66, 0x6c, 0x61, 0x73,
  0x68, 0x5f, 0x61, 0x74, 0x74, 0x65, 0x6e, 0x74, 0x69, 0x6f, 0x6e, 0x5f,
  0x66, 0x70, 0x31, 0x36, 0x5f, 0x36, 0x34, 0x5f, 0x33, 0x32, 0x5f, 0x53,
  0x5f, 0x71, 0x6b, 0x76, 0x5f, 0x31, 0x32, 0x38, 0x5f, 0x63, 0x61, 0x75,
  0x73, 0x61, 0x6c, 0x5f, 0x73, 0x6d, 0x38, 0x36, 0x5f, 0x6b, 0x65, 0x72,
  0x6e, 0x65, 0x6c, 0x5f, 0x6e, 0x6c, 0x00, 0x2e, 0x64, 0x65, 0x62, 0x75,
  0x67, 0x5f, 0x66, 0x72, 0x61, 0x6d, 0x65, 0x00, 0x2e, 0x64, 0x65, 0x62,
  0x75, 0x67, 0x5f, 0x6c, 0x69, 0x6e, 0x65, 0x00, 0x2e, 0x64, 0x65, 0x62,
  0x75, 0x67, 0x5f, 0x73, 0x74, 0x72, 0x00, 0x2e, 0x72, 0x65, 0x6c, 0x61,
  0x2e, 0x64, 0x65, 0x62, 0x75, 0x67, 0x5f, 0x6c, 0x69, 0x6e, 0x65, 0x00,
  0x2e, 0x72, 0x65, 0x6c, 0x2e, 0x64, 0x65, 0x62, 0x75, 0x67, 0x5f, 0x6c,
  0x69, 0x6e, 0x65, 0x00, 0x2e, 0x6e, 0x76, 0x5f, 0x64, 0x65, 0x62, 0x75,
  0x67, 0x5f, 0x6c, 0x69, 0x6e, 0x65, 0x5f, 0x73, 0x61, 0x73, 0x73, 0x00,
  0x2e, 0x72, 0x65, 0x6c, 0x2e, 0x6e, 0x76, 0x5f, 0x64, 0x65, 0x62, 0x75,
  0x67, 0x5f, 0x6c, 0x69, 0x6e, 0x65, 0x5f, 0x73, 0x61, 0x73, 0x73, 0x00,
  0x2e, 0x6e, 0x76, 0x5f, 0x64, 0x65, 0x62, 0x75, 0x67, 0x5f, 0x70, 0x74,
  0x78, 0x5f, 0x74, 0x78, 0x74, 0x00, 0x2e, 0x72, 0x65, 0x6c, 0x2e, 0x64,
  0x65, 0x62, 0x75, 0x67, 0x5f, 0x66, 0x72, 0x61, 0x6d, 0x65, 0x00, 0x2e,
  0x72, 0x65, 0x6c, 0x61, 0x2e, 0x64, 0x65, 0x62, 0x75, 0x67, 0x5f, 0x66,
  0x72, 0x61, 0x6d, 0x65, 0x00, 0x2e, 0x6e, 0x76, 0x2e, 0x63, 0x61, 0x6c,
  0x6c, 0x67, 0x72, 0x61, 0x70, 0x68, 0x00, 0x2e, 0x6e, 0x76, 0x2e, 0x70,
  0x72, 0x6f, 0x74, 0x6f, 0x74, 0x79, 0x70, 0x65, 0x00, 0x2e, 0x6e, 0x76,
  0x2e, 0x72, 0x65, 0x6c, 0x2e, 0x61, 0x63, 0x74, 0x69, 0x6f, 0x6e, 0x00,
  0x66, 0x6d, 0x68, 0x61, 0x5f, 0x76, 0x32, 0x5f, 0x66, 0x6c, 0x61, 0x73,
  0x68, 0x5f, 0x61, 0x74, 0x74, 0x65, 0x6e, 0x74, 0x69, 0x6f, 0x6e, 0x5f,
  0x66, 0x70, 0x31, 0x36, 0x5f, 0x36, 0x34, 0x5f, 0x33, 0x32, 0x5f, 0x53,
  0x5f, 0x71, 0x6b, 0x76, 0x5f, 0x31, 0x32, 0x38, 0x5f, 0x63, 0x61, 0x75,
  0x73, 0x61, 0x6c, 0x5f, 0x73, 0x6d, 0x38, 0x36, 0x5f, 0x6b, 0x65, 0x72,
  0x6e, 0x65, 0x6c, 0x5f, 0x6e, 0x6c, 0x00, 0x00, 0x00, 0x00, 0x00, 0x00,
  0x00, 0x00, 0x00, 0x00, 0x00, 0x00, 0x00, 0x00, 0x00, 0x00, 0x00, 0x00,
  0x00, 0x00, 0x00, 0x00, 0x00, 0x00, 0x00, 0x00, 0x00, 0x00, 0x00, 0x00,
  0x32, 0x00, 0x00, 0x00, 0x03, 0x00, 0x11, 0x00, 0x00, 0x00, 0x00, 0x00,
  0x00, 0x00, 0x00, 0x00, 0x00, 0x00, 0x00, 0x00, 0x00, 0x00, 0x00, 0x00,
  0x6a, 0x01, 0x00, 0x00, 0x03, 0x00, 0x10, 0x00, 0x00, 0x00, 0x00, 0x00,
  0x00, 0x00, 0x00, 0x00, 0x00, 0x00, 0x00, 0x00, 0x00, 0x00, 0x00, 0x00,
  0xbb, 0x01, 0x00, 0x00, 0x03, 0x00, 0x04, 0x00, 0x00, 0x00, 0x00, 0x00,
  0x00, 0x00, 0x00, 0x00, 0x00, 0x00, 0x00, 0x00, 0x00, 0x00, 0x00, 0x00,
  0xc8, 0x01, 0x00, 0x00, 0x03, 0x00, 0x05, 0x00, 0x00, 0x00, 0x00, 0x00,
  0x00, 0x00, 0x00, 0x00, 0x00, 0x00, 0x00, 0x00, 0x00, 0x00, 0x00, 0x00,
  0xd4, 0x01, 0x00, 0x00, 0x03, 0x00, 0x06, 0x00, 0x00, 0x00, 0x00, 0x00,
  0x00, 0x00, 0x00, 0x00, 0x00, 0x00, 0x00, 0x00, 0x00, 0x00, 0x00, 0x00,
  0x00, 0x02, 0x00, 0x00, 0x03, 0x00, 0x07, 0x00, 0x00, 0x00, 0x00, 0x00,
  0x00, 0x00, 0x00, 0x00, 0x00, 0x00, 0x00, 0x00, 0x00, 0x00, 0x00, 0x00,
  0x2c, 0x02, 0x00, 0x00, 0x03, 0x00, 0x08, 0x00, 0x00, 0x00, 0x00, 0x00,
  0x00, 0x00, 0x00, 0x00, 0x00, 0x00, 0x00, 0x00, 0x00, 0x00, 0x00, 0x00,
  0x61, 0x02, 0x00, 0x00, 0x03, 0x00, 0x0b, 0x00, 0x00, 0x00, 0x00, 0x00,
  0x00, 0x00, 0x00, 0x00, 0x00, 0x00, 0x00, 0x00, 0x00, 0x00, 0x00, 0x00,
  0x7d, 0x02, 0x00, 0x00, 0x03, 0x00, 0x0c, 0x00, 0x00, 0x00, 0x00, 0x00,
  0x00, 0x00, 0x00, 0x00, 0x00, 0x00, 0x00, 0x00, 0x00, 0x00, 0x00, 0x00,
  0x8c, 0x02, 0x00, 0x00, 0x12, 0x10, 0x11, 0x00, 0x00, 0x00, 0x00, 0x00,
  0x00, 0x00, 0x00, 0x00, 0x00, 0x4a, 0x00, 0x00, 0x00, 0x00, 0x00, 0x00,
  0xff, 0xff, 0xff, 0xff, 0x24, 0x00, 0x00, 0x00, 0x00, 0x00, 0x00, 0x00,
  0xff, 0xff, 0xff, 0xff, 0xff, 0xff, 0xff, 0xff, 0x03, 0x00, 0x04, 0x7c,
  0xff, 0xff, 0xff, 0xff, 0x0f, 0x0c, 0x81, 0x80, 0x80, 0x28, 0x00, 0x08,
  0xff, 0x81, 0x80, 0x28, 0x08, 0x81, 0x80, 0x80, 0x28, 0x00, 0x00, 0x00,
  0xff, 0xff, 0xff, 0xff, 0x34, 0x00, 0x00, 0x00, 0x00, 0x00, 0x00, 0x00,
  0x00, 0x00, 0x00, 0x00, 0x00, 0x00, 0x00, 0x00, 0x00, 0x00, 0x00, 0x00,
  0x00, 0x00, 0x00, 0x00, 0x00, 0x4a, 0x00, 0x00, 0x00, 0x00, 0x00, 0x00,
  0x04, 0x04, 0x00, 0x00, 0x00, 0x04, 0x38, 0x00, 0x00, 0x00, 0x0c, 0x81,
  0x80, 0x80, 0x28, 0x00, 0x04, 0x08, 0x12, 0x00, 0x00, 0x00, 0x00, 0x00,
  0x00, 0x00, 0x00, 0x00, 0x02, 0x2a, 0x00, 0x00, 0x02, 0x00, 0x5e, 0x02,
  0x00, 0x00, 0x01, 0x01, 0xfb, 0x0e, 0x0a, 0x00, 0x01, 0x01, 0x01, 0x01,
  0x00, 0x00, 0x00, 0x01, 0x2f, 0x68, 0x6f, 0x6d, 0x65, 0x2f, 0x66, 0x61,
  0x6e, 0x73, 0x2f, 0x6c, 0x6c, 0x6d, 0x2d, 0x6b, 0x65, 0x72, 0x6e, 0x65,
  0x6c, 0x73, 0x2f, 0x66, 0x6d, 0x68, 0x61, 0x5f, 0x76, 0x32, 0x2f, 0x67,
  0x65, 0x6e, 0x65, 0x72, 0x61, 0x74, 0x65, 0x64, 0x00, 0x2f, 0x68, 0x6f,
  0x6d, 0x65, 0x2f, 0x66, 0x61, 0x6e, 0x73, 0x2f, 0x6c, 0x6c, 0x6d, 0x2d,
  0x6b, 0x65, 0x72, 0x6e, 0x65, 0x6c, 0x73, 0x2f, 0x66, 0x6d, 0x68, 0x61,
  0x5f, 0x76, 0x32, 0x2f, 0x2e, 0x2f, 0x73, 0x72, 0x63, 0x00, 0x2f, 0x68,
  0x6f, 0x6d, 0x65, 0x2f, 0x66, 0x61, 0x6e, 0x73, 0x2f, 0x6c, 0x6c, 0x6d,
  0x2d, 0x6b, 0x65, 0x72, 0x6e, 0x65, 0x6c, 0x73, 0x2f, 0x66, 0x6d, 0x68,
  0x61, 0x5f, 0x76, 0x32, 0x2f, 0x2e, 0x2f, 0x73, 0x72, 0x63, 0x2f, 0x66,
  0x6d, 0x68, 0x61, 0x00, 0x2f, 0x75, 0x73, 0x72, 0x2f, 0x6c, 0x6f, 0x63,
  0x61, 0x6c, 0x2f, 0x63, 0x75, 0x64, 0x61, 0x2f, 0x69, 0x6e, 0x63, 0x6c,
  0x75, 0x64, 0x65, 0x00, 0x2f, 0x75, 0x73, 0x72, 0x2f, 0x69, 0x6e, 0x63,
  0x6c, 0x75, 0x64, 0x65, 0x2f, 0x63, 0x2b, 0x2b, 0x2f, 0x31, 0x31, 0x00,
  0x00, 0x66, 0x6d, 0x68, 0x61, 0x5f, 0x76, 0x32, 0x5f, 0x66, 0x6c, 0x61,
  0x73, 0x68, 0x5f, 0x61, 0x74, 0x74, 0x65, 0x6e, 0x74, 0x69, 0x6f, 0x6e,
  0x5f, 0x66, 0x70, 0x31, 0x36, 0x5f, 0x36, 0x34, 0x5f, 0x33, 0x32, 0x5f,
  0x53, 0x5f, 0x71, 0x6b, 0x76, 0x5f, 0x31, 0x32, 0x38, 0x5f, 0x73, 0x6d,
  0x38, 0x36, 0x2e, 0x63, 0x75, 0x00, 0x01, 0x8c, 0xc6, 0x87, 0xb9, 0x06,
  0xd6, 0x6a, 0x66, 0x75, 0x73, 0x65, 0x64, 0x5f, 0x6d, 0x75, 0x6c, 0x74,
  0x69, 0x68, 0x65, 0x61, 0x64, 0x5f, 0x66, 0x6c, 0x61, 0x73, 0x68, 0x5f,
  0x61, 0x74, 0x74, 0x65, 0x6e, 0x74, 0x69, 0x6f, 0x6e, 0x5f, 0x6b, 0x65,
  0x72, 0x6e, 0x65, 0x6c, 0x5f, 0x6e, 0x6f, 0x6c, 0x6f, 0x6f, 0x70, 0x2e,
  0x68, 0x00, 0x02, 0xd4, 0xb1, 0x83, 0xb7, 0x06, 0xb5, 0xb1, 0x01, 0x66,
  0x75, 0x73, 0x65, 0x64, 0x5f, 0x6d, 0x75, 0x6c, 0x74, 0x69, 0x68, 0x65,
  0x61, 0x64, 0x5f, 0x61, 0x74, 0x74, 0x65, 0x6e, 0x74, 0x69, 0x6f, 0x6e,
  0x5f, 0x6b, 0x65, 0x72, 0x6e, 0x65, 0x6c, 0x2e, 0x68, 0x00, 0x02, 0xd8,
  0xab, 0x87, 0xb9, 0x06, 0xdc, 0x3f, 0x67, 0x6d, 0x65, 0x6d, 0x5f, 0x74,
  0x69, 0x6c, 0x65, 0x5f, 0x71, 0x6b, 0x76, 0x5f, 0x70, 0x61, 0x63, 0x6b,
  0x65, 0x64, 0x2e, 0x68, 0x00, 0x03, 0xe3, 0xcf, 0xe8, 0xb6, 0x06, 0xbc,
  0xf4, 0x02, 0x73, 0x6d, 0x65, 0x6d, 0x5f, 0x74, 0x69, 0x6c, 0x65, 0x2e,
  0x68, 0x00, 0x03, 0xc7, 0x9c, 0xe8, 0xb6, 0x06, 0xf1, 0xfc, 0x05, 0x73,
  0x6d, 0x5f, 0x33, 0x30, 0x5f, 0x69, 0x6e, 0x74, 0x72, 0x69, 0x6e, 0x73,
  0x69, 0x63, 0x73, 0x2e, 0x68, 0x70, 0x70, 0x00, 0x04, 0xe0, 0xcc, 0xc7,
  0xb8, 0x06, 0xf7, 0xbf, 0x01, 0x6d, 0x61, 0x73, 0x6b, 0x2e, 0x68, 0x00,
  0x03, 0xe3, 0xcf, 0xe8, 0xb6, 0x06, 0x85, 0xd0, 0x01, 0x73, 0x6d, 0x65,
  0x6d, 0x5f, 0x74, 0x69, 0x6c, 0x65, 0x5f, 0x76, 0x2e, 0x68, 0x00, 0x03,
  0xe3, 0xcf, 0xe8, 0xb6, 0x06, 0xa4, 0xd3, 0x02, 0x67, 0x6d, 0x65, 0x6d,
  0x5f, 0x74, 0x69, 0x6c, 0x65, 0x5f, 0x6f, 0x5f, 0x70, 0x61, 0x63, 0x6b,
  0x65, 0x64, 0x2e, 0x68, 0x00, 0x03, 0xe3, 0xcf, 0xe8, 0xb6, 0x06, 0xca,
  0xdf, 0x02, 0x75, 0x74, 0x69, 0x6c, 0x73, 0x2e, 0x68, 0x00, 0x03, 0xe3,
  0xcf, 0xe8, 0xb6, 0x06, 0xbb, 0xef, 0x04, 0x73, 0x6f, 0x66, 0x74, 0x6d,
  0x61, 0x78, 0x2e, 0x68, 0x00, 0x03, 0xe3, 0xcf, 0xe8, 0xb6, 0x06, 0xf2,
  0xff, 0x09, 0x66, 0x72, 0x61, 0x67, 0x6d, 0x65, 0x6e, 0x74, 0x2e, 0x68,
  0x00, 0x03, 0xe3, 0xcf, 0xe8, 0xb6, 0x06, 0x88, 0xe1, 0x04, 0x67, 0x65,
  0x6d, 0x6d, 0x2e, 0x68, 0x00, 0x03, 0xc7, 0x9c, 0xe8, 0xb6, 0x06, 0xcb,
  0x09, 0x63, 0x6d, 0x61, 0x74, 0x68, 0x00, 0x05, 0xd0, 0x83, 0xfd, 0xa2,
  0x06, 0xe6, 0x81, 0x03, 0x73, 0x6d, 0x65, 0x6d, 0x5f, 0x74, 0x69, 0x6c,
  0x65, 0x5f, 0x6f, 0x2e, 0x68, 0x00, 0x03, 0xe3, 0xcf, 0xe8, 0xb6, 0x06,
  0xac, 0xf4, 0x03, 0x00, 0x00, 0x00, 0x00, 0x00, 0x00, 0x09, 0x02, 0x00,
  0x00, 0x00, 0x00, 0x00, 0x00, 0x00, 0x00, 0x04, 0x01, 0x03, 0x84, 0x01,
  0x01, 0xf0, 0x04, 0x02, 0x00, 0x03, 0x90, 0x02, 0x00, 0x03, 0x53, 0x01,
  0xf6, 0x04, 0x03, 0x00, 0x04, 0x90, 0x04, 0x83, 0x02, 0x03, 0x19, 0x01,
  0x04, 0x02, 0x00, 0x03, 0x90, 0x02, 0x00, 0x03, 0x5e, 0x02, 0xf0, 0x00,
  0x01, 0x03, 0x0b, 0x02, 0x10, 0x01, 0x04, 0x03, 0x00, 0x04, 0x90, 0x04,
  0x83, 0x02, 0x03, 0x17, 0x02, 0x10, 0x01, 0x04, 0x02, 0x00, 0x03, 0x90,
  0x02, 0x00, 0x03, 0x6a, 0x02, 0x10, 0x01, 0x04, 0x03, 0x00, 0x04, 0x90,
  0x09, 0xe9, 0x02, 0x03, 0x1f, 0x01, 0x04, 0x02, 0x00, 0x03, 0x90, 0x02,
  0x00, 0x03, 0x61, 0x02, 0x10, 0x01, 0x03, 0x7a, 0x02, 0x20, 0x01, 0xed,
  0x03, 0x1b, 0x02, 0x10, 0x01, 0x04, 0x04, 0x00, 0x04, 0x90, 0x0e, 0xee,
  0x12, 0x03, 0x09, 0x01, 0x00, 0x04, 0x90, 0x0f, 0xb1, 0x05, 0x03, 0xcc,
  0x00, 0x01, 0x04, 0x02, 0x00, 0x03, 0x90, 0x02, 0x00, 0x03, 0xa1, 0x7f,
  0x02, 0x10, 0x01, 0x04, 0x04, 0x00, 0x04, 0x90, 0x11, 0xa9, 0x03, 0x03,
  0x13, 0x01, 0x00, 0x04, 0x90, 0x12, 0xb1, 0x05, 0x03, 0x33, 0x01, 0x04,
  0x03, 0x00, 0x04, 0x90, 0x04, 0x83, 0x02, 0x03, 0x45, 0x02, 0x10, 0x01,
  0x04, 0x02, 0x00, 0x03, 0x90, 0x02, 0x00, 0x03, 0x1d, 0x02, 0x20, 0x01,
  0x04, 0x04, 0x00, 0x04, 0x90, 0x12, 0xb1, 0x05, 0x03, 0x1e, 0x02, 0x20,
  0x01, 0x04, 0x02, 0x00, 0x03, 0x90, 0x02, 0x00, 0x03, 0x62, 0x02, 0x10,
  0x01, 0x04, 0x03, 0x00, 0x04, 0x90, 0x04, 0x83, 0x02, 0x03, 0x63, 0x02,
  0x10, 0x01, 0xf5, 0x04, 0x02, 0x00, 0x03, 0x90, 0x02, 0x00, 0x03, 0x29,
  0x02, 0x10, 0x01, 0x04, 0x04, 0x00, 0x04, 0x90, 0x1a, 0xbf, 0x21, 0x03,
  0xc2, 0x00, 0x01, 0x04, 0x02, 0x00, 0x03, 0x90, 0x02, 0x00, 0x03, 0x86,
  0x7f, 0x02, 0x10, 0x01, 0x04, 0x05, 0x00, 0x04, 0x90, 0x1c, 0x90, 0x07,
  0x03, 0xa5, 0x08, 0x01, 0x00, 0x04, 0x90, 0x1d, 0xa2, 0x08, 0x03, 0x94,
  0x7f, 0x01, 0x04, 0x03, 0x00, 0x04, 0x90, 0x04, 0x83, 0x02, 0x03, 0xd6,
  0x78, 0x02, 0x10, 0x01, 0x04, 0x05, 0x00, 0x04, 0x90, 0x1d, 0xa2, 0x08,
  0x03, 0xab, 0x07, 0x02, 0x10, 0x01, 0x04, 0x02, 0x00, 0x03, 0x90, 0x02,
  0x00, 0x03, 0xcb, 0x78, 0x02, 0x10, 0x01, 0x04, 0x05, 0x00, 0x04, 0x90,
  0x21, 0xa8, 0x0f, 0x03, 0xaa, 0x0e, 0x01, 0x00, 0x04, 0x90, 0x22, 0xba,
  0x10, 0x03, 0x95, 0x7f, 0x01, 0x04, 0x04, 0x00, 0x04, 0x90, 0x12, 0xb1,
  0x05, 0x03, 0x8f, 0x73, 0x02, 0x10, 0x01, 0x04, 0x05, 0x00, 0x04, 0x90,
  0x1d, 0xa2, 0x08, 0x03, 0xe8, 0x06, 0x02, 0x10, 0x01, 0xf0, 0xed, 0x03,
  0x18, 0x02, 0x10, 0x01, 0x00, 0x04, 0x90, 0x22, 0xba, 0x10, 0x03, 0xf2,
  0x05, 0x02, 0x10, 0x01, 0xed, 0x04, 0x04, 0x00, 0x04, 0x90, 0x12, 0xb1,
  0x05, 0x03, 0xf5, 0x72, 0x02, 0x10, 0x01, 0x04, 0x05, 0x00, 0x04, 0x90,
  0x22, 0xba, 0x10, 0x03, 0x8d, 0x0d, 0x02, 0x10, 0x01, 0x00, 0x04, 0x90,
  0x1d, 0xa2, 0x08, 0x03, 0x8e, 0x7a, 0x02, 0x10, 0x01, 0x04, 0x04, 0x00,
  0x04, 0x90, 0x12, 0xb1, 0x05, 0x03, 0xe5, 0x78, 0x02, 0x10, 0x01, 0x04,
  0x05, 0x00, 0x04, 0x90, 0x22, 0xba, 0x10, 0x03, 0xa5, 0x0d, 0x02, 0x10,
  0x01, 0x00, 0x04, 0x90, 0x1d, 0xa2, 0x08, 0x03, 0xf6, 0x79, 0x02, 0x10,
  0x01, 0x04, 0x02, 0x00, 0x03, 0x90, 0x02, 0x00, 0x03, 0xc0, 0x78, 0x02,
  0x10, 0x01, 0x04, 0x08, 0x00, 0x04, 0x90, 0x31, 0x8f, 0x1a, 0x03, 0xbb,
  0x05, 0x01, 0x00, 0x04, 0x90, 0x32, 0xb1, 0x1b, 0x03, 0x48, 0x01, 0x04,
  0x04, 0x00, 0x04, 0x90, 0x12, 0xb1, 0x05, 0x03, 0xa2, 0x7b, 0x02, 0x10,
  0x01, 0x04, 0x05, 0x00, 0x04, 0x90, 0x1d, 0xa2, 0x08, 0x03, 0x9b, 0x07,
  0x02, 0x20, 0x01, 0x04, 0x08, 0x00, 0x04, 0x90, 0x32, 0xb1, 0x1b, 0x03,
  0xc3, 0x7d, 0x02, 0x10, 0x01, 0x04, 0x04, 0x00, 0x04, 0x90, 0x1a, 0xbf,
  0x21, 0x03, 0xdd, 0x7b, 0x02, 0x10, 0x01, 0x00, 0x04, 0x90, 0x12, 0xb1,
  0x05, 0x03, 0x45, 0x02, 0x10, 0x01, 0x04, 0x05, 0x00, 0x04, 0x90, 0x1d,
  0xa2, 0x08, 0x03, 0xe9, 0x06, 0x02, 0x10, 0x01, 0x00, 0x04, 0x90, 0x39,
  0xb7, 0x09, 0x03, 0xf3, 0x78, 0x01, 0x04, 0x04, 0x00, 0x04, 0x90, 0x1a,
  0xbf, 0x21, 0x03, 0xdf, 0x00, 0x02, 0x10, 0x01, 0x00, 0x04, 0x90, 0x12,
  0xb1, 0x05, 0x03, 0x4a, 0x02, 0x10, 0x01, 0x03, 0x09, 0x02, 0x10, 0x01,
  0x00, 0x04, 0x90, 0x1a, 0xbf, 0x21, 0x03, 0x2d, 0x02, 0x10, 0x01, 0x04,
  0x05, 0x00, 0x04, 0x90, 0x39, 0xb7, 0x09, 0x03, 0xa1, 0x7f, 0x02, 0x10,
  0x01, 0x04, 0x04, 0x00, 0x04, 0x90, 0x12, 0xb1, 0x05, 0x03, 0x37, 0x02,
  0x10, 0x01, 0x03, 0x75, 0x02, 0x10, 0x01, 0x03, 0x14, 0x02, 0x10, 0x01,
  0x00, 0x04, 0x90, 0x1a, 0xbf, 0x21, 0x03, 0x1f, 0x02, 0x10, 0x01, 0x04,
  0x02, 0x00, 0x03, 0x90, 0x02, 0x00, 0x03, 0x91, 0x7f, 0x02, 0x20, 0x01,
  0x04, 0x04, 0x00, 0x04, 0x90, 0x44, 0xc1, 0x0b, 0x03, 0x0e, 0x01, 0x00,
  0x04, 0x90, 0x45, 0xc9, 0x0d, 0x03, 0xc2, 0x00, 0x01, 0x00, 0x04, 0x90,
  0x0f, 0xf6, 0x14, 0x02, 0x10, 0x03, 0x77, 0x02, 0x10, 0x01, 0x04, 0x05,
  0x00, 0x04, 0x90, 0x39, 0xb7, 0x09, 0x03, 0x49, 0x02, 0x10, 0x01, 0x04,
  0x04, 0x00, 0x04, 0x90, 0x12, 0xb1, 0x05, 0x03, 0x2c, 0x02, 0x10, 0x01,
  0x00, 0x04, 0x90, 0x1a, 0xbf, 0x21, 0x03, 0x33, 0x02, 0x10, 0x01, 0x00,
  0x04, 0x90, 0x0f, 0xb1, 0x05, 0x03, 0x68, 0x02, 0x10, 0x01, 0x03, 0x65,
  0x02, 0x10, 0x01, 0x04, 0x05, 0x00, 0x04, 0x90, 0x39, 0xb7, 0x09, 0x03,
  0x54, 0x02, 0x10, 0x01, 0x04, 0x04, 0x00, 0x04, 0x90, 0x0f, 0xb1, 0x05,
  0x03, 0xc7, 0x00, 0x02, 0x10, 0x01, 0x04, 0x05, 0x00, 0x04, 0x90, 0x39,
  0xb7, 0x09, 0x03, 0xbb, 0x7f, 0x02, 0x20, 0x01, 0x04, 0x04, 0x00, 0x04,
  0x90, 0x0f, 0xb1, 0x05, 0x03, 0xc5, 0x00, 0x02, 0x10, 0x01, 0x00, 0x04,
  0x90, 0x45, 0xc9, 0x0d, 0x03, 0x6d, 0x02, 0x20, 0x01, 0x03, 0x05, 0x02,
  0xf0, 0x05, 0x01, 0x00, 0x04, 0x90, 0x0f, 0xf6, 0x14, 0x03, 0x7b, 0x02,
  0x20, 0x01, 0x03, 0x07, 0x02, 0xa0, 0x05, 0x01, 0x03, 0x79, 0x02, 0x10,
  0x01, 0x03, 0x07, 0x02, 0x20, 0x01, 0x03, 0x79, 0x02, 0x10, 0x01, 0x03,
  0x07, 0x02, 0x30, 0x01, 0x03, 0x0c, 0x02, 0x10, 0x01, 0x00, 0x04, 0x90,
  0x1a, 0xbf, 0x21, 0x03, 0x20, 0x02, 0x20, 0x01, 0x00, 0x04, 0x90, 0x0f,
  0xb1, 0x05, 0x03, 0x60, 0x02, 0x10, 0x01, 0x00, 0x04, 0x90, 0x1a, 0xbf,
  0x21, 0x03, 0x20, 0x02, 0x20, 0x01, 0x00, 0x04, 0x90, 0x0f, 0xc9, 0x0d,
  0x03, 0x60, 0x02, 0x10, 0x01, 0x00, 0x04, 0x90, 0x1a, 0xbf, 0x21, 0x03,
  0x20, 0x02, 0x10, 0x01, 0x00, 0x04, 0x90, 0x0f, 0xc9, 0x0d, 0x03, 0x60,
  0x02, 0x10, 0x01, 0x00, 0x04, 0x90, 0x1a, 0xbf, 0x21, 0x03, 0x18, 0x02,
  0x10, 0x01, 0x03, 0x0d, 0x02, 0x10, 0x01, 0x00, 0x04, 0x90, 0x61, 0x97,
  0x23, 0x03, 0xaf, 0x7e, 0x01, 0x04, 0x05, 0x00, 0x04, 0x90, 0x62, 0xd5,
  0x25, 0x03, 0x88, 0x02, 0x01, 0x04, 0x0a, 0x00, 0x04, 0x90, 0x63, 0xd2,
  0x28, 0x03, 0xba, 0x0a, 0x01, 0x00, 0x04, 0x90, 0x64, 0x83, 0x29, 0x03,
  0xa6, 0x7e, 0x01, 0x00, 0x04, 0x90, 0x65, 0xc6, 0x29, 0x03, 0xcc, 0x01,
  0x01, 0x00, 0x04, 0x90, 0x66, 0xef, 0x29, 0x03, 0x6d, 0x01, 0x04, 0x04,
  0x00, 0x04, 0x90, 0x1a, 0xbf, 0x21, 0x03, 0xa3, 0x75, 0x02, 0x10, 0x01,
  0x00, 0x04, 0x90, 0x0f, 0xc9, 0x0d, 0x03, 0x68, 0x02, 0x10, 0x01, 0x00,
  0x04, 0x90, 0x1a, 0xbf, 0x21, 0x03, 0x18, 0x02, 0x10, 0x01, 0x04, 0x05,
  0x00, 0x04, 0x90, 0x39, 0xb7, 0x09, 0x03, 0xa6, 0x7f, 0x02, 0x10, 0x01,
  0x04, 0x04, 0x00, 0x04, 0x90, 0x0f, 0xb1, 0x05, 0x03, 0xc2, 0x00, 0x02,
  0x10, 0x01, 0x00, 0x04, 0x90, 0x1a, 0xbf, 0x21, 0x03, 0x18, 0x02, 0x20,
  0x01, 0x04, 0x0a, 0x00, 0x04, 0x90, 0x66, 0xef, 0x29, 0x03, 0xdd, 0x0a,
  0x02, 0x10, 0x01, 0x04, 0x05, 0x00, 0x04, 0x90, 0x39, 0xb7, 0x09, 0x03,
  0xc9, 0x74, 0x02, 0x20, 0x01, 0x04, 0x04, 0x00, 0x04, 0x90, 0x1a, 0xbf,
  0x21, 0x03, 0xda, 0x00, 0x02, 0x10, 0x01, 0x00, 0x04, 0x90, 0x0f, 0xf6,
  0x14, 0x03, 0x68, 0x02, 0x10, 0x01, 0x04, 0x0a, 0x00, 0x04, 0x90, 0x66,
  0xef, 0x29, 0x03, 0xf5, 0x0a, 0x02, 0x10, 0x01, 0x04, 0x02, 0x00, 0x03,
  0x90, 0x02, 0x00, 0x03, 0xe4, 0x75, 0x02, 0x10, 0x01, 0x04, 0x0a, 0x00,
  0x04, 0x90, 0x66, 0xef, 0x29, 0x03, 0x9c, 0x0a, 0x02, 0x10, 0x01, 0x04,
  0x04, 0x00, 0x04, 0x90, 0x1a, 0xbf, 0x21, 0x03, 0xa3, 0x75, 0x02, 0xd0,
  0x00, 0x01, 0x04, 0x05, 0x00, 0x04, 0x90, 0x22, 0xba, 0x10, 0x03, 0xea,
  0x0c, 0x02, 0x10, 0x01, 0x04, 0x0a, 0x00, 0x04, 0x90, 0x66, 0xef, 0x29,
  0x03, 0xf3, 0x7d, 0x02, 0x10, 0x01, 0x04, 0x02, 0x00, 0x03, 0x90, 0x02,
  0x00, 0x03, 0xe4, 0x75, 0x02, 0x30, 0x01, 0x04, 0x04, 0x00, 0x04, 0x90,
  0x1a, 0xbf, 0x21, 0x03, 0xbf, 0x7f, 0x02, 0x10, 0x01, 0x04, 0x0a, 0x00,
  0x04, 0x90, 0x66, 0xef, 0x29, 0x03, 0xdd, 0x0a, 0x02, 0x10, 0x01, 0x04,
  0x02, 0x00, 0x03, 0x90, 0x02, 0x00, 0x03, 0xe4, 0x75, 0x02, 0x20, 0x01,
  0x04, 0x0a, 0x00, 0x04, 0x90, 0x66, 0xef, 0x29, 0x03, 0x9c, 0x0a, 0x02,
  0x10, 0x01, 0x04, 0x02, 0x00, 0x03, 0x90, 0x02, 0x00, 0x03, 0xe4, 0x75,
  0x02, 0x10, 0x01, 0x04, 0x04, 0x00, 0x04, 0x90, 0x0f, 0xc9, 0x0d, 0x03,
  0xa7, 0x7f, 0x02, 0x10, 0x01, 0x04, 0x02, 0x00, 0x03, 0x90, 0x02, 0x00,
  0x03, 0xd9, 0x00, 0x02, 0x10, 0x01, 0x04, 0x0a, 0x00, 0x04, 0x90, 0x66,
  0xef, 0x29, 0x03, 0x9c, 0x0a, 0x02, 0x10, 0x01, 0x04, 0x02, 0x00, 0x03,
  0x90, 0x02, 0x00, 0x03, 0xe4, 0x75, 0x02, 0x10, 0x01, 0x04, 0x04, 0x00,
  0x04, 0x90, 0x0f, 0xf6, 0x14, 0x03, 0xa7, 0x7f, 0x02, 0x10, 0x01, 0x04,
  0x02, 0x00, 0x03, 0x90, 0x02, 0x00, 0x03, 0xd9, 0x00, 0x02, 0x10, 0x01,
  0x04, 0x04, 0x00, 0x04, 0x90, 0x0f, 0xc9, 0x0d, 0x03, 0xa7, 0x7f, 0x02,
  0x10, 0x01, 0x04, 0x0a, 0x00, 0x04, 0x90, 0x66, 0xef, 0x29, 0x03, 0xf5,
  0x0a, 0x02, 0x10, 0x01, 0x04, 0x02, 0x00, 0x03, 0x90, 0x02, 0x00, 0x03,
  0xe4, 0x75, 0x02, 0x20, 0x01, 0x04, 0x04, 0x00, 0x04, 0x90, 0x1a, 0xbf,
  0x21, 0x03, 0xbf, 0x7f, 0x02, 0x10, 0x01, 0x04, 0x0a, 0x00, 0x04, 0x90,
  0x66, 0xef, 0x29, 0x03, 0xdd, 0x0a, 0x02, 0x10, 0x01, 0x04, 0x04, 0x00,
  0x04, 0x90, 0x0f, 0xf6, 0x14, 0x03, 0x8b, 0x75, 0x02, 0x10, 0x01, 0x04,
  0x02, 0x00, 0x03, 0x90, 0x02, 0x00, 0x03, 0xd9, 0x00, 0x02, 0x10, 0x01,
  0x04, 0x0a, 0x00, 0x04, 0x90, 0x66, 0xef, 0x29, 0x03, 0x9c, 0x0a, 0x02,
  0x10, 0x01, 0x04, 0x02, 0x00, 0x03, 0x90, 0x02, 0x00, 0x03, 0xe4, 0x75,
  0x02, 0x10, 0x01, 0x04, 0x0a, 0x00, 0x04, 0x90, 0x66, 0xef, 0x29, 0x03,
  0x9c, 0x0a, 0x02, 0x10, 0x01, 0x04, 0x02, 0x00, 0x03, 0x90, 0x02, 0x00,
  0x03, 0xe4, 0x75, 0x02, 0x10, 0x01, 0x04, 0x04, 0x00, 0x04, 0x90, 0x1a,
  0xbf, 0x21, 0x03, 0xbf, 0x7f, 0x02, 0x10, 0x01, 0x04, 0x0a, 0x00, 0x04,
  0x90, 0x66, 0xef, 0x29, 0x03, 0xdd, 0x0a, 0x02, 0x10, 0x01, 0x04, 0x02,
  0x00, 0x03, 0x90, 0x02, 0x00, 0x03, 0xe4, 0x75, 0x02, 0x30, 0x01, 0x03,
  0x87, 0x7f, 0x02, 0x10, 0x01, 0x04, 0x04, 0x00, 0x05, 0x90, 0x92, 0x01,
  0x88, 0x2a, 0x03, 0x38, 0x01, 0x04, 0x0a, 0x00, 0x04, 0x90, 0x66, 0xef,
  0x29, 0x03, 0xdd, 0x0a, 0x02, 0x10, 0x01, 0x04, 0x04, 0x00, 0x05, 0x90,
  0x92, 0x01, 0x88, 0x2a, 0x03, 0xb0, 0x75, 0x02, 0x20, 0x01, 0x00, 0x05,
  0x90, 0x95, 0x01, 0xe0, 0x2b, 0x03, 0xaf, 0x7e, 0x01, 0x04, 0x05, 0x00,
  0x05, 0x90, 0x96, 0x01, 0xea, 0x2d, 0x03, 0x88, 0x02, 0x01, 0x04, 0x0a,
  0x00, 0x05, 0x90, 0x97, 0x01, 0xe7, 0x30, 0x03, 0xba, 0x0a, 0x01, 0x00,
  0x05, 0x90, 0x98, 0x01, 0x98, 0x31, 0x03, 0xa6, 0x7e, 0x01, 0x00, 0x05,
  0x90, 0x99, 0x01, 0xdb, 0x31, 0x03, 0xcc, 0x01, 0x01, 0x00, 0x05, 0x90,
  0x9a, 0x01, 0xef, 0x29, 0x03, 0x6d, 0x01, 0x04, 0x04, 0x00, 0x05, 0x90,
  0x92, 0x01, 0x88, 0x2a, 0x03, 0xa3, 0x75, 0x02, 0x10, 0x01, 0x04, 0x0a,
  0x00, 0x04, 0x90, 0x66, 0xef, 0x29, 0x03, 0xdd, 0x0a, 0x02, 0x10, 0x01,
  0x00, 0x05, 0x90, 0x9a, 0x01, 0xef, 0x29, 0x02, 0x10, 0x04, 0x04, 0x00,
  0x05, 0x90, 0x92, 0x01, 0x88, 0x2a, 0x03, 0xa3, 0x75, 0x02, 0x20, 0x01,
  0x04, 0x0a, 0x00, 0x05, 0x90, 0x9a, 0x01, 0xef, 0x29, 0x03, 0xdd, 0x0a,
  0x02, 0x10, 0x01, 0x04, 0x02, 0x00, 0x03, 0x90, 0x02, 0x00, 0x03, 0xed,
  0x74, 0x02, 0x10, 0x01, 0x04, 0x04, 0x00, 0x05, 0x90, 0xa0, 0x01, 0x84,
  0x32, 0x03, 0xc3, 0x00, 0x01, 0x00, 0x05, 0x90, 0xa1, 0x01, 0xec, 0x33,
  0x03, 0xaf, 0x7e, 0x01, 0x04, 0x05, 0x00, 0x05, 0x90, 0xa2, 0x01, 0x86,
  0x36, 0x03, 0x88, 0x02, 0x01, 0x04, 0x0a, 0x00, 0x05, 0x90, 0xa3, 0x01,
  0xe7, 0x30, 0x03, 0xba, 0x0a, 0x01, 0x00, 0x05, 0x90, 0xa4, 0x01, 0x98,
  0x31, 0x03, 0xa6, 0x7e, 0x01, 0x00, 0x05, 0x90, 0xa5, 0x01, 0xdb, 0x31,
  0x03, 0xcc, 0x01, 0x01, 0x00, 0x05, 0x90, 0xa6, 0x01, 0xef, 0x29, 0x03,
  0x6d, 0x01, 0x04, 0x04, 0x00, 0x05, 0x90, 0x92, 0x01, 0x88, 0x2a, 0x03,
  0xa3, 0x75, 0x02, 0x10, 0x01, 0x04, 0x02, 0x00, 0x03, 0x90, 0x02, 0x00,
  0x03, 0xb4, 0x7f, 0x02, 0x10, 0x01, 0x04, 0x0a, 0x00, 0x05, 0x90, 0x9a,
  0x01, 0xef, 0x29, 0x03, 0xa9, 0x0b, 0x02, 0x10, 0x01, 0x04, 0x02, 0x00,
  0x03, 0x90, 0x02, 0x00, 0x03, 0xd7, 0x74, 0x02, 0x30, 0x01, 0x04, 0x0a,
  0x00, 0x05, 0x90, 0xa6, 0x01, 0xef, 0x29, 0x03, 0xa9, 0x0b, 0x02, 0x10,
  0x01, 0x00, 0x05, 0x90, 0x9a, 0x01, 0xef, 0x29, 0x02, 0x20, 0x04, 0x02,
  0x00, 0x03, 0x90, 0x02, 0x00, 0x03, 0xd7, 0x74, 0x02, 0x20, 0x01, 0x04,
  0x0a, 0x00, 0x05, 0x90, 0xa6, 0x01, 0xef, 0x29, 0x03, 0xa9, 0x0b, 0x02,
  0x10, 0x01, 0x00, 0x05, 0x90, 0x9a, 0x01, 0xef, 0x29, 0x02, 0x20, 0x04,
  0x02, 0x00, 0x03, 0x90, 0x02, 0x00, 0x03, 0xe4, 0x75, 0x02, 0x10, 0x01,
  0x03, 0xa2, 0x7f, 0x02, 0x10, 0x01, 0x04, 0x05, 0x00, 0x05, 0x90, 0xb0,
  0x01, 0xbc, 0x39, 0x03, 0xa8, 0x07, 0x01, 0x04, 0x02, 0x00, 0x03, 0x90,
  0x02, 0x00, 0x03, 0xad, 0x78, 0x02, 0x10, 0x01, 0x04, 0x0a, 0x00, 0x05,
  0x90, 0xa6, 0x01, 0xef, 0x29, 0x03, 0xa5, 0x0b, 0x02, 0x10, 0x01, 0x04,
  0x05, 0x00, 0x05, 0x90, 0xb0, 0x01, 0xbc, 0x39, 0x03, 0xac, 0x7c, 0x02,
  0x20, 0x01, 0x04, 0x02, 0x00, 0x03, 0x90, 0x02, 0x00, 0x03, 0xaf, 0x78,
  0x02, 0x10, 0x01, 0x03, 0x89, 0x01, 0x02, 0x10, 0x01, 0x04, 0x0a, 0x00,
  0x05, 0x90, 0xa6, 0x01, 0xef, 0x29, 0x03, 0x9c, 0x0a, 0x02, 0x10, 0x01,
  0x04, 0x05, 0x00, 0x05, 0x90, 0xb0, 0x01, 0xbc, 0x39, 0x03, 0xae, 0x7c,
  0x02, 0x10, 0x01, 0x04, 0x02, 0x00, 0x03, 0x90, 0x02, 0x00, 0x03, 0xad,
  0x78, 0x02, 0x10, 0x01, 0x04, 0x05, 0x00, 0x05, 0x90, 0xb0, 0x01, 0xbc,
  0x39, 0x03, 0xd3, 0x07, 0x02, 0x10, 0x01, 0x04, 0x0a, 0x00, 0x05, 0x90,
  0xa6, 0x01, 0xef, 0x29, 0x03, 0xd2, 0x03, 0x02, 0x10, 0x01, 0x04, 0x05,
  0x00, 0x05, 0x90, 0xb0, 0x01, 0xbc, 0x39, 0x03, 0xac, 0x7c, 0x02, 0x10,
  0x01, 0x04, 0x02, 0x00, 0x03, 0x90, 0x02, 0x00, 0x03, 0xb8, 0x79, 0x02,
  0x10, 0x01, 0x04, 0x05, 0x00, 0x05, 0x90, 0xb0, 0x01, 0xbc, 0x39, 0x03,
  0xca, 0x06, 0x02, 0x10, 0x01, 0x04, 0x0a, 0x00, 0x05, 0x90, 0xa6, 0x01,
  0xef, 0x29, 0x03, 0xd2, 0x03, 0x02, 0x10, 0x01, 0x04, 0x02, 0x00, 0x03,
  0x90, 0x02, 0x00, 0x03, 0xa8, 0x75, 0x02, 0x10, 0x01, 0x04, 0x08, 0x00,
  0x05, 0x90, 0xc0, 0x01, 0xc1, 0x3c, 0x03, 0xc6, 0x04, 0x01, 0x04, 0x02,
  0x00, 0x03, 0x90, 0x02, 0x00, 0x03, 0xf6, 0x7b, 0x02, 0x10, 0x01, 0x04,
  0x08, 0x00, 0x05, 0x90, 0xc0, 0x01, 0xc1, 0x3c, 0x03, 0x88, 0x04, 0x02,
  0x10, 0x01, 0x04, 0x02, 0x00, 0x03, 0x90, 0x02, 0x00, 0x03, 0x84, 0x7b,
  0x02, 0x10, 0x01, 0x04, 0x0a, 0x00, 0x05, 0x90, 0xc4, 0x01, 0x83, 0x39,
  0x03, 0xf4, 0x0a, 0x01, 0x04, 0x08, 0x00, 0x05, 0x90, 0xc0, 0x01, 0xc1,
  0x3c, 0x03, 0x8a, 0x7a, 0x02, 0x10, 0x01, 0x04, 0x02, 0x00, 0x03, 0x90,
  0x02, 0x00, 0x03, 0xf6, 0x7b, 0x02, 0x10, 0x01, 0x03, 0xad, 0x7f, 0x02,
  0x10, 0x01, 0x04, 0x05, 0x00, 0x05, 0x90, 0xc8, 0x01, 0x8a, 0x3b, 0x03,
  0xa7, 0x0d, 0x01, 0x04, 0x08, 0x00, 0x05, 0x90, 0xc0, 0x01, 0xc1, 0x3c,
  0x03, 0xb6, 0x77, 0x02, 0x10, 0x01, 0xeb, 0xf3, 0xed, 0x04, 0x05, 0x00,
  0x05, 0x90, 0xc8, 0x01, 0x8a, 0x3b, 0x03, 0xca, 0x08, 0x02, 0x10, 0x01,
  0xf1, 0x03, 0x7e, 0x02, 0x20, 0x01, 0xf1, 0x04, 0x02, 0x00, 0x03, 0x90,
  0x02, 0x00, 0x03, 0xc4, 0x72, 0x02, 0x10, 0x01, 0x04, 0x0a, 0x00, 0x05,
  0x90, 0xd2, 0x01, 0x9f, 0x39, 0x03, 0xfb, 0x0a, 0x01, 0x04, 0x02, 0x00,
  0x03, 0x90, 0x02, 0x00, 0x03, 0x85, 0x75, 0x02, 0x10, 0x01, 0x04, 0x05,
  0x00, 0x05, 0x90, 0xb0, 0x01, 0xbc, 0x39, 0x03, 0x9d, 0x07, 0x02, 0x10,
  0x01, 0x04, 0x0a, 0x00, 0x05, 0x90, 0xd5, 0x01, 0xf3, 0x3a, 0x03, 0xd9,
  0x04, 0x01, 0x04, 0x05, 0x00, 0x05, 0x90, 0xb0, 0x01, 0xbc, 0x39, 0x03,
  0xa7, 0x7b, 0x02, 0x10, 0x01, 0x04, 0x0a, 0x00, 0x05, 0x90, 0xd7, 0x01,
  0xf3, 0x3a, 0x03, 0xd9, 0x04, 0x01, 0x04, 0x05, 0x00, 0x05, 0x90, 0xb0,
  0x01, 0xbc, 0x39, 0x03, 0xa7, 0x7b, 0x02, 0x10, 0x01, 0x04, 0x0a, 0x00,
  0x05, 0x90, 0xd9, 0x01, 0xf3, 0x3a, 0x03, 0xd9, 0x04, 0x01, 0x04, 0x05,
  0x00, 0x05, 0x90, 0xb0, 0x01, 0xbc, 0x39, 0x03, 0xa7, 0x7b, 0x02, 0x10,
  0x01, 0x04, 0x0a, 0x00, 0x05, 0x90, 0xdb, 0x01, 0xf3, 0x3a, 0x03, 0xd9,
  0x04, 0x01, 0x04, 0x05, 0x00, 0x05, 0x90, 0xb0, 0x01, 0xbc, 0x39, 0x03,
  0xa7, 0x7b, 0x02, 0x10, 0x01, 0x04, 0x0a, 0x00, 0x05, 0x90, 0xdd, 0x01,
  0xf3, 0x3a, 0x03, 0xd9, 0x04, 0x01, 0x04, 0x05, 0x00, 0x05, 0x90, 0xb0,
  0x01, 0xbc, 0x39, 0x03, 0xa7, 0x7b, 0x02, 0x10, 0x01, 0x04, 0x0a, 0x00,
  0x05, 0x90, 0xdf, 0x01, 0xf3, 0x3a, 0x03, 0xd9, 0x04, 0x01, 0x04, 0x05,
  0x00, 0x05, 0x90, 0xb0, 0x01, 0xbc, 0x39, 0x03, 0xa7, 0x7b, 0x02, 0x10,
  0x01, 0x04, 0x0a, 0x00, 0x05, 0x90, 0xe1, 0x01, 0xf3, 0x3a, 0x03, 0xd9,
  0x04, 0x01, 0x04, 0x02, 0x00, 0x03, 0x90, 0x02, 0x00, 0x03, 0xf2, 0x74,
  0x02, 0x10, 0x01, 0x04, 0x05, 0x00, 0x05, 0x90, 0xb0, 0x01, 0xbc, 0x39,
  0x03, 0xb5, 0x06, 0x02, 0x10, 0x01, 0x04, 0x0a, 0x00, 0x05, 0x90, 0xe4,
  0x01, 0xf3, 0x3a, 0x03, 0xd9, 0x04, 0x01, 0x04, 0x05, 0x00, 0x05, 0x90,
  0xc8, 0x01, 0x8a, 0x3b, 0x03, 0xb1, 0x01, 0x02, 0x10, 0x01, 0x04, 0x0a,
  0x00, 0x05, 0x90, 0xe6, 0x01, 0xf3, 0x3a, 0x03, 0xcf, 0x7e, 0x01, 0x04,
  0x05, 0x00, 0x05, 0x90, 0xc8, 0x01, 0x8a, 0x3b, 0x03, 0xb1, 0x01, 0x02,
  0x10, 0x01, 0x04, 0x0a, 0x00, 0x05, 0x90, 0xe8, 0x01, 0xf3, 0x3a, 0x03,
  0xcf, 0x7e, 0x01, 0x04, 0x05, 0x00, 0x05, 0x90, 0xc8, 0x01, 0x8a, 0x3b,
  0x03, 0xb1, 0x01, 0x02, 0x20, 0x01, 0x04, 0x0a, 0x00, 0x05, 0x90, 0xea,
  0x01, 0xf3, 0x3a, 0x03, 0xcf, 0x7e, 0x01, 0x04, 0x05, 0x00, 0x05, 0x90,
  0xc8, 0x01, 0x8a, 0x3b, 0x03, 0xb1, 0x01, 0x02, 0x20, 0x01, 0x04, 0x0a,
  0x00, 0x05, 0x90, 0xec, 0x01, 0xf3, 0x3a, 0x03, 0xcf, 0x7e, 0x01, 0x04,
  0x05, 0x00, 0x05, 0x90, 0xc8, 0x01, 0x8a, 0x3b, 0x03, 0xb1, 0x01, 0x02,
  0x20, 0x01, 0x04, 0x0a, 0x00, 0x05, 0x90, 0xee, 0x01, 0xf3, 0x3a, 0x03,
  0xcf, 0x7e, 0x01, 0x04, 0x05, 0x00, 0x05, 0x90, 0xc8, 0x01, 0x8a, 0x3b,
  0x03, 0xb1, 0x01, 0x02, 0x20, 0x01, 0x04, 0x0a, 0x00, 0x05, 0x90, 0xf0,
  0x01, 0xf3, 0x3a, 0x03, 0xcf, 0x7e, 0x01, 0x04, 0x05, 0x00, 0x05, 0x90,
  0xc8, 0x01, 0x8a, 0x3b, 0x03, 0xb1, 0x01, 0x02, 0x20, 0x01, 0x04, 0x0a,
  0x00, 0x05, 0x90, 0xf2, 0x01, 0xf3, 0x3a, 0x03, 0xcf, 0x7e, 0x01, 0x04,
  0x05, 0x00, 0x05, 0x90, 0xc8, 0x01, 0x8a, 0x3b, 0x03, 0xb1, 0x01, 0x02,
  0x20, 0x01, 0x04, 0x0a, 0x00, 0x05, 0x90, 0xf4, 0x01, 0xf3, 0x3a, 0x03,
  0xcf, 0x7e, 0x01, 0x04, 0x05, 0x00, 0x05, 0x90, 0xc8, 0x01, 0x8a, 0x3b,
  0x03, 0xb1, 0x01, 0x02, 0x20, 0x01, 0x04, 0x0a, 0x00, 0x05, 0x90, 0xf6,
  0x01, 0xf3, 0x3a, 0x03, 0xcf, 0x7e, 0x01, 0x04, 0x08, 0x00, 0x05, 0x90,
  0xc0, 0x01, 0xc1, 0x3c, 0x03, 0xe8, 0x78, 0x02, 0x10, 0x01, 0x04, 0x0a,
  0x00, 0x05, 0x90, 0xf8, 0x01, 0xf0, 0x3d, 0x03, 0xa1, 0x07, 0x01, 0x04,
  0x02, 0x00, 0x03, 0x90, 0x02, 0x00, 0x03, 0xe9, 0x74, 0x02, 0x80, 0x02,
  0x01, 0x03, 0xc7, 0x7e, 0x02, 0x10, 0x01, 0x04, 0x07, 0x00, 0x05, 0x90,
  0xfb, 0x01, 0xd5, 0x16, 0x03, 0x8c, 0x01, 0x01, 0x04, 0x02, 0x00, 0x03,
  0x90, 0x02, 0x00, 0x03, 0xa4, 0x7f, 0x02, 0xc0, 0x00, 0x01, 0x04, 0x07,
  0x00, 0x05, 0x90, 0xfb, 0x01, 0xd5, 0x16, 0x03, 0xdc, 0x00, 0x02, 0x10,
  0x01, 0x03, 0x78, 0x02, 0x30, 0x01, 0x00, 0x05, 0x90, 0xff, 0x01, 0xb2,
  0x18, 0x03, 0xbe, 0x7f, 0x01, 0x00, 0x05, 0x90, 0xfb, 0x01, 0xd5, 0x16,
  0x03, 0xca, 0x00, 0x02, 0x10, 0x01, 0x04, 0x08, 0x00, 0x04, 0x90, 0x32,
  0xb1, 0x1b, 0x03, 0xc4, 0x03, 0x02, 0x30, 0x01, 0x04, 0x05, 0x00, 0x05,
  0x90, 0x82, 0x02, 0xbe, 0x1c, 0x03, 0xd1, 0x7b, 0x01, 0x04, 0x06, 0x00,
  0x05, 0x90, 0x83, 0x02, 0xd6, 0x0a, 0x03, 0xec, 0x01, 0x01, 0x04, 0x07,
  0x00, 0x05, 0x90, 0xfb, 0x01, 0xd5, 0x16, 0x03, 0xff, 0x7e, 0x02, 0x10,
  0x01, 0x00, 0x05, 0x90, 0xff, 0x01, 0xb2, 0x18, 0x03, 0xb6, 0x7f, 0x02,
  0x10, 0x01, 0x00, 0x05, 0x90, 0xfb, 0x01, 0xd5, 0x16, 0x03, 0xca, 0x00,
  0x02, 0x10, 0x01, 0x00, 0x05, 0x90, 0xff, 0x01, 0xb2, 0x18, 0x03, 0xb1,
  0x7f, 0x02, 0x10, 0x01, 0xf2, 0xec, 0xf4, 0x00, 0x05, 0x90, 0xfb, 0x01,
  0xd5, 0x16, 0x03, 0xc5, 0x00, 0x02, 0x10, 0x01, 0xf3, 0x00, 0x05, 0x90,
  0xff, 0x01, 0xb2, 0x18, 0x03, 0xb2, 0x7f, 0x02, 0x10, 0x01, 0xf2, 0x00,
  0x05, 0x90, 0xfb, 0x01, 0xd5, 0x16, 0x03, 0xcb, 0x00, 0x02, 0x10, 0x01,
  0xf0, 0xee, 0xf0, 0x00, 0x05, 0x90, 0xff, 0x01, 0xb2, 0x18, 0x03, 0xb6,
  0x7f, 0x02, 0x10, 0x01, 0x00, 0x05, 0x90, 0xfb, 0x01, 0xd5, 0x16, 0x03,
  0xc9, 0x00, 0x02, 0x20, 0x01, 0xf0, 0x00, 0x05, 0x90, 0xff, 0x01, 0xb2,
  0x18, 0x03, 0xb6, 0x7f, 0x02, 0x10, 0x01, 0x00, 0x05, 0x90, 0xfb, 0x01,
  0xd5, 0x16, 0x03, 0xca, 0x00, 0x02, 0x20, 0x01, 0x00, 0x05, 0x90, 0xff,
  0x01, 0xb2, 0x18, 0x03, 0xb6, 0x7f, 0x02, 0x10, 0x01, 0x00, 0x05, 0x90,
  0xfb, 0x01, 0xd5, 0x16, 0x03, 0xca, 0x00, 0x02, 0x10, 0x01, 0x04, 0x02,
  0x00, 0x03, 0x90, 0x02, 0x00, 0x03, 0x3b, 0x02, 0x10, 0x01, 0x03, 0x07,
  0x02, 0xc0, 0x00, 0x01, 0x04, 0x04, 0x00, 0x05, 0x90, 0x9c, 0x02, 0xff,
  0x44, 0x03, 0x58, 0x01, 0x04, 0x02, 0x00, 0x03, 0x90, 0x02, 0x00, 0x03,
  0x25, 0x02, 0x10, 0x01, 0xf6, 0x04, 0x04, 0x00, 0x05, 0x90, 0x9f, 0x02,
  0xa4, 0x46, 0x03, 0x54, 0x01, 0x00, 0x05, 0x90, 0x9c, 0x02, 0xff, 0x44,
  0x02, 0x10, 0x00, 0x04, 0x90, 0x1a, 0xbf, 0x21, 0x03, 0x5a, 0x02, 0x10,
  0x01, 0x00, 0x05, 0x90, 0x9c, 0x02, 0xff, 0x44, 0x03, 0x26, 0x02, 0x10,
  0x01, 0x00, 0x04, 0x90, 0x1a, 0xbf, 0x21, 0x03, 0x5a, 0x02, 0x10, 0x01,
  0x04, 0x02, 0x00, 0x03, 0x90, 0x02, 0x00, 0x03, 0xd0, 0x00, 0x02, 0x30,
  0x01, 0x04, 0x04, 0x00, 0x05, 0x90, 0xa4, 0x02, 0x88, 0x2a, 0x03, 0xa8,
  0x7f, 0x01, 0x00, 0x05, 0x90, 0x9f, 0x02, 0xa4, 0x46, 0x03, 0x2e, 0x02,
  0x10, 0x01, 0x00, 0x05, 0x90, 0xa4, 0x02, 0x88, 0x2a, 0x03, 0x5a, 0x02,
  0x10, 0x01, 0x03, 0x78, 0x02, 0x10, 0x01, 0x00, 0x05, 0x90, 0x9f, 0x02,
  0xa4, 0x46, 0x03, 0x2e, 0x02, 0x10, 0x01, 0x00, 0x05, 0x90, 0xa4, 0x02,
  0x88, 0x2a, 0x03, 0x5a, 0x02, 0x10, 0x01, 0xf4, 0x00, 0x05, 0x90, 0xab,
  0x02, 0xe0, 0x2b, 0x03, 0xaf, 0x7e, 0x01, 0x04, 0x05, 0x00, 0x05, 0x90,
  0xac, 0x02, 0xea, 0x2d, 0x03, 0x88, 0x02, 0x01, 0x04, 0x0a, 0x00, 0x05,
  0x90, 0xad, 0x02, 0xe7, 0x30, 0x03, 0xba, 0x0a, 0x01, 0x00, 0x05, 0x90,
  0xae, 0x02, 0x98, 0x31, 0x03, 0xa6, 0x7e, 0x01, 0x00, 0x05, 0x90, 0xaf,
  0x02, 0xdb, 0x31, 0x03, 0xcc, 0x01, 0x01, 0x00, 0x05, 0x90, 0xb0, 0x02,
  0xef, 0x29, 0x03, 0x6d, 0x01, 0x04, 0x02, 0x00, 0x03, 0x90, 0x02, 0x00,
  0x03, 0xff, 0x75, 0x02, 0x10, 0x01, 0x04, 0x04, 0x00, 0x05, 0x90, 0xb2,
  0x02, 0x84, 0x32, 0x03, 0xac, 0x7f, 0x01, 0x04, 0x0a, 0x00, 0x05, 0x90,
  0xb0, 0x02, 0xef, 0x29, 0x03, 0xd5, 0x0a, 0x02, 0x10, 0x01, 0x04, 0x04,
  0x00, 0x05, 0x90, 0xa4, 0x02, 0x88, 0x2a, 0x03, 0xa3, 0x75, 0x02, 0xd0,
  0x00, 0x01, 0x04, 0x0a, 0x00, 0x05, 0x90, 0xb0, 0x02, 0xef, 0x29, 0x03,
  0xdd, 0x0a, 0x02, 0x10, 0x01, 0x04, 0x04, 0x00, 0x05, 0x90, 0xa4, 0x02,
  0x88, 0x2a, 0x03, 0xa3, 0x75, 0x02, 0x20, 0x01, 0x00, 0x05, 0x90, 0xb2,
  0x02, 0x84, 0x32, 0xf7, 0x04, 0x0a, 0x00, 0x05, 0x90, 0xb0, 0x02, 0xef,
  0x29, 0x03, 0xd5, 0x0a, 0x02, 0x10, 0x01, 0x04, 0x04, 0x00, 0x05, 0x90,
  0xb2, 0x02, 0x84, 0x32, 0x03, 0xb0, 0x75, 0x02, 0x20, 0x01, 0x00, 0x05,
  0x90, 0xba, 0x02, 0xec, 0x33, 0x03, 0xaf, 0x7e, 0x01, 0x04, 0x05, 0x00,
  0x05, 0x90, 0xbb, 0x02, 0x86, 0x36, 0x03, 0x88, 0x02, 0x01, 0x04, 0x0a,
  0x00, 0x05, 0x90, 0xbc, 0x02, 0xe7, 0x30, 0x03, 0xba, 0x0a, 0x01, 0x00,
  0x05, 0x90, 0xbd, 0x02, 0x98, 0x31, 0x03, 0xa6, 0x7e, 0x01, 0x00, 0x05,
  0x90, 0xbe, 0x02, 0xdb, 0x31, 0x03, 0xcc, 0x01, 0x01, 0x00, 0x05, 0x90,
  0xbf, 0x02, 0xef, 0x29, 0x03, 0x6d, 0x01, 0x00, 0x05, 0x90, 0xb0, 0x02,
  0xef, 0x29, 0x02, 0x10, 0x04, 0x04, 0x00, 0x05, 0x90, 0xb2, 0x02, 0x84,
  0x32, 0x03, 0xa3, 0x75, 0x02, 0x20, 0x01, 0x04, 0x0a, 0x00, 0x05, 0x90,
  0xb0, 0x02, 0xef, 0x29, 0x03, 0xdd, 0x0a, 0x02, 0x20, 0x01, 0x00, 0x05,
  0x90, 0xbf, 0x02, 0xef, 0x29, 0x02, 0x10, 0x04, 0x04, 0x00, 0x05, 0x90,
  0xb2, 0x02, 0x84, 0x32, 0x03, 0xa3, 0x75, 0x02, 0x20, 0x01, 0x04, 0x0a,
  0x00, 0x05, 0x90, 0xbf, 0x02, 0xef, 0x29, 0x03, 0xdd, 0x0a, 0x02, 0x20,
  0x01, 0x04, 0x02, 0x00, 0x03, 0x90, 0x02, 0x00, 0x03, 0x82, 0x76, 0x02,
  0xf0, 0x00, 0x01, 0x04, 0x0a, 0x00, 0x05, 0x90, 0xc5, 0x02, 0x83, 0x39,
  0x03, 0xe2, 0x09, 0x01, 0x04, 0x02, 0x00, 0x03, 0x90, 0x02, 0x00, 0x03,
  0xbc, 0x76, 0x02, 0x10, 0x01, 0x04, 0x0d, 0x00, 0x05, 0x90, 0xc7, 0x02,
  0xa6, 0x49, 0x03, 0xc1, 0x7d, 0x01, 0x04, 0x0c, 0x00, 0x05, 0x90, 0xc8,
  0x02, 0xd4, 0x4a, 0x03, 0xbc, 0x06, 0x01, 0x04, 0x02, 0x00, 0x03, 0x90,
  0x02, 0x00, 0x03, 0x96, 0x7c, 0x02, 0x20, 0x01, 0x04, 0x0b, 0x00, 0x05,
  0x90, 0xca, 0x02, 0xdd, 0x4b, 0x03, 0xaf, 0x03, 0x01, 0x04, 0x0a, 0x00,
  0x05, 0x90, 0xcb, 0x02, 0xce, 0x4f, 0x03, 0xdc, 0x02, 0x01, 0x00, 0x05,
  0x90, 0xcc, 0x02, 0xc4, 0x50, 0x03, 0x5f, 0x01, 0x00, 0x05, 0x90, 0xcd,
  0x02, 0xb5, 0x51, 0x03, 0x6f, 0x01, 0x04, 0x0c, 0x00, 0x05, 0x90, 0xc8,
  0x02, 0xd4, 0x4a, 0x03, 0x9a, 0x7e, 0x02, 0x20, 0x01, 0x03, 0x77, 0x02,
  0x10, 0x01, 0x03, 0x09, 0x02, 0x10, 0x01, 0x03, 0x77, 0x02, 0x10, 0x01,
  0x03, 0x09, 0x02, 0x10, 0x01, 0x03, 0x77, 0x02, 0x10, 0x01, 0x03, 0x09,
  0x02, 0x10, 0x01, 0x03, 0x77, 0x02, 0x10, 0x01, 0x03, 0x09, 0x02, 0x10,
  0x01, 0x03, 0x77, 0x02, 0x10, 0x01, 0x03, 0x09, 0x02, 0x10, 0x01, 0x03,
  0x77, 0x02, 0x10, 0x01, 0x03, 0x09, 0x02, 0x10, 0x01, 0x03, 0x77, 0x02,
  0x10, 0x01, 0x03, 0x09, 0x02, 0x10, 0x01, 0x03, 0x77, 0x02, 0x10, 0x01,
  0x03, 0x09, 0x02, 0x10, 0x01, 0x03, 0x77, 0x02, 0x10, 0x01, 0x03, 0x09,
  0x02, 0x10, 0x01, 0x03, 0x77, 0x02, 0x10, 0x01, 0x03, 0x09, 0x02, 0x10,
  0x01, 0x03, 0x77, 0x02, 0x10, 0x01, 0x03, 0x09, 0x02, 0x10, 0x01, 0x03,
  0x77, 0x02, 0x10, 0x01, 0x03, 0x09, 0x02, 0x10, 0x01, 0x03, 0x77, 0x02,
  0x10, 0x01, 0x03, 0x09, 0x02, 0x10, 0x01, 0x04, 0x02, 0x00, 0x03, 0x90,
  0x02, 0x00, 0x03, 0x84, 0x7c, 0x02, 0x10, 0x01, 0x04, 0x0d, 0x00, 0x05,
  0x90, 0xea, 0x02, 0xa6, 0x49, 0x03, 0xb7, 0x7d, 0x01, 0x04, 0x0c, 0x00,
  0x05, 0x90, 0xeb, 0x02, 0xd4, 0x4a, 0x03, 0xbc, 0x06, 0x01, 0x03, 0x09,
  0x02, 0x10, 0x01, 0x03, 0x77, 0x02, 0x10, 0x01, 0x03, 0x09, 0x02, 0x10,
  0x01, 0x04, 0x0b, 0x00, 0x05, 0x90, 0xca, 0x02, 0xdd, 0x4b, 0x03, 0xb3,
  0x7f, 0x02, 0x10, 0x01, 0x04, 0x0a, 0x00, 0x05, 0x90, 0xf0, 0x02, 0xf9,
  0x4d, 0x03, 0xbc, 0x7e, 0x01, 0x04, 0x0b, 0x00, 0x05, 0x90, 0xca, 0x02,
  0xdd, 0x4b, 0x03, 0xc5, 0x01, 0x02, 0x10, 0x01, 0x04, 0x0a, 0x00, 0x05,
  0x90, 0xf2, 0x02, 0xf9, 0x4d, 0x03, 0xbb, 0x7e, 0x01, 0x04, 0x0b, 0x00,
  0x05, 0x90, 0xca, 0x02, 0xdd, 0x4b, 0x03, 0xc4, 0x01, 0x02, 0x10, 0x01,
  0x04, 0x0a, 0x00, 0x05, 0x90, 0xf4, 0x02, 0xe0, 0x4e, 0x03, 0x05, 0x01,
  0x04, 0x0b, 0x00, 0x05, 0x90, 0xca, 0x02, 0xdd, 0x4b, 0xec, 0x04, 0x0a,
  0x00, 0x05, 0x90, 0xf6, 0x02, 0xf9, 0x4d, 0x03, 0xba, 0x7e, 0x01, 0x04,
  0x0b, 0x00, 0x05, 0x90, 0xca, 0x02, 0xdd, 0x4b, 0x03, 0xc5, 0x01, 0x02,
  0x10, 0x01, 0x04, 0x0a, 0x00, 0x05, 0x90, 0xf8, 0x02, 0xe0, 0x4e, 0x03,
  0x04, 0x01, 0x04, 0x0b, 0x00, 0x05, 0x90, 0xca, 0x02, 0xdd, 0x4b, 0xed,
  0x04, 0x0a, 0x00, 0x05, 0x90, 0xfa, 0x02, 0xf9, 0x4d, 0x03, 0xb9, 0x7e,
  0x01, 0x04, 0x0b, 0x00, 0x05, 0x90, 0xca, 0x02, 0xdd, 0x4b, 0x03, 0xca,
  0x01, 0x02, 0x10, 0x01, 0x04, 0x0a, 0x00, 0x05, 0x90, 0xfc, 0x02, 0xce,
  0x4f, 0x03, 0xdf, 0x02, 0x01, 0x00, 0x05, 0x90, 0xfd, 0x02, 0xc4, 0x50,
  0x03, 0x5f, 0x01, 0x00, 0x05, 0x90, 0xfe, 0x02, 0xb5, 0x51, 0x03, 0x6f,
  0x01, 0x04, 0x0b, 0x00, 0x05, 0x90, 0xca, 0x02, 0xdd, 0x4b, 0x03, 0xcf,
  0x7d, 0x02, 0x10, 0x01, 0x04, 0x0a, 0x00, 0x05, 0x90, 0x80, 0x03, 0xe0,
  0x4e, 0x03, 0x03, 0x01, 0x00, 0x05, 0x90, 0xfd, 0x02, 0xc4, 0x50, 0x03,
  0xbf, 0x02, 0x02, 0x10, 0x01, 0x00, 0x05, 0x90, 0x82, 0x03, 0xb5, 0x51,
  0x03, 0x6f, 0x01, 0x04, 0x0b, 0x00, 0x05, 0x90, 0xca, 0x02, 0xdd, 0x4b,
  0x03, 0xd0, 0x7d, 0x02, 0x10, 0x01, 0x04, 0x0a, 0x00, 0x05, 0x90, 0x84,
  0x03, 0xe0, 0x4e, 0x03, 0x02, 0x01, 0x00, 0x05, 0x90, 0xf4, 0x02, 0xf9,
  0x4d, 0x03, 0xb7, 0x7e, 0x02, 0x10, 0x01, 0x04, 0x0b, 0x00, 0x05, 0x90,
  0xca, 0x02, 0xdd, 0x4b, 0x03, 0xcb, 0x01, 0x02, 0x10, 0x01, 0x04, 0x0a,
  0x00, 0x05, 0x90, 0x87, 0x03, 0xce, 0x4f, 0x03, 0xde, 0x02, 0x01, 0x00,
  0x05, 0x90, 0x88, 0x03, 0xc4, 0x50, 0x03, 0x5f, 0x01, 0x00, 0x05, 0x90,
  0x89, 0x03, 0xb5, 0x51, 0x03, 0x6f, 0x01, 0x00, 0x05, 0x90, 0xf8, 0x02,
  0xf9, 0x4d, 0x03, 0x89, 0x7c, 0x02, 0x10, 0x01, 0x00, 0x05, 0x90, 0x88,
  0x03, 0xc4, 0x50, 0x03, 0x88, 0x04, 0x02, 0x10, 0x01, 0x00, 0x05, 0x90,
  0x8c, 0x03, 0xb5, 0x51, 0x03, 0x6f, 0x01, 0x00, 0x05, 0x90, 0xf4, 0x02,
  0xe0, 0x4e, 0x03, 0xd2, 0x7d, 0x02, 0x10, 0x01, 0x04, 0x0b, 0x00, 0x05,
  0x90, 0xca, 0x02, 0xdd, 0x4b, 0xf2, 0x04, 0x0a, 0x00, 0x05, 0x90, 0x8f,
  0x03, 0xce, 0x4f, 0x03, 0xdd, 0x02, 0x01, 0x00, 0x05, 0x90, 0x90, 0x03,
  0xc4, 0x50, 0x03, 0x5f, 0x01, 0x00, 0x05, 0x90, 0x91, 0x03, 0xb5, 0x51,
  0x03, 0x6f, 0x01, 0x00, 0x05, 0x90, 0xf8, 0x02, 0xe0, 0x4e, 0x03, 0xd2,
  0x7d, 0x02, 0x10, 0x01, 0x00, 0x05, 0x90, 0x80, 0x03, 0xf9, 0x4d, 0x03,
  0xb7, 0x7e, 0x02, 0x10, 0x01, 0x00, 0x05, 0x90, 0x90, 0x03, 0xc4, 0x50,
  0x03, 0x88, 0x04, 0x02, 0x10, 0x01, 0x00, 0x05, 0x90, 0x95, 0x03, 0xb5,
  0x51, 0x03, 0x6f, 0x01, 0x00, 0x05, 0x90, 0x84, 0x03, 0xf9, 0x4d, 0x03,
  0x89, 0x7c, 0x02, 0x10, 0x01, 0x00, 0x05, 0x90, 0xcd, 0x02, 0xb5, 0x51,
  0x03, 0xf7, 0x03, 0x02, 0x10, 0x01, 0x00, 0x05, 0x90, 0x80, 0x03, 0xe0,
  0x4e, 0x03, 0xd2, 0x7d, 0x02, 0x10, 0x01, 0x00, 0x05, 0x90, 0xcd, 0x02,
  0xb5, 0x51, 0x03, 0xae, 0x02, 0x02, 0x10, 0x01, 0x00, 0x05, 0x90, 0x84,
  0x03, 0xe0, 0x4e, 0x03, 0xd2, 0x7d, 0x02, 0x10, 0x01, 0x00, 0x05, 0x90,
  0xcd, 0x02, 0xb5, 0x51, 0x03, 0xae, 0x02, 0x02, 0x10, 0x01, 0x00, 0x05,
  0x90, 0xcc, 0x02, 0xc4, 0x50, 0x03, 0x11, 0x02, 0x20, 0x01, 0x00, 0x05,
  0x90, 0x9d, 0x03, 0xb5, 0x51, 0x03, 0x6f, 0x01, 0x00, 0x05, 0x90, 0xcd,
  0x02, 0xb5, 0x51, 0x02, 0x10, 0x04, 0x02, 0x00, 0x03, 0x90, 0x02, 0x00,
  0x03, 0xaa, 0x7a, 0x02, 0xf0, 0x00, 0x01, 0xf1, 0x04, 0x07, 0x00, 0x05,
  0x90, 0xa0, 0x03, 0xa4, 0x52, 0x03, 0xd1, 0x7e, 0x01, 0x04, 0x02, 0x00,
  0x03, 0x90, 0x02, 0x00, 0x03, 0xb1, 0x01, 0x02, 0x10, 0x01, 0xf0, 0x04,
  0x0b, 0x00, 0x05, 0x90, 0xa3, 0x03, 0xa9, 0x53, 0x03, 0x82, 0x7f, 0x01,
  0x04, 0x07, 0x00, 0x05, 0x90, 0xa4, 0x03, 0xdc, 0x55, 0x03, 0x17, 0x01,
  0x04, 0x0b, 0x00, 0x05, 0x90, 0xa3, 0x03, 0xa9, 0x53, 0x03, 0x69, 0x02,
  0x10, 0x01, 0x03, 0x05, 0x02, 0x20, 0x01, 0xea, 0x04, 0x07, 0x00, 0x05,
  0x90, 0xa8, 0x03, 0xdc, 0x55, 0x03, 0x17, 0x01, 0x04, 0x0b, 0x00, 0x05,
  0x90, 0xa3, 0x03, 0xa9, 0x53, 0x03, 0x6e, 0x02, 0x20, 0x01, 0x03, 0x7a,
  0x02, 0xe0, 0x00, 0x01, 0x04, 0x07, 0x00, 0x05, 0x90, 0xab, 0x03, 0xdc,
  0x56, 0x03, 0x09, 0x01, 0x04, 0x0b, 0x00, 0x05, 0x90, 0xa3, 0x03, 0xa9,
  0x53, 0xec, 0x03, 0x7b, 0x02, 0x20, 0x01, 0x02, 0x10, 0x01, 0x04, 0x07,
  0x00, 0x05, 0x90, 0xaf, 0x03, 0xdc, 0x55, 0x03, 0x17, 0x01, 0x04, 0x0b,
  0x00, 0x05, 0x90, 0xa3, 0x03, 0xa9, 0x53, 0x03, 0x6e, 0x02, 0x10, 0x01,
  0x03, 0x7b, 0x02, 0xc0, 0x00, 0x01, 0x04, 0x07, 0x00, 0x05, 0x90, 0xb2,
  0x03, 0xdc, 0x55, 0x03, 0x17, 0x01, 0x04, 0x0b, 0x00, 0x05, 0x90, 0xa3,
  0x03, 0xa9, 0x53, 0x03, 0x6e, 0x02, 0x10, 0x01, 0xea, 0xf4, 0xea, 0x04,
  0x07, 0x00, 0x05, 0x90, 0xb7, 0x03, 0xdc, 0x55, 0x03, 0x17, 0x01, 0x04,
  0x0b, 0x00, 0x05, 0x90, 0xa3, 0x03, 0xa9, 0x53, 0x03, 0x69, 0x02, 0x10,
  0x01, 0x04, 0x07, 0x00, 0x05, 0x90, 0xb9, 0x03, 0xdc, 0x55, 0x03, 0x17,
  0x01, 0x04, 0x0b, 0x00, 0x05, 0x90, 0xa3, 0x03, 0xa9, 0x53, 0x03, 0x6e,
  0x02, 0x10, 0x01, 0x04, 0x07, 0x00, 0x05, 0x90, 0xab, 0x03, 0xdc, 0x56,
  0x03, 0x03, 0x02, 0x20, 0x01, 0x04, 0x0b, 0x00, 0x05, 0x90, 0xa3, 0x03,
  0xa9, 0x53, 0xec, 0xea, 0x04, 0x07, 0x00, 0x05, 0x90, 0xbe, 0x03, 0xdc,
  0x55, 0x03, 0x17, 0x01, 0x04, 0x0b, 0x00, 0x05, 0x90, 0xa3, 0x03, 0xa9,
  0x53, 0x03, 0x69, 0x02, 0x10, 0x01, 0x04, 0x07, 0x00, 0x05, 0x90, 0xc0,
  0x03, 0xdc, 0x55, 0x03, 0x17, 0x01, 0x04, 0x0b, 0x00, 0x05, 0x90, 0xa3,
  0x03, 0xa9, 0x53, 0x03, 0x6e, 0x02, 0x10, 0x01, 0x03, 0x7b, 0x02, 0x30,
  0x01, 0xf4, 0xea, 0xf4, 0x04, 0x07, 0x00, 0x05, 0x90, 0xa8, 0x03, 0xdc,
  0x55, 0x03, 0x12, 0x02, 0x10, 0x01, 0x04, 0x0b, 0x00, 0x05, 0x90, 0xa3,
  0x03, 0xa9, 0x53, 0x03, 0x6e, 0x02, 0x10, 0x01, 0x04, 0x07, 0x00, 0x05,
  0x90, 0xab, 0x03, 0xdc, 0x56, 0x03, 0x01, 0x02, 0xc0, 0x00, 0x01, 0x04,
  0x0b, 0x00, 0x05, 0x90, 0xa3, 0x03, 0xa9, 0x53, 0x03, 0x7a, 0x02, 0x10,
  0x01, 0x02, 0x10, 0x01, 0x04, 0x07, 0x00, 0x05, 0x90, 0xcb, 0x03, 0xdc,
  0x55, 0x03, 0x17, 0x01, 0x04, 0x0b, 0x00, 0x05, 0x90, 0xa3, 0x03, 0xa9,
  0x53, 0x03, 0x69, 0x02, 0x10, 0x01, 0x02, 0x20, 0x01, 0x04, 0x07, 0x00,
  0x05, 0x90, 0xce, 0x03, 0xdc, 0x55, 0x03, 0x17, 0x01, 0x04, 0x0b, 0x00,
  0x05, 0x90, 0xa3, 0x03, 0xa9, 0x53, 0x03, 0x69, 0x02, 0x10, 0x01, 0x04,
  0x07, 0x00, 0x05, 0x90, 0xd0, 0x03, 0xdc, 0x55, 0x03, 0x17, 0x01, 0x04,
  0x0b, 0x00, 0x05, 0x90, 0xa3, 0x03, 0xa9, 0x53, 0x03, 0x6e, 0x02, 0x10,
  0x01, 0x04, 0x07, 0x00, 0x05, 0x90, 0xab, 0x03, 0xdc, 0x56, 0xf2, 0x04,
  0x0b, 0x00, 0x05, 0x90, 0xa3, 0x03, 0xa9, 0x53, 0xec, 0x04, 0x07, 0x00,
  0x05, 0x90, 0xab, 0x03, 0xdc, 0x56, 0xf2, 0x04, 0x0b, 0x00, 0x05, 0x90,
  0xa3, 0x03, 0xa9, 0x53, 0x03, 0x78, 0x02, 0x10, 0x01, 0xf4, 0xea, 0x03,
  0x05, 0x02, 0x20, 0x01, 0xea, 0x04, 0x07, 0x00, 0x05, 0x90, 0xda, 0x03,
  0xdc, 0x55, 0x03, 0x17, 0x01, 0x04, 0x0b, 0x00, 0x05, 0x90, 0xa3, 0x03,
  0xa9, 0x53, 0x03, 0x6e, 0x02, 0x10, 0x01, 0xea, 0x04, 0x07, 0x00, 0x05,
  0x90, 0xdd, 0x03, 0xdc, 0x55, 0x03, 0x17, 0x01, 0x04, 0x0b, 0x00, 0x05,
  0x90, 0xa3, 0x03, 0xa9, 0x53, 0x03, 0x69, 0x02, 0x10, 0x01, 0x02, 0x10,
  0x01, 0x04, 0x07, 0x00, 0x05, 0x90, 0xe0, 0x03, 0xdc, 0x55, 0x03, 0x17,
  0x01, 0x04, 0x0b, 0x00, 0x05, 0x90, 0xa3, 0x03, 0xa9, 0x53, 0x03, 0x69,
  0x02, 0x10, 0x01, 0x04, 0x07, 0x00, 0x05, 0x90, 0xe2, 0x03, 0xdc, 0x55,
  0x03, 0x17, 0x01, 0x04, 0x0b, 0x00, 0x05, 0x90, 0xa3, 0x03, 0xa9, 0x53,
  0x03, 0x6e, 0x02, 0x10, 0x01, 0x03, 0x7b, 0x02, 0xc0, 0x00, 0x01, 0xf4,
  0xea, 0xf4, 0x03, 0x7b, 0x02, 0xd0, 0x00, 0x01, 0x04, 0x02, 0x00, 0x03,
  0x90, 0x02, 0x00, 0x03, 0x80, 0x01, 0x02, 0xe0, 0x00, 0x01, 0x04, 0x0b,
  0x00, 0x05, 0x90, 0xea, 0x03, 0xe7, 0x57, 0x03, 0xe5, 0x7e, 0x01, 0x04,
  0x07, 0x00, 0x05, 0x90, 0xeb, 0x03, 0xfd, 0x59, 0x03, 0x29, 0x01, 0x00,
  0x05, 0x90, 0xec, 0x03, 0xdc, 0x56, 0x03, 0x7a, 0x01, 0x04, 0x0b, 0x00,
  0x05, 0x90, 0xea, 0x03, 0xe7, 0x57, 0x03, 0x5d, 0x02, 0x10, 0x01, 0x02,
  0x10, 0x01, 0x04, 0x07, 0x00, 0x05, 0x90, 0xef, 0x03, 0xfd, 0x59, 0x03,
  0x2c, 0x01, 0x00, 0x05, 0x90, 0xf0, 0x03, 0xdc, 0x55, 0x03, 0x06, 0x01,
  0x00, 0x05, 0x90, 0xec, 0x03, 0xdc, 0x56, 0x03, 0x71, 0x02, 0x20, 0x01,
  0x04, 0x0b, 0x00, 0x05, 0x90, 0xea, 0x03, 0xe7, 0x57, 0x03, 0x5d, 0x02,
  0x10, 0x01, 0x04, 0x07, 0x00, 0x05, 0x90, 0xf0, 0x03, 0xdc, 0x55, 0x03,
  0x32, 0x02, 0x10, 0x01, 0x04, 0x0b, 0x00, 0x05, 0x90, 0xea, 0x03, 0xe7,
  0x57, 0x03, 0x4e, 0x02, 0x20, 0x01, 0x04, 0x07, 0x00, 0x05, 0x90, 0xf0,
  0x03, 0xdc, 0x55, 0x03, 0x32, 0x02, 0x20, 0x01, 0x00, 0x05, 0x90, 0xec,
  0x03, 0xdc, 0x56, 0x03, 0x6f, 0x02, 0x20, 0x01, 0x04, 0x0b, 0x00, 0x05,
  0x90, 0xea, 0x03, 0xe7, 0x57, 0x03, 0x5f, 0x02, 0x10, 0x01, 0x04, 0x07,
  0x00, 0x05, 0x90, 0xf0, 0x03, 0xdc, 0x55, 0x03, 0x32, 0x02, 0x10, 0x01,
  0x00, 0x05, 0x90, 0xec, 0x03, 0xdc, 0x56, 0x03, 0x71, 0x02, 0x20, 0x01,
  0x04, 0x0b, 0x00, 0x05, 0x90, 0xea, 0x03, 0xe7, 0x57, 0x03, 0x5d, 0x02,
  0x10, 0x01, 0x04, 0x07, 0x00, 0x05, 0x90, 0xf0, 0x03, 0xdc, 0x55, 0x03,
  0x32, 0x02, 0x20, 0x01, 0x00, 0x05, 0x90, 0xec, 0x03, 0xdc, 0x56, 0x03,
  0x71, 0x02, 0x30, 0x01, 0x04, 0x0b, 0x00, 0x05, 0x90, 0xea, 0x03, 0xe7,
  0x57, 0x03, 0x5d, 0x02, 0x10, 0x01, 0x04, 0x07, 0x00, 0x05, 0x90, 0xf0,
  0x03, 0xdc, 0x55, 0x03, 0x32, 0x02, 0xd0, 0x00, 0x01, 0x04, 0x0b, 0x00,
  0x05, 0x90, 0xea, 0x03, 0xe7, 0x57, 0x03, 0x4e, 0x02, 0xd0, 0x00, 0x01,
  0x04, 0x02, 0x00, 0x03, 0x90, 0x02, 0x00, 0x03, 0xa9, 0x01, 0x02, 0xe0,
  0x00, 0x01, 0x04, 0x0b, 0x00, 0x05, 0x90, 0x81, 0x04, 0xff, 0x5a, 0x03,
  0x9d, 0x02, 0x01, 0x00, 0x05, 0x90, 0x82, 0x04, 0x85, 0x5d, 0x03, 0xe6,
  0x7d, 0x01, 0x00, 0x05, 0x90, 0x83, 0x04, 0x90, 0x5f, 0x03, 0x99, 0x7d,
  0x01, 0x04, 0x02, 0x00, 0x03, 0x90, 0x02, 0x00, 0x03, 0xff, 0x01, 0x02,
  0xe0, 0x00, 0x01, 0x04, 0x0b, 0x00, 0x05, 0x90, 0x83, 0x04, 0x90, 0x5f,
  0x03, 0x81, 0x7e, 0x02, 0x10, 0x01, 0x04, 0x02, 0x00, 0x03, 0x90, 0x02,
  0x00, 0x03, 0xe2, 0x02, 0x02, 0x80, 0x01, 0x01, 0x03, 0x17, 0x02, 0x10,
  0x01, 0x04, 0x0b, 0x00, 0x05, 0x90, 0x88, 0x04, 0xff, 0x5a, 0x03, 0x88,
  0x02, 0x01, 0x00, 0x05, 0x90, 0x89, 0x04, 0x85, 0x5d, 0x03, 0xee, 0x7d,
  0x01, 0x04, 0x06, 0x00, 0x05, 0x90, 0x8a, 0x04, 0xa7, 0x5f, 0x03, 0x2e,
  0x01, 0x04, 0x0b, 0x00, 0x05, 0x90, 0x89, 0x04, 0x85, 0x5d, 0x03, 0x52,
  0x02, 0x10, 0x01, 0x00, 0x05, 0x90, 0x8c, 0x04, 0x90, 0x5f, 0x03, 0x91,
  0x7d, 0x01, 0x00, 0x05, 0x90, 0x89, 0x04, 0x85, 0x5d, 0x03, 0xf0, 0x02,
  0x02, 0x10, 0x01, 0x04, 0x06, 0x00, 0x05, 0x90, 0x8e, 0x04, 0xa7, 0x5f,
  0x03, 0x2d, 0x01, 0x04, 0x0b, 0x00, 0x05, 0x90, 0x89, 0x04, 0x85, 0x5d,
  0x03, 0x53, 0x02, 0x10, 0x01, 0x00, 0x05, 0x90, 0x90, 0x04, 0x90, 0x5f,
  0x03, 0x90, 0x7d, 0x01, 0x04, 0x06, 0x00, 0x05, 0x90, 0x8c, 0x04, 0xa7,
  0x5f, 0x03, 0x9d, 0x03, 0x02, 0x10, 0x01, 0x04, 0x02, 0x00, 0x03, 0x90,
  0x02, 0x00, 0x03, 0x64, 0x02, 0x10, 0x01, 0x04, 0x0c, 0x00, 0x05, 0x90,
  0x93, 0x04, 0x96, 0x60, 0x03, 0xd9, 0x05, 0x01, 0x04, 0x0e, 0x00, 0x05,
  0x90, 0x94, 0x04, 0xcf, 0x61, 0x03, 0x8d, 0x02, 0x01, 0x04, 0x02, 0x00,
  0x03, 0x90, 0x02, 0x00, 0x03, 0x9d, 0x78, 0x02, 0x10, 0x01, 0x04, 0x0b,
  0x00, 0x05, 0x90, 0x96, 0x04, 0xcd, 0x62, 0x03, 0x9c, 0x03, 0x01, 0x00,
  0x05, 0x90, 0x8c, 0x04, 0x90, 0x5f, 0x03, 0xe0, 0x79, 0x02, 0x90, 0x02,
  0x01, 0x00, 0x05, 0x90, 0x96, 0x04, 0xcd, 0x62, 0x03, 0xa0, 0x06, 0x02,
  0x10, 0x01, 0x04, 0x06, 0x00, 0x05, 0x90, 0x90, 0x04, 0xa7, 0x5f, 0x03,
  0xfd, 0x7c, 0x02, 0x10, 0x01, 0x04, 0x0b, 0x00, 0x05, 0x90, 0x96, 0x04,
  0xcd, 0x62, 0x03, 0x83, 0x03, 0x02, 0x10, 0x01, 0x00, 0x05, 0x90, 0x90,
  0x04, 0x90, 0x5f, 0x03, 0xe0, 0x79, 0x02, 0x30, 0x01, 0x04, 0x02, 0x00,
  0x03, 0x90, 0x02, 0x00, 0x03, 0x8e, 0x03, 0x02, 0x10, 0x01, 0x04, 0x0b,
  0x00, 0x05, 0x90, 0x9d, 0x04, 0xdd, 0x64, 0x03, 0xf3, 0x01, 0x01, 0x00,
  0x05, 0x90, 0x9e, 0x04, 0xe3, 0x66, 0x03, 0xd8, 0x7d, 0x01, 0x00, 0x05,
  0x90, 0x96, 0x04, 0xcd, 0x62, 0x03, 0xc7, 0x03, 0x02, 0x10, 0x01, 0x00,
  0x05, 0x90, 0x9e, 0x04, 0xe3, 0x66, 0x03, 0xb9, 0x7c, 0x02, 0x10, 0x01,
  0x04, 0x0e, 0x00, 0x05, 0x90, 0x94, 0x04, 0xcf, 0x61, 0x03, 0x8e, 0x08,
  0x02, 0x20, 0x01, 0x04, 0x0b, 0x00, 0x05, 0x90, 0x9e, 0x04, 0xe3, 0x66,
  0x03, 0xf2, 0x77, 0x02, 0x10, 0x01, 0x00, 0x05, 0x90, 0x96, 0x04, 0xcd,
  0x62, 0x03, 0xc7, 0x03, 0x02, 0x10, 0x01, 0x00, 0x05, 0x90, 0x9e, 0x04,
  0xe3, 0x66, 0x03, 0xba, 0x7c, 0x02, 0x90, 0x01, 0x01, 0x00, 0x05, 0x90,
  0x96, 0x04, 0xcd, 0x62, 0x03, 0xc6, 0x03, 0x02, 0x10, 0x01, 0x00, 0x05,
  0x90, 0x9e, 0x04, 0xe3, 0x66, 0x03, 0xba, 0x7c, 0x02, 0x20, 0x01, 0x00,
  0x05, 0x90, 0x96, 0x04, 0xcd, 0x62, 0x03, 0xc6, 0x03, 0x02, 0x10, 0x01,
  0x00, 0x05, 0x90, 0x9e, 0x04, 0xe3, 0x66, 0x03, 0xba, 0x7c, 0x02, 0x10,
  0x01, 0x00, 0x05, 0x90, 0x96, 0x04, 0xcd, 0x62, 0x03, 0xc6, 0x03, 0x02,
  0x20, 0x01, 0x00, 0x05, 0x90, 0x9e, 0x04, 0xe3, 0x66, 0x03, 0xbc, 0x7c,
  0x02, 0x10, 0x01, 0x00, 0x05, 0x90, 0x96, 0x04, 0xcd, 0x62, 0x03, 0xc4,
  0x03, 0x02, 0x10, 0x01, 0x00, 0x05, 0x90, 0x9e, 0x04, 0xe3, 0x66, 0x03,
  0xcf, 0x7c, 0x02, 0x10, 0x01, 0x04, 0x06, 0x00, 0x05, 0x90, 0xad, 0x04,
  0xa7, 0x5f, 0x03, 0x2e, 0x01, 0x04, 0x0b, 0x00, 0x05, 0x90, 0x96, 0x04,
  0xcd, 0x62, 0x03, 0x83, 0x03, 0x02, 0x10, 0x01, 0x00, 0x05, 0x90, 0x9e,
  0x04, 0xe3, 0x66, 0x03, 0xcf, 0x7c, 0x02, 0xc0, 0x00, 0x01, 0x00, 0x05,
  0x90, 0xb0, 0x04, 0xee, 0x68, 0x03, 0x88, 0x7d, 0x01, 0x00, 0x05, 0x90,
  0x96, 0x04, 0xcd, 0x62, 0x03, 0xa9, 0x06, 0x02, 0x10, 0x01, 0x00, 0x05,
  0x90, 0x9e, 0x04, 0xe3, 0x66, 0x03, 0xd0, 0x7c, 0x02, 0x20, 0x01, 0x04,
  0x06, 0x00, 0x05, 0x90, 0xb3, 0x04, 0xa7, 0x5f, 0x03, 0x2d, 0x01, 0x04,
  0x0b, 0x00, 0x05, 0x90, 0x96, 0x04, 0xcd, 0x62, 0x03, 0x83, 0x03, 0x02,
  0x10, 0x01, 0x00, 0x05, 0x90, 0x9e, 0x04, 0xe3, 0x66, 0x03, 0xb9, 0x7c,
  0x02, 0xc0, 0x00, 0x01, 0x00, 0x05, 0x90, 0x96, 0x04, 0xcd, 0x62, 0x03,
  0xc7, 0x03, 0x02, 0x10, 0x01, 0x00, 0x05, 0x90, 0x9e, 0x04, 0xe3, 0x66,
  0x03, 0xb9, 0x7c, 0x02, 0x10, 0x01, 0x00, 0x05, 0x90, 0x96, 0x04, 0xcd,
  0x62, 0x03, 0xc7, 0x03, 0x02, 0x10, 0x01, 0x00, 0x05, 0x90, 0x9e, 0x04,
  0xe3, 0x66, 0x03, 0xb9, 0x7c, 0x02, 0x10, 0x01, 0x03, 0x17, 0x02, 0x20,
  0x01, 0x00, 0x05, 0x90, 0xbb, 0x04, 0xee, 0x68, 0x03, 0x87, 0x7d, 0x01,
  0x00, 0x05, 0x90, 0x9e, 0x04, 0xe3, 0x66, 0x03, 0xe3, 0x02, 0x02, 0x10,
  0x01, 0x03, 0x02, 0x02, 0xc0, 0x00, 0x01, 0x04, 0x0c, 0x00, 0x05, 0x90,
  0x93, 0x04, 0x96, 0x60, 0x03, 0xff, 0x05, 0x02, 0x10, 0x01, 0x04, 0x06,
  0x00, 0x05, 0x90, 0xb0, 0x04, 0xa7, 0x5f, 0x03, 0xc2, 0x7a, 0x02, 0x20,
  0x01, 0x04, 0x0c, 0x00, 0x05, 0x90, 0x93, 0x04, 0x96, 0x60, 0x03, 0xbe,
  0x05, 0x02, 0x10, 0x01, 0x04, 0x02, 0x00, 0x03, 0x90, 0x02, 0x00, 0x03,
  0xb7, 0x7a, 0x02, 0xc0, 0x00, 0x01, 0x04, 0x0c, 0x00, 0x05, 0x90, 0x93,
  0x04, 0x96, 0x60, 0x03, 0xcc, 0x05, 0x02, 0x10, 0x01, 0x04, 0x0a, 0x00,
  0x05, 0x90, 0xc3, 0x04, 0xdb, 0x61, 0x03, 0xe2, 0x7d, 0x01, 0x04, 0x0b,
  0x00, 0x05, 0x90, 0xb0, 0x04, 0xee, 0x68, 0x03, 0xb7, 0x79, 0x02, 0x10,
  0x01, 0x04, 0x0c, 0x00, 0x05, 0x90, 0x93, 0x04, 0x96, 0x60, 0x03, 0xf2,
  0x08, 0x02, 0x10, 0x01, 0x04, 0x0a, 0x00, 0x05, 0x90, 0xc6, 0x04, 0xf9,
  0x4d, 0x03, 0xc5, 0x7b, 0x01, 0x04, 0x06, 0x00, 0x05, 0x90, 0xbb, 0x04,
  0xa7, 0x5f, 0x03, 0xef, 0x7e, 0x02, 0x10, 0x01, 0x04, 0x0a, 0x00, 0x05,
  0x90, 0xc6, 0x04, 0xf9, 0x4d, 0x03, 0x91, 0x01, 0x02, 0x10, 0x01, 0x04,
  0x0b, 0x00, 0x05, 0x90, 0xbb, 0x04, 0xee, 0x68, 0x03, 0xc9, 0x7b, 0x02,
  0xc0, 0x01, 0x01, 0x04, 0x0a, 0x00, 0x05, 0x90, 0xc6, 0x04, 0xf9, 0x4d,
  0x03, 0xb7, 0x04, 0x02, 0x10, 0x01, 0x04, 0x02, 0x00, 0x03, 0x90, 0x02,
  0x00, 0x03, 0xe4, 0x7e, 0x02, 0x20, 0x01, 0x04, 0x0a, 0x00, 0x05, 0x90,
  0xc3, 0x04, 0xdb, 0x61, 0x03, 0xae, 0x03, 0x02, 0x10, 0x01, 0x00, 0x05,
  0x90, 0xc6, 0x04, 0xf9, 0x4d, 0x03, 0xee, 0x7d, 0x02, 0x10, 0x01, 0x04,
  0x02, 0x00, 0x03, 0x90, 0x02, 0x00, 0x03, 0x91, 0x7f, 0x02, 0x90, 0x02,
  0x01, 0x04, 0x06, 0x00, 0x05, 0x90, 0xb0, 0x04, 0xa7, 0x5f, 0x03, 0x5e,
  0x02, 0x10, 0x01, 0x04, 0x0b, 0x00, 0x05, 0x90, 0x9e, 0x04, 0x85, 0x5d,
  0x03, 0x52, 0x02, 0x10, 0x01, 0x04, 0x06, 0x00, 0x05, 0x90, 0xd1, 0x04,
  0xa7, 0x5f, 0x03, 0x2e, 0x01, 0x04, 0x0b, 0x03, 0xe3, 0x7c, 0x02, 0x10,
  0x01, 0x00, 0x05, 0x90, 0x9e, 0x04, 0x85, 0x5d, 0x03, 0xf0, 0x02, 0x02,
  0x20, 0x01, 0x04, 0x06, 0x00, 0x05, 0x90, 0xd4, 0x04, 0xa7, 0x5f, 0x03,
  0x2d, 0x01, 0x04, 0x0b, 0x00, 0x05, 0x90, 0x9e, 0x04, 0x85, 0x5d, 0x03,
  0x53, 0x02, 0x10, 0x01, 0x04, 0x06, 0x00, 0x05, 0x90, 0xd6, 0x04, 0xa7,
  0x5f, 0x03, 0x2d, 0x01, 0x04, 0x0b, 0x03, 0xe3, 0x7c, 0x02, 0x10, 0x01,
  0x04, 0x02, 0x00, 0x03, 0x90, 0x02, 0x00, 0x03, 0xec, 0x02, 0x02, 0x20,
  0x01, 0x04, 0x0b, 0x00, 0x05, 0x90, 0xd9, 0x04, 0xcd, 0x62, 0x03, 0xb4,
  0x03, 0x01, 0x04, 0x02, 0x00, 0x03, 0x90, 0x02, 0x00, 0x03, 0xce, 0x7c,
  0x02, 0xe0, 0x04, 0x01, 0x04, 0x0b, 0x00, 0x05, 0x90, 0xdb, 0x04, 0xdd,
  0x64, 0x03, 0x93, 0x02, 0x01, 0x00, 0x05, 0x90, 0xdc, 0x04, 0xe3, 0x66,
  0x03, 0xd8, 0x7d, 0x01, 0x00, 0x05, 0x90, 0xd9, 0x04, 0xcd, 0x62, 0x03,
  0xc7, 0x03, 0x02, 0x20, 0x01, 0x00, 0x05, 0x90, 0xdc, 0x04, 0xe3, 0x66,
  0x03, 0xb9, 0x7c, 0x02, 0x20, 0x01, 0xf0, 0xee, 0x00, 0x05, 0x90, 0xd9,
  0x04, 0xcd, 0x62, 0x03, 0xc7, 0x03, 0x02, 0x10, 0x01, 0x00, 0x05, 0x90,
  0xdc, 0x04, 0xe3, 0x66, 0x03, 0xba, 0x7c, 0x02, 0xe0, 0x00, 0x01, 0xee,
  0xf0, 0x00, 0x05, 0x90, 0xd9, 0x04, 0xcd, 0x62, 0x03, 0xc6, 0x03, 0x02,
  0x10, 0x01, 0x00, 0x05, 0x90, 0xdc, 0x04, 0xe3, 0x66, 0x03, 0xba, 0x7c,
  0x02, 0x10, 0x01, 0xee, 0xf2, 0xec, 0x00, 0x05, 0x90, 0xd9, 0x04, 0xcd,
  0x62, 0x03, 0xc7, 0x03, 0x02, 0x10, 0x01, 0x00, 0x05, 0x90, 0xdc, 0x04,
  0xe3, 0x66, 0x03, 0xb9, 0x7c, 0x02, 0x10, 0x01, 0xf0, 0x03, 0x15, 0x02,
  0x20, 0x01, 0x04, 0x06, 0x00, 0x05, 0x90, 0xee, 0x04, 0xa7, 0x5f, 0x03,
  0x2e, 0x01, 0x04, 0x0b, 0x00, 0x05, 0x90, 0xdc, 0x04, 0xe3, 0x66, 0x03,
  0xbd, 0x7f, 0x02, 0x10, 0x01, 0x03, 0x02, 0x02, 0x20, 0x01, 0x03, 0x13,
  0x02, 0x10, 0x01, 0x04, 0x06, 0x00, 0x05, 0x90, 0xf2, 0x04, 0xa7, 0x5f,
  0x03, 0x2e, 0x01, 0x04, 0x0b, 0x03, 0xda, 0x7c, 0x02, 0x10, 0x01, 0x00,
  0x05, 0x90, 0xdc, 0x04, 0xe3, 0x66, 0x03, 0xf9, 0x02, 0x02, 0x20, 0x01,
  0x04, 0x06, 0x00, 0x05, 0x90, 0xf5, 0x04, 0xa7, 0x5f, 0x03, 0x2d, 0x01,
  0x04, 0x0b, 0x00, 0x05, 0x90, 0xdc, 0x04, 0xe3, 0x66, 0x03, 0x53, 0x02,
  0x10, 0x01, 0x04, 0x06, 0x00, 0x05, 0x90, 0xf7, 0x04, 0xa7, 0x5f, 0x03,
  0x2d, 0x01, 0x04, 0x0b, 0x03, 0xda, 0x7c, 0x02, 0x10, 0x01, 0x04, 0x02,
  0x00, 0x03, 0x90, 0x02, 0x00, 0x03, 0xe4, 0x03, 0x02, 0x20, 0x01, 0x04,
  0x0b, 0x00, 0x05, 0x90, 0xfa, 0x04, 0x85, 0x69, 0x03, 0xaa, 0x0e, 0x01,
  0x04, 0x0a, 0x00, 0x05, 0x90, 0xfb, 0x04, 0xa5, 0x6b, 0x03, 0xe9, 0x74,
  0x01, 0x00, 0x05, 0x90, 0xfc, 0x04, 0xdb, 0x61, 0x03, 0x52, 0x01, 0x04,
  0x0b, 0x00, 0x05, 0x90, 0xfa, 0x04, 0x85, 0x69, 0x03, 0xc3, 0x0b, 0x02,
  0x10, 0x01, 0x04, 0x0a, 0x00, 0x05, 0x90, 0xfe, 0x04, 0xa5, 0x6b, 0x03,
  0xeb, 0x74, 0x01, 0x00, 0x05, 0x90, 0xff, 0x04, 0xdb, 0x61, 0x03, 0x52,
  0x01, 0x04, 0x0b, 0x00, 0x05, 0x90, 0xfa, 0x04, 0x85, 0x69, 0x03, 0xc4,
  0x0b, 0x02, 0x10, 0x01, 0x04, 0x0a, 0x00, 0x05, 0x90, 0x81, 0x05, 0xa5,
  0x6b, 0x03, 0xea, 0x74, 0x01, 0x00, 0x05, 0x90, 0x82, 0x05, 0xdb, 0x61,
  0x03, 0x52, 0x01, 0x04, 0x0b, 0x00, 0x05, 0x90, 0xfa, 0x04, 0x85, 0x69,
  0x03, 0xc6, 0x0b, 0x02, 0x10, 0x01, 0x04, 0x0a, 0x00, 0x05, 0x90, 0x84,
  0x05, 0xa5, 0x6b, 0x03, 0xe8, 0x74, 0x01, 0x00, 0x05, 0x90, 0x85, 0x05,
  0xdb, 0x61, 0x03, 0x52, 0x01, 0x04, 0x02, 0x00, 0x03, 0x90, 0x02, 0x00,
  0x03, 0xff, 0x7c, 0x02, 0x10, 0x01, 0xf1, 0x04, 0x0a, 0x00, 0x05, 0x90,
  0x88, 0x05, 0x9f, 0x39, 0x03, 0xcf, 0x08, 0x01, 0x04, 0x02, 0x00, 0x03,
  0x90, 0x02, 0x00, 0x03, 0xb1, 0x77, 0x02, 0x10, 0x01, 0x03, 0x0c, 0x02,
  0x10, 0x01, 0x04, 0x05, 0x00, 0x05, 0x90, 0x8b, 0x05, 0x8a, 0x3b, 0x03,
  0xef, 0x0a, 0x01, 0x04, 0x0a, 0x00, 0x05, 0x90, 0x8c, 0x05, 0xf3, 0x3a,
  0x03, 0xcf, 0x7e, 0x01, 0x04, 0x02, 0x00, 0x03, 0x90, 0x02, 0x00, 0x03,
  0xdc, 0x76, 0x02, 0x80, 0x02, 0x01, 0x04, 0x0d, 0x00, 0x05, 0x90, 0x8e,
  0x05, 0xc8, 0x6b, 0x03, 0x93, 0x7c, 0x01, 0x04, 0x0c, 0x00, 0x05, 0x90,
  0x8f, 0x05, 0xd4, 0x4a, 0x03, 0xbc, 0x06, 0x01, 0x03, 0x09, 0x02, 0x10,
  0x01, 0x03, 0x77, 0x02, 0x10, 0x01, 0x03, 0x09, 0x02, 0x10, 0x01, 0x03,
  0x77, 0x02, 0x10, 0x01, 0x03, 0x09, 0x02, 0x10, 0x01, 0x03, 0x77, 0x02,
  0x10, 0x01, 0x03, 0x09, 0x02, 0x10, 0x01, 0x03, 0x77, 0x02, 0x10, 0x01,
  0x03, 0x09, 0x02, 0x10, 0x01, 0x03, 0x77, 0x02, 0x10, 0x01, 0x03, 0x09,
  0x02, 0x10, 0x01, 0x03, 0x77, 0x02, 0x10, 0x01, 0x03, 0x09, 0x02, 0x10,
  0x01, 0x03, 0x77, 0x02, 0x10, 0x01, 0x03, 0x09, 0x02, 0x10, 0x01, 0x04,
  0x0a, 0x00, 0x05, 0x90, 0x85, 0x05, 0xdb, 0x61, 0xf0, 0x04, 0x02, 0x00,
  0x03, 0x90, 0x02, 0x00, 0x03, 0xb0, 0x7d, 0x02, 0xc0, 0x00, 0x01, 0x04,
  0x0d, 0x00, 0x05, 0x90, 0xa1, 0x05, 0xc8, 0x6b, 0x03, 0x8a, 0x7c, 0x01,
  0x04, 0x0c, 0x00, 0x05, 0x90, 0xa2, 0x05, 0xd4, 0x4a, 0x03, 0xbc, 0x06,
  0x01, 0x03, 0x09, 0x02, 0x10, 0x01, 0x03, 0x77, 0x02, 0x10, 0x01, 0x03,
  0x09, 0x02, 0x10, 0x01, 0x03, 0x77, 0x02, 0x10, 0x01, 0x03, 0x09, 0x02,
  0x10, 0x01, 0x03, 0x77, 0x02, 0x10, 0x01, 0x03, 0x09, 0x02, 0x10, 0x01,
  0x03, 0x77, 0x02, 0x10, 0x01, 0x03, 0x09, 0x02, 0x10, 0x01, 0x03, 0x77,
  0x02, 0x10, 0x01, 0x03, 0x09, 0x02, 0x10, 0x01, 0x03, 0x77, 0x02, 0x10,
  0x01, 0x03, 0x09, 0x02, 0x10, 0x01, 0x03, 0x77, 0x02, 0x10, 0x01, 0x03,
  0x09, 0x02, 0x10, 0x01, 0x04, 0x02, 0x00, 0x03, 0x90, 0x02, 0x00, 0x03,
  0xbb, 0x7d, 0x02, 0x10, 0x01, 0x03, 0x15, 0x02, 0x10, 0x01, 0x04, 0x08,
  0x00, 0x05, 0x90, 0xb4, 0x05, 0xc1, 0x3c, 0x03, 0xe4, 0x01, 0x01, 0x04,
  0x0a, 0x00, 0x05, 0x90, 0xb5, 0x05, 0xf0, 0x3d, 0x03, 0xa1, 0x07, 0x01,
  0x04, 0x02, 0x00, 0x03, 0x90, 0x02, 0x00, 0x03, 0xf7, 0x74, 0x02, 0x80,
  0x02, 0x01, 0x03, 0x72, 0x02, 0x10, 0x01, 0x03, 0xbc, 0x7e, 0x02, 0xc0,
  0x00, 0x01, 0x03, 0xdd, 0x03, 0x02, 0x10, 0x01, 0x04, 0x0c, 0x00, 0x05,
  0x90, 0xba, 0x05, 0xf6, 0x6c, 0x03, 0x89, 0x05, 0x01, 0x04, 0x02, 0x00,
  0x03, 0x90, 0x02, 0x00, 0x03, 0xfa, 0x7a, 0x02, 0x20, 0x01, 0x04, 0x0c,
  0x00, 0x05, 0x90, 0xba, 0x05, 0xf6, 0x6c, 0x03, 0x86, 0x05, 0x02, 0x10,
  0x01, 0x04, 0x02, 0x00, 0x03, 0x90, 0x02, 0x00, 0x03, 0xc1, 0x77, 0x02,
  0x20, 0x01, 0x04, 0x09, 0x00, 0x05, 0x90, 0xbe, 0x05, 0xdd, 0x1d, 0x03,
  0x89, 0x01, 0x01, 0x00, 0x05, 0x90, 0xbf, 0x05, 0xc7, 0x1f, 0x03, 0xea,
  0x7e, 0x01, 0x04, 0x0c, 0x00, 0x05, 0x90, 0xba, 0x05, 0xf6, 0x6c, 0x03,
  0xcd, 0x08, 0x02, 0x20, 0x01, 0x04, 0x02, 0x00, 0x03, 0x90, 0x02, 0x00,
  0x03, 0x8f, 0x7b, 0x02, 0x10, 0x01, 0x04, 0x09, 0x00, 0x05, 0x90, 0xc2,
  0x05, 0xf5, 0x74, 0x03, 0xc9, 0x7c, 0x01, 0x00, 0x05, 0x90, 0xbf, 0x05,
  0xc7, 0x1f, 0x03, 0x5b, 0x02, 0x10, 0x01, 0x04, 0x0c, 0x00, 0x05, 0x90,
  0xba, 0x05, 0xf6, 0x6c, 0x03, 0xcd, 0x08, 0x02, 0x10, 0x01, 0x04, 0x02,
  0x00, 0x03, 0x90, 0x02, 0x00, 0x03, 0x87, 0x7b, 0x02, 0x10, 0x01, 0x04,
  0x0f, 0x00, 0x05, 0x90, 0xc6, 0x05, 0xce, 0x73, 0x03, 0x62, 0x01, 0x04,
  0x0a, 0x00, 0x05, 0x90, 0xc7, 0x05, 0xdf, 0x74, 0x03, 0xd2, 0x08, 0x01,
  0x04, 0x05, 0x00, 0x04, 0x90, 0x1d, 0xa2, 0x08, 0x03, 0xa8, 0x7b, 0x02,
  0x10, 0x01, 0x04, 0x02, 0x00, 0x03, 0x90, 0x02, 0x00, 0x03, 0xdf, 0x78,
  0x02, 0x10, 0x01, 0x04, 0x0f, 0x00, 0x05, 0x90, 0xca, 0x05, 0xae, 0x6e,
  0x03, 0xc5, 0x04, 0x01, 0x00, 0x05, 0x90, 0xcb, 0x05, 0xab, 0x6f, 0x03,
  0xb4, 0x7e, 0x01, 0x03, 0x65, 0x02, 0x10, 0x01, 0x04, 0x05, 0x00, 0x04,
  0x90, 0x1d, 0xa2, 0x08, 0x03, 0xc3, 0x04, 0x02, 0x10, 0x01, 0x04, 0x0f,
  0x00, 0x05, 0x90, 0xcb, 0x05, 0xab, 0x6f, 0x03, 0xd8, 0x7b, 0x02, 0x10,
  0x01, 0x03, 0x65, 0x02, 0x10, 0x01, 0x04, 0x0c, 0x00, 0x05, 0x90, 0xba,
  0x05, 0xf6, 0x6c, 0x03, 0xe2, 0x05, 0x02, 0x10, 0x01, 0x04, 0x0a, 0x00,
  0x05, 0x90, 0xd1, 0x05, 0xdb, 0x61, 0x03, 0x9e, 0x7d, 0x01, 0x04, 0x0f,
  0x00, 0x05, 0x90, 0xcb, 0x05, 0xab, 0x6f, 0x03, 0x9b, 0x7d, 0x02, 0x10,
  0x01, 0x04, 0x0a, 0x00, 0x05, 0x90, 0xd1, 0x05, 0xdb, 0x61, 0x03, 0xe5,
  0x02, 0x02, 0x10, 0x01, 0x04, 0x0c, 0x00, 0x05, 0x90, 0xba, 0x05, 0xf6,
  0x6c, 0x03, 0xed, 0x02, 0x02, 0x10, 0x01, 0x04, 0x0a, 0x00, 0x05, 0x90,
  0xd5, 0x05, 0xf9, 0x4d, 0x03, 0x81, 0x7b, 0x01, 0x04, 0x02, 0x00, 0x03,
  0x90, 0x02, 0x00, 0x03, 0x72, 0x02, 0x20, 0x01, 0x04, 0x0f, 0x00, 0x05,
  0x90, 0xd7, 0x05, 0xb1, 0x70, 0x03, 0x8d, 0x01, 0x01, 0x00, 0x05, 0x90,
  0xd8, 0x05, 0xe5, 0x71, 0x03, 0x8b, 0x7f, 0x01, 0x04, 0x0a, 0x00, 0x05,
  0x90, 0xd5, 0x05, 0xf9, 0x4d, 0x03, 0x76, 0x02, 0x10, 0x01, 0x04, 0x0f,
  0x00, 0x05, 0x90, 0xd8, 0x05, 0xe5, 0x71, 0x03, 0x36, 0x02, 0x10, 0x01,
  0x04, 0x0a, 0x00, 0x05, 0x90, 0xd5, 0x05, 0xf9, 0x4d, 0x03, 0x4a, 0x02,
  0x10, 0x01, 0x04, 0x0f, 0x00, 0x05, 0x90, 0xd8, 0x05, 0xe5, 0x71, 0x03,
  0x34, 0x02, 0x10, 0x01, 0x04, 0x0a, 0x00, 0x05, 0x90, 0xd5, 0x05, 0xf9,
  0x4d, 0x03, 0x4c, 0x02, 0x10, 0x01, 0x04, 0x0f, 0x00, 0x05, 0x90, 0xd8,
  0x05, 0xe5, 0x71, 0xf2, 0x04, 0x0a, 0x00, 0x05, 0x90, 0xdf, 0x05, 0xbe,
  0x73, 0x03, 0xdf, 0x09, 0x01, 0x00, 0x05, 0x90, 0xd5, 0x05, 0xf9, 0x4d,
  0x03, 0x9e, 0x76, 0x02, 0x10, 0x01, 0x04, 0x0f, 0x00, 0x05, 0x90, 0xd8,
  0x05, 0xe5, 0x71, 0x03, 0x0a, 0x02, 0x10, 0x01, 0x04, 0x0a, 0x00, 0x05,
  0x90, 0xd5, 0x05, 0xf9, 0x4d, 0x03, 0x76, 0x02, 0x10, 0x01, 0x04, 0x0f,
  0x00, 0x05, 0x90, 0xd8, 0x05, 0xe5, 0x71, 0xf3, 0x04, 0x0a, 0x00, 0x05,
  0x90, 0xe4, 0x05, 0xbe, 0x73, 0x03, 0xde, 0x09, 0x01, 0x00, 0x05, 0x90,
  0xd5, 0x05, 0xf9, 0x4d, 0x03, 0x9e, 0x76, 0x02, 0x10, 0x01, 0x04, 0x0f,
  0x00, 0x05, 0x90, 0xd8, 0x05, 0xe5, 0x71, 0x03, 0x36, 0x02, 0x10, 0x01,
  0x04, 0x0a, 0x00, 0x05, 0x90, 0xd5, 0x05, 0xf9, 0x4d, 0x03, 0x4a, 0x02,
  0x10, 0x01, 0x04, 0x0f, 0x00, 0x05, 0x90, 0xd8, 0x05, 0xe5, 0x71, 0x03,
  0x1b, 0x02, 0x10, 0x01, 0x04, 0x0a, 0x00, 0x05, 0x90, 0xe9, 0x05, 0xbe,
  0x73, 0x03, 0xc7, 0x09, 0x01, 0x00, 0x05, 0x90, 0xd5, 0x05, 0xf9, 0x4d,
  0x03, 0x9e, 0x76, 0x02, 0x10, 0x01, 0x04, 0x0f, 0x00, 0x05, 0x90, 0xd8,
  0x05, 0xe5, 0x71, 0x03, 0x34, 0x02, 0x10, 0x01, 0x04, 0x0a, 0x00, 0x05,
  0x90, 0xd5, 0x05, 0xf9, 0x4d, 0x03, 0x4c, 0x02, 0x10, 0x01, 0x04, 0x0f,
  0x00, 0x05, 0x90, 0xd8, 0x05, 0xe5, 0x71, 0x03, 0x1c, 0x02, 0x10, 0x01,
  0x04, 0x0a, 0x00, 0x05, 0x90, 0xee, 0x05, 0xbe, 0x73, 0x03, 0xc6, 0x09,
  0x01, 0x00, 0x05, 0x90, 0xd5, 0x05, 0xf9, 0x4d, 0x03, 0x9e, 0x76, 0x02,
  0x10, 0x01, 0x00, 0x05, 0x90, 0xdf, 0x05, 0xbe, 0x73, 0x03, 0xe2, 0x09,
  0x02, 0x20, 0x01, 0x00, 0x05, 0x90, 0xd5, 0x05, 0xf9, 0x4d, 0x03, 0x9e,
  0x76, 0x02, 0x10, 0x01, 0x04, 0x0f, 0x00, 0x05, 0x90, 0xd8, 0x05, 0xe5,
  0x71, 0x03, 0x0a, 0x02, 0x30, 0x01, 0x04, 0x0a, 0x00, 0x05, 0x90, 0xd5,
  0x05, 0xf9, 0x4d, 0x03, 0x76, 0x02, 0x10, 0x01, 0x04, 0x0f, 0x00, 0x05,
  0x90, 0xd8, 0x05, 0xe5, 0x71, 0x03, 0x0a, 0x02, 0x20, 0x01, 0x04, 0x0a,
  0x00, 0x05, 0x90, 0xd5, 0x05, 0xf9, 0x4d, 0x03, 0x76, 0x02, 0x10, 0x01,
  0x04, 0x0f, 0x00, 0x05, 0x90, 0xd8, 0x05, 0xe5, 0x71, 0x03, 0x04, 0x02,
  0x30, 0x01, 0x04, 0x0a, 0x00, 0x05, 0x90, 0xf7, 0x05, 0xbe, 0x73, 0x03,
  0xde, 0x09, 0x01, 0x00, 0x05, 0x90, 0xd5, 0x05, 0xf9, 0x4d, 0x03, 0x9e,
  0x76, 0x02, 0x10, 0x01, 0x00, 0x05, 0x90, 0xe9, 0x05, 0xbe, 0x73, 0x03,
  0xe2, 0x09, 0x02, 0x20, 0x01, 0x00, 0x05, 0x90, 0xd5, 0x05, 0xf9, 0x4d,
  0x03, 0x9e, 0x76, 0x02, 0x10, 0x01, 0x04, 0x0f, 0x00, 0x05, 0x90, 0xd8,
  0x05, 0xe5, 0x71, 0x03, 0x1c, 0x02, 0x20, 0x01, 0x04, 0x0a, 0x00, 0x05,
  0x90, 0xfc, 0x05, 0xbe, 0x73, 0x03, 0xc6, 0x09, 0x01, 0x00, 0x05, 0x90,
  0xd5, 0x05, 0xf9, 0x4d, 0x03, 0x9e, 0x76, 0x02, 0x10, 0x01, 0x04, 0x0f,
  0x00, 0x05, 0x90, 0xd8, 0x05, 0xe5, 0x71, 0x03, 0x32, 0x02, 0x10, 0x01,
  0x04, 0x0a, 0x00, 0x05, 0x90, 0xd5, 0x05, 0xf9, 0x4d, 0x03, 0x4e, 0x02,
  0x10, 0x01, 0x00, 0x05, 0x90, 0xdf, 0x05, 0xbe, 0x73, 0x03, 0xe2, 0x09,
  0x02, 0x10, 0x01, 0x00, 0x05, 0x90, 0xd5, 0x05, 0xf9, 0x4d, 0x03, 0x9e,
  0x76, 0x02, 0x10, 0x01, 0x04, 0x0f, 0x00, 0x05, 0x90, 0xd8, 0x05, 0xe5,
  0x71, 0x03, 0x04, 0x02, 0x20, 0x01, 0x04, 0x0a, 0x00, 0x05, 0x90, 0x83,
  0x06, 0xbe, 0x73, 0x03, 0xde, 0x09, 0x01, 0x00, 0x05, 0x90, 0xd5, 0x05,
  0xf9, 0x4d, 0x03, 0x9e, 0x76, 0x02, 0x10, 0x01, 0x04, 0x0f, 0x00, 0x05,
  0x90, 0xd8, 0x05, 0xe5, 0x71, 0x03, 0x0a, 0x02, 0x10, 0x01, 0x04, 0x0a,
  0x00, 0x05, 0x90, 0xd5, 0x05, 0xf9, 0x4d, 0x03, 0x76, 0x02, 0x10, 0x01,
  0x00, 0x05, 0x90, 0xe9, 0x05, 0xbe, 0x73, 0x03, 0xe2, 0x09, 0x02, 0x10,
  0x01, 0x00, 0x05, 0x90, 0xd5, 0x05, 0xf9, 0x4d, 0x03, 0x9e, 0x76, 0x02,
  0x10, 0x01, 0x04, 0x0f, 0x00, 0x05, 0x90, 0xd8, 0x05, 0xe5, 0x71, 0x03,
  0x1c, 0x02, 0x10, 0x01, 0x04, 0x0a, 0x00, 0x05, 0x90, 0x8a, 0x06, 0xbe,
  0x73, 0x03, 0xc6, 0x09, 0x01, 0x04, 0x0f, 0x00, 0x05, 0x90, 0xd8, 0x05,
  0xe5, 0x71, 0x03, 0xd4, 0x76, 0x02, 0x10, 0x01, 0x04, 0x0a, 0x00, 0x05,
  0x90, 0xdf, 0x05, 0xbe, 0x73, 0x03, 0xac, 0x09, 0x02, 0x10, 0x01, 0x04,
  0x0f, 0x00, 0x05, 0x90, 0xd8, 0x05, 0xe5, 0x71, 0x03, 0xa2, 0x76, 0x02,
  0x10, 0x01, 0x04, 0x0a, 0x00, 0x05, 0x90, 0x8e, 0x06, 0xbe, 0x73, 0x03,
  0xde, 0x09, 0x01, 0x04, 0x0f, 0x00, 0x05, 0x90, 0xd8, 0x05, 0xe5, 0x71,
  0x03, 0xa8, 0x76, 0x02, 0x10, 0x01, 0x04, 0x0a, 0x00, 0x05, 0x90, 0xe9,
  0x05, 0xbe, 0x73, 0x03, 0xd8, 0x09, 0x02, 0x10, 0x01, 0x04, 0x0f, 0x00,
  0x05, 0x90, 0xd8, 0x05, 0xe5, 0x71, 0x03, 0xba, 0x76, 0x02, 0x10, 0x01,
  0x04, 0x0a, 0x00, 0x05, 0x90, 0x92, 0x06, 0xbe, 0x73, 0x03, 0xc6, 0x09,
  0x01, 0x00, 0x05, 0x90, 0xc7, 0x05, 0xdf, 0x74, 0x03, 0xcb, 0x7e, 0x02,
  0x10, 0x01, 0x00, 0x05, 0x90, 0xdf, 0x05, 0xbe, 0x73, 0x03, 0xb5, 0x01,
  0x02, 0x10, 0x01, 0x04, 0x0f, 0x00, 0x05, 0x90, 0xd8, 0x05, 0xe5, 0x71,
  0x03, 0xa2, 0x76, 0x02, 0x10, 0x01, 0x04, 0x0a, 0x00, 0x05, 0x90, 0x96,
  0x06, 0xbe, 0x73, 0x03, 0xde, 0x09, 0x01, 0x04, 0x0f, 0x00, 0x05, 0x90,
  0xd8, 0x05, 0xe5, 0x71, 0x03, 0xa8, 0x76, 0x02, 0x10, 0x01, 0x04, 0x0a,
  0x00, 0x05, 0x90, 0xe9, 0x05, 0xbe, 0x73, 0x03, 0xd8, 0x09, 0x02, 0x10,
  0x01, 0x04, 0x0f, 0x00, 0x05, 0x90, 0xd8, 0x05, 0xe5, 0x71, 0x03, 0xba,
  0x76, 0x02, 0x10, 0x01, 0x04, 0x0a, 0x00, 0x05, 0x90, 0x9a, 0x06, 0xbe,
  0x73, 0x03, 0xc6, 0x09, 0x01, 0x04, 0x0f, 0x00, 0x05, 0x90, 0xd8, 0x05,
  0xe5, 0x71, 0x03, 0xd4, 0x76, 0x02, 0x10, 0x01, 0x04, 0x0a, 0x00, 0x05,
  0x90, 0xdf, 0x05, 0xbe, 0x73, 0x03, 0xac, 0x09, 0x02, 0x10, 0x01, 0x04,
  0x0f, 0x00, 0x05, 0x90, 0xd8, 0x05, 0xe5, 0x71, 0x03, 0xa8, 0x76, 0x02,
  0x10, 0x01, 0x03, 0x7a, 0x02, 0x10, 0x01, 0x04, 0x0a, 0x00, 0x05, 0x90,
  0x9f, 0x06, 0xbe, 0x73, 0x03, 0xde, 0x09, 0x01, 0x00, 0x05, 0x90, 0xe9,
  0x05, 0xbe, 0x73, 0x02, 0x10, 0x04, 0x0f, 0x00, 0x05, 0x90, 0xd8, 0x05,
  0xe5, 0x71, 0x03, 0xba, 0x76, 0x02, 0x10, 0x01, 0x04, 0x0a, 0x00, 0x05,
  0x90, 0xa1, 0x06, 0xbe, 0x73, 0x03, 0xc6, 0x09, 0x01, 0x00, 0x05, 0x90,
  0xdf, 0x05, 0xbe, 0x73, 0x02, 0x10, 0x04, 0x0f, 0x00, 0x05, 0x90, 0xd8,
  0x05, 0xe5, 0x71, 0x03, 0xa2, 0x76, 0x02, 0x10, 0x01, 0x04, 0x0a, 0x00,
  0x05, 0x90, 0xa3, 0x06, 0xbe, 0x73, 0x03, 0xde, 0x09, 0x01, 0x00, 0x05,
  0x90, 0xe9, 0x05, 0xbe, 0x73, 0x02, 0x10, 0x04, 0x0f, 0x00, 0x05, 0x90,
  0xd8, 0x05, 0xe5, 0x71, 0x03, 0xba, 0x76, 0x02, 0x10, 0x01, 0x04, 0x0a,
  0x00, 0x05, 0x90, 0xa5, 0x06, 0xbe, 0x73, 0x03, 0xc6, 0x09, 0x01, 0x00,
  0x05, 0x90, 0xdf, 0x05, 0xbe, 0x73, 0x02, 0x10, 0x04, 0x0f, 0x00, 0x05,
  0x90, 0xd8, 0x05, 0xe5, 0x71, 0x03, 0xa2, 0x76, 0x02, 0x10, 0x01, 0x04,
  0x0a, 0x00, 0x05, 0x90, 0xa7, 0x06, 0xbe, 0x73, 0x03, 0xde, 0x09, 0x01,
  0x00, 0x05, 0x90, 0xe9, 0x05, 0xbe, 0x73, 0x02, 0x10, 0x04, 0x0f, 0x00,
  0x05, 0x90, 0xd8, 0x05, 0xe5, 0x71, 0x03, 0xba, 0x76, 0x02, 0x10, 0x01,
  0x04, 0x0a, 0x00, 0x05, 0x90, 0xa9, 0x06, 0xbe, 0x73, 0x03, 0xc6, 0x09,
  0x01, 0x04, 0x02, 0x00, 0x03, 0x90, 0x02, 0x00, 0x03, 0x93, 0x76, 0x02,
  0x10, 0x01, 0x04, 0x09, 0x00, 0x05, 0x90, 0xc2, 0x05, 0xf5, 0x74, 0x03,
  0xd5, 0x7c, 0x02, 0x10, 0x01, 0x04, 0x04, 0x00, 0x04, 0x90, 0x0f, 0xb1,
  0x05, 0x03, 0x09, 0x02, 0x10, 0x01, 0x04, 0x0f, 0x00, 0x05, 0x90, 0xc6,
  0x05, 0xce, 0x73, 0x03, 0x88, 0x03, 0x02, 0x10, 0x01, 0x04, 0x0a, 0x00,
  0x05, 0x90, 0xae, 0x06, 0xdf, 0x74, 0x03, 0xd2, 0x08, 0x01, 0x04, 0x09,
  0x00, 0x05, 0x90, 0xbf, 0x05, 0xc7, 0x1f, 0x03, 0xf3, 0x73, 0x02, 0x10,
  0x01, 0x04, 0x0a, 0x00, 0x05, 0x90, 0xc7, 0x05, 0xdf, 0x74, 0x03, 0x8d,
  0x0c, 0x02, 0x10, 0x01, 0x04, 0x09, 0x00, 0x05, 0x90, 0xbf, 0x05, 0xc7,
  0x1f, 0x03, 0xf3, 0x73, 0x02, 0x10, 0x01, 0x04, 0x04, 0x00, 0x04, 0x90,
  0x0f, 0xb1, 0x05, 0x03, 0x33, 0x02, 0x10, 0x01, 0x04, 0x09, 0x00, 0x05,
  0x90, 0xc2, 0x05, 0xf5, 0x74, 0x03, 0x77, 0x02, 0x10, 0x01, 0x04, 0x04,
  0x00, 0x04, 0x90, 0x0f, 0xb1, 0x05, 0x03, 0x09, 0x02, 0x10, 0x01, 0x04,
  0x09, 0x00, 0x05, 0x90, 0xc2, 0x05, 0xf5, 0x74, 0x03, 0x77, 0x02, 0x10,
  0x01, 0x04, 0x04, 0x00, 0x04, 0x90, 0x0f, 0xb1, 0x05, 0x03, 0x09, 0x02,
  0x10, 0x01, 0xf4, 0x04, 0x09, 0x00, 0x05, 0x90, 0xbf, 0x05, 0xc7, 0x1f,
  0x03, 0x54, 0x02, 0x10, 0x01, 0x00, 0x05, 0x90, 0xc2, 0x05, 0xf5, 0x74,
  0x03, 0x22, 0x02, 0x10, 0x01, 0x02, 0xd0, 0x00, 0x01, 0x04, 0x0a, 0x00,
  0x05, 0x90, 0xbb, 0x06, 0x94, 0x76, 0x03, 0x84, 0x0d, 0x01, 0x04, 0x09,
  0x00, 0x05, 0x90, 0xc2, 0x05, 0xf5, 0x74, 0x03, 0xf8, 0x72, 0x02, 0x10,
  0x01, 0x04, 0x0a, 0x00, 0x05, 0x90, 0xc7, 0x05, 0xdf, 0x74, 0x03, 0xe3,
  0x0b, 0x02, 0x10, 0x01, 0x04, 0x09, 0x00, 0x05, 0x90, 0xc2, 0x05, 0xf5,
  0x74, 0x03, 0x9d, 0x74, 0x02, 0x10, 0x01, 0x03, 0x03, 0x02, 0x30, 0x01,
  0x04, 0x0f, 0x00, 0x05, 0x90, 0xc6, 0x05, 0xce, 0x73, 0x03, 0x8e, 0x03,
  0x02, 0x10, 0x01, 0x04, 0x0a, 0x00, 0x05, 0x90, 0xc1, 0x06, 0xdf, 0x74,
  0x03, 0xd2, 0x08, 0x01, 0x04, 0x09, 0x00, 0x05, 0x90, 0xc2, 0x05, 0xf5,
  0x74, 0x03, 0xa1, 0x74, 0x02, 0x20, 0x01, 0x02, 0x80, 0x01, 0x01, 0x04,
  0x0a, 0x00, 0x05, 0x90, 0xc4, 0x06, 0x94, 0x76, 0x03, 0x84, 0x0d, 0x01,
  0x04, 0x09, 0x00, 0x05, 0x90, 0xc2, 0x05, 0xf5, 0x74, 0x03, 0xf8, 0x72,
  0x02, 0x20, 0x01, 0x04, 0x0f, 0x00, 0x05, 0x90, 0xc6, 0x05, 0xce, 0x73,
  0x03, 0x91, 0x03, 0x02, 0x10, 0x01, 0x04, 0x0a, 0x00, 0x05, 0x90, 0xc7,
  0x06, 0xdf, 0x74, 0x03, 0xd2, 0x08, 0x01, 0x04, 0x09, 0x00, 0x05, 0x90,
  0xc2, 0x05, 0xf5, 0x74, 0x03, 0x9d, 0x74, 0x02, 0x10, 0x01, 0x04, 0x0a,
  0x00, 0x05, 0x90, 0xc7, 0x06, 0xdf, 0x74, 0x03, 0xe3, 0x0b, 0x02, 0x10,
  0x01, 0x04, 0x09, 0x00, 0x05, 0x90, 0xc2, 0x05, 0xf5, 0x74, 0x03, 0x9d,
  0x74, 0x02, 0x10, 0x01, 0xf2, 0x03, 0x01, 0x02, 0x20, 0x01, 0x02, 0x80,
  0x01, 0x01, 0x04, 0x0a, 0x00, 0x05, 0x90, 0xce, 0x06, 0x94, 0x76, 0x03,
  0x84, 0x0d, 0x01, 0x04, 0x09, 0x00, 0x05, 0x90, 0xc2, 0x05, 0xf5, 0x74,
  0x03, 0xf8, 0x72, 0x02, 0x20, 0x01, 0x04, 0x0f, 0x00, 0x05, 0x90, 0xc6,
  0x05, 0xce, 0x73, 0x03, 0x91, 0x03, 0x02, 0x10, 0x01, 0x04, 0x0a, 0x00,
  0x05, 0x90, 0xd1, 0x06, 0xdf, 0x74, 0x03, 0xd2, 0x08, 0x01, 0x04, 0x09,
  0x00, 0x05, 0x90, 0xc2, 0x05, 0xf5, 0x74, 0x03, 0x9d, 0x74, 0x02, 0x10,
  0x01, 0x04, 0x0a, 0x00, 0x05, 0x90, 0xd1, 0x06, 0xdf, 0x74, 0x03, 0xe3,
  0x0b, 0x02, 0x10, 0x01, 0x04, 0x09, 0x00, 0x05, 0x90, 0xc2, 0x05, 0xf5,
  0x74, 0x03, 0x9d, 0x74, 0x02, 0x10, 0x01, 0xf2, 0x03, 0x01, 0x02, 0x20,
  0x01, 0x02, 0x80, 0x01, 0x01, 0x04, 0x0a, 0x00, 0x05, 0x90, 0xd8, 0x06,
  0x94, 0x76, 0x03, 0x84, 0x0d, 0x01, 0x04, 0x09, 0x00, 0x05, 0x90, 0xc2,
  0x05, 0xf5, 0x74, 0x03, 0xf8, 0x72, 0x02, 0x20, 0x01, 0x04, 0x0f, 0x00,
  0x05, 0x90, 0xc6, 0x05, 0xce, 0x73, 0x03, 0x91, 0x03, 0x02, 0x10, 0x01,
  0x04, 0x0a, 0x00, 0x05, 0x90, 0xdb, 0x06, 0xdf, 0x74, 0x03, 0xd2, 0x08,
  0x01, 0x04, 0x09, 0x00, 0x05, 0x90, 0xc2, 0x05, 0xf5, 0x74, 0x03, 0x9d,
  0x74, 0x02, 0x10, 0x01, 0x04, 0x0a, 0x00, 0x05, 0x90, 0xdb, 0x06, 0xdf,
  0x74, 0x03, 0xe3, 0x0b, 0x02, 0x10, 0x01, 0x04, 0x09, 0x00, 0x05, 0x90,
  0xc2, 0x05, 0xf5, 0x74, 0x03, 0x9d, 0x74, 0x02, 0x10, 0x01, 0xf2, 0x03,
  0x01, 0x02, 0x20, 0x01, 0x02, 0x80, 0x01, 0x01, 0x04, 0x0a, 0x00, 0x05,
  0x90, 0xe2, 0x06, 0x94, 0x76, 0x03, 0x84, 0x0d, 0x01, 0x04, 0x09, 0x00,
  0x05, 0x90, 0xc2, 0x05, 0xf5, 0x74, 0x03, 0xf8, 0x72, 0x02, 0x20, 0x01,
  0x04, 0x0f, 0x00, 0x05, 0x90, 0xc6, 0x05, 0xce, 0x73, 0x03, 0x91, 0x03,
  0x02, 0x10, 0x01, 0x04, 0x0a, 0x00, 0x05, 0x90, 0xe5, 0x06, 0xdf, 0x74,
  0x03, 0xd2, 0x08, 0x01, 0x04, 0x09, 0x00, 0x05, 0x90, 0xc2, 0x05, 0xf5,
  0x74, 0x03, 0x9d, 0x74, 0x02, 0x10, 0x01, 0x04, 0x0a, 0x00, 0x05, 0x90,
  0xe5, 0x06, 0xdf, 0x74, 0x03, 0xe3, 0x0b, 0x02, 0x10, 0x01, 0x04, 0x09,
  0x00, 0x05, 0x90, 0xc2, 0x05, 0xf5, 0x74, 0x03, 0x9d, 0x74, 0x02, 0x10,
  0x01, 0xf2, 0x03, 0x01, 0x02, 0x20, 0x01, 0x02, 0x80, 0x01, 0x01, 0x04,
  0x0a, 0x00, 0x05, 0x90, 0xec, 0x06, 0x94, 0x76, 0x03, 0x84, 0x0d, 0x01,
  0x04, 0x09, 0x00, 0x05, 0x90, 0xc2, 0x05, 0xf5, 0x74, 0x03, 0xf8, 0x72,
  0x02, 0x20, 0x01, 0x04, 0x0f, 0x00, 0x05, 0x90, 0xc6, 0x05, 0xce, 0x73,
  0x03, 0x91, 0x03, 0x02, 0x10, 0x01, 0x04, 0x0a, 0x00, 0x05, 0x90, 0xef,
  0x06, 0xdf, 0x74, 0x03, 0xd2, 0x08, 0x01, 0x04, 0x09, 0x00, 0x05, 0x90,
  0xc2, 0x05, 0xf5, 0x74, 0x03, 0x9d, 0x74, 0x02, 0x10, 0x01, 0x04, 0x0a,
  0x00, 0x05, 0x90, 0xef, 0x06, 0xdf, 0x74, 0x03, 0xe3, 0x0b, 0x02, 0x10,
  0x01, 0x04, 0x09, 0x00, 0x05, 0x90, 0xc2, 0x05, 0xf5, 0x74, 0x03, 0xa0,
  0x74, 0x02, 0x20, 0x01, 0x03, 0x01, 0x02, 0x20, 0x01, 0x02, 0x80, 0x01,
  0x01, 0x04, 0x0a, 0x00, 0x05, 0x90, 0xf5, 0x06, 0x94, 0x76, 0x03, 0x84,
  0x0d, 0x01, 0x04, 0x09, 0x00, 0x05, 0x90, 0xc2, 0x05, 0xf5, 0x74, 0x03,
  0xf8, 0x72, 0x02, 0x20, 0x01, 0x03, 0x04, 0x02, 0x20, 0x01, 0x02, 0x80,
  0x01, 0x01, 0x04, 0x0a, 0x00, 0x05, 0x90, 0xf9, 0x06, 0x94, 0x76, 0x03,
  0x84, 0x0d, 0x01, 0x04, 0x01, 0x00, 0x03, 0x90, 0x00, 0x00, 0x03, 0xe3,
  0x72, 0x02, 0x10, 0x01, 0x02, 0xf0, 0x01, 0x00, 0x01, 0x01, 0x5f, 0x5a,
  0x4e, 0x32, 0x35, 0x66, 0x75, 0x73, 0x65, 0x64, 0x5f, 0x6d, 0x75, 0x6c,
  0x74, 0x69, 0x68, 0x65, 0x61, 0x64, 0x5f, 0x61, 0x74, 0x74, 0x65, 0x6e,
  0x74, 0x69, 0x6f, 0x6e, 0x32, 0x35, 0x64, 0x65, 0x76, 0x69, 0x63, 0x65,
  0x5f, 0x66, 0x6c, 0x61, 0x73, 0x68, 0x5f, 0x61, 0x74, 0x74, 0x65, 0x6e,
  0x74, 0x69, 0x6f, 0x6e, 0x5f, 0x6e, 0x6c, 0x49, 0x4e, 0x34, 0x66, 0x6d,
  0x68, 0x61, 0x31, 0x34, 0x4b, 0x65, 0x72, 0x6e, 0x65, 0x6c, 0x5f, 0x74,
  0x72, 0x61, 0x69, 0x74, 0x73, 0x5f, 0x49, 0x4e, 0x53, 0x31, 0x5f, 0x32,
  0x33, 0x41, 0x6d, 0x70, 0x65, 0x72, 0x65, 0x5f, 0x68, 0x6d, 0x6d, 0x61,
  0x5f, 0x66, 0x70, 0x31, 0x36, 0x5f, 0x74, 0x72, 0x61, 0x69, 0x74, 0x73,
  0x45, 0x4e, 0x53, 0x31, 0x5f, 0x32, 0x76, 0x32, 0x31, 0x33, 0x47, 0x6d,
  0x65, 0x6d, 0x5f, 0x74, 0x69, 0x6c, 0x65, 0x5f, 0x71, 0x6b, 0x76, 0x45,
  0x53, 0x35, 0x5f, 0x53, 0x35, 0x5f, 0x4e, 0x53, 0x34, 0x5f, 0x31, 0x31,
  0x47, 0x6d, 0x65, 0x6d, 0x5f, 0x74, 0x69, 0x6c, 0x65, 0x5f, 0x6f, 0x45,
  0x4c, 0x69, 0x33, 0x32, 0x45, 0x4c, 0x69, 0x31, 0x32, 0x38, 0x45, 0x4c,
  0x69, 0x36, 0x34, 0x45, 0x4c, 0x69, 0x34, 0x45, 0x4c, 0x69, 0x31, 0x45,
  0x4c, 0x69, 0x31, 0x45, 0x4c, 0x6a, 0x35, 0x31, 0x39, 0x45, 0x4c, 0x69,
  0x32, 0x45, 0x4c, 0x69, 0x33, 0x45, 0x4c, 0x62, 0x31, 0x45, 0x45, 0x45,
  0x4e, 0x34, 0x62, 0x65, 0x72, 0x74, 0x33, 0x35, 0x46, 0x75, 0x73, 0x65,
  0x64, 0x5f, 0x6d, 0x75, 0x6c, 0x74, 0x69, 0x68, 0x65, 0x61, 0x64, 0x5f,
  0x61, 0x74, 0x74, 0x65, 0x6e, 0x74, 0x69, 0x6f, 0x6e, 0x5f, 0x70, 0x61,
  0x72, 0x61, 0x6d, 0x73, 0x5f, 0x76, 0x32, 0x45, 0x45, 0x45, 0x76, 0x52,
  0x4b, 0x54, 0x30, 0x5f, 0x00, 0x5f, 0x5a, 0x4e, 0x32, 0x35, 0x66, 0x75,
  0x73, 0x65, 0x64, 0x5f, 0x6d, 0x75, 0x6c, 0x74, 0x69, 0x68, 0x65, 0x61,
  0x64, 0x5f, 0x61, 0x74, 0x74, 0x65, 0x6e, 0x74, 0x69, 0x6f, 0x6e, 0x31,
  0x30, 0x53, 0x69, 0x6e, 0x67, 0x6c, 0x65, 0x5f, 0x63, 0x74, 0x61, 0x49,
  0x4c, 0x69, 0x32, 0x45, 0x45, 0x43, 0x31, 0x45, 0x52, 0x4b, 0x4e, 0x34,
  0x62, 0x65, 0x72, 0x74, 0x33, 0x35, 0x46, 0x75, 0x73, 0x65, 0x64, 0x5f,
  0x6d, 0x75, 0x6c, 0x74, 0x69, 0x68, 0x65, 0x61, 0x64, 0x5f, 0x61, 0x74,
  0x74, 0x65, 0x6e, 0x74, 0x69, 0x6f, 0x6e, 0x5f, 0x70, 0x61, 0x72, 0x61,
  0x6d, 0x73, 0x5f, 0x76, 0x32, 0x45, 0x69, 0x69, 0x69, 0x69, 0x00, 0x5f,
  0x5a, 0x4e, 0x4b, 0x32, 0x35, 0x66, 0x75, 0x73, 0x65, 0x64, 0x5f, 0x6d,
  0x75, 0x6c, 0x74, 0x69, 0x68, 0x65, 0x61, 0x64, 0x5f, 0x61, 0x74, 0x74,
  0x65, 0x6e, 0x74, 0x69, 0x6f, 0x6e, 0x31, 0x30, 0x53, 0x69, 0x6e, 0x67,
  0x6c, 0x65, 0x5f, 0x63, 0x74, 0x61, 0x49, 0x4c, 0x69, 0x32, 0x45, 0x45,
  0x31, 0x30, 0x73, 0x74, 0x6f, 0x70, 0x5f, 0x65, 0x61, 0x72, 0x6c, 0x79,
  0x45, 0x69, 0x00, 0x5f, 0x5a, 0x4e, 0x34, 0x66, 0x6d, 0x68, 0x61, 0x32,
  0x76, 0x32, 0x31, 0x33, 0x47, 0x6d, 0x65, 0x6d, 0x5f, 0x74, 0x69, 0x6c,
  0x65, 0x5f, 0x71, 0x6b, 0x76, 0x49, 0x4e, 0x53, 0x5f, 0x32, 0x33, 0x41,
  0x6d, 0x70, 0x65, 0x72, 0x65, 0x5f, 0x68, 0x6d, 0x6d, 0x61, 0x5f, 0x66,
  0x70, 0x31, 0x36, 0x5f, 0x74, 0x72, 0x61, 0x69, 0x74, 0x73, 0x45, 0x4e,
  0x53, 0x5f, 0x39, 0x43, 0x74, 0x61, 0x5f, 0x74, 0x69, 0x6c, 0x65, 0x5f,
  0x49, 0x4e, 0x53, 0x5f, 0x36, 0x41, 0x6d, 0x70, 0x65, 0x72, 0x65, 0x45,
  0x4c, 0x69, 0x36, 0x34, 0x45, 0x4c, 0x69, 0x33, 0x32, 0x45, 0x4c, 0x69,
  0x31, 0x32, 0x38, 0x45, 0x4c, 0x69, 0x33, 0x32, 0x45, 0x4c, 0x69, 0x31,
  0x32, 0x38, 0x45, 0x4c, 0x69, 0x34, 0x45, 0x4c, 0x69, 0x31, 0x45, 0x4c,
  0x69, 0x31, 0x45, 0x45, 0x45, 0x4c, 0x69, 0x31, 0x36, 0x45, 0x4c, 0x69,
  0x36, 0x34, 0x45, 0x4c, 0x69, 0x31, 0x32, 0x38, 0x45, 0x4c, 0x69, 0x31,
  0x32, 0x38, 0x45, 0x4c, 0x62, 0x31, 0x45, 0x4c, 0x62, 0x31, 0x45, 0x4c,
  0x69, 0x33, 0x45, 0x45, 0x43, 0x31, 0x49, 0x4e, 0x32, 0x35, 0x66, 0x75,
  0x73, 0x65, 0x64, 0x5f, 0x6d, 0x75, 0x6c, 0x74, 0x69, 0x68, 0x65, 0x61,
  0x64, 0x5f, 0x61, 0x74, 0x74, 0x65, 0x6e, 0x74, 0x69, 0x6f, 0x6e, 0x31,
  0x30, 0x53, 0x69, 0x6e, 0x67, 0x6c, 0x65, 0x5f, 0x63, 0x74, 0x61, 0x49,
  0x4c, 0x69, 0x32, 0x45, 0x45, 0x45, 0x45, 0x45, 0x52, 0x4b, 0x4e, 0x34,
  0x62, 0x65, 0x72, 0x74, 0x33, 0x35, 0x46, 0x75, 0x73, 0x65, 0x64, 0x5f,
  0x6d, 0x75, 0x6c, 0x74, 0x69, 0x68, 0x65, 0x61, 0x64, 0x5f, 0x61, 0x74,
  0x74, 0x65, 0x6e, 0x74, 0x69, 0x6f, 0x6e, 0x5f, 0x70, 0x61, 0x72, 0x61,
  0x6d, 0x73, 0x5f, 0x76, 0x32, 0x45, 0x69, 0x52, 0x4b, 0x54, 0x5f, 0x69,
  0x69, 0x69, 0x00, 0x5f, 0x5a, 0x4e, 0x34, 0x66, 0x6d, 0x68, 0x61, 0x32,
  0x76, 0x32, 0x31, 0x33, 0x47, 0x6d, 0x65, 0x6d, 0x5f, 0x74, 0x69, 0x6c,
  0x65, 0x5f, 0x71, 0x6b, 0x76, 0x49, 0x4e, 0x53, 0x5f, 0x32, 0x33, 0x41,
  0x6d, 0x70, 0x65, 0x72, 0x65, 0x5f, 0x68, 0x6d, 0x6d, 0x61, 0x5f, 0x66,
  0x70, 0x31, 0x36, 0x5f, 0x74, 0x72, 0x61, 0x69, 0x74, 0x73, 0x45, 0x4e,
  0x53, 0x5f, 0x39, 0x43, 0x74, 0x61, 0x5f, 0x74, 0x69, 0x6c, 0x65, 0x5f,
  0x49, 0x4e, 0x53, 0x5f, 0x36, 0x41, 0x6d, 0x70, 0x65, 0x72, 0x65, 0x45,
  0x4c, 0x69, 0x36, 0x34, 0x45, 0x4c, 0x69, 0x33, 0x32, 0x45, 0x4c, 0x69,
  0x31, 0x32, 0x38, 0x45, 0x4c, 0x69, 0x33, 0x32, 0x45, 0x4c, 0x69, 0x31,
  0x32, 0x38, 0x45, 0x4c, 0x69, 0x34, 0x45, 0x4c, 0x69, 0x31, 0x45, 0x4c,
  0x69, 0x31, 0x45, 0x45, 0x45, 0x4c, 0x69, 0x31, 0x36, 0x45, 0x4c, 0x69,
  0x36, 0x34, 0x45, 0x4c, 0x69, 0x31, 0x32, 0x38, 0x45, 0x4c, 0x69, 0x31,
  0x32, 0x38, 0x45, 0x4c, 0x62, 0x31, 0x45, 0x4c, 0x62, 0x31, 0x45, 0x4c,
  0x69, 0x33, 0x45, 0x45, 0x43, 0x31, 0x49, 0x4e, 0x32, 0x35, 0x66, 0x75,
  0x73, 0x65, 0x64, 0x5f, 0x6d, 0x75, 0x6c, 0x74, 0x69, 0x68, 0x65, 0x61,
  0x64, 0x5f, 0x61, 0x74, 0x74, 0x65, 0x6e, 0x74, 0x69, 0x6f, 0x6e, 0x31,
  0x30, 0x53, 0x69, 0x6e, 0x67, 0x6c, 0x65, 0x5f, 0x63, 0x74, 0x61, 0x49,
  0x4c, 0x69, 0x32, 0x45, 0x45, 0x45, 0x45, 0x45, 0x50, 0x76, 0x6d, 0x69,
  0x69, 0x52, 0x4b, 0x54, 0x5f, 0x69, 0x69, 0x69, 0x69, 0x00, 0x5f, 0x5a,
  0x4e, 0x34, 0x66, 0x6d, 0x68, 0x61, 0x31, 0x31, 0x53, 0x6d, 0x65, 0x6d,
  0x5f, 0x74, 0x69, 0x6c, 0x65, 0x5f, 0x61, 0x49, 0x4e, 0x53, 0x5f, 0x32,
  0x33, 0x41, 0x6d, 0x70, 0x65, 0x72, 0x65, 0x5f, 0x68, 0x6d, 0x6d, 0x61,
  0x5f, 0x66, 0x70, 0x31, 0x36, 0x5f, 0x74, 0x72, 0x61, 0x69, 0x74, 0x73,
  0x45, 0x4e, 0x53, 0x5f, 0x39, 0x43, 0x74, 0x61, 0x5f, 0x74, 0x69, 0x6c,
  0x65, 0x5f, 0x49, 0x4e, 0x53, 0x5f, 0x36, 0x41, 0x6d, 0x70, 0x65, 0x72,
  0x65, 0x45, 0x4c, 0x69, 0x36, 0x34, 0x45, 0x4c, 0x69, 0x33, 0x32, 0x45,
  0x4c, 0x69, 0x31, 0x32, 0x38, 0x45, 0x4c, 0x69, 0x33, 0x32, 0x45, 0x4c,
  0x69, 0x31, 0x32, 0x38, 0x45, 0x4c, 0x69, 0x34, 0x45, 0x4c, 0x69, 0x31,
  0x45, 0x4c, 0x69, 0x31, 0x45, 0x45, 0x45, 0x4e, 0x53, 0x5f, 0x33, 0x52,
  0x6f, 0x77, 0x45, 0x4c, 0x69, 0x31, 0x36, 0x45, 0x4c, 0x69, 0x31, 0x45,
  0x4c, 0x62, 0x31, 0x45, 0x45, 0x43, 0x31, 0x45, 0x50, 0x76, 0x69, 0x00,
  0x5f, 0x5a, 0x4e, 0x34, 0x66, 0x6d, 0x68, 0x61, 0x32, 0x32, 0x53, 0x6d,
  0x65, 0x6d, 0x5f, 0x74, 0x69, 0x6c, 0x65, 0x5f, 0x61, 0x6d, 0x70, 0x65,
  0x72, 0x65, 0x5f, 0x72, 0x6f, 0x77, 0x5f, 0x61, 0x49, 0x4e, 0x53, 0x5f,
  0x32, 0x33, 0x41, 0x6d, 0x70, 0x65, 0x72, 0x65, 0x5f, 0x68, 0x6d, 0x6d,
  0x61, 0x5f, 0x66, 0x70, 0x31, 0x36, 0x5f, 0x74, 0x72, 0x61, 0x69, 0x74,
  0x73, 0x45, 0x4e, 0x53, 0x5f, 0x39, 0x43, 0x74, 0x61, 0x5f, 0x74, 0x69,
  0x6c, 0x65, 0x5f, 0x49, 0x4e, 0x53, 0x5f, 0x36, 0x41, 0x6d, 0x70, 0x65,
  0x72, 0x65, 0x45, 0x4c, 0x69, 0x36, 0x34, 0x45, 0x4c, 0x69, 0x33, 0x32,
  0x45, 0x4c, 0x69, 0x31, 0x32, 0x38, 0x45, 0x4c, 0x69, 0x33, 0x32, 0x45,
  0x4c, 0x69, 0x31, 0x32, 0x38, 0x45, 0x4c, 0x69, 0x34, 0x45, 0x4c, 0x69,
  0x31, 0x45, 0x4c, 0x69, 0x31, 0x45, 0x45, 0x45, 0x4c, 0x69, 0x31, 0x36,
  0x45, 0x4c, 0x69, 0x31, 0x45, 0x4c, 0x69, 0x38, 0x45, 0x45, 0x43, 0x31,
  0x45, 0x50, 0x76, 0x69, 0x00, 0x5f, 0x5a, 0x4e, 0x34, 0x66, 0x6d, 0x68,
  0x61, 0x32, 0x33, 0x53, 0x6d, 0x65, 0x6d, 0x5f, 0x74, 0x69, 0x6c, 0x65,
  0x5f, 0x77, 0x69, 0x74, 0x68, 0x6f, 0x75, 0x74, 0x5f, 0x73, 0x6b, 0x65,
  0x77, 0x73, 0x49, 0x4e, 0x53, 0x5f, 0x39, 0x43, 0x74, 0x61, 0x5f, 0x74,
  0x69, 0x6c, 0x65, 0x5f, 0x49, 0x4e, 0x53, 0x5f, 0x36, 0x41, 0x6d, 0x70,
  0x65, 0x72, 0x65, 0x45, 0x4c, 0x69, 0x36, 0x34, 0x45, 0x4c, 0x69, 0x33,
  0x32, 0x45, 0x4c, 0x69, 0x31, 0x32, 0x38, 0x45, 0x4c, 0x69, 0x33, 0x32,
  0x45, 0x4c, 0x69, 0x31, 0x32, 0x38, 0x45, 0x4c, 0x69, 0x34, 0x45, 0x4c,
  0x69, 0x31, 0x45, 0x4c, 0x69, 0x31, 0x45, 0x45, 0x45, 0x4c, 0x69, 0x36,
  0x34, 0x45, 0x4c, 0x69, 0x31, 0x32, 0x38, 0x45, 0x4c, 0x69, 0x31, 0x36,
  0x45, 0x4c, 0x69, 0x31, 0x36, 0x45, 0x4c, 0x69, 0x31, 0x45, 0x4c, 0x69,
  0x30, 0x45, 0x4c, 0x69, 0x38, 0x45, 0x4c, 0x69, 0x31, 0x45, 0x4c, 0x62,
  0x31, 0x45, 0x4c, 0x62, 0x30, 0x45, 0x4c, 0x69, 0x31, 0x32, 0x38, 0x45,
  0x45, 0x43, 0x31, 0x45, 0x50, 0x76, 0x69, 0x00, 0x5f, 0x5a, 0x4e, 0x38,
  0x33, 0x5f, 0x49, 0x4e, 0x54, 0x45, 0x52, 0x4e, 0x41, 0x4c, 0x5f, 0x36,
  0x38, 0x66, 0x62, 0x61, 0x63, 0x63, 0x63, 0x5f, 0x35, 0x32, 0x5f, 0x66,
  0x6d, 0x68, 0x61, 0x5f, 0x76, 0x32, 0x5f, 0x66, 0x6c, 0x61, 0x73, 0x68,
  0x5f, 0x61, 0x74, 0x74, 0x65, 0x6e, 0x74, 0x69, 0x6f, 0x6e, 0x5f, 0x66,
  0x70, 0x31, 0x36, 0x5f, 0x36, 0x34, 0x5f, 0x33, 0x32, 0x5f, 0x53, 0x5f,
  0x71, 0x6b, 0x76, 0x5f, 0x31, 0x32, 0x38, 0x5f, 0x73, 0x6d, 0x38, 0x36,
  0x5f, 0x63, 0x75, 0x5f, 0x32, 0x32, 0x37, 0x34, 0x66, 0x66, 0x30, 0x61,
  0x31, 0x31, 0x5f, 0x5f, 0x73, 0x68, 0x66, 0x6c, 0x5f, 0x73, 0x79, 0x6e,
  0x63, 0x45, 0x6a, 0x69, 0x69, 0x69, 0x00, 0x5f, 0x5a, 0x4e, 0x34, 0x66,
  0x6d, 0x68, 0x61, 0x32, 0x76, 0x32, 0x31, 0x33, 0x47, 0x6d, 0x65, 0x6d,
  0x5f, 0x74, 0x69, 0x6c, 0x65, 0x5f, 0x71, 0x6b, 0x76, 0x49, 0x4e, 0x53,
  0x5f, 0x32, 0x33, 0x41, 0x6d, 0x70, 0x65, 0x72, 0x65, 0x5f, 0x68, 0x6d,
  0x6d, 0x61, 0x5f, 0x66, 0x70, 0x31, 0x36, 0x5f, 0x74, 0x72, 0x61, 0x69,
  0x74, 0x73, 0x45, 0x4e, 0x53, 0x5f, 0x39, 0x43, 0x74, 0x61, 0x5f, 0x74,
  0x69, 0x6c, 0x65, 0x5f, 0x49, 0x4e, 0x53, 0x5f, 0x36, 0x41, 0x6d, 0x70,
  0x65, 0x72, 0x65, 0x45, 0x4c, 0x69, 0x36, 0x34, 0x45, 0x4c, 0x69, 0x33,
  0x32, 0x45, 0x4c, 0x69, 0x31, 0x32, 0x38, 0x45, 0x4c, 0x69, 0x33, 0x32,
  0x45, 0x4c, 0x69, 0x31, 0x32, 0x38, 0x45, 0x4c, 0x69, 0x34, 0x45, 0x4c,
  0x69, 0x31, 0x45, 0x4c, 0x69, 0x31, 0x45, 0x45, 0x45, 0x4c, 0x69, 0x31,
  0x36, 0x45, 0x4c, 0x69, 0x33, 0x32, 0x45, 0x4c, 0x69, 0x31, 0x32, 0x38,
  0x45, 0x4c, 0x69, 0x31, 0x32, 0x38, 0x45, 0x4c, 0x62, 0x31, 0x45, 0x4c,
  0x62, 0x31, 0x45, 0x4c, 0x69, 0x33, 0x45, 0x45, 0x43, 0x31, 0x49, 0x4e,
  0x32, 0x35, 0x66, 0x75, 0x73, 0x65, 0x64, 0x5f, 0x6d, 0x75, 0x6c, 0x74,
  0x69, 0x68, 0x65, 0x61, 0x64, 0x5f, 0x61, 0x74, 0x74, 0x65, 0x6e, 0x74,
  0x69, 0x6f, 0x6e, 0x31, 0x30, 0x53, 0x69, 0x6e, 0x67, 0x6c, 0x65, 0x5f,
  0x63, 0x74, 0x61, 0x49, 0x4c, 0x69, 0x32, 0x45, 0x45, 0x45, 0x45, 0x45,
  0x52, 0x4b, 0x4e, 0x34, 0x62, 0x65, 0x72, 0x74, 0x33, 0x35, 0x46, 0x75,
  0x73, 0x65, 0x64, 0x5f, 0x6d, 0x75, 0x6c, 0x74, 0x69, 0x68, 0x65, 0x61,
  0x64, 0x5f, 0x61, 0x74, 0x74, 0x65, 0x6e, 0x74, 0x69, 0x6f, 0x6e, 0x5f,
  0x70, 0x61, 0x72, 0x61, 0x6d, 0x73, 0x5f, 0x76, 0x32, 0x45, 0x69, 0x52,
  0x4b, 0x54, 0x5f, 0x69, 0x69, 0x69, 0x00, 0x5f, 0x5a, 0x4e, 0x34, 0x66,
  0x6d, 0x68, 0x61, 0x32, 0x76, 0x32, 0x31, 0x33, 0x47, 0x6d, 0x65, 0x6d,
  0x5f, 0x74, 0x69, 0x6c, 0x65, 0x5f, 0x71, 0x6b, 0x76, 0x49, 0x4e, 0x53,
  0x5f, 0x32, 0x33, 0x41, 0x6d, 0x70, 0x65, 0x72, 0x65, 0x5f, 0x68, 0x6d,
  0x6d, 0x61, 0x5f, 0x66, 0x70, 0x31, 0x36, 0x5f, 0x74, 0x72, 0x61, 0x69,
  0x74, 0x73, 0x45, 0x4e, 0x53, 0x5f, 0x39, 0x43, 0x74, 0x61, 0x5f, 0x74,
  0x69, 0x6c, 0x65, 0x5f, 0x49, 0x4e, 0x53, 0x5f, 0x36, 0x41, 0x6d, 0x70,
  0x65, 0x72, 0x65, 0x45, 0x4c, 0x69, 0x36, 0x34, 0x45, 0x4c, 0x69, 0x33,
  0x32, 0x45, 0x4c, 0x69, 0x31, 0x32, 0x38, 0x45, 0x4c, 0x69, 0x33, 0x32,
  0x45, 0x4c, 0x69, 0x31, 0x32, 0x38, 0x45, 0x4c, 0x69, 0x34, 0x45, 0x4c,
  0x69, 0x31, 0x45, 0x4c, 0x69, 0x31, 0x45, 0x45, 0x45, 0x4c, 0x69, 0x31,
  0x36, 0x45, 0x4c, 0x69, 0x33, 0x32, 0x45, 0x4c, 0x69, 0x31, 0x32, 0x38,
  0x45, 0x4c, 0x69, 0x31, 0x32, 0x38, 0x45, 0x4c, 0x62, 0x31, 0x45, 0x4c,
  0x62, 0x31, 0x45, 0x4c, 0x69, 0x33, 0x45, 0x45, 0x43, 0x31, 0x49, 0x4e,
  0x32, 0x35, 0x66, 0x75, 0x73, 0x65, 0x64, 0x5f, 0x6d, 0x75, 0x6c, 0x74,
  0x69, 0x68, 0x65, 0x61, 0x64, 0x5f, 0x61, 0x74, 0x74, 0x65, 0x6e, 0x74,
  0x69, 0x6f, 0x6e, 0x31, 0x30, 0x53, 0x69, 0x6e, 0x67, 0x6c, 0x65, 0x5f,
  0x63, 0x74, 0x61, 0x49, 0x4c, 0x69, 0x32, 0x45, 0x45, 0x45, 0x45, 0x45,
  0x50, 0x76, 0x6d, 0x69, 0x69, 0x52, 0x4b, 0x54, 0x5f, 0x69, 0x69, 0x69,
  0x69, 0x00, 0x5f, 0x5a, 0x4e, 0x34, 0x66, 0x6d, 0x68, 0x61, 0x31, 0x31,
  0x53, 0x6d, 0x65, 0x6d, 0x5f, 0x74, 0x69, 0x6c, 0x65, 0x5f, 0x62, 0x49,
  0x4e, 0x53, 0x5f, 0x32, 0x33, 0x41, 0x6d, 0x70, 0x65, 0x72, 0x65, 0x5f,
  0x68, 0x6d, 0x6d, 0x61, 0x5f, 0x66, 0x70, 0x31, 0x36, 0x5f, 0x74, 0x72,
  0x61, 0x69, 0x74, 0x73, 0x45, 0x4e, 0x53, 0x5f, 0x39, 0x43, 0x74, 0x61,
  0x5f, 0x74, 0x69, 0x6c, 0x65, 0x5f, 0x49, 0x4e, 0x53, 0x5f, 0x36, 0x41,
  0x6d, 0x70, 0x65, 0x72, 0x65, 0x45, 0x4c, 0x69, 0x36, 0x34, 0x45, 0x4c,
  0x69, 0x33, 0x32, 0x45, 0x4c, 0x69, 0x31, 0x32, 0x38, 0x45, 0x4c, 0x69,
  0x33, 0x32, 0x45, 0x4c, 0x69, 0x31, 0x32, 0x38, 0x45, 0x4c, 0x69, 0x34,
  0x45, 0x4c, 0x69, 0x31, 0x45, 0x4c, 0x69, 0x31, 0x45, 0x45, 0x45, 0x4e,
  0x53, 0x5f, 0x33, 0x43, 0x6f, 0x6c, 0x45, 0x4c, 0x69, 0x31, 0x36, 0x45,
  0x4c, 0x69, 0x31, 0x45, 0x4c, 0x62, 0x31, 0x45, 0x45, 0x43, 0x31, 0x45,
  0x50, 0x76, 0x69, 0x00, 0x5f, 0x5a, 0x4e, 0x34, 0x66, 0x6d, 0x68, 0x61,
  0x32, 0x32, 0x53, 0x6d, 0x65, 0x6d, 0x5f, 0x74, 0x69, 0x6c, 0x65, 0x5f,
  0x61, 0x6d, 0x70, 0x65, 0x72, 0x65, 0x5f, 0x63, 0x6f, 0x6c, 0x5f, 0x62,
  0x49, 0x4e, 0x53, 0x5f, 0x32, 0x33, 0x41, 0x6d, 0x70, 0x65, 0x72, 0x65,
  0x5f, 0x68, 0x6d, 0x6d, 0x61, 0x5f, 0x66, 0x70, 0x31, 0x36, 0x5f, 0x74,
  0x72, 0x61, 0x69, 0x74, 0x73, 0x45, 0x4e, 0x53, 0x5f, 0x39, 0x43, 0x74,
  0x61, 0x5f, 0x74, 0x69, 0x6c, 0x65, 0x5f, 0x49, 0x4e, 0x53, 0x5f, 0x36,
  0x41, 0x6d, 0x70, 0x65, 0x72, 0x65, 0x45, 0x4c, 0x69, 0x36, 0x34, 0x45,
  0x4c, 0x69, 0x33, 0x32, 0x45, 0x4c, 0x69, 0x31, 0x32, 0x38, 0x45, 0x4c,
  0x69, 0x33, 0x32, 0x45, 0x4c, 0x69, 0x31, 0x32, 0x38, 0x45, 0x4c, 0x69,
  0x34, 0x45, 0x4c, 0x69, 0x31, 0x45, 0x4c, 0x69, 0x31, 0x45, 0x45, 0x45,
  0x4c, 0x69, 0x31, 0x36, 0x45, 0x4c, 0x69, 0x31, 0x45, 0x4c, 0x69, 0x38,
  0x45, 0x45, 0x43, 0x31, 0x45, 0x50, 0x76, 0x69, 0x00, 0x5f, 0x5a, 0x4e,
  0x34, 0x66, 0x6d, 0x68, 0x61, 0x32, 0x33, 0x53, 0x6d, 0x65, 0x6d, 0x5f,
  0x74, 0x69, 0x6c, 0x65, 0x5f, 0x77, 0x69, 0x74, 0x68, 0x6f, 0x75, 0x74,
  0x5f, 0x73, 0x6b, 0x65, 0x77, 0x73, 0x49, 0x4e, 0x53, 0x5f, 0x39, 0x43,
  0x74, 0x61, 0x5f, 0x74, 0x69, 0x6c, 0x65, 0x5f, 0x49, 0x4e, 0x53, 0x5f,
  0x36, 0x41, 0x6d, 0x70, 0x65, 0x72, 0x65, 0x45, 0x4c, 0x69, 0x36, 0x34,
  0x45, 0x4c, 0x69, 0x33, 0x32, 0x45, 0x4c, 0x69, 0x31, 0x32, 0x38, 0x45,
  0x4c, 0x69, 0x33, 0x32, 0x45, 0x4c, 0x69, 0x31, 0x32, 0x38, 0x45, 0x4c,
  0x69, 0x34, 0x45, 0x4c, 0x69, 0x31, 0x45, 0x4c, 0x69, 0x31, 0x45, 0x45,
  0x45, 0x4c, 0x69, 0x33, 0x32, 0x45, 0x4c, 0x69, 0x31, 0x32, 0x38, 0x45,
  0x4c, 0x69, 0x31, 0x36, 0x45, 0x4c, 0x69, 0x31, 0x36, 0x45, 0x4c, 0x69,
  0x31, 0x45, 0x4c, 0x69, 0x30, 0x45, 0x4c, 0x69, 0x38, 0x45, 0x4c, 0x69,
  0x31, 0x45, 0x4c, 0x62, 0x31, 0x45, 0x4c, 0x62, 0x30, 0x45, 0x4c, 0x69,
  0x31, 0x32, 0x38, 0x45, 0x45, 0x43, 0x31, 0x45, 0x50, 0x76, 0x69, 0x00,
  0x5f, 0x5a, 0x4e, 0x34, 0x66, 0x6d, 0x68, 0x61, 0x32, 0x76, 0x32, 0x31,
  0x33, 0x47, 0x6d, 0x65, 0x6d, 0x5f, 0x74, 0x69, 0x6c, 0x65, 0x5f, 0x71,
  0x6b, 0x76, 0x49, 0x4e, 0x53, 0x5f, 0x32, 0x33, 0x41, 0x6d, 0x70, 0x65,
  0x72, 0x65, 0x5f, 0x68, 0x6d, 0x6d, 0x61, 0x5f, 0x66, 0x70, 0x31, 0x36,
  0x5f, 0x74, 0x72, 0x61, 0x69, 0x74, 0x73, 0x45, 0x4e, 0x53, 0x5f, 0x39,
  0x43, 0x74, 0x61, 0x5f, 0x74, 0x69, 0x6c, 0x65, 0x5f, 0x49, 0x4e, 0x53,
  0x5f, 0x36, 0x41, 0x6d, 0x70, 0x65, 0x72, 0x65, 0x45, 0x4c, 0x69, 0x36,
  0x34, 0x45, 0x4c, 0x69, 0x31, 0x32, 0x38, 0x45, 0x4c, 0x69, 0x33, 0x32,
  0x45, 0x4c, 0x69, 0x31, 0x32, 0x38, 0x45, 0x4c, 0x69, 0x33, 0x32, 0x45,
  0x4c, 0x69, 0x34, 0x45, 0x4c, 0x69, 0x31, 0x45, 0x4c, 0x69, 0x31, 0x45,
  0x45, 0x45, 0x4c, 0x69, 0x31, 0x36, 0x45, 0x4c, 0x69, 0x33, 0x32, 0x45,
  0x4c, 0x69, 0x31, 0x32, 0x38, 0x45, 0x4c, 0x69, 0x31, 0x32, 0x38, 0x45,
  0x4c, 0x62, 0x31, 0x45, 0x4c, 0x62, 0x31, 0x45, 0x4c, 0x69, 0x33, 0x45,
  0x45, 0x43, 0x31, 0x49, 0x4e, 0x32, 0x35, 0x66, 0x75, 0x73, 0x65, 0x64,
  0x5f, 0x6d, 0x75, 0x6c, 0x74, 0x69, 0x68, 0x65, 0x61, 0x64, 0x5f, 0x61,
  0x74, 0x74, 0x65, 0x6e, 0x74, 0x69, 0x6f, 0x6e, 0x31, 0x30, 0x53, 0x69,
  0x6e, 0x67, 0x6c, 0x65, 0x5f, 0x63, 0x74, 0x61, 0x49, 0x4c, 0x69, 0x32,
  0x45, 0x45, 0x45, 0x45, 0x45, 0x52, 0x4b, 0x4e, 0x34, 0x62, 0x65, 0x72,
  0x74, 0x33, 0x35, 0x46, 0x75, 0x73, 0x65, 0x64, 0x5f, 0x6d, 0x75, 0x6c,
  0x74, 0x69, 0x68, 0x65, 0x61, 0x64, 0x5f, 0x61, 0x74, 0x74, 0x65, 0x6e,
  0x74, 0x69, 0x6f, 0x6e, 0x5f, 0x70, 0x61, 0x72, 0x61, 0x6d, 0x73, 0x5f,
  0x76, 0x32, 0x45, 0x69, 0x52, 0x4b, 0x54, 0x5f, 0x69, 0x69, 0x69, 0x00,
  0x5f, 0x5a, 0x4e, 0x34, 0x66, 0x6d, 0x68, 0x61, 0x32, 0x76, 0x32, 0x31,
  0x33, 0x47, 0x6d, 0x65, 0x6d, 0x5f, 0x74, 0x69, 0x6c, 0x65, 0x5f, 0x71,
  0x6b, 0x76, 0x49, 0x4e, 0x53, 0x5f, 0x32, 0x33, 0x41, 0x6d, 0x70, 0x65,
  0x72, 0x65, 0x5f, 0x68, 0x6d, 0x6d, 0x61, 0x5f, 0x66, 0x70, 0x31, 0x36,
  0x5f, 0x74, 0x72, 0x61, 0x69, 0x74, 0x73, 0x45, 0x4e, 0x53, 0x5f, 0x39,
  0x43, 0x74, 0x61, 0x5f, 0x74, 0x69, 0x6c, 0x65, 0x5f, 0x49, 0x4e, 0x53,
  0x5f, 0x36, 0x41, 0x6d, 0x70, 0x65, 0x72, 0x65, 0x45, 0x4c, 0x69, 0x36,
  0x34, 0x45, 0x4c, 0x69, 0x31, 0x32, 0x38, 0x45, 0x4c, 0x69, 0x33, 0x32,
  0x45, 0x4c, 0x69, 0x31, 0x32, 0x38, 0x45, 0x4c, 0x69, 0x33, 0x32, 0x45,
  0x4c, 0x69, 0x34, 0x45, 0x4c, 0x69, 0x31, 0x45, 0x4c, 0x69, 0x31, 0x45,
  0x45, 0x45, 0x4c, 0x69, 0x31, 0x36, 0x45, 0x4c, 0x69, 0x33, 0x32, 0x45,
  0x4c, 0x69, 0x31, 0x32, 0x38, 0x45, 0x4c, 0x69, 0x31, 0x32, 0x38, 0x45,
  0x4c, 0x62, 0x31, 0x45, 0x4c, 0x62, 0x31, 0x45, 0x4c, 0x69, 0x33, 0x45,
  0x45, 0x43, 0x31, 0x49, 0x4e, 0x32, 0x35, 0x66, 0x75, 0x73, 0x65, 0x64,
  0x5f, 0x6d, 0x75, 0x6c, 0x74, 0x69, 0x68, 0x65, 0x61, 0x64, 0x5f, 0x61,
  0x74, 0x74, 0x65, 0x6e, 0x74, 0x69, 0x6f, 0x6e, 0x31, 0x30, 0x53, 0x69,
  0x6e, 0x67, 0x6c, 0x65, 0x5f, 0x63, 0x74, 0x61, 0x49, 0x4c, 0x69, 0x32,
  0x45, 0x45, 0x45, 0x45, 0x45, 0x50, 0x76, 0x6d, 0x69, 0x69, 0x52, 0x4b,
  0x54, 0x5f, 0x69, 0x69, 0x69, 0x69, 0x00, 0x5f, 0x5a, 0x4e, 0x34, 0x66,
  0x6d, 0x68, 0x61, 0x34, 0x4d, 0x61, 0x73, 0x6b, 0x49, 0x4e, 0x53, 0x5f,
  0x32, 0x33, 0x41, 0x6d, 0x70, 0x65, 0x72, 0x65, 0x5f, 0x68, 0x6d, 0x6d,
  0x61, 0x5f, 0x66, 0x70, 0x31, 0x36, 0x5f, 0x74, 0x72, 0x61, 0x69, 0x74,
  0x73, 0x45, 0x4e, 0x53, 0x5f, 0x39, 0x43, 0x74, 0x61, 0x5f, 0x74, 0x69,
  0x6c, 0x65, 0x5f, 0x49, 0x4e, 0x53, 0x5f, 0x36, 0x41, 0x6d, 0x70, 0x65,
  0x72, 0x65, 0x45, 0x4c, 0x69, 0x36, 0x34, 0x45, 0x4c, 0x69, 0x33, 0x32,
  0x45, 0x4c, 0x69, 0x31, 0x32, 0x38, 0x45, 0x4c, 0x69, 0x33, 0x32, 0x45,
  0x4c, 0x69, 0x31, 0x32, 0x38, 0x45, 0x4c, 0x69, 0x34, 0x45, 0x4c, 0x69,
  0x31, 0x45, 0x4c, 0x69, 0x31, 0x45, 0x45, 0x45, 0x4c, 0x69, 0x33, 0x45,
  0x45, 0x43, 0x31, 0x49, 0x4e, 0x34, 0x62, 0x65, 0x72, 0x74, 0x33, 0x35,
  0x46, 0x75, 0x73, 0x65, 0x64, 0x5f, 0x6d, 0x75, 0x6c, 0x74, 0x69, 0x68,
  0x65, 0x61, 0x64, 0x5f, 0x61, 0x74, 0x74, 0x65, 0x6e, 0x74, 0x69, 0x6f,
  0x6e, 0x5f, 0x70, 0x61, 0x72, 0x61, 0x6d, 0x73, 0x5f, 0x76, 0x32, 0x45,
  0x4e, 0x32, 0x35, 0x66, 0x75, 0x73, 0x65, 0x64, 0x5f, 0x6d, 0x75, 0x6c,
  0x74, 0x69, 0x68, 0x65, 0x61, 0x64, 0x5f, 0x61, 0x74, 0x74, 0x65, 0x6e,
  0x74, 0x69, 0x6f, 0x6e, 0x31, 0x30, 0x53, 0x69, 0x6e, 0x67, 0x6c, 0x65,
  0x5f, 0x63, 0x74, 0x61, 0x49, 0x4c, 0x69, 0x32, 0x45, 0x45, 0x45, 0x45,
  0x45, 0x52, 0x4b, 0x54, 0x5f, 0x52, 0x4b, 0x54, 0x30, 0x5f, 0x69, 0x00,
  0x5f, 0x5a, 0x4e, 0x34, 0x66, 0x6d, 0x68, 0x61, 0x34, 0x4d, 0x61, 0x73,
  0x6b, 0x49, 0x4e, 0x53, 0x5f, 0x32, 0x33, 0x41, 0x6d, 0x70, 0x65, 0x72,
  0x65, 0x5f, 0x68, 0x6d, 0x6d, 0x61, 0x5f, 0x66, 0x70, 0x31, 0x36, 0x5f,
  0x74, 0x72, 0x61, 0x69, 0x74, 0x73, 0x45, 0x4e, 0x53, 0x5f, 0x39, 0x43,
  0x74, 0x61, 0x5f, 0x74, 0x69, 0x6c, 0x65, 0x5f, 0x49, 0x4e, 0x53, 0x5f,
  0x36, 0x41, 0x6d, 0x70, 0x65, 0x72, 0x65, 0x45, 0x4c, 0x69, 0x36, 0x34,
  0x45, 0x4c, 0x69, 0x33, 0x32, 0x45, 0x4c, 0x69, 0x31, 0x32, 0x38, 0x45,
  0x4c, 0x69, 0x33, 0x32, 0x45, 0x4c, 0x69, 0x31, 0x32, 0x38, 0x45, 0x4c,
  0x69, 0x34, 0x45, 0x4c, 0x69, 0x31, 0x45, 0x4c, 0x69, 0x31, 0x45, 0x45,
  0x45, 0x4c, 0x69, 0x32, 0x45, 0x45, 0x43, 0x31, 0x49, 0x4e, 0x34, 0x62,
  0x65, 0x72, 0x74, 0x33, 0x35, 0x46, 0x75, 0x73, 0x65, 0x64, 0x5f, 0x6d,
  0x75, 0x6c, 0x74, 0x69, 0x68, 0x65, 0x61, 0x64, 0x5f, 0x61, 0x74, 0x74,
  0x65, 0x6e, 0x74, 0x69, 0x6f, 0x6e, 0x5f, 0x70, 0x61, 0x72, 0x61, 0x6d,
  0x73, 0x5f, 0x76, 0x32, 0x45, 0x4e, 0x32, 0x35, 0x66, 0x75, 0x73, 0x65,
  0x64, 0x5f, 0x6d, 0x75, 0x6c, 0x74, 0x69, 0x68, 0x65, 0x61, 0x64, 0x5f,
  0x61, 0x74, 0x74, 0x65, 0x6e, 0x74, 0x69, 0x6f, 0x6e, 0x31, 0x30, 0x53,
  0x69, 0x6e, 0x67, 0x6c, 0x65, 0x5f, 0x63, 0x74, 0x61, 0x49, 0x4c, 0x69,
  0x32, 0x45, 0x45, 0x45, 0x45, 0x45, 0x52, 0x4b, 0x54, 0x5f, 0x52, 0x4b,
  0x54, 0x30, 0x5f, 0x69, 0x00, 0x5f, 0x5a, 0x4e, 0x34, 0x66, 0x6d, 0x68,
  0x61, 0x31, 0x31, 0x53, 0x6d, 0x65, 0x6d, 0x5f, 0x74, 0x69, 0x6c, 0x65,
  0x5f, 0x76, 0x49, 0x4e, 0x53, 0x5f, 0x32, 0x33, 0x41, 0x6d, 0x70, 0x65,
  0x72, 0x65, 0x5f, 0x68, 0x6d, 0x6d, 0x61, 0x5f, 0x66, 0x70, 0x31, 0x36,
  0x5f, 0x74, 0x72, 0x61, 0x69, 0x74, 0x73, 0x45, 0x4e, 0x53, 0x5f, 0x39,
  0x43, 0x74, 0x61, 0x5f, 0x74, 0x69, 0x6c, 0x65, 0x5f, 0x49, 0x4e, 0x53,
  0x5f, 0x36, 0x41, 0x6d, 0x70, 0x65, 0x72, 0x65, 0x45, 0x4c, 0x69, 0x36,
  0x34, 0x45, 0x4c, 0x69, 0x31, 0x32, 0x38, 0x45, 0x4c, 0x69, 0x33, 0x32,
  0x45, 0x4c, 0x69, 0x31, 0x32, 0x38, 0x45, 0x4c, 0x69, 0x33, 0x32, 0x45,
  0x4c, 0x69, 0x34, 0x45, 0x4c, 0x69, 0x31, 0x45, 0x4c, 0x69, 0x31, 0x45,
  0x45, 0x45, 0x4c, 0x69, 0x31, 0x45, 0x4c, 0x4e, 0x53, 0x5f, 0x32, 0x30,
  0x47, 0x6d, 0x6d, 0x61, 0x5f, 0x64, 0x65, 0x73, 0x63, 0x72, 0x69, 0x70,
  0x74, 0x6f, 0x72, 0x5f, 0x6d, 0x6f, 0x64, 0x65, 0x45, 0x30, 0x45, 0x4c,
  0x62, 0x30, 0x45, 0x45, 0x43, 0x31, 0x45, 0x50, 0x76, 0x69, 0x00, 0x5f,
  0x5a, 0x4e, 0x34, 0x66, 0x6d, 0x68, 0x61, 0x32, 0x33, 0x53, 0x6d, 0x65,
  0x6d, 0x5f, 0x74, 0x69, 0x6c, 0x65, 0x5f, 0x76, 0x5f, 0x61, 0x6d, 0x70,
  0x65, 0x72, 0x65, 0x5f, 0x68, 0x6d, 0x6d, 0x61, 0x49, 0x4e, 0x53, 0x5f,
  0x32, 0x33, 0x41, 0x6d, 0x70, 0x65, 0x72, 0x65, 0x5f, 0x68, 0x6d, 0x6d,
  0x61, 0x5f, 0x66, 0x70, 0x31, 0x36, 0x5f, 0x74, 0x72, 0x61, 0x69, 0x74,
  0x73, 0x45, 0x4e, 0x53, 0x5f, 0x39, 0x43, 0x74, 0x61, 0x5f, 0x74, 0x69,
  0x6c, 0x65, 0x5f, 0x49, 0x4e, 0x53, 0x5f, 0x36, 0x41, 0x6d, 0x70, 0x65,
  0x72, 0x65, 0x45, 0x4c, 0x69, 0x36, 0x34, 0x45, 0x4c, 0x69, 0x31, 0x32,
  0x38, 0x45, 0x4c, 0x69, 0x33, 0x32, 0x45, 0x4c, 0x69, 0x31, 0x32, 0x38,
  0x45, 0x4c, 0x69, 0x33, 0x32, 0x45, 0x4c, 0x69, 0x34, 0x45, 0x4c, 0x69,
  0x31, 0x45, 0x4c, 0x69, 0x31, 0x45, 0x45, 0x45, 0x4c, 0x69, 0x31, 0x45,
  0x45, 0x43, 0x31, 0x45, 0x50, 0x76, 0x69, 0x00, 0x5f, 0x5a, 0x4e, 0x34,
  0x66, 0x6d, 0x68, 0x61, 0x32, 0x33, 0x53, 0x6d, 0x65, 0x6d, 0x5f, 0x74,
  0x69, 0x6c, 0x65, 0x5f, 0x77, 0x69, 0x74, 0x68, 0x6f, 0x75, 0x74, 0x5f,
  0x73, 0x6b, 0x65, 0x77, 0x73, 0x49, 0x4e, 0x53, 0x5f, 0x39, 0x43, 0x74,
  0x61, 0x5f, 0x74, 0x69, 0x6c, 0x65, 0x5f, 0x49, 0x4e, 0x53, 0x5f, 0x36,
  0x41, 0x6d, 0x70, 0x65, 0x72, 0x65, 0x45, 0x4c, 0x69, 0x36, 0x34, 0x45,
  0x4c, 0x69, 0x31, 0x32, 0x38, 0x45, 0x4c, 0x69, 0x33, 0x32, 0x45, 0x4c,
  0x69, 0x31, 0x32, 0x38, 0x45, 0x4c, 0x69, 0x33, 0x32, 0x45, 0x4c, 0x69,
  0x34, 0x45, 0x4c, 0x69, 0x31, 0x45, 0x4c, 0x69, 0x31, 0x45, 0x45, 0x45,
  0x4c, 0x69, 0x33, 0x32, 0x45, 0x4c, 0x69, 0x31, 0x32, 0x38, 0x45, 0x4c,
  0x69, 0x31, 0x36, 0x45, 0x4c, 0x69, 0x31, 0x36, 0x45, 0x4c, 0x69, 0x31,
  0x45, 0x4c, 0x69, 0x30, 0x45, 0x4c, 0x69, 0x38, 0x45, 0x4c, 0x69, 0x31,
  0x45, 0x4c, 0x62, 0x31, 0x45, 0x4c, 0x62, 0x30, 0x45, 0x4c, 0x69, 0x31,
  0x32, 0x38, 0x45, 0x45, 0x43, 0x31, 0x45, 0x50, 0x76, 0x69, 0x00, 0x5f,
  0x5a, 0x4e, 0x34, 0x66, 0x6d, 0x68, 0x61, 0x32, 0x76, 0x32, 0x31, 0x31,
  0x47, 0x6d, 0x65, 0x6d, 0x5f, 0x74, 0x69, 0x6c, 0x65, 0x5f, 0x6f, 0x49,
  0x4e, 0x53, 0x5f, 0x32, 0x33, 0x41, 0x6d, 0x70, 0x65, 0x72, 0x65, 0x5f,
  0x68, 0x6d, 0x6d, 0x61, 0x5f, 0x66, 0x70, 0x31, 0x36, 0x5f, 0x74, 0x72,
  0x61, 0x69, 0x74, 0x73, 0x45, 0x4e, 0x53, 0x5f, 0x39, 0x43, 0x74, 0x61,
  0x5f, 0x74, 0x69, 0x6c, 0x65, 0x5f, 0x49, 0x4e, 0x53, 0x5f, 0x36, 0x41,
  0x6d, 0x70, 0x65, 0x72, 0x65, 0x45, 0x4c, 0x69, 0x36, 0x34, 0x45, 0x4c,
  0x69, 0x31, 0x32, 0x38, 0x45, 0x4c, 0x69, 0x33, 0x32, 0x45, 0x4c, 0x69,
  0x31, 0x32, 0x38, 0x45, 0x4c, 0x69, 0x33, 0x32, 0x45, 0x4c, 0x69, 0x34,
  0x45, 0x4c, 0x69, 0x31, 0x45, 0x4c, 0x69, 0x31, 0x45, 0x45, 0x45, 0x4c,
  0x69, 0x31, 0x45, 0x45, 0x43, 0x31, 0x49, 0x4e, 0x34, 0x62, 0x65, 0x72,
  0x74, 0x33, 0x35, 0x46, 0x75, 0x73, 0x65, 0x64, 0x5f, 0x6d, 0x75, 0x6c,
  0x74, 0x69, 0x68, 0x65, 0x61, 0x64, 0x5f, 0x61, 0x74, 0x74, 0x65, 0x6e,
  0x74, 0x69, 0x6f, 0x6e, 0x5f, 0x70, 0x61, 0x72, 0x61, 0x6d, 0x73, 0x5f,
  0x76, 0x32, 0x45, 0x4e, 0x32, 0x35, 0x66, 0x75, 0x73, 0x65, 0x64, 0x5f,
  0x6d, 0x75, 0x6c, 0x74, 0x69, 0x68, 0x65, 0x61, 0x64, 0x5f, 0x61, 0x74,
  0x74, 0x65, 0x6e, 0x74, 0x69, 0x6f, 0x6e, 0x31, 0x30, 0x53, 0x69, 0x6e,
  0x67, 0x6c, 0x65, 0x5f, 0x63, 0x74, 0x61, 0x49, 0x4c, 0x69, 0x32, 0x45,
  0x45, 0x45, 0x45, 0x45, 0x52, 0x4b, 0x54, 0x5f, 0x52, 0x4b, 0x54, 0x30,
  0x5f, 0x69, 0x69, 0x69, 0x00, 0x5f, 0x5a, 0x4e, 0x34, 0x66, 0x6d, 0x68,
  0x61, 0x32, 0x76, 0x32, 0x31, 0x36, 0x48, 0x6d, 0x6d, 0x61, 0x5f, 0x67,
  0x6d, 0x65, 0x6d, 0x5f, 0x74, 0x69, 0x6c, 0x65, 0x5f, 0x6f, 0x49, 0x4e,
  0x53, 0x5f, 0x32, 0x33, 0x41, 0x6d, 0x70, 0x65, 0x72, 0x65, 0x5f, 0x68,
  0x6d, 0x6d, 0x61, 0x5f, 0x66, 0x70, 0x31, 0x36, 0x5f, 0x74, 0x72, 0x61,
  0x69, 0x74, 0x73, 0x45, 0x4e, 0x53, 0x5f, 0x39, 0x43, 0x74, 0x61, 0x5f,
  0x74, 0x69, 0x6c, 0x65, 0x5f, 0x49, 0x4e, 0x53, 0x5f, 0x36, 0x41, 0x6d,
  0x70, 0x65, 0x72, 0x65, 0x45, 0x4c, 0x69, 0x36, 0x34, 0x45, 0x4c, 0x69,
  0x31, 0x32, 0x38, 0x45, 0x4c, 0x69, 0x33, 0x32, 0x45, 0x4c, 0x69, 0x31,
  0x32, 0x38, 0x45, 0x4c, 0x69, 0x33, 0x32, 0x45, 0x4c, 0x69, 0x34, 0x45,
  0x4c, 0x69, 0x31, 0x45, 0x4c, 0x69, 0x31, 0x45, 0x45, 0x45, 0x4c, 0x69,
  0x31, 0x45, 0x4c, 0x69, 0x31, 0x36, 0x45, 0x4c, 0x69, 0x32, 0x45, 0x45,
  0x43, 0x31, 0x49, 0x4e, 0x34, 0x62, 0x65, 0x72, 0x74, 0x33, 0x35, 0x46,
  0x75, 0x73, 0x65, 0x64, 0x5f, 0x6d, 0x75, 0x6c, 0x74, 0x69, 0x68, 0x65,
  0x61, 0x64, 0x5f, 0x61, 0x74, 0x74, 0x65, 0x6e, 0x74, 0x69, 0x6f, 0x6e,
  0x5f, 0x70, 0x61, 0x72, 0x61, 0x6d, 0x73, 0x5f, 0x76, 0x32, 0x45, 0x4e,
  0x32, 0x35, 0x66, 0x75, 0x73, 0x65, 0x64, 0x5f, 0x6d, 0x75, 0x6c, 0x74,
  0x69, 0x68, 0x65, 0x61, 0x64, 0x5f, 0x61, 0x74, 0x74, 0x65, 0x6e, 0x74,
  0x69, 0x6f, 0x6e, 0x31, 0x30, 0x53, 0x69, 0x6e, 0x67, 0x6c, 0x65, 0x5f,
  0x63, 0x74, 0x61, 0x49, 0x4c, 0x69, 0x32, 0x45, 0x45, 0x45, 0x45, 0x45,
  0x52, 0x4b, 0x54, 0x5f, 0x52, 0x4b, 0x54, 0x30, 0x5f, 0x69, 0x69, 0x69,
  0x00, 0x5f, 0x5a, 0x4e, 0x34, 0x66, 0x6d, 0x68, 0x61, 0x32, 0x76, 0x32,
  0x31, 0x33, 0x47, 0x6d, 0x65, 0x6d, 0x5f, 0x74, 0x69, 0x6c, 0x65, 0x5f,
  0x71, 0x6b, 0x76, 0x49, 0x4e, 0x53, 0x5f, 0x32, 0x33, 0x41, 0x6d, 0x70,
  0x65, 0x72, 0x65, 0x5f, 0x68, 0x6d, 0x6d, 0x61, 0x5f, 0x66, 0x70, 0x31,
  0x36, 0x5f, 0x74, 0x72, 0x61, 0x69, 0x74, 0x73, 0x45, 0x4e, 0x53, 0x5f,
  0x39, 0x43, 0x74, 0x61, 0x5f, 0x74, 0x69, 0x6c, 0x65, 0x5f, 0x49, 0x4e,
  0x53, 0x5f, 0x36, 0x41, 0x6d, 0x70, 0x65, 0x72, 0x65, 0x45, 0x4c, 0x69,
  0x36, 0x34, 0x45, 0x4c, 0x69, 0x33, 0x32, 0x45, 0x4c, 0x69, 0x31, 0x32,
  0x38, 0x45, 0x4c, 0x69, 0x33, 0x32, 0x45, 0x4c, 0x69, 0x31, 0x32, 0x38,
  0x45, 0x4c, 0x69, 0x34, 0x45, 0x4c, 0x69, 0x31, 0x45, 0x4c, 0x69, 0x31,
  0x45, 0x45, 0x45, 0x4c, 0x69, 0x31, 0x36, 0x45, 0x4c, 0x69, 0x36, 0x34,
  0x45, 0x4c, 0x69, 0x31, 0x32, 0x38, 0x45, 0x4c, 0x69, 0x31, 0x32, 0x38,
  0x45, 0x4c, 0x62, 0x31, 0x45, 0x4c, 0x62, 0x31, 0x45, 0x4c, 0x69, 0x33,
  0x45, 0x45, 0x34, 0x6c, 0x6f, 0x61, 0x64, 0x49, 0x4e, 0x53, 0x5f, 0x31,
  0x31, 0x53, 0x6d, 0x65, 0x6d, 0x5f, 0x74, 0x69, 0x6c, 0x65, 0x5f, 0x61,
  0x49, 0x53, 0x32, 0x5f, 0x53, 0x35, 0x5f, 0x4e, 0x53, 0x5f, 0x33, 0x52,
  0x6f, 0x77, 0x45, 0x4c, 0x69, 0x31, 0x36, 0x45, 0x4c, 0x69, 0x31, 0x45,
  0x4c, 0x62, 0x31, 0x45, 0x45, 0x45, 0x45, 0x45, 0x76, 0x52, 0x54, 0x5f,
  0x00, 0x5f, 0x5a, 0x4e, 0x34, 0x66, 0x6d, 0x68, 0x61, 0x32, 0x76, 0x32,
  0x31, 0x33, 0x4c, 0x64, 0x67, 0x73, 0x74, 0x73, 0x5f, 0x68, 0x65, 0x6c,
  0x70, 0x65, 0x72, 0x49, 0x4c, 0x69, 0x31, 0x45, 0x45, 0x34, 0x6c, 0x6f,
  0x61, 0x64, 0x49, 0x4e, 0x53, 0x30, 0x5f, 0x31, 0x33, 0x47, 0x6d, 0x65,
  0x6d, 0x5f, 0x74, 0x69, 0x6c, 0x65, 0x5f, 0x71, 0x6b, 0x76, 0x49, 0x4e,
  0x53, 0x5f, 0x32, 0x33, 0x41, 0x6d, 0x70, 0x65, 0x72, 0x65, 0x5f, 0x68,
  0x6d, 0x6d, 0x61, 0x5f, 0x66, 0x70, 0x31, 0x36, 0x5f, 0x74, 0x72, 0x61,
  0x69, 0x74, 0x73, 0x45, 0x4e, 0x53, 0x5f, 0x39, 0x43, 0x74, 0x61, 0x5f,
  0x74, 0x69, 0x6c, 0x65, 0x5f, 0x49, 0x4e, 0x53, 0x5f, 0x36, 0x41, 0x6d,
  0x70, 0x65, 0x72, 0x65, 0x45, 0x4c, 0x69, 0x36, 0x34, 0x45, 0x4c, 0x69,
  0x33, 0x32, 0x45, 0x4c, 0x69, 0x31, 0x32, 0x38, 0x45, 0x4c, 0x69, 0x33,
  0x32, 0x45, 0x4c, 0x69, 0x31, 0x32, 0x38, 0x45, 0x4c, 0x69, 0x34, 0x45,
  0x4c, 0x69, 0x31, 0x45, 0x4c, 0x69, 0x31, 0x45, 0x45, 0x45, 0x4c, 0x69,
  0x31, 0x36, 0x45, 0x4c, 0x69, 0x36, 0x34, 0x45, 0x4c, 0x69, 0x31, 0x32,
  0x38, 0x45, 0x4c, 0x69, 0x31, 0x32, 0x38, 0x45, 0x4c, 0x62, 0x31, 0x45,
  0x4c, 0x62, 0x31, 0x45, 0x4c, 0x69, 0x33, 0x45, 0x45, 0x45, 0x4e, 0x53,
  0x5f, 0x31, 0x31, 0x53, 0x6d, 0x65, 0x6d, 0x5f, 0x74, 0x69, 0x6c, 0x65,
  0x5f, 0x61, 0x49, 0x53, 0x35, 0x5f, 0x53, 0x38, 0x5f, 0x4e, 0x53, 0x5f,
  0x33, 0x52, 0x6f, 0x77, 0x45, 0x4c, 0x69, 0x31, 0x36, 0x45, 0x4c, 0x69,
  0x31, 0x45, 0x4c, 0x62, 0x31, 0x45, 0x45, 0x45, 0x4c, 0x69, 0x38, 0x45,
  0x45, 0x45, 0x76, 0x50, 0x54, 0x5f, 0x52, 0x54, 0x30, 0x5f, 0x52, 0x41,
  0x54, 0x31, 0x5f, 0x5f, 0x50, 0x4b, 0x76, 0x52, 0x41, 0x54, 0x31, 0x5f,
  0x5f, 0x6a, 0x00, 0x5f, 0x5a, 0x4e, 0x34, 0x66, 0x6d, 0x68, 0x61, 0x31,
  0x35, 0x70, 0x61, 0x63, 0x6b, 0x5f, 0x70, 0x72, 0x65, 0x64, 0x69, 0x63,
  0x61, 0x74, 0x65, 0x73, 0x49, 0x4c, 0x69, 0x31, 0x45, 0x4c, 0x69, 0x38,
  0x45, 0x45, 0x45, 0x76, 0x52, 0x41, 0x54, 0x5f, 0x5f, 0x6a, 0x52, 0x41,
  0x54, 0x30, 0x5f, 0x5f, 0x4b, 0x6a, 0x00, 0x5f, 0x5a, 0x4e, 0x34, 0x66,
  0x6d, 0x68, 0x61, 0x32, 0x33, 0x53, 0x6d, 0x65, 0x6d, 0x5f, 0x74, 0x69,
  0x6c, 0x65, 0x5f, 0x77, 0x69, 0x74, 0x68, 0x6f, 0x75, 0x74, 0x5f, 0x73,
  0x6b, 0x65, 0x77, 0x73, 0x49, 0x4e, 0x53, 0x5f, 0x39, 0x43, 0x74, 0x61,
  0x5f, 0x74, 0x69, 0x6c, 0x65, 0x5f, 0x49, 0x4e, 0x53, 0x5f, 0x36, 0x41,
  0x6d, 0x70, 0x65, 0x72, 0x65, 0x45, 0x4c, 0x69, 0x36, 0x34, 0x45, 0x4c,
  0x69, 0x33, 0x32, 0x45, 0x4c, 0x69, 0x31, 0x32, 0x38, 0x45, 0x4c, 0x69,
  0x33, 0x32, 0x45, 0x4c, 0x69, 0x31, 0x32, 0x38, 0x45, 0x4c, 0x69, 0x34,
  0x45, 0x4c, 0x69, 0x31, 0x45, 0x4c, 0x69, 0x31, 0x45, 0x45, 0x45, 0x4c,
  0x69, 0x36, 0x34, 0x45, 0x4c, 0x69, 0x31, 0x32, 0x38, 0x45, 0x4c, 0x69,
  0x31, 0x36, 0x45, 0x4c, 0x69, 0x31, 0x36, 0x45, 0x4c, 0x69, 0x31, 0x45,
  0x4c, 0x69, 0x30, 0x45, 0x4c, 0x69, 0x38, 0x45, 0x4c, 0x69, 0x31, 0x45,
  0x4c, 0x62, 0x31, 0x45, 0x4c, 0x62, 0x30, 0x45, 0x4c, 0x69, 0x31, 0x32,
  0x38, 0x45, 0x45, 0x35, 0x73, 0x74, 0x6f, 0x72, 0x65, 0x49, 0x4c, 0x69,
  0x38, 0x45, 0x4c, 0x69, 0x31, 0x45, 0x45, 0x45, 0x76, 0x52, 0x41, 0x54,
  0x5f, 0x5f, 0x50, 0x4b, 0x76, 0x52, 0x41, 0x54, 0x30, 0x5f, 0x5f, 0x6a,
  0x00, 0x5f, 0x5a, 0x4e, 0x34, 0x66, 0x6d, 0x68, 0x61, 0x32, 0x33, 0x53,
  0x6d, 0x65, 0x6d, 0x5f, 0x74, 0x69, 0x6c, 0x65, 0x5f, 0x77, 0x69, 0x74,
  0x68, 0x6f, 0x75, 0x74, 0x5f, 0x73, 0x6b, 0x65, 0x77, 0x73, 0x49, 0x4e,
  0x53, 0x5f, 0x39, 0x43, 0x74, 0x61, 0x5f, 0x74, 0x69, 0x6c, 0x65, 0x5f,
  0x49, 0x4e, 0x53, 0x5f, 0x36, 0x41, 0x6d, 0x70, 0x65, 0x72, 0x65, 0x45,
  0x4c, 0x69, 0x36, 0x34, 0x45, 0x4c, 0x69, 0x33, 0x32, 0x45, 0x4c, 0x69,
  0x31, 0x32, 0x38, 0x45, 0x4c, 0x69, 0x33, 0x32, 0x45, 0x4c, 0x69, 0x31,
  0x32, 0x38, 0x45, 0x4c, 0x69, 0x34, 0x45, 0x4c, 0x69, 0x31, 0x45, 0x4c,
  0x69, 0x31, 0x45, 0x45, 0x45, 0x4c, 0x69, 0x36, 0x34, 0x45, 0x4c, 0x69,
  0x31, 0x32, 0x38, 0x45, 0x4c, 0x69, 0x31, 0x36, 0x45, 0x4c, 0x69, 0x31,
  0x36, 0x45, 0x4c, 0x69, 0x31, 0x45, 0x4c, 0x69, 0x30, 0x45, 0x4c, 0x69,
  0x38, 0x45, 0x4c, 0x69, 0x31, 0x45, 0x4c, 0x62, 0x31, 0x45, 0x4c, 0x62,
  0x30, 0x45, 0x4c, 0x69, 0x31, 0x32, 0x38, 0x45, 0x45, 0x32, 0x32, 0x63,
  0x6f, 0x6d, 0x70, 0x75, 0x74, 0x65, 0x5f, 0x73, 0x74, 0x6f, 0x72, 0x65,
  0x5f, 0x70, 0x6f, 0x69, 0x6e, 0x74, 0x65, 0x72, 0x73, 0x49, 0x4c, 0x69,
  0x38, 0x45, 0x4c, 0x69, 0x31, 0x45, 0x45, 0x45, 0x76, 0x52, 0x41, 0x54,
  0x5f, 0x5f, 0x6a, 0x00, 0x5f, 0x5a, 0x4e, 0x34, 0x66, 0x6d, 0x68, 0x61,
  0x36, 0x6c, 0x64, 0x67, 0x73, 0x74, 0x73, 0x49, 0x4c, 0x69, 0x38, 0x45,
  0x4c, 0x69, 0x31, 0x45, 0x45, 0x45, 0x76, 0x52, 0x41, 0x54, 0x5f, 0x5f,
  0x6a, 0x52, 0x41, 0x54, 0x5f, 0x5f, 0x50, 0x4b, 0x76, 0x52, 0x41, 0x54,
  0x30, 0x5f, 0x5f, 0x6a, 0x00, 0x5f, 0x5a, 0x4e, 0x34, 0x66, 0x6d, 0x68,
  0x61, 0x37, 0x6c, 0x64, 0x67, 0x73, 0x74, 0x73, 0x5f, 0x49, 0x4c, 0x69,
  0x38, 0x45, 0x4c, 0x69, 0x31, 0x45, 0x4e, 0x53, 0x5f, 0x31, 0x34, 0x4c,
  0x64, 0x67, 0x73, 0x74, 0x73, 0x5f, 0x66, 0x75, 0x6e, 0x63, 0x74, 0x6f,
  0x72, 0x49, 0x4c, 0x69, 0x38, 0x45, 0x45, 0x45, 0x45, 0x45, 0x76, 0x52,
  0x54, 0x31, 0x5f, 0x52, 0x41, 0x54, 0x30, 0x5f, 0x5f, 0x4b, 0x6a, 0x00,
  0x5f, 0x5a, 0x4e, 0x34, 0x66, 0x6d, 0x68, 0x61, 0x31, 0x34, 0x4c, 0x64,
  0x67, 0x73, 0x74, 0x73, 0x5f, 0x66, 0x75, 0x6e, 0x63, 0x74, 0x6f, 0x72,
  0x49, 0x4c, 0x69, 0x38, 0x45, 0x45, 0x36, 0x6c, 0x64, 0x67, 0x73, 0x74,
  0x73, 0x45, 0x69, 0x62, 0x00, 0x5f, 0x5a, 0x4e, 0x34, 0x66, 0x6d, 0x68,
  0x61, 0x39, 0x6c, 0x64, 0x67, 0x73, 0x74, 0x73, 0x31, 0x32, 0x38, 0x45,
  0x6a, 0x50, 0x4b, 0x76, 0x62, 0x00, 0x5f, 0x5a, 0x4e, 0x34, 0x66, 0x6d,
  0x68, 0x61, 0x32, 0x76, 0x32, 0x31, 0x33, 0x47, 0x6d, 0x65, 0x6d, 0x5f,
  0x74, 0x69, 0x6c, 0x65, 0x5f, 0x71, 0x6b, 0x76, 0x49, 0x4e, 0x53, 0x5f,
  0x32, 0x33, 0x41, 0x6d, 0x70, 0x65, 0x72, 0x65, 0x5f, 0x68, 0x6d, 0x6d,
  0x61, 0x5f, 0x66, 0x70, 0x31, 0x36, 0x5f, 0x74, 0x72, 0x61, 0x69, 0x74,
  0x73, 0x45, 0x4e, 0x53, 0x5f, 0x39, 0x43, 0x74, 0x61, 0x5f, 0x74, 0x69,
  0x6c, 0x65, 0x5f, 0x49, 0x4e, 0x53, 0x5f, 0x36, 0x41, 0x6d, 0x70, 0x65,
  0x72, 0x65, 0x45, 0x4c, 0x69, 0x36, 0x34, 0x45, 0x4c, 0x69, 0x33, 0x32,
  0x45, 0x4c, 0x69, 0x31, 0x32, 0x38, 0x45, 0x4c, 0x69, 0x33, 0x32, 0x45,
  0x4c, 0x69, 0x31, 0x32, 0x38, 0x45, 0x4c, 0x69, 0x34, 0x45, 0x4c, 0x69,
  0x31, 0x45, 0x4c, 0x69, 0x31, 0x45, 0x45, 0x45, 0x4c, 0x69, 0x31, 0x36,
  0x45, 0x4c, 0x69, 0x33, 0x32, 0x45, 0x4c, 0x69, 0x31, 0x32, 0x38, 0x45,
  0x4c, 0x69, 0x31, 0x32, 0x38, 0x45, 0x4c, 0x62, 0x31, 0x45, 0x4c, 0x62,
  0x31, 0x45, 0x4c, 0x69, 0x33, 0x45, 0x45, 0x34, 0x6c, 0x6f, 0x61, 0x64,
  0x49, 0x4e, 0x53, 0x5f, 0x31, 0x31, 0x53, 0x6d, 0x65, 0x6d, 0x5f, 0x74,
  0x69, 0x6c, 0x65, 0x5f, 0x62, 0x49, 0x53, 0x32, 0x5f, 0x53, 0x35, 0x5f,
  0x4e, 0x53, 0x5f, 0x33, 0x43, 0x6f, 0x6c, 0x45, 0x4c, 0x69, 0x31, 0x36,
  0x45, 0x4c, 0x69, 0x31, 0x45, 0x4c, 0x62, 0x31, 0x45, 0x45, 0x45, 0x45,
  0x45, 0x76, 0x52, 0x54, 0x5f, 0x00, 0x5f, 0x5a, 0x4e, 0x34, 0x66, 0x6d,
  0x68, 0x61, 0x32, 0x76, 0x32, 0x31, 0x33, 0x4c, 0x64, 0x67, 0x73, 0x74,
  0x73, 0x5f, 0x68, 0x65, 0x6c, 0x70, 0x65, 0x72, 0x49, 0x4c, 0x69, 0x31,
  0x45, 0x45, 0x34, 0x6c, 0x6f, 0x61, 0x64, 0x49, 0x4e, 0x53, 0x30, 0x5f,
  0x31, 0x33, 0x47, 0x6d, 0x65, 0x6d, 0x5f, 0x74, 0x69, 0x6c, 0x65, 0x5f,
  0x71, 0x6b, 0x76, 0x49, 0x4e, 0x53, 0x5f, 0x32, 0x33, 0x41, 0x6d, 0x70,
  0x65, 0x72, 0x65, 0x5f, 0x68, 0x6d, 0x6d, 0x61, 0x5f, 0x66, 0x70, 0x31,
  0x36, 0x5f, 0x74, 0x72, 0x61, 0x69, 0x74, 0x73, 0x45, 0x4e, 0x53, 0x5f,
  0x39, 0x43, 0x74, 0x61, 0x5f, 0x74, 0x69, 0x6c, 0x65, 0x5f, 0x49, 0x4e,
  0x53, 0x5f, 0x36, 0x41, 0x6d, 0x70, 0x65, 0x72, 0x65, 0x45, 0x4c, 0x69,
  0x36, 0x34, 0x45, 0x4c, 0x69, 0x33, 0x32, 0x45, 0x4c, 0x69, 0x31, 0x32,
  0x38, 0x45, 0x4c, 0x69, 0x33, 0x32, 0x45, 0x4c, 0x69, 0x31, 0x32, 0x38,
  0x45, 0x4c, 0x69, 0x34, 0x45, 0x4c, 0x69, 0x31, 0x45, 0x4c, 0x69, 0x31,
  0x45, 0x45, 0x45, 0x4c, 0x69, 0x31, 0x36, 0x45, 0x4c, 0x69, 0x33, 0x32,
  0x45, 0x4c, 0x69, 0x31, 0x32, 0x38, 0x45, 0x4c, 0x69, 0x31, 0x32, 0x38,
  0x45, 0x4c, 0x62, 0x31, 0x45, 0x4c, 0x62, 0x31, 0x45, 0x4c, 0x69, 0x33,
  0x45, 0x45, 0x45, 0x4e, 0x53, 0x5f, 0x31, 0x31, 0x53, 0x6d, 0x65, 0x6d,
  0x5f, 0x74, 0x69, 0x6c, 0x65, 0x5f, 0x62, 0x49, 0x53, 0x35, 0x5f, 0x53,
  0x38, 0x5f, 0x4e, 0x53, 0x5f, 0x33, 0x43, 0x6f, 0x6c, 0x45, 0x4c, 0x69,
  0x31, 0x36, 0x45, 0x4c, 0x69, 0x31, 0x45, 0x4c, 0x62, 0x31, 0x45, 0x45,
  0x45, 0x4c, 0x69, 0x34, 0x45, 0x45, 0x45, 0x76, 0x50, 0x54, 0x5f, 0x52,
  0x54, 0x30, 0x5f, 0x52, 0x41, 0x54, 0x31, 0x5f, 0x5f, 0x50, 0x4b, 0x76,
  0x52, 0x41, 0x54, 0x31, 0x5f, 0x5f, 0x6a, 0x00, 0x5f, 0x5a, 0x4e, 0x34,
  0x66, 0x6d, 0x68, 0x61, 0x32, 0x33, 0x53, 0x6d, 0x65, 0x6d, 0x5f, 0x74,
  0x69, 0x6c, 0x65, 0x5f, 0x77, 0x69, 0x74, 0x68, 0x6f, 0x75, 0x74, 0x5f,
  0x73, 0x6b, 0x65, 0x77, 0x73, 0x49, 0x4e, 0x53, 0x5f, 0x39, 0x43, 0x74,
  0x61, 0x5f, 0x74, 0x69, 0x6c, 0x65, 0x5f, 0x49, 0x4e, 0x53, 0x5f, 0x36,
  0x41, 0x6d, 0x70, 0x65, 0x72, 0x65, 0x45, 0x4c, 0x69, 0x36, 0x34, 0x45,
  0x4c, 0x69, 0x33, 0x32, 0x45, 0x4c, 0x69, 0x31, 0x32, 0x38, 0x45, 0x4c,
  0x69, 0x33, 0x32, 0x45, 0x4c, 0x69, 0x31, 0x32, 0x38, 0x45, 0x4c, 0x69,
  0x34, 0x45, 0x4c, 0x69, 0x31, 0x45, 0x4c, 0x69, 0x31, 0x45, 0x45, 0x45,
  0x4c, 0x69, 0x33, 0x32, 0x45, 0x4c, 0x69, 0x31, 0x32, 0x38, 0x45, 0x4c,
  0x69, 0x31, 0x36, 0x45, 0x4c, 0x69, 0x31, 0x36, 0x45, 0x4c, 0x69, 0x31,
  0x45, 0x4c, 0x69, 0x30, 0x45, 0x4c, 0x69, 0x38, 0x45, 0x4c, 0x69, 0x31,
  0x45, 0x4c, 0x62, 0x31, 0x45, 0x4c, 0x62, 0x30, 0x45, 0x4c, 0x69, 0x31,
  0x32, 0x38, 0x45, 0x45, 0x35, 0x73, 0x74, 0x6f, 0x72, 0x65, 0x49, 0x4c,
  0x69, 0x34, 0x45, 0x4c, 0x69, 0x31, 0x45, 0x45, 0x45, 0x76, 0x52, 0x41,
  0x54, 0x5f, 0x5f, 0x50, 0x4b, 0x76, 0x52, 0x41, 0x54, 0x30, 0x5f, 0x5f,
  0x6a, 0x00, 0x5f, 0x5a, 0x4e, 0x34, 0x66, 0x6d, 0x68, 0x61, 0x32, 0x33,
  0x53, 0x6d, 0x65, 0x6d, 0x5f, 0x74, 0x69, 0x6c, 0x65, 0x5f, 0x77, 0x69,
  0x74, 0x68, 0x6f, 0x75, 0x74, 0x5f, 0x73, 0x6b, 0x65, 0x77, 0x73, 0x49,
  0x4e, 0x53, 0x5f, 0x39, 0x43, 0x74, 0x61, 0x5f, 0x74, 0x69, 0x6c, 0x65,
  0x5f, 0x49, 0x4e, 0x53, 0x5f, 0x36, 0x41, 0x6d, 0x70, 0x65, 0x72, 0x65,
  0x45, 0x4c, 0x69, 0x36, 0x34, 0x45, 0x4c, 0x69, 0x33, 0x32, 0x45, 0x4c,
  0x69, 0x31, 0x32, 0x38, 0x45, 0x4c, 0x69, 0x33, 0x32, 0x45, 0x4c, 0x69,
  0x31, 0x32, 0x38, 0x45, 0x4c, 0x69, 0x34, 0x45, 0x4c, 0x69, 0x31, 0x45,
  0x4c, 0x69, 0x31, 0x45, 0x45, 0x45, 0x4c, 0x69, 0x33, 0x32, 0x45, 0x4c,
  0x69, 0x31, 0x32, 0x38, 0x45, 0x4c, 0x69, 0x31, 0x36, 0x45, 0x4c, 0x69,
  0x31, 0x36, 0x45, 0x4c, 0x69, 0x31, 0x45, 0x4c, 0x69, 0x30, 0x45, 0x4c,
  0x69, 0x38, 0x45, 0x4c, 0x69, 0x31, 0x45, 0x4c, 0x62, 0x31, 0x45, 0x4c,
  0x62, 0x30, 0x45, 0x4c, 0x69, 0x31, 0x32, 0x38, 0x45, 0x45, 0x32, 0x32,
  0x63, 0x6f, 0x6d, 0x70, 0x75, 0x74, 0x65, 0x5f, 0x73, 0x74, 0x6f, 0x72,
  0x65, 0x5f, 0x70, 0x6f, 0x69, 0x6e, 0x74, 0x65, 0x72, 0x73, 0x49, 0x4c,
  0x69, 0x34, 0x45, 0x4c, 0x69, 0x31, 0x45, 0x45, 0x45, 0x76, 0x52, 0x41,
  0x54, 0x5f, 0x5f, 0x6a, 0x00, 0x5f, 0x5a, 0x4e, 0x34, 0x66, 0x6d, 0x68,
  0x61, 0x36, 0x6c, 0x64, 0x67, 0x73, 0x74, 0x73, 0x49, 0x4c, 0x69, 0x34,
  0x45, 0x4c, 0x69, 0x31, 0x45, 0x45, 0x45, 0x76, 0x52, 0x41, 0x54, 0x5f,
  0x5f, 0x6a, 0x52, 0x41, 0x54, 0x5f, 0x5f, 0x50, 0x4b, 0x76, 0x52, 0x41,
  0x54, 0x30, 0x5f, 0x5f, 0x6a, 0x00, 0x5f, 0x5a, 0x4e, 0x34, 0x66, 0x6d,
  0x68, 0x61, 0x37, 0x6c, 0x64, 0x67, 0x73, 0x74, 0x73, 0x5f, 0x49, 0x4c,
  0x69, 0x34, 0x45, 0x4c, 0x69, 0x31, 0x45, 0x4e, 0x53, 0x5f, 0x31, 0x34,
  0x4c, 0x64, 0x67, 0x73, 0x74, 0x73, 0x5f, 0x66, 0x75, 0x6e, 0x63, 0x74,
  0x6f, 0x72, 0x49, 0x4c, 0x69, 0x34, 0x45, 0x45, 0x45, 0x45, 0x45, 0x76,
  0x52, 0x54, 0x31, 0x5f, 0x52, 0x41, 0x54, 0x30, 0x5f, 0x5f, 0x4b, 0x6a,
  0x00, 0x5f, 0x5a, 0x4e, 0x34, 0x66, 0x6d, 0x68, 0x61, 0x31, 0x34, 0x4c,
  0x64, 0x67, 0x73, 0x74, 0x73, 0x5f, 0x66, 0x75, 0x6e, 0x63, 0x74, 0x6f,
  0x72, 0x49, 0x4c, 0x69, 0x34, 0x45, 0x45, 0x36, 0x6c, 0x64, 0x67, 0x73,
  0x74, 0x73, 0x45, 0x69, 0x62, 0x00, 0x5f, 0x5a, 0x4e, 0x34, 0x66, 0x6d,
  0x68, 0x61, 0x32, 0x76, 0x32, 0x31, 0x33, 0x47, 0x6d, 0x65, 0x6d, 0x5f,
  0x74, 0x69, 0x6c, 0x65, 0x5f, 0x71, 0x6b, 0x76, 0x49, 0x4e, 0x53, 0x5f,
  0x32, 0x33, 0x41, 0x6d, 0x70, 0x65, 0x72, 0x65, 0x5f, 0x68, 0x6d, 0x6d,
  0x61, 0x5f, 0x66, 0x70, 0x31, 0x36, 0x5f, 0x74, 0x72, 0x61, 0x69, 0x74,
  0x73, 0x45, 0x4e, 0x53, 0x5f, 0x39, 0x43, 0x74, 0x61, 0x5f, 0x74, 0x69,
  0x6c, 0x65, 0x5f, 0x49, 0x4e, 0x53, 0x5f, 0x36, 0x41, 0x6d, 0x70, 0x65,
  0x72, 0x65, 0x45, 0x4c, 0x69, 0x36, 0x34, 0x45, 0x4c, 0x69, 0x31, 0x32,
  0x38, 0x45, 0x4c, 0x69, 0x33, 0x32, 0x45, 0x4c, 0x69, 0x31, 0x32, 0x38,
  0x45, 0x4c, 0x69, 0x33, 0x32, 0x45, 0x4c, 0x69, 0x34, 0x45, 0x4c, 0x69,
  0x31, 0x45, 0x4c, 0x69, 0x31, 0x45, 0x45, 0x45, 0x4c, 0x69, 0x31, 0x36,
  0x45, 0x4c, 0x69, 0x33, 0x32, 0x45, 0x4c, 0x69, 0x31, 0x32, 0x38, 0x45,
  0x4c, 0x69, 0x31, 0x32, 0x38, 0x45, 0x4c, 0x62, 0x31, 0x45, 0x4c, 0x62,
  0x31, 0x45, 0x4c, 0x69, 0x33, 0x45, 0x45, 0x34, 0x6c, 0x6f, 0x61, 0x64,
  0x49, 0x4e, 0x53, 0x5f, 0x31, 0x31, 0x53, 0x6d, 0x65, 0x6d, 0x5f, 0x74,
  0x69, 0x6c, 0x65, 0x5f, 0x76, 0x49, 0x53, 0x32, 0x5f, 0x53, 0x35, 0x5f,
  0x4c, 0x69, 0x31, 0x45, 0x4c, 0x4e, 0x53, 0x5f, 0x32, 0x30, 0x47, 0x6d,
  0x6d, 0x61, 0x5f, 0x64, 0x65, 0x73, 0x63, 0x72, 0x69, 0x70, 0x74, 0x6f,
  0x72, 0x5f, 0x6d, 0x6f, 0x64, 0x65, 0x45, 0x30, 0x45, 0x4c, 0x62, 0x30,
  0x45, 0x45, 0x45, 0x45, 0x45, 0x76, 0x52, 0x54, 0x5f, 0x00, 0x5f, 0x5a,
  0x4e, 0x34, 0x66, 0x6d, 0x68, 0x61, 0x32, 0x76, 0x32, 0x31, 0x33, 0x4c,
  0x64, 0x67, 0x73, 0x74, 0x73, 0x5f, 0x68, 0x65, 0x6c, 0x70, 0x65, 0x72,
  0x49, 0x4c, 0x69, 0x31, 0x45, 0x45, 0x34, 0x6c, 0x6f, 0x61, 0x64, 0x49,
  0x4e, 0x53, 0x30, 0x5f, 0x31, 0x33, 0x47, 0x6d, 0x65, 0x6d, 0x5f, 0x74,
  0x69, 0x6c, 0x65, 0x5f, 0x71, 0x6b, 0x76, 0x49, 0x4e, 0x53, 0x5f, 0x32,
  0x33, 0x41, 0x6d, 0x70, 0x65, 0x72, 0x65, 0x5f, 0x68, 0x6d, 0x6d, 0x61,
  0x5f, 0x66, 0x70, 0x31, 0x36, 0x5f, 0x74, 0x72, 0x61, 0x69, 0x74, 0x73,
  0x45, 0x4e, 0x53, 0x5f, 0x39, 0x43, 0x74, 0x61, 0x5f, 0x74, 0x69, 0x6c,
  0x65, 0x5f, 0x49, 0x4e, 0x53, 0x5f, 0x36, 0x41, 0x6d, 0x70, 0x65, 0x72,
  0x65, 0x45, 0x4c, 0x69, 0x36, 0x34, 0x45, 0x4c, 0x69, 0x31, 0x32, 0x38,
  0x45, 0x4c, 0x69, 0x33, 0x32, 0x45, 0x4c, 0x69, 0x31, 0x32, 0x38, 0x45,
  0x4c, 0x69, 0x33, 0x32, 0x45, 0x4c, 0x69, 0x34, 0x45, 0x4c, 0x69, 0x31,
  0x45, 0x4c, 0x69, 0x31, 0x45, 0x45, 0x45, 0x4c, 0x69, 0x31, 0x36, 0x45,
  0x4c, 0x69, 0x33, 0x32, 0x45, 0x4c, 0x69, 0x31, 0x32, 0x38, 0x45, 0x4c,
  0x69, 0x31, 0x32, 0x38, 0x45, 0x4c, 0x62, 0x31, 0x45, 0x4c, 0x62, 0x31,
  0x45, 0x4c, 0x69, 0x33, 0x45, 0x45, 0x45, 0x4e, 0x53, 0x5f, 0x31, 0x31,
  0x53, 0x6d, 0x65, 0x6d, 0x5f, 0x74, 0x69, 0x6c, 0x65, 0x5f, 0x76, 0x49,
  0x53, 0x35, 0x5f, 0x53, 0x38, 0x5f, 0x4c, 0x69, 0x31, 0x45, 0x4c, 0x4e,
  0x53, 0x5f, 0x32, 0x30, 0x47, 0x6d, 0x6d, 0x61, 0x5f, 0x64, 0x65, 0x73,
  0x63, 0x72, 0x69, 0x70, 0x74, 0x6f, 0x72, 0x5f, 0x6d, 0x6f, 0x64, 0x65,
  0x45, 0x30, 0x45, 0x4c, 0x62, 0x30, 0x45, 0x45, 0x45, 0x4c, 0x69, 0x34,
  0x45, 0x45, 0x45, 0x76, 0x50, 0x54, 0x5f, 0x52, 0x54, 0x30, 0x5f, 0x52,
  0x41, 0x54, 0x31, 0x5f, 0x5f, 0x50, 0x4b, 0x76, 0x52, 0x41, 0x54, 0x31,
  0x5f, 0x5f, 0x6a, 0x00, 0x5f, 0x5a, 0x4e, 0x34, 0x66, 0x6d, 0x68, 0x61,
  0x32, 0x33, 0x53, 0x6d, 0x65, 0x6d, 0x5f, 0x74, 0x69, 0x6c, 0x65, 0x5f,
  0x77, 0x69, 0x74, 0x68, 0x6f, 0x75, 0x74, 0x5f, 0x73, 0x6b, 0x65, 0x77,
  0x73, 0x49, 0x4e, 0x53, 0x5f, 0x39, 0x43, 0x74, 0x61, 0x5f, 0x74, 0x69,
  0x6c, 0x65, 0x5f, 0x49, 0x4e, 0x53, 0x5f, 0x36, 0x41, 0x6d, 0x70, 0x65,
  0x72, 0x65, 0x45, 0x4c, 0x69, 0x36, 0x34, 0x45, 0x4c, 0x69, 0x31, 0x32,
  0x38, 0x45, 0x4c, 0x69, 0x33, 0x32, 0x45, 0x4c, 0x69, 0x31, 0x32, 0x38,
  0x45, 0x4c, 0x69, 0x33, 0x32, 0x45, 0x4c, 0x69, 0x34, 0x45, 0x4c, 0x69,
  0x31, 0x45, 0x4c, 0x69, 0x31, 0x45, 0x45, 0x45, 0x4c, 0x69, 0x33, 0x32,
  0x45, 0x4c, 0x69, 0x31, 0x32, 0x38, 0x45, 0x4c, 0x69, 0x31, 0x36, 0x45,
  0x4c, 0x69, 0x31, 0x36, 0x45, 0x4c, 0x69, 0x31, 0x45, 0x4c, 0x69, 0x30,
  0x45, 0x4c, 0x69, 0x38, 0x45, 0x4c, 0x69, 0x31, 0x45, 0x4c, 0x62, 0x31,
  0x45, 0x4c, 0x62, 0x30, 0x45, 0x4c, 0x69, 0x31, 0x32, 0x38, 0x45, 0x45,
  0x35, 0x73, 0x74, 0x6f, 0x72, 0x65, 0x49, 0x4c, 0x69, 0x34, 0x45, 0x4c,
  0x69, 0x31, 0x45, 0x45, 0x45, 0x76, 0x52, 0x41, 0x54, 0x5f, 0x5f, 0x50,
  0x4b, 0x76, 0x52, 0x41, 0x54, 0x30, 0x5f, 0x5f, 0x6a, 0x00, 0x5f, 0x5a,
  0x4e, 0x34, 0x66, 0x6d, 0x68, 0x61, 0x32, 0x33, 0x53, 0x6d, 0x65, 0x6d,
  0x5f, 0x74, 0x69, 0x6c, 0x65, 0x5f, 0x77, 0x69, 0x74, 0x68, 0x6f, 0x75,
  0x74, 0x5f, 0x73, 0x6b, 0x65, 0x77, 0x73, 0x49, 0x4e, 0x53, 0x5f, 0x39,
  0x43, 0x74, 0x61, 0x5f, 0x74, 0x69, 0x6c, 0x65, 0x5f, 0x49, 0x4e, 0x53,
  0x5f, 0x36, 0x41, 0x6d, 0x70, 0x65, 0x72, 0x65, 0x45, 0x4c, 0x69, 0x36,
  0x34, 0x45, 0x4c, 0x69, 0x31, 0x32, 0x38, 0x45, 0x4c, 0x69, 0x33, 0x32,
  0x45, 0x4c, 0x69, 0x31, 0x32, 0x38, 0x45, 0x4c, 0x69, 0x33, 0x32, 0x45,
  0x4c, 0x69, 0x34, 0x45, 0x4c, 0x69, 0x31, 0x45, 0x4c, 0x69, 0x31, 0x45,
  0x45, 0x45, 0x4c, 0x69, 0x33, 0x32, 0x45, 0x4c, 0x69, 0x31, 0x32, 0x38,
  0x45, 0x4c, 0x69, 0x31, 0x36, 0x45, 0x4c, 0x69, 0x31, 0x36, 0x45, 0x4c,
  0x69, 0x31, 0x45, 0x4c, 0x69, 0x30, 0x45, 0x4c, 0x69, 0x38, 0x45, 0x4c,
  0x69, 0x31, 0x45, 0x4c, 0x62, 0x31, 0x45, 0x4c, 0x62, 0x30, 0x45, 0x4c,
  0x69, 0x31, 0x32, 0x38, 0x45, 0x45, 0x32, 0x32, 0x63, 0x6f, 0x6d, 0x70,
  0x75, 0x74, 0x65, 0x5f, 0x73, 0x74, 0x6f, 0x72, 0x65, 0x5f, 0x70, 0x6f,
  0x69, 0x6e, 0x74, 0x65, 0x72, 0x73, 0x49, 0x4c, 0x69, 0x34, 0x45, 0x4c,
  0x69, 0x31, 0x45, 0x45, 0x45, 0x76, 0x52, 0x41, 0x54, 0x5f, 0x5f, 0x6a,
  0x00, 0x5f, 0x5a, 0x4e, 0x34, 0x66, 0x6d, 0x68, 0x61, 0x39, 0x6c, 0x64,
  0x67, 0x64, 0x65, 0x70, 0x62, 0x61, 0x72, 0x49, 0x4c, 0x62, 0x31, 0x45,
  0x45, 0x45, 0x76, 0x76, 0x00, 0x5f, 0x5a, 0x4e, 0x34, 0x66, 0x6d, 0x68,
  0x61, 0x36, 0x64, 0x65, 0x70, 0x62, 0x61, 0x72, 0x49, 0x4c, 0x62, 0x31,
  0x45, 0x4c, 0x69, 0x31, 0x45, 0x45, 0x45, 0x76, 0x76, 0x00, 0x5f, 0x5a,
  0x4e, 0x34, 0x66, 0x6d, 0x68, 0x61, 0x32, 0x32, 0x53, 0x6d, 0x65, 0x6d,
  0x5f, 0x74, 0x69, 0x6c, 0x65, 0x5f, 0x61, 0x6d, 0x70, 0x65, 0x72, 0x65,
  0x5f, 0x72, 0x6f, 0x77, 0x5f, 0x61, 0x49, 0x4e, 0x53, 0x5f, 0x32, 0x33,
  0x41, 0x6d, 0x70, 0x65, 0x72, 0x65, 0x5f, 0x68, 0x6d, 0x6d, 0x61, 0x5f,
  0x66, 0x70, 0x31, 0x36, 0x5f, 0x74, 0x72, 0x61, 0x69, 0x74, 0x73, 0x45,
  0x4e, 0x53, 0x5f, 0x39, 0x43, 0x74, 0x61, 0x5f, 0x74, 0x69, 0x6c, 0x65,
  0x5f, 0x49, 0x4e, 0x53, 0x5f, 0x36, 0x41, 0x6d, 0x70, 0x65, 0x72, 0x65,
  0x45, 0x4c, 0x69, 0x36, 0x34, 0x45, 0x4c, 0x69, 0x33, 0x32, 0x45, 0x4c,
  0x69, 0x31, 0x32, 0x38, 0x45, 0x4c, 0x69, 0x33, 0x32, 0x45, 0x4c, 0x69,
  0x31, 0x32, 0x38, 0x45, 0x4c, 0x69, 0x34, 0x45, 0x4c, 0x69, 0x31, 0x45,
  0x4c, 0x69, 0x31, 0x45, 0x45, 0x45, 0x4c, 0x69, 0x31, 0x36, 0x45, 0x4c,
  0x69, 0x31, 0x45, 0x4c, 0x69, 0x38, 0x45, 0x45, 0x34, 0x6c, 0x6f, 0x61,
  0x64, 0x45, 0x52, 0x41, 0x31, 0x5f, 0x4e, 0x53, 0x5f, 0x31, 0x30, 0x46,
  0x72, 0x61, 0x67, 0x6d, 0x65, 0x6e, 0x74, 0x5f, 0x61, 0x49, 0x53, 0x31,
  0x5f, 0x4e, 0x53, 0x5f, 0x33, 0x52, 0x6f, 0x77, 0x45, 0x45, 0x45, 0x69,
  0x00, 0x5f, 0x5a, 0x4e, 0x34, 0x66, 0x6d, 0x68, 0x61, 0x34, 0x6c, 0x64,
  0x73, 0x6d, 0x45, 0x52, 0x35, 0x75, 0x69, 0x6e, 0x74, 0x34, 0x6a, 0x00,
  0x5f, 0x5a, 0x4e, 0x34, 0x66, 0x6d, 0x68, 0x61, 0x32, 0x32, 0x53, 0x6d,
  0x65, 0x6d, 0x5f, 0x74, 0x69, 0x6c, 0x65, 0x5f, 0x61, 0x6d, 0x70, 0x65,
  0x72, 0x65, 0x5f, 0x63, 0x6f, 0x6c, 0x5f, 0x62, 0x49, 0x4e, 0x53, 0x5f,
  0x32, 0x33, 0x41, 0x6d, 0x70, 0x65, 0x72, 0x65, 0x5f, 0x68, 0x6d, 0x6d,
  0x61, 0x5f, 0x66, 0x70, 0x31, 0x36, 0x5f, 0x74, 0x72, 0x61, 0x69, 0x74,
  0x73, 0x45, 0x4e, 0x53, 0x5f, 0x39, 0x43, 0x74, 0x61, 0x5f, 0x74, 0x69,
  0x6c, 0x65, 0x5f, 0x49, 0x4e, 0x53, 0x5f, 0x36, 0x41, 0x6d, 0x70, 0x65,
  0x72, 0x65, 0x45, 0x4c, 0x69, 0x36, 0x34, 0x45, 0x4c, 0x69, 0x33, 0x32,
  0x45, 0x4c, 0x69, 0x31, 0x32, 0x38, 0x45, 0x4c, 0x69, 0x33, 0x32, 0x45,
  0x4c, 0x69, 0x31, 0x32, 0x38, 0x45, 0x4c, 0x69, 0x34, 0x45, 0x4c, 0x69,
  0x31, 0x45, 0x4c, 0x69, 0x31, 0x45, 0x45, 0x45, 0x4c, 0x69, 0x31, 0x36,
  0x45, 0x4c, 0x69, 0x31, 0x45, 0x4c, 0x69, 0x38, 0x45, 0x45, 0x34, 0x6c,
  0x6f, 0x61, 0x64, 0x45, 0x52, 0x41, 0x32, 0x5f, 0x4e, 0x53, 0x5f, 0x31,
  0x30, 0x46, 0x72, 0x61, 0x67, 0x6d, 0x65, 0x6e, 0x74, 0x5f, 0x62, 0x49,
  0x53, 0x31, 0x5f, 0x4e, 0x53, 0x5f, 0x33, 0x43, 0x6f, 0x6c, 0x45, 0x45,
  0x45, 0x69, 0x00, 0x5f, 0x5a, 0x4e, 0x34, 0x66, 0x6d, 0x68, 0x61, 0x32,
  0x33, 0x53, 0x6d, 0x65, 0x6d, 0x5f, 0x74, 0x69, 0x6c, 0x65, 0x5f, 0x76,
  0x5f, 0x61, 0x6d, 0x70, 0x65, 0x72, 0x65, 0x5f, 0x68, 0x6d, 0x6d, 0x61,
  0x49, 0x4e, 0x53, 0x5f, 0x32, 0x33, 0x41, 0x6d, 0x70, 0x65, 0x72, 0x65,
  0x5f, 0x68, 0x6d, 0x6d, 0x61, 0x5f, 0x66, 0x70, 0x31, 0x36, 0x5f, 0x74,
  0x72, 0x61, 0x69, 0x74, 0x73, 0x45, 0x4e, 0x53, 0x5f, 0x39, 0x43, 0x74,
  0x61, 0x5f, 0x74, 0x69, 0x6c, 0x65, 0x5f, 0x49, 0x4e, 0x53, 0x5f, 0x36,
  0x41, 0x6d, 0x70, 0x65, 0x72, 0x65, 0x45, 0x4c, 0x69, 0x36, 0x34, 0x45,
  0x4c, 0x69, 0x31, 0x32, 0x38, 0x45, 0x4c, 0x69, 0x33, 0x32, 0x45, 0x4c,
  0x69, 0x31, 0x32, 0x38, 0x45, 0x4c, 0x69, 0x33, 0x32, 0x45, 0x4c, 0x69,
  0x34, 0x45, 0x4c, 0x69, 0x31, 0x45, 0x4c, 0x69, 0x31, 0x45, 0x45, 0x45,
  0x4c, 0x69, 0x31, 0x45, 0x45, 0x34, 0x6c, 0x6f, 0x61, 0x64, 0x45, 0x52,
  0x41, 0x38, 0x5f, 0x4e, 0x53, 0x5f, 0x31, 0x30, 0x46, 0x72, 0x61, 0x67,
  0x6d, 0x65, 0x6e, 0x74, 0x5f, 0x62, 0x49, 0x53, 0x31, 0x5f, 0x4e, 0x53,
  0x5f, 0x33, 0x43, 0x6f, 0x6c, 0x45, 0x45, 0x45, 0x69, 0x00, 0x5f, 0x5a,
  0x4e, 0x34, 0x66, 0x6d, 0x68, 0x61, 0x35, 0x6c, 0x64, 0x73, 0x6d, 0x74,
  0x45, 0x52, 0x35, 0x75, 0x69, 0x6e, 0x74, 0x34, 0x6a, 0x00, 0x5f, 0x5a,
  0x4e, 0x34, 0x66, 0x6d, 0x68, 0x61, 0x37, 0x53, 0x6f, 0x66, 0x74, 0x6d,
  0x61, 0x78, 0x49, 0x4e, 0x53, 0x5f, 0x32, 0x33, 0x41, 0x6d, 0x70, 0x65,
  0x72, 0x65, 0x5f, 0x68, 0x6d, 0x6d, 0x61, 0x5f, 0x66, 0x70, 0x31, 0x36,
  0x5f, 0x74, 0x72, 0x61, 0x69, 0x74, 0x73, 0x45, 0x4e, 0x53, 0x5f, 0x39,
  0x43, 0x74, 0x61, 0x5f, 0x74, 0x69, 0x6c, 0x65, 0x5f, 0x49, 0x4e, 0x53,
  0x5f, 0x36, 0x41, 0x6d, 0x70, 0x65, 0x72, 0x65, 0x45, 0x4c, 0x69, 0x36,
  0x34, 0x45, 0x4c, 0x69, 0x33, 0x32, 0x45, 0x4c, 0x69, 0x31, 0x32, 0x38,
  0x45, 0x4c, 0x69, 0x33, 0x32, 0x45, 0x4c, 0x69, 0x31, 0x32, 0x38, 0x45,
  0x4c, 0x69, 0x34, 0x45, 0x4c, 0x69, 0x31, 0x45, 0x4c, 0x69, 0x31, 0x45,
  0x45, 0x45, 0x4e, 0x53, 0x5f, 0x31, 0x34, 0x4b, 0x65, 0x72, 0x6e, 0x65,
  0x6c, 0x5f, 0x74, 0x72, 0x61, 0x69, 0x74, 0x73, 0x5f, 0x49, 0x53, 0x31,
  0x5f, 0x4e, 0x53, 0x5f, 0x32, 0x76, 0x32, 0x31, 0x33, 0x47, 0x6d, 0x65,
  0x6d, 0x5f, 0x74, 0x69, 0x6c, 0x65, 0x5f, 0x71, 0x6b, 0x76, 0x45, 0x53,
  0x37, 0x5f, 0x53, 0x37, 0x5f, 0x4e, 0x53, 0x36, 0x5f, 0x31, 0x31, 0x47,
  0x6d, 0x65, 0x6d, 0x5f, 0x74, 0x69, 0x6c, 0x65, 0x5f, 0x6f, 0x45, 0x4c,
  0x69, 0x33, 0x32, 0x45, 0x4c, 0x69, 0x31, 0x32, 0x38, 0x45, 0x4c, 0x69,
  0x36, 0x34, 0x45, 0x4c, 0x69, 0x34, 0x45, 0x4c, 0x69, 0x31, 0x45, 0x4c,
  0x69, 0x31, 0x45, 0x4c, 0x6a, 0x35, 0x31, 0x39, 0x45, 0x4c, 0x69, 0x32,
  0x45, 0x4c, 0x69, 0x33, 0x45, 0x4c, 0x62, 0x31, 0x45, 0x45, 0x45, 0x45,
  0x43, 0x31, 0x49, 0x4e, 0x34, 0x62, 0x65, 0x72, 0x74, 0x33, 0x35, 0x46,
  0x75, 0x73, 0x65, 0x64, 0x5f, 0x6d, 0x75, 0x6c, 0x74, 0x69, 0x68, 0x65,
  0x61, 0x64, 0x5f, 0x61, 0x74, 0x74, 0x65, 0x6e, 0x74, 0x69, 0x6f, 0x6e,
  0x5f, 0x70, 0x61, 0x72, 0x61, 0x6d, 0x73, 0x5f, 0x76, 0x32, 0x45, 0x45,
  0x45, 0x52, 0x4b, 0x54, 0x5f, 0x50, 0x76, 0x69, 0x69, 0x00, 0x5f, 0x5a,
  0x4e, 0x34, 0x66, 0x6d, 0x68, 0x61, 0x31, 0x32, 0x53, 0x6f, 0x66, 0x74,
  0x6d, 0x61, 0x78, 0x5f, 0x68, 0x6d, 0x6d, 0x61, 0x49, 0x4e, 0x53, 0x5f,
  0x32, 0x33, 0x41, 0x6d, 0x70, 0x65, 0x72, 0x65, 0x5f, 0x68, 0x6d, 0x6d,
  0x61, 0x5f, 0x66, 0x70, 0x31, 0x36, 0x5f, 0x74, 0x72, 0x61, 0x69, 0x74,
  0x73, 0x45, 0x4e, 0x53, 0x5f, 0x39, 0x43, 0x74, 0x61, 0x5f, 0x74, 0x69,
  0x6c, 0x65, 0x5f, 0x49, 0x4e, 0x53, 0x5f, 0x36, 0x41, 0x6d, 0x70, 0x65,
  0x72, 0x65, 0x45, 0x4c, 0x69, 0x36, 0x34, 0x45, 0x4c, 0x69, 0x33, 0x32,
  0x45, 0x4c, 0x69, 0x31, 0x32, 0x38, 0x45, 0x4c, 0x69, 0x33, 0x32, 0x45,
  0x4c, 0x69, 0x31, 0x32, 0x38, 0x45, 0x4c, 0x69, 0x34, 0x45, 0x4c, 0x69,
  0x31, 0x45, 0x4c, 0x69, 0x31, 0x45, 0x45, 0x45, 0x4e, 0x53, 0x5f, 0x31,
  0x34, 0x4b, 0x65, 0x72, 0x6e, 0x65, 0x6c, 0x5f, 0x74, 0x72, 0x61, 0x69,
  0x74, 0x73, 0x5f, 0x49, 0x53, 0x31, 0x5f, 0x4e, 0x53, 0x5f, 0x32, 0x76,
  0x32, 0x31, 0x33, 0x47, 0x6d, 0x65, 0x6d, 0x5f, 0x74, 0x69, 0x6c, 0x65,
  0x5f, 0x71, 0x6b, 0x76, 0x45, 0x53, 0x37, 0x5f, 0x53, 0x37, 0x5f, 0x4e,
  0x53, 0x36, 0x5f, 0x31, 0x31, 0x47, 0x6d, 0x65, 0x6d, 0x5f, 0x74, 0x69,
  0x6c, 0x65, 0x5f, 0x6f, 0x45, 0x4c, 0x69, 0x33, 0x32, 0x45, 0x4c, 0x69,
  0x31, 0x32, 0x38, 0x45, 0x4c, 0x69, 0x36, 0x34, 0x45, 0x4c, 0x69, 0x34,
  0x45, 0x4c, 0x69, 0x31, 0x45, 0x4c, 0x69, 0x31, 0x45, 0x4c, 0x6a, 0x35,
  0x31, 0x39, 0x45, 0x4c, 0x69, 0x32, 0x45, 0x4c, 0x69, 0x33, 0x45, 0x4c,
  0x62, 0x31, 0x45, 0x45, 0x45, 0x45, 0x43, 0x31, 0x49, 0x4e, 0x34, 0x62,
  0x65, 0x72, 0x74, 0x33, 0x35, 0x46, 0x75, 0x73, 0x65, 0x64, 0x5f, 0x6d,
  0x75, 0x6c, 0x74, 0x69, 0x68, 0x65, 0x61, 0x64, 0x5f, 0x61, 0x74, 0x74,
  0x65, 0x6e, 0x74, 0x69, 0x6f, 0x6e, 0x5f, 0x70, 0x61, 0x72, 0x61, 0x6d,
  0x73, 0x5f, 0x76, 0x32, 0x45, 0x45, 0x45, 0x52, 0x4b, 0x54, 0x5f, 0x50,
  0x76, 0x69, 0x69, 0x00, 0x5f, 0x5a, 0x4e, 0x34, 0x66, 0x6d, 0x68, 0x61,
  0x31, 0x37, 0x43, 0x6c, 0x65, 0x61, 0x72, 0x5f, 0x61, 0x63, 0x63, 0x75,
  0x6d, 0x75, 0x6c, 0x61, 0x74, 0x6f, 0x72, 0x49, 0x74, 0x4c, 0x69, 0x31,
  0x45, 0x45, 0x35, 0x61, 0x70, 0x70, 0x6c, 0x79, 0x49, 0x4e, 0x53, 0x5f,
  0x32, 0x30, 0x46, 0x72, 0x61, 0x67, 0x6d, 0x65, 0x6e, 0x74, 0x5f, 0x61,
  0x63, 0x63, 0x75, 0x6d, 0x75, 0x6c, 0x61, 0x74, 0x6f, 0x72, 0x49, 0x4e,
  0x53, 0x5f, 0x32, 0x33, 0x41, 0x6d, 0x70, 0x65, 0x72, 0x65, 0x5f, 0x68,
  0x6d, 0x6d, 0x61, 0x5f, 0x66, 0x70, 0x31, 0x36, 0x5f, 0x74, 0x72, 0x61,
  0x69, 0x74, 0x73, 0x45, 0x45, 0x45, 0x4c, 0x69, 0x31, 0x45, 0x4c, 0x69,
  0x38, 0x45, 0x45, 0x45, 0x76, 0x52, 0x41, 0x54, 0x30, 0x5f, 0x5f, 0x41,
  0x54, 0x31, 0x5f, 0x5f, 0x54, 0x5f, 0x62, 0x00, 0x5f, 0x5a, 0x4e, 0x34,
  0x66, 0x6d, 0x68, 0x61, 0x35, 0x63, 0x6c, 0x65, 0x61, 0x72, 0x49, 0x4e,
  0x53, 0x5f, 0x32, 0x30, 0x46, 0x72, 0x61, 0x67, 0x6d, 0x65, 0x6e, 0x74,
  0x5f, 0x61, 0x63, 0x63, 0x75, 0x6d, 0x75, 0x6c, 0x61, 0x74, 0x6f, 0x72,
  0x49, 0x4e, 0x53, 0x5f, 0x32, 0x33, 0x41, 0x6d, 0x70, 0x65, 0x72, 0x65,
  0x5f, 0x68, 0x6d, 0x6d, 0x61, 0x5f, 0x66, 0x70, 0x31, 0x36, 0x5f, 0x74,
  0x72, 0x61, 0x69, 0x74, 0x73, 0x45, 0x45, 0x45, 0x4c, 0x69, 0x31, 0x45,
  0x4c, 0x69, 0x38, 0x45, 0x45, 0x45, 0x76, 0x52, 0x41, 0x54, 0x30, 0x5f,
  0x5f, 0x41, 0x54, 0x31, 0x5f, 0x5f, 0x54, 0x5f, 0x00, 0x5f, 0x5a, 0x4e,
  0x34, 0x66, 0x6d, 0x68, 0x61, 0x31, 0x33, 0x46, 0x72, 0x61, 0x67, 0x6d,
  0x65, 0x6e, 0x74, 0x5f, 0x62, 0x61, 0x73, 0x65, 0x49, 0x74, 0x4c, 0x69,
  0x38, 0x45, 0x4c, 0x69, 0x31, 0x36, 0x45, 0x4c, 0x69, 0x30, 0x45, 0x4e,
  0x53, 0x5f, 0x31, 0x34, 0x46, 0x72, 0x61, 0x67, 0x6d, 0x65, 0x6e, 0x74,
  0x5f, 0x62, 0x61, 0x73, 0x65, 0x5f, 0x49, 0x74, 0x4c, 0x69, 0x38, 0x45,
  0x4c, 0x69, 0x31, 0x36, 0x45, 0x4c, 0x69, 0x30, 0x45, 0x45, 0x45, 0x45,
  0x35, 0x63, 0x6c, 0x65, 0x61, 0x72, 0x45, 0x76, 0x00, 0x5f, 0x5a, 0x4e,
  0x34, 0x66, 0x6d, 0x68, 0x61, 0x32, 0x76, 0x32, 0x31, 0x33, 0x47, 0x6d,
  0x65, 0x6d, 0x5f, 0x74, 0x69, 0x6c, 0x65, 0x5f, 0x71, 0x6b, 0x76, 0x49,
  0x4e, 0x53, 0x5f, 0x32, 0x33, 0x41, 0x6d, 0x70, 0x65, 0x72, 0x65, 0x5f,
  0x68, 0x6d, 0x6d, 0x61, 0x5f, 0x66, 0x70, 0x31, 0x36, 0x5f, 0x74, 0x72,
  0x61, 0x69, 0x74, 0x73, 0x45, 0x4e, 0x53, 0x5f, 0x39, 0x43, 0x74, 0x61,
  0x5f, 0x74, 0x69, 0x6c, 0x65, 0x5f, 0x49, 0x4e, 0x53, 0x5f, 0x36, 0x41,
  0x6d, 0x70, 0x65, 0x72, 0x65, 0x45, 0x4c, 0x69, 0x36, 0x34, 0x45, 0x4c,
  0x69, 0x33, 0x32, 0x45, 0x4c, 0x69, 0x31, 0x32, 0x38, 0x45, 0x4c, 0x69,
  0x33, 0x32, 0x45, 0x4c, 0x69, 0x31, 0x32, 0x38, 0x45, 0x4c, 0x69, 0x34,
  0x45, 0x4c, 0x69, 0x31, 0x45, 0x4c, 0x69, 0x31, 0x45, 0x45, 0x45, 0x4c,
  0x69, 0x31, 0x36, 0x45, 0x4c, 0x69, 0x33, 0x32, 0x45, 0x4c, 0x69, 0x31,
  0x32, 0x38, 0x45, 0x4c, 0x69, 0x31, 0x32, 0x38, 0x45, 0x4c, 0x62, 0x31,
  0x45, 0x4c, 0x62, 0x31, 0x45, 0x4c, 0x69, 0x33, 0x45, 0x45, 0x34, 0x6d,
  0x6f, 0x76, 0x65, 0x45, 0x69, 0x00, 0x5f, 0x5a, 0x4e, 0x34, 0x66, 0x6d,
  0x68, 0x61, 0x32, 0x76, 0x32, 0x31, 0x33, 0x47, 0x6d, 0x65, 0x6d, 0x5f,
  0x74, 0x69, 0x6c, 0x65, 0x5f, 0x71, 0x6b, 0x76, 0x49, 0x4e, 0x53, 0x5f,
  0x32, 0x33, 0x41, 0x6d, 0x70, 0x65, 0x72, 0x65, 0x5f, 0x68, 0x6d, 0x6d,
  0x61, 0x5f, 0x66, 0x70, 0x31, 0x36, 0x5f, 0x74, 0x72, 0x61, 0x69, 0x74,
  0x73, 0x45, 0x4e, 0x53, 0x5f, 0x39, 0x43, 0x74, 0x61, 0x5f, 0x74, 0x69,
  0x6c, 0x65, 0x5f, 0x49, 0x4e, 0x53, 0x5f, 0x36, 0x41, 0x6d, 0x70, 0x65,
  0x72, 0x65, 0x45, 0x4c, 0x69, 0x36, 0x34, 0x45, 0x4c, 0x69, 0x31, 0x32,
  0x38, 0x45, 0x4c, 0x69, 0x33, 0x32, 0x45, 0x4c, 0x69, 0x31, 0x32, 0x38,
  0x45, 0x4c, 0x69, 0x33, 0x32, 0x45, 0x4c, 0x69, 0x34, 0x45, 0x4c, 0x69,
  0x31, 0x45, 0x4c, 0x69, 0x31, 0x45, 0x45, 0x45, 0x4c, 0x69, 0x31, 0x36,
  0x45, 0x4c, 0x69, 0x33, 0x32, 0x45, 0x4c, 0x69, 0x31, 0x32, 0x38, 0x45,
  0x4c, 0x69, 0x31, 0x32, 0x38, 0x45, 0x4c, 0x62, 0x31, 0x45, 0x4c, 0x62,
  0x31, 0x45, 0x4c, 0x69, 0x33, 0x45, 0x45, 0x34, 0x6d, 0x6f, 0x76, 0x65,
  0x45, 0x69, 0x00, 0x5f, 0x5a, 0x4e, 0x34, 0x66, 0x6d, 0x68, 0x61, 0x31,
  0x37, 0x43, 0x6c, 0x65, 0x61, 0x72, 0x5f, 0x61, 0x63, 0x63, 0x75, 0x6d,
  0x75, 0x6c, 0x61, 0x74, 0x6f, 0x72, 0x49, 0x74, 0x4c, 0x69, 0x31, 0x45,
  0x45, 0x35, 0x61, 0x70, 0x70, 0x6c, 0x79, 0x49, 0x4e, 0x53, 0x5f, 0x32,
  0x30, 0x46, 0x72, 0x61, 0x67, 0x6d, 0x65, 0x6e, 0x74, 0x5f, 0x61, 0x63,
  0x63, 0x75, 0x6d, 0x75, 0x6c, 0x61, 0x74, 0x6f, 0x72, 0x49, 0x4e, 0x53,
  0x5f, 0x32, 0x33, 0x41, 0x6d, 0x70, 0x65, 0x72, 0x65, 0x5f, 0x68, 0x6d,
  0x6d, 0x61, 0x5f, 0x66, 0x70, 0x31, 0x36, 0x5f, 0x74, 0x72, 0x61, 0x69,
  0x74, 0x73, 0x45, 0x45, 0x45, 0x4c, 0x69, 0x31, 0x45, 0x4c, 0x69, 0x32,
  0x45, 0x45, 0x45, 0x76, 0x52, 0x41, 0x54, 0x30, 0x5f, 0x5f, 0x41, 0x54,
  0x31, 0x5f, 0x5f, 0x54, 0x5f, 0x62, 0x00, 0x5f, 0x5a, 0x4e, 0x34, 0x66,
  0x6d, 0x68, 0x61, 0x35, 0x63, 0x6c, 0x65, 0x61, 0x72, 0x49, 0x4e, 0x53,
  0x5f, 0x32, 0x30, 0x46, 0x72, 0x61, 0x67, 0x6d, 0x65, 0x6e, 0x74, 0x5f,
  0x61, 0x63, 0x63, 0x75, 0x6d, 0x75, 0x6c, 0x61, 0x74, 0x6f, 0x72, 0x49,
  0x4e, 0x53, 0x5f, 0x32, 0x33, 0x41, 0x6d, 0x70, 0x65, 0x72, 0x65, 0x5f,
  0x68, 0x6d, 0x6d, 0x61, 0x5f, 0x66, 0x70, 0x31, 0x36, 0x5f, 0x74, 0x72,
  0x61, 0x69, 0x74, 0x73, 0x45, 0x45, 0x45, 0x4c, 0x69, 0x31, 0x45, 0x4c,
  0x69, 0x32, 0x45, 0x45, 0x45, 0x76, 0x52, 0x41, 0x54, 0x30, 0x5f, 0x5f,
  0x41, 0x54, 0x31, 0x5f, 0x5f, 0x54, 0x5f, 0x00, 0x5f, 0x5a, 0x4e, 0x34,
  0x66, 0x6d, 0x68, 0x61, 0x34, 0x67, 0x65, 0x6d, 0x6d, 0x49, 0x4e, 0x53,
  0x5f, 0x32, 0x30, 0x46, 0x72, 0x61, 0x67, 0x6d, 0x65, 0x6e, 0x74, 0x5f,
  0x61, 0x63, 0x63, 0x75, 0x6d, 0x75, 0x6c, 0x61, 0x74, 0x6f, 0x72, 0x49,
  0x4e, 0x53, 0x5f, 0x32, 0x33, 0x41, 0x6d, 0x70, 0x65, 0x72, 0x65, 0x5f,
  0x68, 0x6d, 0x6d, 0x61, 0x5f, 0x66, 0x70, 0x31, 0x36, 0x5f, 0x74, 0x72,
  0x61, 0x69, 0x74, 0x73, 0x45, 0x45, 0x45, 0x4e, 0x53, 0x5f, 0x31, 0x30,
  0x46, 0x72, 0x61, 0x67, 0x6d, 0x65, 0x6e, 0x74, 0x5f, 0x61, 0x49, 0x53,
  0x32, 0x5f, 0x4e, 0x53, 0x5f, 0x33, 0x52, 0x6f, 0x77, 0x45, 0x45, 0x45,
  0x4e, 0x53, 0x5f, 0x31, 0x30, 0x46, 0x72, 0x61, 0x67, 0x6d, 0x65, 0x6e,
  0x74, 0x5f, 0x62, 0x49, 0x53, 0x32, 0x5f, 0x4e, 0x53, 0x5f, 0x33, 0x43,
  0x6f, 0x6c, 0x45, 0x45, 0x45, 0x4c, 0x69, 0x31, 0x45, 0x4c, 0x69, 0x32,
  0x45, 0x45, 0x45, 0x76, 0x52, 0x41, 0x54, 0x32, 0x5f, 0x5f, 0x41, 0x54,
  0x33, 0x5f, 0x5f, 0x54, 0x5f, 0x52, 0x41, 0x54, 0x32, 0x5f, 0x5f, 0x4b,
  0x54, 0x30, 0x5f, 0x52, 0x41, 0x54, 0x33, 0x5f, 0x5f, 0x4b, 0x54, 0x31,
  0x5f, 0x00, 0x5f, 0x5a, 0x4e, 0x34, 0x66, 0x6d, 0x68, 0x61, 0x32, 0x30,
  0x46, 0x72, 0x61, 0x67, 0x6d, 0x65, 0x6e, 0x74, 0x5f, 0x61, 0x63, 0x63,
  0x75, 0x6d, 0x75, 0x6c, 0x61, 0x74, 0x6f, 0x72, 0x49, 0x4e, 0x53, 0x5f,
  0x32, 0x33, 0x41, 0x6d, 0x70, 0x65, 0x72, 0x65, 0x5f, 0x68, 0x6d, 0x6d,
  0x61, 0x5f, 0x66, 0x70, 0x31, 0x36, 0x5f, 0x74, 0x72, 0x61, 0x69, 0x74,
  0x73, 0x45, 0x45, 0x33, 0x6d, 0x6d, 0x61, 0x49, 0x4e, 0x53, 0x5f, 0x33,
  0x52, 0x6f, 0x77, 0x45, 0x4e, 0x53, 0x5f, 0x33, 0x43, 0x6f, 0x6c, 0x45,
  0x45, 0x45, 0x76, 0x52, 0x4b, 0x4e, 0x53, 0x5f, 0x31, 0x30, 0x46, 0x72,
  0x61, 0x67, 0x6d, 0x65, 0x6e, 0x74, 0x5f, 0x61, 0x49, 0x53, 0x31, 0x5f,
  0x54, 0x5f, 0x45, 0x45, 0x52, 0x4b, 0x4e, 0x53, 0x5f, 0x31, 0x30, 0x46,
  0x72, 0x61, 0x67, 0x6d, 0x65, 0x6e, 0x74, 0x5f, 0x62, 0x49, 0x53, 0x31,
  0x5f, 0x54, 0x30, 0x5f, 0x45, 0x45, 0x00, 0x5f, 0x5a, 0x4e, 0x34, 0x66,
  0x6d, 0x68, 0x61, 0x31, 0x32, 0x53, 0x6f, 0x66, 0x74, 0x6d, 0x61, 0x78,
  0x5f, 0x68, 0x6d, 0x6d, 0x61, 0x49, 0x4e, 0x53, 0x5f, 0x32, 0x33, 0x41,
  0x6d, 0x70, 0x65, 0x72, 0x65, 0x5f, 0x68, 0x6d, 0x6d, 0x61, 0x5f, 0x66,
  0x70, 0x31, 0x36, 0x5f, 0x74, 0x72, 0x61, 0x69, 0x74, 0x73, 0x45, 0x4e,
  0x53, 0x5f, 0x39, 0x43, 0x74, 0x61, 0x5f, 0x74, 0x69, 0x6c, 0x65, 0x5f,
  0x49, 0x4e, 0x53, 0x5f, 0x36, 0x41, 0x6d, 0x70, 0x65, 0x72, 0x65, 0x45,
  0x4c, 0x69, 0x36, 0x34, 0x45, 0x4c, 0x69, 0x33, 0x32, 0x45, 0x4c, 0x69,
  0x31, 0x32, 0x38, 0x45, 0x4c, 0x69, 0x33, 0x32, 0x45, 0x4c, 0x69, 0x31,
  0x32, 0x38, 0x45, 0x4c, 0x69, 0x34, 0x45, 0x4c, 0x69, 0x31, 0x45, 0x4c,
  0x69, 0x31, 0x45, 0x45, 0x45, 0x4e, 0x53, 0x5f, 0x31, 0x34, 0x4b, 0x65,
  0x72, 0x6e, 0x65, 0x6c, 0x5f, 0x74, 0x72, 0x61, 0x69, 0x74, 0x73, 0x5f,
  0x49, 0x53, 0x31, 0x5f, 0x4e, 0x53, 0x5f, 0x32, 0x76, 0x32, 0x31, 0x33,
  0x47, 0x6d, 0x65, 0x6d, 0x5f, 0x74, 0x69, 0x6c, 0x65, 0x5f, 0x71, 0x6b,
  0x76, 0x45, 0x53, 0x37, 0x5f, 0x53, 0x37, 0x5f, 0x4e, 0x53, 0x36, 0x5f,
  0x31, 0x31, 0x47, 0x6d, 0x65, 0x6d, 0x5f, 0x74, 0x69, 0x6c, 0x65, 0x5f,
  0x6f, 0x45, 0x4c, 0x69, 0x33, 0x32, 0x45, 0x4c, 0x69, 0x31, 0x32, 0x38,
  0x45, 0x4c, 0x69, 0x36, 0x34, 0x45, 0x4c, 0x69, 0x34, 0x45, 0x4c, 0x69,
  0x31, 0x45, 0x4c, 0x69, 0x31, 0x45, 0x4c, 0x6a, 0x35, 0x31, 0x39, 0x45,
  0x4c, 0x69, 0x32, 0x45, 0x4c, 0x69, 0x33, 0x45, 0x4c, 0x62, 0x31, 0x45,
  0x45, 0x45, 0x45, 0x36, 0x75, 0x6e, 0x70, 0x61, 0x63, 0x6b, 0x45, 0x52,
  0x41, 0x31, 0x5f, 0x41, 0x32, 0x5f, 0x4b, 0x4e, 0x53, 0x5f, 0x32, 0x30,
  0x46, 0x72, 0x61, 0x67, 0x6d, 0x65, 0x6e, 0x74, 0x5f, 0x61, 0x63, 0x63,
  0x75, 0x6d, 0x75, 0x6c, 0x61, 0x74, 0x6f, 0x72, 0x49, 0x53, 0x31, 0x5f,
  0x45, 0x45, 0x00, 0x5f, 0x5a, 0x4e, 0x38, 0x33, 0x5f, 0x49, 0x4e, 0x54,
  0x45, 0x52, 0x4e, 0x41, 0x4c, 0x5f, 0x36, 0x38, 0x66, 0x62, 0x61, 0x63,
  0x63, 0x63, 0x5f, 0x35, 0x32, 0x5f, 0x66, 0x6d, 0x68, 0x61, 0x5f, 0x76,
  0x32, 0x5f, 0x66, 0x6c, 0x61, 0x73, 0x68, 0x5f, 0x61, 0x74, 0x74, 0x65,
  0x6e, 0x74, 0x69, 0x6f, 0x6e, 0x5f, 0x66, 0x70, 0x31, 0x36, 0x5f, 0x36,
  0x34, 0x5f, 0x33, 0x32, 0x5f, 0x53, 0x5f, 0x71, 0x6b, 0x76, 0x5f, 0x31,
  0x32, 0x38, 0x5f, 0x73, 0x6d, 0x38, 0x36, 0x5f, 0x63, 0x75, 0x5f, 0x32,
  0x32, 0x37, 0x34, 0x66, 0x66, 0x30, 0x61, 0x34, 0x66, 0x6d, 0x68, 0x61,
  0x35, 0x68, 0x6d, 0x75, 0x6c, 0x32, 0x45, 0x6a, 0x6a, 0x00, 0x5f, 0x5a,
  0x4e, 0x38, 0x33, 0x5f, 0x49, 0x4e, 0x54, 0x45, 0x52, 0x4e, 0x41, 0x4c,
  0x5f, 0x36, 0x38, 0x66, 0x62, 0x61, 0x63, 0x63, 0x63, 0x5f, 0x35, 0x32,
  0x5f, 0x66, 0x6d, 0x68, 0x61, 0x5f, 0x76, 0x32, 0x5f, 0x66, 0x6c, 0x61,
  0x73, 0x68, 0x5f, 0x61, 0x74, 0x74, 0x65, 0x6e, 0x74, 0x69, 0x6f, 0x6e,
  0x5f, 0x66, 0x70, 0x31, 0x36, 0x5f, 0x36, 0x34, 0x5f, 0x33, 0x32, 0x5f,
  0x53, 0x5f, 0x71, 0x6b, 0x76, 0x5f, 0x31, 0x32, 0x38, 0x5f, 0x73, 0x6d,
  0x38, 0x36, 0x5f, 0x63, 0x75, 0x5f, 0x32, 0x32, 0x37, 0x34, 0x66, 0x66,
  0x30, 0x61, 0x34, 0x66, 0x6d, 0x68, 0x61, 0x31, 0x32, 0x73, 0x61, 0x74,
  0x66, 0x69, 0x6e, 0x69, 0x74, 0x65, 0x5f, 0x68, 0x32, 0x45, 0x6a, 0x00,
  0x5f, 0x5a, 0x4e, 0x38, 0x33, 0x5f, 0x49, 0x4e, 0x54, 0x45, 0x52, 0x4e,
  0x41, 0x4c, 0x5f, 0x36, 0x38, 0x66, 0x62, 0x61, 0x63, 0x63, 0x63, 0x5f,
  0x35, 0x32, 0x5f, 0x66, 0x6d, 0x68, 0x61, 0x5f, 0x76, 0x32, 0x5f, 0x66,
  0x6c, 0x61, 0x73, 0x68, 0x5f, 0x61, 0x74, 0x74, 0x65, 0x6e, 0x74, 0x69,
  0x6f, 0x6e, 0x5f, 0x66, 0x70, 0x31, 0x36, 0x5f, 0x36, 0x34, 0x5f, 0x33,
  0x32, 0x5f, 0x53, 0x5f, 0x71, 0x6b, 0x76, 0x5f, 0x31, 0x32, 0x38, 0x5f,
  0x73, 0x6d, 0x38, 0x36, 0x5f, 0x63, 0x75, 0x5f, 0x32, 0x32, 0x37, 0x34,
  0x66, 0x66, 0x30, 0x61, 0x34, 0x66, 0x6d, 0x68, 0x61, 0x31, 0x35, 0x68,
  0x61, 0x6c, 0x66, 0x32, 0x5f, 0x74, 0x6f, 0x5f, 0x66, 0x6c, 0x6f, 0x61,
  0x74, 0x32, 0x45, 0x52, 0x66, 0x53, 0x31, 0x5f, 0x6a, 0x00, 0x5f, 0x5a,
  0x4e, 0x38, 0x33, 0x5f, 0x49, 0x4e, 0x54, 0x45, 0x52, 0x4e, 0x41, 0x4c,
  0x5f, 0x36, 0x38, 0x66, 0x62, 0x61, 0x63, 0x63, 0x63, 0x5f, 0x35, 0x32,
  0x5f, 0x66, 0x6d, 0x68, 0x61, 0x5f, 0x76, 0x32, 0x5f, 0x66, 0x6c, 0x61,
  0x73, 0x68, 0x5f, 0x61, 0x74, 0x74, 0x65, 0x6e, 0x74, 0x69, 0x6f, 0x6e,
  0x5f, 0x66, 0x70, 0x31, 0x36, 0x5f, 0x36, 0x34, 0x5f, 0x33, 0x32, 0x5f,
  0x53, 0x5f, 0x71, 0x6b, 0x76, 0x5f, 0x31, 0x32, 0x38, 0x5f, 0x73, 0x6d,
  0x38, 0x36, 0x5f, 0x63, 0x75, 0x5f, 0x32, 0x32, 0x37, 0x34, 0x66, 0x66,
  0x30, 0x61, 0x34, 0x66, 0x6d, 0x68, 0x61, 0x31, 0x35, 0x68, 0x61, 0x6c,
  0x66, 0x32, 0x5f, 0x74, 0x6f, 0x5f, 0x66, 0x6c, 0x6f, 0x61, 0x74, 0x32,
  0x45, 0x6a, 0x00, 0x5f, 0x5a, 0x4e, 0x38, 0x33, 0x5f, 0x49, 0x4e, 0x54,
  0x45, 0x52, 0x4e, 0x41, 0x4c, 0x5f, 0x36, 0x38, 0x66, 0x62, 0x61, 0x63,
  0x63, 0x63, 0x5f, 0x35, 0x32, 0x5f, 0x66, 0x6d, 0x68, 0x61, 0x5f, 0x76,
  0x32, 0x5f, 0x66, 0x6c, 0x61, 0x73, 0x68, 0x5f, 0x61, 0x74, 0x74, 0x65,
  0x6e, 0x74, 0x69, 0x6f, 0x6e, 0x5f, 0x66, 0x70, 0x31, 0x36, 0x5f, 0x36,
  0x34, 0x5f, 0x33, 0x32, 0x5f, 0x53, 0x5f, 0x71, 0x6b, 0x76, 0x5f, 0x31,
  0x32, 0x38, 0x5f, 0x73, 0x6d, 0x38, 0x36, 0x5f, 0x63, 0x75, 0x5f, 0x32,
  0x32, 0x37, 0x34, 0x66, 0x66, 0x30, 0x61, 0x34, 0x66, 0x6d, 0x68, 0x61,
  0x31, 0x33, 0x68, 0x61, 0x6c, 0x66, 0x5f, 0x74, 0x6f, 0x5f, 0x66, 0x6c,
  0x6f, 0x61, 0x74, 0x45, 0x74, 0x00, 0x5f, 0x5a, 0x4e, 0x34, 0x66, 0x6d,
  0x68, 0x61, 0x34, 0x4d, 0x61, 0x73, 0x6b, 0x49, 0x4e, 0x53, 0x5f, 0x32,
  0x33, 0x41, 0x6d, 0x70, 0x65, 0x72, 0x65, 0x5f, 0x68, 0x6d, 0x6d, 0x61,
  0x5f, 0x66, 0x70, 0x31, 0x36, 0x5f, 0x74, 0x72, 0x61, 0x69, 0x74, 0x73,
  0x45, 0x4e, 0x53, 0x5f, 0x39, 0x43, 0x74, 0x61, 0x5f, 0x74, 0x69, 0x6c,
  0x65, 0x5f, 0x49, 0x4e, 0x53, 0x5f, 0x36, 0x41, 0x6d, 0x70, 0x65, 0x72,
  0x65, 0x45, 0x4c, 0x69, 0x36, 0x34, 0x45, 0x4c, 0x69, 0x33, 0x32, 0x45,
  0x4c, 0x69, 0x31, 0x32, 0x38, 0x45, 0x4c, 0x69, 0x33, 0x32, 0x45, 0x4c,
  0x69, 0x31, 0x32, 0x38, 0x45, 0x4c, 0x69, 0x34, 0x45, 0x4c, 0x69, 0x31,
  0x45, 0x4c, 0x69, 0x31, 0x45, 0x45, 0x45, 0x4c, 0x69, 0x32, 0x45, 0x45,
  0x31, 0x34, 0x6d, 0x6f, 0x76, 0x65, 0x5f, 0x74, 0x6f, 0x5f, 0x6f, 0x66,
  0x66, 0x73, 0x65, 0x74, 0x45, 0x69, 0x00, 0x5f, 0x5a, 0x4e, 0x34, 0x66,
  0x6d, 0x68, 0x61, 0x31, 0x32, 0x53, 0x6f, 0x66, 0x74, 0x6d, 0x61, 0x78,
  0x5f, 0x62, 0x61, 0x73, 0x65, 0x49, 0x4e, 0x53, 0x5f, 0x32, 0x33, 0x41,
  0x6d, 0x70, 0x65, 0x72, 0x65, 0x5f, 0x68, 0x6d, 0x6d, 0x61, 0x5f, 0x66,
  0x70, 0x31, 0x36, 0x5f, 0x74, 0x72, 0x61, 0x69, 0x74, 0x73, 0x45, 0x4e,
  0x53, 0x5f, 0x39, 0x43, 0x74, 0x61, 0x5f, 0x74, 0x69, 0x6c, 0x65, 0x5f,
  0x49, 0x4e, 0x53, 0x5f, 0x36, 0x41, 0x6d, 0x70, 0x65, 0x72, 0x65, 0x45,
  0x4c, 0x69, 0x36, 0x34, 0x45, 0x4c, 0x69, 0x33, 0x32, 0x45, 0x4c, 0x69,
  0x31, 0x32, 0x38, 0x45, 0x4c, 0x69, 0x33, 0x32, 0x45, 0x4c, 0x69, 0x31,
  0x32, 0x38, 0x45, 0x4c, 0x69, 0x34, 0x45, 0x4c, 0x69, 0x31, 0x45, 0x4c,
  0x69, 0x31, 0x45, 0x45, 0x45, 0x4e, 0x53, 0x5f, 0x31, 0x34, 0x4b, 0x65,
  0x72, 0x6e, 0x65, 0x6c, 0x5f, 0x74, 0x72, 0x61, 0x69, 0x74, 0x73, 0x5f,
  0x49, 0x53, 0x31, 0x5f, 0x4e, 0x53, 0x5f, 0x32, 0x76, 0x32, 0x31, 0x33,
  0x47, 0x6d, 0x65, 0x6d, 0x5f, 0x74, 0x69, 0x6c, 0x65, 0x5f, 0x71, 0x6b,
  0x76, 0x45, 0x53, 0x37, 0x5f, 0x53, 0x37, 0x5f, 0x4e, 0x53, 0x36, 0x5f,
  0x31, 0x31, 0x47, 0x6d, 0x65, 0x6d, 0x5f, 0x74, 0x69, 0x6c, 0x65, 0x5f,
  0x6f, 0x45, 0x4c, 0x69, 0x33, 0x32, 0x45, 0x4c, 0x69, 0x31, 0x32, 0x38,
  0x45, 0x4c, 0x69, 0x36, 0x34, 0x45, 0x4c, 0x69, 0x34, 0x45, 0x4c, 0x69,
  0x31, 0x45, 0x4c, 0x69, 0x31, 0x45, 0x4c, 0x6a, 0x35, 0x31, 0x39, 0x45,
  0x4c, 0x69, 0x32, 0x45, 0x4c, 0x69, 0x33, 0x45, 0x4c, 0x62, 0x31, 0x45,
  0x45, 0x45, 0x45, 0x31, 0x36, 0x61, 0x70, 0x70, 0x6c, 0x79, 0x5f, 0x6d,
  0x61, 0x73, 0x6b, 0x5f, 0x61, 0x6c, 0x69, 0x62, 0x69, 0x49, 0x4e, 0x53,
  0x5f, 0x34, 0x4d, 0x61, 0x73, 0x6b, 0x49, 0x53, 0x31, 0x5f, 0x53, 0x34,
  0x5f, 0x4c, 0x69, 0x33, 0x45, 0x45, 0x45, 0x4e, 0x53, 0x5f, 0x31, 0x31,
  0x41, 0x6c, 0x69, 0x62, 0x69, 0x50, 0x61, 0x72, 0x61, 0x6d, 0x73, 0x45,
  0x45, 0x45, 0x76, 0x52, 0x4b, 0x54, 0x5f, 0x69, 0x52, 0x4b, 0x54, 0x30,
  0x5f, 0x00, 0x5f, 0x5a, 0x4e, 0x4b, 0x34, 0x66, 0x6d, 0x68, 0x61, 0x34,
  0x4d, 0x61, 0x73, 0x6b, 0x49, 0x4e, 0x53, 0x5f, 0x32, 0x33, 0x41, 0x6d,
  0x70, 0x65, 0x72, 0x65, 0x5f, 0x68, 0x6d, 0x6d, 0x61, 0x5f, 0x66, 0x70,
  0x31, 0x36, 0x5f, 0x74, 0x72, 0x61, 0x69, 0x74, 0x73, 0x45, 0x4e, 0x53,
  0x5f, 0x39, 0x43, 0x74, 0x61, 0x5f, 0x74, 0x69, 0x6c, 0x65, 0x5f, 0x49,
  0x4e, 0x53, 0x5f, 0x36, 0x41, 0x6d, 0x70, 0x65, 0x72, 0x65, 0x45, 0x4c,
  0x69, 0x36, 0x34, 0x45, 0x4c, 0x69, 0x33, 0x32, 0x45, 0x4c, 0x69, 0x31,
  0x32, 0x38, 0x45, 0x4c, 0x69, 0x33, 0x32, 0x45, 0x4c, 0x69, 0x31, 0x32,
  0x38, 0x45, 0x4c, 0x69, 0x34, 0x45, 0x4c, 0x69, 0x31, 0x45, 0x4c, 0x69,
  0x31, 0x45, 0x45, 0x45, 0x4c, 0x69, 0x33, 0x45, 0x45, 0x38, 0x69, 0x73,
  0x5f, 0x76, 0x61, 0x6c, 0x69, 0x64, 0x45, 0x69, 0x69, 0x00, 0x5f, 0x5a,
  0x4e, 0x4b, 0x34, 0x66, 0x6d, 0x68, 0x61, 0x34, 0x4d, 0x61, 0x73, 0x6b,
  0x49, 0x4e, 0x53, 0x5f, 0x32, 0x33, 0x41, 0x6d, 0x70, 0x65, 0x72, 0x65,
  0x5f, 0x68, 0x6d, 0x6d, 0x61, 0x5f, 0x66, 0x70, 0x31, 0x36, 0x5f, 0x74,
  0x72, 0x61, 0x69, 0x74, 0x73, 0x45, 0x4e, 0x53, 0x5f, 0x39, 0x43, 0x74,
  0x61, 0x5f, 0x74, 0x69, 0x6c, 0x65, 0x5f, 0x49, 0x4e, 0x53, 0x5f, 0x36,
  0x41, 0x6d, 0x70, 0x65, 0x72, 0x65, 0x45, 0x4c, 0x69, 0x36, 0x34, 0x45,
  0x4c, 0x69, 0x33, 0x32, 0x45, 0x4c, 0x69, 0x31, 0x32, 0x38, 0x45, 0x4c,
  0x69, 0x33, 0x32, 0x45, 0x4c, 0x69, 0x31, 0x32, 0x38, 0x45, 0x4c, 0x69,
  0x34, 0x45, 0x4c, 0x69, 0x31, 0x45, 0x4c, 0x69, 0x31, 0x45, 0x45, 0x45,
  0x4c, 0x69, 0x33, 0x45, 0x45, 0x31, 0x31, 0x67, 0x65, 0x74, 0x5f, 0x72,
  0x6f, 0x77, 0x5f, 0x63, 0x6f, 0x6c, 0x45, 0x52, 0x69, 0x53, 0x36, 0x5f,
  0x69, 0x69, 0x69, 0x69, 0x00, 0x5f, 0x5a, 0x4e, 0x34, 0x66, 0x6d, 0x68,
  0x61, 0x31, 0x32, 0x53, 0x6f, 0x66, 0x74, 0x6d, 0x61, 0x78, 0x5f, 0x62,
  0x61, 0x73, 0x65, 0x49, 0x4e, 0x53, 0x5f, 0x32, 0x33, 0x41, 0x6d, 0x70,
  0x65, 0x72, 0x65, 0x5f, 0x68, 0x6d, 0x6d, 0x61, 0x5f, 0x66, 0x70, 0x31,
  0x36, 0x5f, 0x74, 0x72, 0x61, 0x69, 0x74, 0x73, 0x45, 0x4e, 0x53, 0x5f,
  0x39, 0x43, 0x74, 0x61, 0x5f, 0x74, 0x69, 0x6c, 0x65, 0x5f, 0x49, 0x4e,
  0x53, 0x5f, 0x36, 0x41, 0x6d, 0x70, 0x65, 0x72, 0x65, 0x45, 0x4c, 0x69,
  0x36, 0x34, 0x45, 0x4c, 0x69, 0x33, 0x32, 0x45, 0x4c, 0x69, 0x31, 0x32,
  0x38, 0x45, 0x4c, 0x69, 0x33, 0x32, 0x45, 0x4c, 0x69, 0x31, 0x32, 0x38,
  0x45, 0x4c, 0x69, 0x34, 0x45, 0x4c, 0x69, 0x31, 0x45, 0x4c, 0x69, 0x31,
  0x45, 0x45, 0x45, 0x4e, 0x53, 0x5f, 0x31, 0x34, 0x4b, 0x65, 0x72, 0x6e,
  0x65, 0x6c, 0x5f, 0x74, 0x72, 0x61, 0x69, 0x74, 0x73, 0x5f, 0x49, 0x53,
  0x31, 0x5f, 0x4e, 0x53, 0x5f, 0x32, 0x76, 0x32, 0x31, 0x33, 0x47, 0x6d,
  0x65, 0x6d, 0x5f, 0x74, 0x69, 0x6c, 0x65, 0x5f, 0x71, 0x6b, 0x76, 0x45,
  0x53, 0x37, 0x5f, 0x53, 0x37, 0x5f, 0x4e, 0x53, 0x36, 0x5f, 0x31, 0x31,
  0x47, 0x6d, 0x65, 0x6d, 0x5f, 0x74, 0x69, 0x6c, 0x65, 0x5f, 0x6f, 0x45,
  0x4c, 0x69, 0x33, 0x32, 0x45, 0x4c, 0x69, 0x31, 0x32, 0x38, 0x45, 0x4c,
  0x69, 0x36, 0x34, 0x45, 0x4c, 0x69, 0x34, 0x45, 0x4c, 0x69, 0x31, 0x45,
  0x4c, 0x69, 0x31, 0x45, 0x4c, 0x6a, 0x35, 0x31, 0x39, 0x45, 0x4c, 0x69,
  0x32, 0x45, 0x4c, 0x69, 0x33, 0x45, 0x4c, 0x62, 0x31, 0x45, 0x45, 0x45,
  0x45, 0x31, 0x30, 0x61, 0x70, 0x70, 0x6c, 0x79, 0x5f, 0x6d, 0x61, 0x73,
  0x6b, 0x49, 0x4e, 0x53, 0x5f, 0x34, 0x4d, 0x61, 0x73, 0x6b, 0x49, 0x53,
  0x31, 0x5f, 0x53, 0x34, 0x5f, 0x4c, 0x69, 0x33, 0x45, 0x45, 0x45, 0x45,
  0x45, 0x76, 0x52, 0x4b, 0x54, 0x5f, 0x00, 0x5f, 0x5a, 0x4e, 0x4b, 0x34,
  0x66, 0x6d, 0x68, 0x61, 0x34, 0x4d, 0x61, 0x73, 0x6b, 0x49, 0x4e, 0x53,
  0x5f, 0x32, 0x33, 0x41, 0x6d, 0x70, 0x65, 0x72, 0x65, 0x5f, 0x68, 0x6d,
  0x6d, 0x61, 0x5f, 0x66, 0x70, 0x31, 0x36, 0x5f, 0x74, 0x72, 0x61, 0x69,
  0x74, 0x73, 0x45, 0x4e, 0x53, 0x5f, 0x39, 0x43, 0x74, 0x61, 0x5f, 0x74,
  0x69, 0x6c, 0x65, 0x5f, 0x49, 0x4e, 0x53, 0x5f, 0x36, 0x41, 0x6d, 0x70,
  0x65, 0x72, 0x65, 0x45, 0x4c, 0x69, 0x36, 0x34, 0x45, 0x4c, 0x69, 0x33,
  0x32, 0x45, 0x4c, 0x69, 0x31, 0x32, 0x38, 0x45, 0x4c, 0x69, 0x33, 0x32,
  0x45, 0x4c, 0x69, 0x31, 0x32, 0x38, 0x45, 0x4c, 0x69, 0x34, 0x45, 0x4c,
  0x69, 0x31, 0x45, 0x4c, 0x69, 0x31, 0x45, 0x45, 0x45, 0x4c, 0x69, 0x33,
  0x45, 0x45, 0x38, 0x69, 0x73, 0x5f, 0x76, 0x61, 0x6c, 0x69, 0x64, 0x45,
  0x69, 0x69, 0x69, 0x69, 0x00, 0x5f, 0x5a, 0x4e, 0x34, 0x66, 0x6d, 0x68,
  0x61, 0x31, 0x32, 0x53, 0x6f, 0x66, 0x74, 0x6d, 0x61, 0x78, 0x5f, 0x62,
  0x61, 0x73, 0x65, 0x49, 0x4e, 0x53, 0x5f, 0x32, 0x33, 0x41, 0x6d, 0x70,
  0x65, 0x72, 0x65, 0x5f, 0x68, 0x6d, 0x6d, 0x61, 0x5f, 0x66, 0x70, 0x31,
  0x36, 0x5f, 0x74, 0x72, 0x61, 0x69, 0x74, 0x73, 0x45, 0x4e, 0x53, 0x5f,
  0x39, 0x43, 0x74, 0x61, 0x5f, 0x74, 0x69, 0x6c, 0x65, 0x5f, 0x49, 0x4e,
  0x53, 0x5f, 0x36, 0x41, 0x6d, 0x70, 0x65, 0x72, 0x65, 0x45, 0x4c, 0x69,
  0x36, 0x34, 0x45, 0x4c, 0x69, 0x33, 0x32, 0x45, 0x4c, 0x69, 0x31, 0x32,
  0x38, 0x45, 0x4c, 0x69, 0x33, 0x32, 0x45, 0x4c, 0x69, 0x31, 0x32, 0x38,
  0x45, 0x4c, 0x69, 0x34, 0x45, 0x4c, 0x69, 0x31, 0x45, 0x4c, 0x69, 0x31,
  0x45, 0x45, 0x45, 0x4e, 0x53, 0x5f, 0x31, 0x34, 0x4b, 0x65, 0x72, 0x6e,
  0x65, 0x6c, 0x5f, 0x74, 0x72, 0x61, 0x69, 0x74, 0x73, 0x5f, 0x49, 0x53,
  0x31, 0x5f, 0x4e, 0x53, 0x5f, 0x32, 0x76, 0x32, 0x31, 0x33, 0x47, 0x6d,
  0x65, 0x6d, 0x5f, 0x74, 0x69, 0x6c, 0x65, 0x5f, 0x71, 0x6b, 0x76, 0x45,
  0x53, 0x37, 0x5f, 0x53, 0x37, 0x5f, 0x4e, 0x53, 0x36, 0x5f, 0x31, 0x31,
  0x47, 0x6d, 0x65, 0x6d, 0x5f, 0x74, 0x69, 0x6c, 0x65, 0x5f, 0x6f, 0x45,
  0x4c, 0x69, 0x33, 0x32, 0x45, 0x4c, 0x69, 0x31, 0x32, 0x38, 0x45, 0x4c,
  0x69, 0x36, 0x34, 0x45, 0x4c, 0x69, 0x34, 0x45, 0x4c, 0x69, 0x31, 0x45,
  0x4c, 0x69, 0x31, 0x45, 0x4c, 0x6a, 0x35, 0x31, 0x39, 0x45, 0x4c, 0x69,
  0x32, 0x45, 0x4c, 0x69, 0x33, 0x45, 0x4c, 0x62, 0x31, 0x45, 0x45, 0x45,
  0x45, 0x36, 0x72, 0x65, 0x64, 0x75, 0x63, 0x65, 0x49, 0x4e, 0x53, 0x5f,
  0x34, 0x4d, 0x61, 0x78, 0x5f, 0x45, 0x45, 0x45, 0x76, 0x52, 0x41, 0x32,
  0x5f, 0x66, 0x00, 0x5f, 0x5a, 0x4e, 0x34, 0x66, 0x6d, 0x68, 0x61, 0x31,
  0x32, 0x53, 0x6f, 0x66, 0x74, 0x6d, 0x61, 0x78, 0x5f, 0x62, 0x61, 0x73,
  0x65, 0x49, 0x4e, 0x53, 0x5f, 0x32, 0x33, 0x41, 0x6d, 0x70, 0x65, 0x72,
  0x65, 0x5f, 0x68, 0x6d, 0x6d, 0x61, 0x5f, 0x66, 0x70, 0x31, 0x36, 0x5f,
  0x74, 0x72, 0x61, 0x69, 0x74, 0x73, 0x45, 0x4e, 0x53, 0x5f, 0x39, 0x43,
  0x74, 0x61, 0x5f, 0x74, 0x69, 0x6c, 0x65, 0x5f, 0x49, 0x4e, 0x53, 0x5f,
  0x36, 0x41, 0x6d, 0x70, 0x65, 0x72, 0x65, 0x45, 0x4c, 0x69, 0x36, 0x34,
  0x45, 0x4c, 0x69, 0x33, 0x32, 0x45, 0x4c, 0x69, 0x31, 0x32, 0x38, 0x45,
  0x4c, 0x69, 0x33, 0x32, 0x45, 0x4c, 0x69, 0x31, 0x32, 0x38, 0x45, 0x4c,
  0x69, 0x34, 0x45, 0x4c, 0x69, 0x31, 0x45, 0x4c, 0x69, 0x31, 0x45, 0x45,
  0x45, 0x4e, 0x53, 0x5f, 0x31, 0x34, 0x4b, 0x65, 0x72, 0x6e, 0x65, 0x6c,
  0x5f, 0x74, 0x72, 0x61, 0x69, 0x74, 0x73, 0x5f, 0x49, 0x53, 0x31, 0x5f,
  0x4e, 0x53, 0x5f, 0x32, 0x76, 0x32, 0x31, 0x33, 0x47, 0x6d, 0x65, 0x6d,
  0x5f, 0x74, 0x69, 0x6c, 0x65, 0x5f, 0x71, 0x6b, 0x76, 0x45, 0x53, 0x37,
  0x5f, 0x53, 0x37, 0x5f, 0x4e, 0x53, 0x36, 0x5f, 0x31, 0x31, 0x47, 0x6d,
  0x65, 0x6d, 0x5f, 0x74, 0x69, 0x6c, 0x65, 0x5f, 0x6f, 0x45, 0x4c, 0x69,
  0x33, 0x32, 0x45, 0x4c, 0x69, 0x31, 0x32, 0x38, 0x45, 0x4c, 0x69, 0x36,
  0x34, 0x45, 0x4c, 0x69, 0x34, 0x45, 0x4c, 0x69, 0x31, 0x45, 0x4c, 0x69,
  0x31, 0x45, 0x4c, 0x6a, 0x35, 0x31, 0x39, 0x45, 0x4c, 0x69, 0x32, 0x45,
  0x4c, 0x69, 0x33, 0x45, 0x4c, 0x62, 0x31, 0x45, 0x45, 0x45, 0x45, 0x31,
  0x30, 0x72, 0x65, 0x64, 0x75, 0x63, 0x65, 0x5f, 0x4e, 0x78, 0x31, 0x49,
  0x4e, 0x53, 0x5f, 0x34, 0x4d, 0x61, 0x78, 0x5f, 0x45, 0x45, 0x45, 0x76,
  0x52, 0x41, 0x32, 0x5f, 0x66, 0x00, 0x5f, 0x5a, 0x4e, 0x34, 0x66, 0x6d,
  0x68, 0x61, 0x34, 0x4d, 0x61, 0x78, 0x5f, 0x35, 0x61, 0x70, 0x70, 0x6c,
  0x79, 0x45, 0x66, 0x66, 0x00, 0x5f, 0x5a, 0x4e, 0x38, 0x33, 0x5f, 0x49,
  0x4e, 0x54, 0x45, 0x52, 0x4e, 0x41, 0x4c, 0x5f, 0x36, 0x38, 0x66, 0x62,
  0x61, 0x63, 0x63, 0x63, 0x5f, 0x35, 0x32, 0x5f, 0x66, 0x6d, 0x68, 0x61,
  0x5f, 0x76, 0x32, 0x5f, 0x66, 0x6c, 0x61, 0x73, 0x68, 0x5f, 0x61, 0x74,
  0x74, 0x65, 0x6e, 0x74, 0x69, 0x6f, 0x6e, 0x5f, 0x66, 0x70, 0x31, 0x36,
  0x5f, 0x36, 0x34, 0x5f, 0x33, 0x32, 0x5f, 0x53, 0x5f, 0x71, 0x6b, 0x76,
  0x5f, 0x31, 0x32, 0x38, 0x5f, 0x73, 0x6d, 0x38, 0x36, 0x5f, 0x63, 0x75,
  0x5f, 0x32, 0x32, 0x37, 0x34, 0x66, 0x66, 0x30, 0x61, 0x31, 0x35, 0x5f,
  0x5f, 0x73, 0x68, 0x66, 0x6c, 0x5f, 0x78, 0x6f, 0x72, 0x5f, 0x73, 0x79,
  0x6e, 0x63, 0x45, 0x6a, 0x66, 0x69, 0x69, 0x00, 0x5f, 0x5a, 0x4e, 0x34,
  0x66, 0x6d, 0x68, 0x61, 0x31, 0x37, 0x54, 0x69, 0x6c, 0x65, 0x5f, 0x6f,
  0x5f, 0x6e, 0x6f, 0x72, 0x6d, 0x61, 0x6c, 0x69, 0x7a, 0x65, 0x72, 0x49,
  0x4e, 0x53, 0x5f, 0x32, 0x33, 0x41, 0x6d, 0x70, 0x65, 0x72, 0x65, 0x5f,
  0x68, 0x6d, 0x6d, 0x61, 0x5f, 0x66, 0x70, 0x31, 0x36, 0x5f, 0x74, 0x72,
  0x61, 0x69, 0x74, 0x73, 0x45, 0x4e, 0x53, 0x5f, 0x39, 0x43, 0x74, 0x61,
  0x5f, 0x74, 0x69, 0x6c, 0x65, 0x5f, 0x49, 0x4e, 0x53, 0x5f, 0x36, 0x41,
  0x6d, 0x70, 0x65, 0x72, 0x65, 0x45, 0x4c, 0x69, 0x36, 0x34, 0x45, 0x4c,
  0x69, 0x31, 0x32, 0x38, 0x45, 0x4c, 0x69, 0x33, 0x32, 0x45, 0x4c, 0x69,
  0x31, 0x32, 0x38, 0x45, 0x4c, 0x69, 0x33, 0x32, 0x45, 0x4c, 0x69, 0x34,
  0x45, 0x4c, 0x69, 0x31, 0x45, 0x4c, 0x69, 0x31, 0x45, 0x45, 0x45, 0x45,
  0x36, 0x75, 0x70, 0x64, 0x61, 0x74, 0x65, 0x45, 0x52, 0x41, 0x31, 0x5f,
  0x41, 0x38, 0x5f, 0x4e, 0x53, 0x5f, 0x32, 0x30, 0x46, 0x72, 0x61, 0x67,
  0x6d, 0x65, 0x6e, 0x74, 0x5f, 0x61, 0x63, 0x63, 0x75, 0x6d, 0x75, 0x6c,
  0x61, 0x74, 0x6f, 0x72, 0x49, 0x53, 0x31, 0x5f, 0x45, 0x45, 0x52, 0x41,
  0x32, 0x5f, 0x66, 0x52, 0x41, 0x32, 0x5f, 0x4b, 0x66, 0x53, 0x43, 0x5f,
  0x00, 0x5f, 0x5a, 0x53, 0x74, 0x34, 0x66, 0x6d, 0x61, 0x78, 0x66, 0x66,
  0x00, 0x5f, 0x5a, 0x4e, 0x38, 0x33, 0x5f, 0x49, 0x4e, 0x54, 0x45, 0x52,
  0x4e, 0x41, 0x4c, 0x5f, 0x36, 0x38, 0x66, 0x62, 0x61, 0x63, 0x63, 0x63,
  0x5f, 0x35, 0x32, 0x5f, 0x66, 0x6d, 0x68, 0x61, 0x5f, 0x76, 0x32, 0x5f,
  0x66, 0x6c, 0x61, 0x73, 0x68, 0x5f, 0x61, 0x74, 0x74, 0x65, 0x6e, 0x74,
  0x69, 0x6f, 0x6e, 0x5f, 0x66, 0x70, 0x31, 0x36, 0x5f, 0x36, 0x34, 0x5f,
  0x33, 0x32, 0x5f, 0x53, 0x5f, 0x71, 0x6b, 0x76, 0x5f, 0x31, 0x32, 0x38,
  0x5f, 0x73, 0x6d, 0x38, 0x36, 0x5f, 0x63, 0x75, 0x5f, 0x32, 0x32, 0x37,
  0x34, 0x66, 0x66, 0x30, 0x61, 0x34, 0x66, 0x6d, 0x68, 0x61, 0x31, 0x35,
  0x66, 0x6c, 0x6f, 0x61, 0x74, 0x32, 0x5f, 0x74, 0x6f, 0x5f, 0x68, 0x61,
  0x6c, 0x66, 0x32, 0x45, 0x66, 0x66, 0x00, 0x5f, 0x5a, 0x4e, 0x34, 0x66,
  0x6d, 0x68, 0x61, 0x31, 0x32, 0x53, 0x6f, 0x66, 0x74, 0x6d, 0x61, 0x78,
  0x5f, 0x68, 0x6d, 0x6d, 0x61, 0x49, 0x4e, 0x53, 0x5f, 0x32, 0x33, 0x41,
  0x6d, 0x70, 0x65, 0x72, 0x65, 0x5f, 0x68, 0x6d, 0x6d, 0x61, 0x5f, 0x66,
  0x70, 0x31, 0x36, 0x5f, 0x74, 0x72, 0x61, 0x69, 0x74, 0x73, 0x45, 0x4e,
  0x53, 0x5f, 0x39, 0x43, 0x74, 0x61, 0x5f, 0x74, 0x69, 0x6c, 0x65, 0x5f,
  0x49, 0x4e, 0x53, 0x5f, 0x36, 0x41, 0x6d, 0x70, 0x65, 0x72, 0x65, 0x45,
  0x4c, 0x69, 0x36, 0x34, 0x45, 0x4c, 0x69, 0x33, 0x32, 0x45, 0x4c, 0x69,
  0x31, 0x32, 0x38, 0x45, 0x4c, 0x69, 0x33, 0x32, 0x45, 0x4c, 0x69, 0x31,
  0x32, 0x38, 0x45, 0x4c, 0x69, 0x34, 0x45, 0x4c, 0x69, 0x31, 0x45, 0x4c,
  0x69, 0x31, 0x45, 0x45, 0x45, 0x4e, 0x53, 0x5f, 0x31, 0x34, 0x4b, 0x65,
  0x72, 0x6e, 0x65, 0x6c, 0x5f, 0x74, 0x72, 0x61, 0x69, 0x74, 0x73, 0x5f,
  0x49, 0x53, 0x31, 0x5f, 0x4e, 0x53, 0x5f, 0x32, 0x76, 0x32, 0x31, 0x33,
  0x47, 0x6d, 0x65, 0x6d, 0x5f, 0x74, 0x69, 0x6c, 0x65, 0x5f, 0x71, 0x6b,
  0x76, 0x45, 0x53, 0x37, 0x5f, 0x53, 0x37, 0x5f, 0x4e, 0x53, 0x36, 0x5f,
  0x31, 0x31, 0x47, 0x6d, 0x65, 0x6d, 0x5f, 0x74, 0x69, 0x6c, 0x65, 0x5f,
  0x6f, 0x45, 0x4c, 0x69, 0x33, 0x32, 0x45, 0x4c, 0x69, 0x31, 0x32, 0x38,
  0x45, 0x4c, 0x69, 0x36, 0x34, 0x45, 0x4c, 0x69, 0x34, 0x45, 0x4c, 0x69,
  0x31, 0x45, 0x4c, 0x69, 0x31, 0x45, 0x4c, 0x6a, 0x35, 0x31, 0x39, 0x45,
  0x4c, 0x69, 0x32, 0x45, 0x4c, 0x69, 0x33, 0x45, 0x4c, 0x62, 0x31, 0x45,
  0x45, 0x45, 0x45, 0x31, 0x39, 0x61, 0x70, 0x70, 0x6c, 0x79, 0x5f, 0x65,
  0x78, 0x70, 0x5f, 0x77, 0x69, 0x74, 0x68, 0x5f, 0x6d, 0x61, 0x73, 0x6b,
  0x49, 0x4c, 0x62, 0x30, 0x45, 0x45, 0x45, 0x76, 0x52, 0x41, 0x32, 0x5f,
  0x4b, 0x66, 0x00, 0x5f, 0x5a, 0x4e, 0x34, 0x66, 0x6d, 0x68, 0x61, 0x31,
  0x32, 0x53, 0x6f, 0x66, 0x74, 0x6d, 0x61, 0x78, 0x5f, 0x62, 0x61, 0x73,
  0x65, 0x49, 0x4e, 0x53, 0x5f, 0x32, 0x33, 0x41, 0x6d, 0x70, 0x65, 0x72,
  0x65, 0x5f, 0x68, 0x6d, 0x6d, 0x61, 0x5f, 0x66, 0x70, 0x31, 0x36, 0x5f,
  0x74, 0x72, 0x61, 0x69, 0x74, 0x73, 0x45, 0x4e, 0x53, 0x5f, 0x39, 0x43,
  0x74, 0x61, 0x5f, 0x74, 0x69, 0x6c, 0x65, 0x5f, 0x49, 0x4e, 0x53, 0x5f,
  0x36, 0x41, 0x6d, 0x70, 0x65, 0x72, 0x65, 0x45, 0x4c, 0x69, 0x36, 0x34,
  0x45, 0x4c, 0x69, 0x33, 0x32, 0x45, 0x4c, 0x69, 0x31, 0x32, 0x38, 0x45,
  0x4c, 0x69, 0x33, 0x32, 0x45, 0x4c, 0x69, 0x31, 0x32, 0x38, 0x45, 0x4c,
  0x69, 0x34, 0x45, 0x4c, 0x69, 0x31, 0x45, 0x4c, 0x69, 0x31, 0x45, 0x45,
  0x45, 0x4e, 0x53, 0x5f, 0x31, 0x34, 0x4b, 0x65, 0x72, 0x6e, 0x65, 0x6c,
  0x5f, 0x74, 0x72, 0x61, 0x69, 0x74, 0x73, 0x5f, 0x49, 0x53, 0x31, 0x5f,
  0x4e, 0x53, 0x5f, 0x32, 0x76, 0x32, 0x31, 0x33, 0x47, 0x6d, 0x65, 0x6d,
  0x5f, 0x74, 0x69, 0x6c, 0x65, 0x5f, 0x71, 0x6b, 0x76, 0x45, 0x53, 0x37,
  0x5f, 0x53, 0x37, 0x5f, 0x4e, 0x53, 0x36, 0x5f, 0x31, 0x31, 0x47, 0x6d,
  0x65, 0x6d, 0x5f, 0x74, 0x69, 0x6c, 0x65, 0x5f, 0x6f, 0x45, 0x4c, 0x69,
  0x33, 0x32, 0x45, 0x4c, 0x69, 0x31, 0x32, 0x38, 0x45, 0x4c, 0x69, 0x36,
  0x34, 0x45, 0x4c, 0x69, 0x34, 0x45, 0x4c, 0x69, 0x31, 0x45, 0x4c, 0x69,
  0x31, 0x45, 0x4c, 0x6a, 0x35, 0x31, 0x39, 0x45, 0x4c, 0x69, 0x32, 0x45,
  0x4c, 0x69, 0x33, 0x45, 0x4c, 0x62, 0x31, 0x45, 0x45, 0x45, 0x45, 0x36,
  0x72, 0x65, 0x64, 0x75, 0x63, 0x65, 0x49, 0x4e, 0x53, 0x5f, 0x34, 0x53,
  0x75, 0x6d, 0x5f, 0x45, 0x45, 0x45, 0x76, 0x52, 0x41, 0x32, 0x5f, 0x66,
  0x00, 0x5f, 0x5a, 0x4e, 0x34, 0x66, 0x6d, 0x68, 0x61, 0x31, 0x32, 0x53,
  0x6f, 0x66, 0x74, 0x6d, 0x61, 0x78, 0x5f, 0x62, 0x61, 0x73, 0x65, 0x49,
  0x4e, 0x53, 0x5f, 0x32, 0x33, 0x41, 0x6d, 0x70, 0x65, 0x72, 0x65, 0x5f,
  0x68, 0x6d, 0x6d, 0x61, 0x5f, 0x66, 0x70, 0x31, 0x36, 0x5f, 0x74, 0x72,
  0x61, 0x69, 0x74, 0x73, 0x45, 0x4e, 0x53, 0x5f, 0x39, 0x43, 0x74, 0x61,
  0x5f, 0x74, 0x69, 0x6c, 0x65, 0x5f, 0x49, 0x4e, 0x53, 0x5f, 0x36, 0x41,
  0x6d, 0x70, 0x65, 0x72, 0x65, 0x45, 0x4c, 0x69, 0x36, 0x34, 0x45, 0x4c,
  0x69, 0x33, 0x32, 0x45, 0x4c, 0x69, 0x31, 0x32, 0x38, 0x45, 0x4c, 0x69,
  0x33, 0x32, 0x45, 0x4c, 0x69, 0x31, 0x32, 0x38, 0x45, 0x4c, 0x69, 0x34,
  0x45, 0x4c, 0x69, 0x31, 0x45, 0x4c, 0x69, 0x31, 0x45, 0x45, 0x45, 0x4e,
  0x53, 0x5f, 0x31, 0x34, 0x4b, 0x65, 0x72, 0x6e, 0x65, 0x6c, 0x5f, 0x74,
  0x72, 0x61, 0x69, 0x74, 0x73, 0x5f, 0x49, 0x53, 0x31, 0x5f, 0x4e, 0x53,
  0x5f, 0x32, 0x76, 0x32, 0x31, 0x33, 0x47, 0x6d, 0x65, 0x6d, 0x5f, 0x74,
  0x69, 0x6c, 0x65, 0x5f, 0x71, 0x6b, 0x76, 0x45, 0x53, 0x37, 0x5f, 0x53,
  0x37, 0x5f, 0x4e, 0x53, 0x36, 0x5f, 0x31, 0x31, 0x47, 0x6d, 0x65, 0x6d,
  0x5f, 0x74, 0x69, 0x6c, 0x65, 0x5f, 0x6f, 0x45, 0x4c, 0x69, 0x33, 0x32,
  0x45, 0x4c, 0x69, 0x31, 0x32, 0x38, 0x45, 0x4c, 0x69, 0x36, 0x34, 0x45,
  0x4c, 0x69, 0x34, 0x45, 0x4c, 0x69, 0x31, 0x45, 0x4c, 0x69, 0x31, 0x45,
  0x4c, 0x6a, 0x35, 0x31, 0x39, 0x45, 0x4c, 0x69, 0x32, 0x45, 0x4c, 0x69,
  0x33, 0x45, 0x4c, 0x62, 0x31, 0x45, 0x45, 0x45, 0x45, 0x31, 0x30, 0x72,
  0x65, 0x64, 0x75, 0x63, 0x65, 0x5f, 0x4e, 0x78, 0x31, 0x49, 0x4e, 0x53,
  0x5f, 0x34, 0x53, 0x75, 0x6d, 0x5f, 0x45, 0x45, 0x45, 0x76, 0x52, 0x41,
  0x32, 0x5f, 0x66, 0x00, 0x5f, 0x5a, 0x4e, 0x34, 0x66, 0x6d, 0x68, 0x61,
  0x34, 0x53, 0x75, 0x6d, 0x5f, 0x35, 0x61, 0x70, 0x70, 0x6c, 0x79, 0x45,
  0x66, 0x66, 0x00, 0x5f, 0x5a, 0x4e, 0x4b, 0x34, 0x66, 0x6d, 0x68, 0x61,
  0x37, 0x53, 0x6f, 0x66, 0x74, 0x6d, 0x61, 0x78, 0x49, 0x4e, 0x53, 0x5f,
  0x32, 0x33, 0x41, 0x6d, 0x70, 0x65, 0x72, 0x65, 0x5f, 0x68, 0x6d, 0x6d,
  0x61, 0x5f, 0x66, 0x70, 0x31, 0x36, 0x5f, 0x74, 0x72, 0x61, 0x69, 0x74,
  0x73, 0x45, 0x4e, 0x53, 0x5f, 0x39, 0x43, 0x74, 0x61, 0x5f, 0x74, 0x69,
  0x6c, 0x65, 0x5f, 0x49, 0x4e, 0x53, 0x5f, 0x36, 0x41, 0x6d, 0x70, 0x65,
  0x72, 0x65, 0x45, 0x4c, 0x69, 0x36, 0x34, 0x45, 0x4c, 0x69, 0x33, 0x32,
  0x45, 0x4c, 0x69, 0x31, 0x32, 0x38, 0x45, 0x4c, 0x69, 0x33, 0x32, 0x45,
  0x4c, 0x69, 0x31, 0x32, 0x38, 0x45, 0x4c, 0x69, 0x34, 0x45, 0x4c, 0x69,
  0x31, 0x45, 0x4c, 0x69, 0x31, 0x45, 0x45, 0x45, 0x4e, 0x53, 0x5f, 0x31,
  0x34, 0x4b, 0x65, 0x72, 0x6e, 0x65, 0x6c, 0x5f, 0x74, 0x72, 0x61, 0x69,
  0x74, 0x73, 0x5f, 0x49, 0x53, 0x31, 0x5f, 0x4e, 0x53, 0x5f, 0x32, 0x76,
  0x32, 0x31, 0x33, 0x47, 0x6d, 0x65, 0x6d, 0x5f, 0x74, 0x69, 0x6c, 0x65,
  0x5f, 0x71, 0x6b, 0x76, 0x45, 0x53, 0x37, 0x5f, 0x53, 0x37, 0x5f, 0x4e,
  0x53, 0x36, 0x5f, 0x31, 0x31, 0x47, 0x6d, 0x65, 0x6d, 0x5f, 0x74, 0x69,
  0x6c, 0x65, 0x5f, 0x6f, 0x45, 0x4c, 0x69, 0x33, 0x32, 0x45, 0x4c, 0x69,
  0x31, 0x32, 0x38, 0x45, 0x4c, 0x69, 0x36, 0x34, 0x45, 0x4c, 0x69, 0x34,
  0x45, 0x4c, 0x69, 0x31, 0x45, 0x4c, 0x69, 0x31, 0x45, 0x4c, 0x6a, 0x35,
  0x31, 0x39, 0x45, 0x4c, 0x69, 0x32, 0x45, 0x4c, 0x69, 0x33, 0x45, 0x4c,
  0x62, 0x31, 0x45, 0x45, 0x45, 0x45, 0x34, 0x70, 0x61, 0x63, 0x6b, 0x49,
  0x4c, 0x69, 0x32, 0x45, 0x4c, 0x69, 0x31, 0x45, 0x45, 0x45, 0x76, 0x52,
  0x41, 0x54, 0x5f, 0x5f, 0x41, 0x54, 0x30, 0x5f, 0x5f, 0x4e, 0x53, 0x5f,
  0x31, 0x30, 0x46, 0x72, 0x61, 0x67, 0x6d, 0x65, 0x6e, 0x74, 0x5f, 0x61,
  0x49, 0x53, 0x31, 0x5f, 0x4e, 0x53, 0x5f, 0x33, 0x52, 0x6f, 0x77, 0x45,
  0x45, 0x45, 0x00, 0x5f, 0x5a, 0x4e, 0x34, 0x66, 0x6d, 0x68, 0x61, 0x31,
  0x37, 0x66, 0x6c, 0x6f, 0x61, 0x74, 0x32, 0x5f, 0x74, 0x6f, 0x5f, 0x31,
  0x36, 0x62, 0x69, 0x74, 0x5f, 0x32, 0x49, 0x74, 0x45, 0x45, 0x6a, 0x66,
  0x66, 0x00, 0x5f, 0x5a, 0x4e, 0x34, 0x66, 0x6d, 0x68, 0x61, 0x34, 0x67,
  0x65, 0x6d, 0x6d, 0x49, 0x4e, 0x53, 0x5f, 0x32, 0x30, 0x46, 0x72, 0x61,
  0x67, 0x6d, 0x65, 0x6e, 0x74, 0x5f, 0x61, 0x63, 0x63, 0x75, 0x6d, 0x75,
  0x6c, 0x61, 0x74, 0x6f, 0x72, 0x49, 0x4e, 0x53, 0x5f, 0x32, 0x33, 0x41,
  0x6d, 0x70, 0x65, 0x72, 0x65, 0x5f, 0x68, 0x6d, 0x6d, 0x61, 0x5f, 0x66,
  0x70, 0x31, 0x36, 0x5f, 0x74, 0x72, 0x61, 0x69, 0x74, 0x73, 0x45, 0x45,
  0x45, 0x4e, 0x53, 0x5f, 0x31, 0x30, 0x46, 0x72, 0x61, 0x67, 0x6d, 0x65,
  0x6e, 0x74, 0x5f, 0x61, 0x49, 0x53, 0x32, 0x5f, 0x4e, 0x53, 0x5f, 0x33,
  0x52, 0x6f, 0x77, 0x45, 0x45, 0x45, 0x4e, 0x53, 0x5f, 0x31, 0x30, 0x46,
  0x72, 0x61, 0x67, 0x6d, 0x65, 0x6e, 0x74, 0x5f, 0x62, 0x49, 0x53, 0x32,
  0x5f, 0x4e, 0x53, 0x5f, 0x33, 0x43, 0x6f, 0x6c, 0x45, 0x45, 0x45, 0x4c,
  0x69, 0x31, 0x45, 0x4c, 0x69, 0x38, 0x45, 0x45, 0x45, 0x76, 0x52, 0x41,
  0x54, 0x32, 0x5f, 0x5f, 0x41, 0x54, 0x33, 0x5f, 0x5f, 0x54, 0x5f, 0x52,
  0x41, 0x54, 0x32, 0x5f, 0x5f, 0x4b, 0x54, 0x30, 0x5f, 0x52, 0x41, 0x54,
  0x33, 0x5f, 0x5f, 0x4b, 0x54, 0x31, 0x5f, 0x00, 0x5f, 0x5a, 0x4e, 0x34,
  0x66, 0x6d, 0x68, 0x61, 0x31, 0x37, 0x54, 0x69, 0x6c, 0x65, 0x5f, 0x6f,
  0x5f, 0x6e, 0x6f, 0x72, 0x6d, 0x61, 0x6c, 0x69, 0x7a, 0x65, 0x72, 0x49,
  0x4e, 0x53, 0x5f, 0x32, 0x33, 0x41, 0x6d, 0x70, 0x65, 0x72, 0x65, 0x5f,
  0x68, 0x6d, 0x6d, 0x61, 0x5f, 0x66, 0x70, 0x31, 0x36, 0x5f, 0x74, 0x72,
  0x61, 0x69, 0x74, 0x73, 0x45, 0x4e, 0x53, 0x5f, 0x39, 0x43, 0x74, 0x61,
  0x5f, 0x74, 0x69, 0x6c, 0x65, 0x5f, 0x49, 0x4e, 0x53, 0x5f, 0x36, 0x41,
  0x6d, 0x70, 0x65, 0x72, 0x65, 0x45, 0x4c, 0x69, 0x36, 0x34, 0x45, 0x4c,
  0x69, 0x31, 0x32, 0x38, 0x45, 0x4c, 0x69, 0x33, 0x32, 0x45, 0x4c, 0x69,
  0x31, 0x32, 0x38, 0x45, 0x4c, 0x69, 0x33, 0x32, 0x45, 0x4c, 0x69, 0x34,
  0x45, 0x4c, 0x69, 0x31, 0x45, 0x4c, 0x69, 0x31, 0x45, 0x45, 0x45, 0x45,
  0x31, 0x32, 0x66, 0x69, 0x6e, 0x61, 0x6c, 0x5f, 0x75, 0x70, 0x64, 0x61,
  0x74, 0x65, 0x45, 0x52, 0x41, 0x31, 0x5f, 0x41, 0x38, 0x5f, 0x4e, 0x53,
  0x5f, 0x32, 0x30, 0x46, 0x72, 0x61, 0x67, 0x6d, 0x65, 0x6e, 0x74, 0x5f,
  0x61, 0x63, 0x63, 0x75, 0x6d, 0x75, 0x6c, 0x61, 0x74, 0x6f, 0x72, 0x49,
  0x53, 0x31, 0x5f, 0x45, 0x45, 0x52, 0x41, 0x32, 0x5f, 0x4b, 0x66, 0x00,
  0x5f, 0x5a, 0x4e, 0x34, 0x66, 0x6d, 0x68, 0x61, 0x31, 0x31, 0x53, 0x6d,
  0x65, 0x6d, 0x5f, 0x74, 0x69, 0x6c, 0x65, 0x5f, 0x6f, 0x49, 0x4e, 0x53,
  0x5f, 0x32, 0x33, 0x41, 0x6d, 0x70, 0x65, 0x72, 0x65, 0x5f, 0x68, 0x6d,
  0x6d, 0x61, 0x5f, 0x66, 0x70, 0x31, 0x36, 0x5f, 0x74, 0x72, 0x61, 0x69,
  0x74, 0x73, 0x45, 0x4e, 0x53, 0x5f, 0x39, 0x43, 0x74, 0x61, 0x5f, 0x74,
  0x69, 0x6c, 0x65, 0x5f, 0x49, 0x4e, 0x53, 0x5f, 0x36, 0x41, 0x6d, 0x70,
  0x65, 0x72, 0x65, 0x45, 0x4c, 0x69, 0x36, 0x34, 0x45, 0x4c, 0x69, 0x31,
  0x32, 0x38, 0x45, 0x4c, 0x69, 0x33, 0x32, 0x45, 0x4c, 0x69, 0x31, 0x32,
  0x38, 0x45, 0x4c, 0x69, 0x33, 0x32, 0x45, 0x4c, 0x69, 0x34, 0x45, 0x4c,
  0x69, 0x31, 0x45, 0x4c, 0x69, 0x31, 0x45, 0x45, 0x45, 0x45, 0x43, 0x31,
  0x45, 0x50, 0x76, 0x69, 0x00, 0x5f, 0x5a, 0x4e, 0x34, 0x66, 0x6d, 0x68,
  0x61, 0x31, 0x36, 0x48, 0x6d, 0x6d, 0x61, 0x5f, 0x73, 0x6d, 0x65, 0x6d,
  0x5f, 0x74, 0x69, 0x6c, 0x65, 0x5f, 0x6f, 0x49, 0x4e, 0x53, 0x5f, 0x32,
  0x33, 0x41, 0x6d, 0x70, 0x65, 0x72, 0x65, 0x5f, 0x68, 0x6d, 0x6d, 0x61,
  0x5f, 0x66, 0x70, 0x31, 0x36, 0x5f, 0x74, 0x72, 0x61, 0x69, 0x74, 0x73,
  0x45, 0x4e, 0x53, 0x5f, 0x39, 0x43, 0x74, 0x61, 0x5f, 0x74, 0x69, 0x6c,
  0x65, 0x5f, 0x49, 0x4e, 0x53, 0x5f, 0x36, 0x41, 0x6d, 0x70, 0x65, 0x72,
  0x65, 0x45, 0x4c, 0x69, 0x36, 0x34, 0x45, 0x4c, 0x69, 0x31, 0x32, 0x38,
  0x45, 0x4c, 0x69, 0x33, 0x32, 0x45, 0x4c, 0x69, 0x31, 0x32, 0x38, 0x45,
  0x4c, 0x69, 0x33, 0x32, 0x45, 0x4c, 0x69, 0x34, 0x45, 0x4c, 0x69, 0x31,
  0x45, 0x4c, 0x69, 0x31, 0x45, 0x45, 0x45, 0x4c, 0x69, 0x34, 0x45, 0x45,
  0x43, 0x31, 0x45, 0x50, 0x76, 0x69, 0x00, 0x5f, 0x5a, 0x4e, 0x34, 0x66,
  0x6d, 0x68, 0x61, 0x31, 0x31, 0x53, 0x6d, 0x65, 0x6d, 0x5f, 0x74, 0x69,
  0x6c, 0x65, 0x5f, 0x6f, 0x49, 0x4e, 0x53, 0x5f, 0x32, 0x33, 0x41, 0x6d,
  0x70, 0x65, 0x72, 0x65, 0x5f, 0x68, 0x6d, 0x6d, 0x61, 0x5f, 0x66, 0x70,
  0x31, 0x36, 0x5f, 0x74, 0x72, 0x61, 0x69, 0x74, 0x73, 0x45, 0x4e, 0x53,
  0x5f, 0x39, 0x43, 0x74, 0x61, 0x5f, 0x74, 0x69, 0x6c, 0x65, 0x5f, 0x49,
  0x4e, 0x53, 0x5f, 0x36, 0x41, 0x6d, 0x70, 0x65, 0x72, 0x65, 0x45, 0x4c,
  0x69, 0x36, 0x34, 0x45, 0x4c, 0x69, 0x31, 0x32, 0x38, 0x45, 0x4c, 0x69,
  0x33, 0x32, 0x45, 0x4c, 0x69, 0x31, 0x32, 0x38, 0x45, 0x4c, 0x69, 0x33,
  0x32, 0x45, 0x4c, 0x69, 0x34, 0x45, 0x4c, 0x69, 0x31, 0x45, 0x4c, 0x69,
  0x31, 0x45, 0x45, 0x45, 0x45, 0x35, 0x73, 0x74, 0x6f, 0x72, 0x65, 0x49,
  0x4c, 0x69, 0x31, 0x45, 0x4c, 0x69, 0x38, 0x45, 0x45, 0x45, 0x76, 0x52,
  0x41, 0x54, 0x5f, 0x5f, 0x41, 0x54, 0x30, 0x5f, 0x5f, 0x4b, 0x4e, 0x53,
  0x5f, 0x32, 0x30, 0x46, 0x72, 0x61, 0x67, 0x6d, 0x65, 0x6e, 0x74, 0x5f,
  0x61, 0x63, 0x63, 0x75, 0x6d, 0x75, 0x6c, 0x61, 0x74, 0x6f, 0x72, 0x49,
  0x53, 0x31, 0x5f, 0x45, 0x45, 0x69, 0x00, 0x5f, 0x5a, 0x4e, 0x34, 0x66,
  0x6d, 0x68, 0x61, 0x31, 0x36, 0x48, 0x6d, 0x6d, 0x61, 0x5f, 0x73, 0x6d,
  0x65, 0x6d, 0x5f, 0x74, 0x69, 0x6c, 0x65, 0x5f, 0x6f, 0x49, 0x4e, 0x53,
  0x5f, 0x32, 0x33, 0x41, 0x6d, 0x70, 0x65, 0x72, 0x65, 0x5f, 0x68, 0x6d,
  0x6d, 0x61, 0x5f, 0x66, 0x70, 0x31, 0x36, 0x5f, 0x74, 0x72, 0x61, 0x69,
  0x74, 0x73, 0x45, 0x4e, 0x53, 0x5f, 0x39, 0x43, 0x74, 0x61, 0x5f, 0x74,
  0x69, 0x6c, 0x65, 0x5f, 0x49, 0x4e, 0x53, 0x5f, 0x36, 0x41, 0x6d, 0x70,
  0x65, 0x72, 0x65, 0x45, 0x4c, 0x69, 0x36, 0x34, 0x45, 0x4c, 0x69, 0x31,
  0x32, 0x38, 0x45, 0x4c, 0x69, 0x33, 0x32, 0x45, 0x4c, 0x69, 0x31, 0x32,
  0x38, 0x45, 0x4c, 0x69, 0x33, 0x32, 0x45, 0x4c, 0x69, 0x34, 0x45, 0x4c,
  0x69, 0x31, 0x45, 0x4c, 0x69, 0x31, 0x45, 0x45, 0x45, 0x4c, 0x69, 0x34,
  0x45, 0x45, 0x36, 0x73, 0x74, 0x6f, 0x72, 0x65, 0x5f, 0x49, 0x4e, 0x53,
  0x5f, 0x31, 0x37, 0x43, 0x6f, 0x6e, 0x76, 0x65, 0x72, 0x74, 0x5f, 0x66,
  0x72, 0x6f, 0x6d, 0x5f, 0x66, 0x70, 0x31, 0x36, 0x45, 0x4c, 0x69, 0x31,
  0x45, 0x4c, 0x69, 0x38, 0x45, 0x4e, 0x53, 0x5f, 0x32, 0x30, 0x46, 0x72,
  0x61, 0x67, 0x6d, 0x65, 0x6e, 0x74, 0x5f, 0x61, 0x63, 0x63, 0x75, 0x6d,
  0x75, 0x6c, 0x61, 0x74, 0x6f, 0x72, 0x49, 0x53, 0x31, 0x5f, 0x45, 0x45,
  0x45, 0x45, 0x76, 0x52, 0x41, 0x54, 0x30, 0x5f, 0x5f, 0x41, 0x54, 0x31,
  0x5f, 0x5f, 0x4b, 0x54, 0x32, 0x5f, 0x69, 0x00, 0x5f, 0x5a, 0x4e, 0x34,
  0x66, 0x6d, 0x68, 0x61, 0x33, 0x73, 0x74, 0x73, 0x45, 0x6a, 0x6a, 0x00,
  0x5f, 0x5a, 0x4e, 0x4b, 0x34, 0x66, 0x6d, 0x68, 0x61, 0x31, 0x36, 0x48,
  0x6d, 0x6d, 0x61, 0x5f, 0x73, 0x6d, 0x65, 0x6d, 0x5f, 0x74, 0x69, 0x6c,
  0x65, 0x5f, 0x6f, 0x49, 0x4e, 0x53, 0x5f, 0x32, 0x33, 0x41, 0x6d, 0x70,
  0x65, 0x72, 0x65, 0x5f, 0x68, 0x6d, 0x6d, 0x61, 0x5f, 0x66, 0x70, 0x31,
  0x36, 0x5f, 0x74, 0x72, 0x61, 0x69, 0x74, 0x73, 0x45, 0x4e, 0x53, 0x5f,
  0x39, 0x43, 0x74, 0x61, 0x5f, 0x74, 0x69, 0x6c, 0x65, 0x5f, 0x49, 0x4e,
  0x53, 0x5f, 0x36, 0x41, 0x6d, 0x70, 0x65, 0x72, 0x65, 0x45, 0x4c, 0x69,
  0x36, 0x34, 0x45, 0x4c, 0x69, 0x31, 0x32, 0x38, 0x45, 0x4c, 0x69, 0x33,
  0x32, 0x45, 0x4c, 0x69, 0x31, 0x32, 0x38, 0x45, 0x4c, 0x69, 0x33, 0x32,
  0x45, 0x4c, 0x69, 0x34, 0x45, 0x4c, 0x69, 0x31, 0x45, 0x4c, 0x69, 0x31,
  0x45, 0x45, 0x45, 0x4c, 0x69, 0x34, 0x45, 0x45, 0x34, 0x6c, 0x6f, 0x61,
  0x64, 0x45, 0x52, 0x41, 0x38, 0x5f, 0x35, 0x75, 0x69, 0x6e, 0x74, 0x34,
  0x00, 0x5f, 0x5a, 0x4e, 0x34, 0x66, 0x6d, 0x68, 0x61, 0x33, 0x6c, 0x64,
  0x73, 0x45, 0x52, 0x35, 0x75, 0x69, 0x6e, 0x74, 0x34, 0x6a, 0x00, 0x5f,
  0x5a, 0x4e, 0x34, 0x66, 0x6d, 0x68, 0x61, 0x32, 0x76, 0x32, 0x31, 0x36,
  0x48, 0x6d, 0x6d, 0x61, 0x5f, 0x67, 0x6d, 0x65, 0x6d, 0x5f, 0x74, 0x69,
  0x6c, 0x65, 0x5f, 0x6f, 0x49, 0x4e, 0x53, 0x5f, 0x32, 0x33, 0x41, 0x6d,
  0x70, 0x65, 0x72, 0x65, 0x5f, 0x68, 0x6d, 0x6d, 0x61, 0x5f, 0x66, 0x70,
  0x31, 0x36, 0x5f, 0x74, 0x72, 0x61, 0x69, 0x74, 0x73, 0x45, 0x4e, 0x53,
  0x5f, 0x39, 0x43, 0x74, 0x61, 0x5f, 0x74, 0x69, 0x6c, 0x65, 0x5f, 0x49,
  0x4e, 0x53, 0x5f, 0x36, 0x41, 0x6d, 0x70, 0x65, 0x72, 0x65, 0x45, 0x4c,
  0x69, 0x36, 0x34, 0x45, 0x4c, 0x69, 0x31, 0x32, 0x38, 0x45, 0x4c, 0x69,
  0x33, 0x32, 0x45, 0x4c, 0x69, 0x31, 0x32, 0x38, 0x45, 0x4c, 0x69, 0x33,
  0x32, 0x45, 0x4c, 0x69, 0x34, 0x45, 0x4c, 0x69, 0x31, 0x45, 0x4c, 0x69,
  0x31, 0x45, 0x45, 0x45, 0x4c, 0x69, 0x31, 0x45, 0x4c, 0x69, 0x31, 0x36,
  0x45, 0x4c, 0x69, 0x32, 0x45, 0x45, 0x35, 0x73, 0x74, 0x6f, 0x72, 0x65,
  0x45, 0x52, 0x41, 0x38, 0x5f, 0x4b, 0x35, 0x75, 0x69, 0x6e, 0x74, 0x34,
  0x69, 0x00, 0x5f, 0x5a, 0x4e, 0x34, 0x66, 0x6d, 0x68, 0x61, 0x33, 0x73,
  0x74, 0x67, 0x45, 0x50, 0x76, 0x35, 0x75, 0x69, 0x6e, 0x74, 0x34, 0x00,
  0xa6, 0x10, 0x00, 0x00, 0x02, 0x00, 0x10, 0x00, 0x00, 0x00, 0x01, 0x01,
  0xfb, 0x0e, 0x0a, 0x00, 0x01, 0x01, 0x01, 0x01, 0x00, 0x00, 0x00, 0x01,
  0x00, 0x00, 0x00, 0x09, 0x02, 0x00, 0x00, 0x00, 0x00, 0x00, 0x00, 0x00,
  0x00, 0x04, 0x00, 0x03, 0x12, 0x01, 0x03, 0x12, 0x02, 0x10, 0x01, 0xf6,
  0x03, 0x67, 0x02, 0x20, 0x01, 0x03, 0x19, 0x02, 0x10, 0x01, 0x03, 0x0c,
  0x02, 0x10, 0x01, 0x03, 0x7c, 0x02, 0x30, 0x01, 0xf1, 0xf1, 0xf2, 0xf1,
  0x03, 0x62, 0x02, 0x20, 0x01, 0x03, 0x11, 0x02, 0x10, 0x01, 0x03, 0x9c,
  0x01, 0x02, 0x10, 0x01, 0x03, 0x87, 0x7f, 0x02, 0x10, 0x01, 0x03, 0x54,
  0x02, 0x10, 0x01, 0x03, 0xd8, 0x01, 0x02, 0x20, 0x01, 0x03, 0xd4, 0x7e,
  0x02, 0x20, 0x01, 0x03, 0xac, 0x01, 0x02, 0x10, 0x01, 0x03, 0xa8, 0x7e,
  0x02, 0x10, 0x01, 0x03, 0x0b, 0x02, 0x10, 0x01, 0x03, 0x8b, 0x02, 0x02,
  0x10, 0x01, 0x03, 0xe2, 0x7e, 0x02, 0x10, 0x01, 0x03, 0x93, 0x7f, 0x02,
  0x10, 0x01, 0x03, 0xf0, 0x00, 0x02, 0x10, 0x01, 0x03, 0x0a, 0x02, 0x10,
  0x01, 0x03, 0xae, 0x7f, 0x02, 0x10, 0x01, 0x03, 0xca, 0x00, 0x02, 0x10,
  0x01, 0xf1, 0x03, 0x35, 0x02, 0x10, 0x01, 0x03, 0x4d, 0x02, 0x10, 0x01,
  0xf4, 0xf5, 0x03, 0x8f, 0x7f, 0x02, 0x10, 0x01, 0x03, 0xec, 0x00, 0x02,
  0x10, 0x01, 0xea, 0x03, 0x9b, 0x7f, 0x02, 0x10, 0x01, 0x03, 0xf2, 0x00,
  0x02, 0x10, 0x01, 0x03, 0x74, 0x02, 0x10, 0x01, 0x03, 0xef, 0x00, 0x02,
  0x10, 0x01, 0x03, 0xb1, 0x7e, 0x02, 0x10, 0x01, 0xea, 0x03, 0x99, 0x01,
  0x02, 0x10, 0x01, 0x03, 0x3d, 0x02, 0x10, 0x01, 0x03, 0x75, 0x02, 0x10,
  0x01, 0x03, 0xb6, 0x7e, 0x02, 0x10, 0x01, 0x03, 0x8a, 0x01, 0x02, 0x10,
  0x01, 0x03, 0xc1, 0x00, 0x02, 0x10, 0x01, 0x03, 0xb7, 0x7e, 0x02, 0x10,
  0x01, 0x03, 0x0e, 0x02, 0x10, 0x01, 0x03, 0xb8, 0x01, 0x02, 0x10, 0x01,
  0x03, 0x44, 0x02, 0x10, 0x01, 0x03, 0x86, 0x7f, 0x02, 0x10, 0x01, 0x03,
  0x74, 0x02, 0x10, 0x01, 0x03, 0x0e, 0x02, 0x10, 0x01, 0x03, 0xb5, 0x01,
  0x02, 0x10, 0x01, 0xf2, 0x03, 0xe8, 0x7e, 0x02, 0x10, 0x01, 0x03, 0x21,
  0x02, 0x10, 0x01, 0x03, 0x28, 0x02, 0x10, 0x01, 0x03, 0x10, 0x02, 0x10,
  0x01, 0x03, 0xfa, 0x7e, 0x02, 0x10, 0x01, 0x03, 0xc6, 0x01, 0x02, 0x10,
  0x01, 0x03, 0xb4, 0x7f, 0x02, 0x10, 0x01, 0x03, 0x19, 0x02, 0x10, 0x01,
  0x03, 0x74, 0x02, 0x10, 0x01, 0x03, 0x74, 0x02, 0x10, 0x01, 0x03, 0x0e,
  0x02, 0x20, 0x01, 0x03, 0x72, 0x02, 0x10, 0x01, 0x03, 0xa9, 0x7f, 0x02,
  0x20, 0x01, 0xf0, 0xee, 0x03, 0x01, 0x02, 0xd0, 0x02, 0x01, 0x03, 0x03,
  0x02, 0x80, 0x03, 0x01, 0x03, 0x1c, 0x02, 0x20, 0x01, 0x03, 0x01, 0x02,
  0x30, 0x01, 0xee, 0x03, 0x01, 0x02, 0xb0, 0x02, 0x01, 0x03, 0x03, 0x02,
  0xb0, 0x02, 0x01, 0xec, 0x03, 0x03, 0x02, 0x20, 0x01, 0xec, 0x03, 0x04,
  0x02, 0x30, 0x01, 0x03, 0x29, 0x02, 0x10, 0x01, 0x03, 0x24, 0x02, 0x10,
  0x01, 0x03, 0xda, 0x00, 0x02, 0x10, 0x01, 0x03, 0x8b, 0x7f, 0x02, 0x10,
  0x01, 0xf1, 0x03, 0xf3, 0x00, 0x02, 0x10, 0x01, 0x03, 0xa6, 0x7f, 0x02,
  0x10, 0x01, 0x03, 0xda, 0x00, 0x02, 0x10, 0x01, 0x03, 0xa6, 0x7f, 0x02,
  0x10, 0x01, 0x03, 0x25, 0x02, 0x10, 0x01, 0x03, 0xe9, 0x00, 0x02, 0x10,
  0x01, 0x03, 0x96, 0x7f, 0x02, 0x10, 0x01, 0x03, 0x5c, 0x02, 0x10, 0x01,
  0x03, 0x27, 0x02, 0x10, 0x01, 0x03, 0x4f, 0x02, 0x10, 0x01, 0x03, 0x71,
  0x02, 0x10, 0x01, 0x03, 0x1b, 0x02, 0x10, 0x01, 0x03, 0x24, 0x02, 0x10,
  0x01, 0x03, 0xe8, 0x00, 0x02, 0x10, 0x01, 0x03, 0x4e, 0x02, 0x10, 0x01,
  0x03, 0x9a, 0x7f, 0x02, 0x10, 0x01, 0x03, 0x32, 0x02, 0x10, 0x01, 0x03,
  0x5e, 0x02, 0x10, 0x01, 0x03, 0xd6, 0x00, 0x02, 0x10, 0x01, 0x03, 0xe6,
  0x04, 0x02, 0x10, 0x01, 0x03, 0xa2, 0x7b, 0x02, 0x10, 0x01, 0x03, 0x70,
  0x02, 0x10, 0x01, 0x03, 0x55, 0x02, 0xc0, 0x00, 0x01, 0x03, 0xaa, 0x7f,
  0x02, 0x10, 0x01, 0x03, 0x91, 0x01, 0x02, 0x10, 0x01, 0x03, 0x7a, 0x02,
  0x10, 0x01, 0x03, 0x0e, 0x02, 0x10, 0x01, 0x03, 0xd6, 0x04, 0x02, 0x10,
  0x01, 0x03, 0xe8, 0x7a, 0x02, 0x10, 0x01, 0x03, 0x3c, 0x02, 0x10, 0x01,
  0xf5, 0x03, 0xd6, 0x04, 0x02, 0x10, 0x01, 0x03, 0xb2, 0x7b, 0x02, 0x10,
  0x01, 0x03, 0xce, 0x04, 0x02, 0x10, 0x01, 0x03, 0xc1, 0x7a, 0x02, 0x10,
  0x01, 0x03, 0xbf, 0x05, 0x02, 0x10, 0x01, 0x03, 0xb2, 0x7b, 0x02, 0x10,
  0x01, 0x03, 0xce, 0x04, 0x02, 0x10, 0x01, 0x03, 0xf2, 0x7a, 0x02, 0x10,
  0x01, 0x03, 0x8e, 0x05, 0x02, 0x10, 0x01, 0x03, 0xc1, 0x7a, 0x02, 0x10,
  0x01, 0x03, 0xeb, 0x00, 0x02, 0x10, 0x01, 0x03, 0x0b, 0x02, 0x10, 0x01,
  0x03, 0xc9, 0x04, 0x02, 0x10, 0x01, 0x03, 0xef, 0x7a, 0x02, 0x10, 0x01,
  0x03, 0xc5, 0x00, 0x02, 0x10, 0x01, 0x03, 0xbe, 0x7f, 0x02, 0x10, 0x01,
  0x03, 0x8e, 0x05, 0x02, 0x10, 0x01, 0x03, 0xb7, 0x7b, 0x02, 0x10, 0x01,
  0x03, 0xc9, 0x04, 0x02, 0x10, 0x01, 0x03, 0xbf, 0x7b, 0x02, 0x10, 0x01,
  0x03, 0xc1, 0x04, 0x02, 0x10, 0x01, 0x03, 0xf0, 0x7a, 0x02, 0x10, 0x01,
  0x03, 0xc9, 0x00, 0x02, 0x10, 0x01, 0xf5, 0xf7, 0x03, 0xb9, 0x04, 0x02,
  0x10, 0x01, 0x03, 0xcf, 0x7b, 0x02, 0x10, 0x01, 0x03, 0x72, 0x02, 0x10,
  0x01, 0xf5, 0x03, 0x24, 0x02, 0x10, 0x01, 0x03, 0x65, 0x02, 0x10, 0x01,
  0x03, 0x79, 0x02, 0x10, 0x01, 0x03, 0x22, 0x02, 0x10, 0x01, 0xf7, 0x03,
  0x5e, 0x02, 0x10, 0x01, 0x03, 0x14, 0x02, 0x10, 0x01, 0x03, 0x2f, 0x02,
  0x10, 0x01, 0x03, 0xbe, 0x7f, 0x02, 0x10, 0x01, 0x03, 0x86, 0x7f, 0x02,
  0x10, 0x01, 0x03, 0x9b, 0x01, 0x02, 0x10, 0x01, 0x03, 0x7a, 0x02, 0x10,
  0x01, 0x03, 0x0e, 0x02, 0x10, 0x01, 0x03, 0xde, 0x7e, 0x02, 0x10, 0x01,
  0x03, 0xbb, 0x01, 0x02, 0x10, 0x01, 0xf4, 0x03, 0x5c, 0x02, 0x10, 0x01,
  0xf5, 0x03, 0xde, 0x7e, 0x02, 0x10, 0x01, 0x03, 0xc0, 0x01, 0x02, 0x10,
  0x01, 0xf4, 0x03, 0x5f, 0x02, 0x10, 0x01, 0x03, 0x82, 0x04, 0x02, 0x10,
  0x01, 0x03, 0xbd, 0x7c, 0x02, 0x10, 0x01, 0x03, 0xa0, 0x7e, 0x02, 0x10,
  0x01, 0x03, 0xc2, 0x01, 0x02, 0x10, 0x01, 0x03, 0x73, 0x02, 0x10, 0x01,
  0x03, 0x34, 0x02, 0x10, 0x01, 0x03, 0x98, 0x7e, 0x02, 0x10, 0x01, 0x03,
  0xa3, 0x05, 0x02, 0x10, 0x01, 0x03, 0x96, 0x7c, 0x02, 0x10, 0x01, 0x03,
  0x38, 0x02, 0x10, 0x01, 0x03, 0x91, 0x7e, 0x02, 0x10, 0x01, 0x03, 0x81,
  0x02, 0x02, 0x10, 0x01, 0x03, 0xbb, 0x7f, 0x02, 0x10, 0x01, 0x03, 0xce,
  0x00, 0x02, 0x10, 0x01, 0x03, 0x97, 0x03, 0x02, 0x10, 0x01, 0x03, 0xf2,
  0x7c, 0x02, 0x10, 0x01, 0x03, 0xae, 0x7f, 0x02, 0x10, 0x01, 0x03, 0x82,
  0x02, 0x02, 0x10, 0x01, 0x03, 0xde, 0x01, 0x02, 0x10, 0x01, 0x03, 0xab,
  0x7e, 0x02, 0x10, 0x01, 0x03, 0xfb, 0x7d, 0x02, 0x10, 0x01, 0x03, 0x8e,
  0x02, 0x02, 0x10, 0x01, 0x03, 0xcc, 0x01, 0x02, 0x10, 0x01, 0x03, 0x8b,
  0x7d, 0x02, 0x10, 0x01, 0x03, 0x85, 0x01, 0x02, 0x10, 0x01, 0x03, 0x09,
  0x02, 0x10, 0x01, 0x03, 0x65, 0x02, 0x10, 0x01, 0x03, 0x09, 0x02, 0x10,
  0x01, 0x03, 0x93, 0x7f, 0x02, 0x10, 0x01, 0x03, 0x0f, 0x02, 0x10, 0x01,
  0x03, 0x1e, 0x02, 0x10, 0x01, 0x03, 0x0f, 0x02, 0x10, 0x01, 0x03, 0x0f,
  0x02, 0x10, 0x01, 0x03, 0xc7, 0x7e, 0x02, 0x10, 0x01, 0xf3, 0x03, 0x11,
  0x02, 0x10, 0x01, 0x03, 0x09, 0x02, 0x10, 0x01, 0x03, 0x09, 0x02, 0x10,
  0x01, 0x03, 0x65, 0x02, 0x10, 0x01, 0x03, 0x24, 0x02, 0x10, 0x01, 0x03,
  0x09, 0x02, 0x10, 0x01, 0x03, 0x09, 0x02, 0x10, 0x01, 0x03, 0x92, 0x03,
  0x02, 0x10, 0x01, 0x03, 0xf7, 0x7c, 0x02, 0x10, 0x01, 0x03, 0x09, 0x02,
  0x10, 0x01, 0xf6, 0xf7, 0xf6, 0xf7, 0xf6, 0xf7, 0xf6, 0xf7, 0xf6, 0xf7,
  0xf6, 0xf7, 0xf6, 0xf7, 0xf6, 0x03, 0x0a, 0x02, 0x10, 0x01, 0x03, 0x09,
  0x02, 0x10, 0x01, 0x03, 0x09, 0x02, 0x10, 0x01, 0x03, 0x09, 0x02, 0x10,
  0x01, 0x03, 0x09, 0x02, 0x10, 0x01, 0x03, 0x09, 0x02, 0x10, 0x01, 0x03,
  0x09, 0x02, 0x10, 0x01, 0x03, 0x09, 0x02, 0x10, 0x01, 0xf7, 0xf6, 0xf6,
  0xf6, 0xf6, 0xf6, 0xf6, 0xf6, 0x03, 0x8e, 0x01, 0x02, 0x10, 0x01, 0x03,
  0x16, 0x02, 0x10, 0x01, 0x03, 0x02, 0x02, 0x20, 0x01, 0x03, 0xe0, 0x7a,
  0x02, 0x20, 0x01, 0x03, 0xa3, 0x05, 0x02, 0x10, 0x01, 0x03, 0x68, 0x02,
  0x10, 0x01, 0x03, 0x19, 0x02, 0x10, 0x01, 0x03, 0x13, 0x02, 0x10, 0x01,
  0x03, 0x6e, 0x02, 0x10, 0x01, 0xf0, 0x03, 0xaf, 0x7a, 0x02, 0x20, 0x01,
  0x03, 0xd2, 0x05, 0x02, 0x10, 0x01, 0x03, 0x10, 0x02, 0x10, 0x01, 0x03,
  0x71, 0x02, 0x10, 0x01, 0x03, 0xf6, 0x79, 0x02, 0x10, 0x01, 0x03, 0x91,
  0x06, 0x02, 0x10, 0x01, 0x03, 0xf0, 0x79, 0x02, 0x10, 0x01, 0x03, 0x95,
  0x06, 0x02, 0x10, 0x01, 0x03, 0x5e, 0x02, 0x10, 0x01, 0xf1, 0x03, 0x8c,
  0x7a, 0x02, 0x10, 0x01, 0x03, 0x90, 0x06, 0x02, 0x10, 0x01, 0x03, 0x66,
  0x02, 0x10, 0x01, 0x03, 0x77, 0x02, 0x10, 0x01, 0x03, 0x0a, 0x02, 0x10,
  0x01, 0x03, 0x78, 0x02, 0x10, 0x01, 0x03, 0x26, 0x02, 0x10, 0x01, 0x03,
  0x75, 0x02, 0x10, 0x01, 0x03, 0x6e, 0x02, 0x10, 0x01, 0x03, 0x78, 0x02,
  0x10, 0x01, 0x03, 0x25, 0x02, 0x10, 0x01, 0x03, 0x76, 0x02, 0x10, 0x01,
  0x03, 0x70, 0x02, 0x10, 0x01, 0x03, 0x18, 0x02, 0x10, 0x01, 0x03, 0x69,
  0x02, 0x10, 0x01, 0x03, 0x1f, 0x02, 0x10, 0x01, 0xf0, 0xf0, 0x03, 0x06,
  0x02, 0x20, 0x01, 0xec, 0x03, 0x36, 0x02, 0x10, 0x01, 0x03, 0x4e, 0x02,
  0x10, 0x01, 0xf7, 0x03, 0x78, 0x02, 0x10, 0x01, 0xf7, 0x03, 0x7b, 0x02,
  0x30, 0x01, 0x03, 0x30, 0x02, 0x10, 0x01, 0x03, 0x57, 0x02, 0x10, 0x01,
  0x03, 0x7a, 0x02, 0x10, 0x01, 0x03, 0x2f, 0x02, 0x10, 0x01, 0x03, 0x57,
  0x02, 0x10, 0x01, 0x03, 0x11, 0x02, 0x10, 0x01, 0x03, 0x20, 0x02, 0x10,
  0x01, 0x03, 0x60, 0x02, 0x10, 0x01, 0x03, 0x7a, 0x02, 0x10, 0x01, 0x03,
  0x70, 0x02, 0xc0, 0x00, 0x01, 0x03, 0x1e, 0x02, 0x10, 0x01, 0x03, 0x7a,
  0x02, 0x10, 0x01, 0x03, 0x69, 0x02, 0x10, 0x01, 0x03, 0x35, 0x02, 0x10,
  0x01, 0x03, 0x68, 0x02, 0x10, 0x01, 0xf7, 0x03, 0x21, 0x02, 0x10, 0x01,
  0x03, 0x59, 0x02, 0x10, 0x01, 0xf5, 0x03, 0x0b, 0x02, 0x10, 0x01, 0xf0,
  0x03, 0x76, 0x02, 0x10, 0x01, 0x03, 0x1f, 0x02, 0x10, 0x01, 0xf7, 0x03,
  0x64, 0x02, 0x10, 0x01, 0xf0, 0x03, 0x1b, 0x02, 0x10, 0x01, 0x03, 0x72,
  0x02, 0x10, 0x01, 0x03, 0x16, 0x02, 0x10, 0x01, 0x03, 0x72, 0x02, 0x10,
  0x01, 0x03, 0x0e, 0x02, 0x10, 0x01, 0x03, 0x7a, 0x02, 0x10, 0x01, 0xf7,
  0xf5, 0x03, 0x31, 0x02, 0x10, 0x01, 0x03, 0xf6, 0x03, 0x02, 0x20, 0x01,
  0x03, 0x93, 0x7c, 0x02, 0x20, 0x01, 0x03, 0x09, 0x02, 0x10, 0x01, 0x03,
  0x09, 0x02, 0x10, 0x01, 0x03, 0x09, 0x02, 0x10, 0x01, 0x03, 0x09, 0x02,
  0x10, 0x01, 0x03, 0x09, 0x02, 0x10, 0x01, 0x03, 0x09, 0x02, 0x10, 0x01,
  0x03, 0x09, 0x02, 0x10, 0x01, 0x03, 0x09, 0x02, 0x10, 0x01, 0x03, 0x09,
  0x02, 0x10, 0x01, 0x03, 0x09, 0x02, 0x10, 0x01, 0x03, 0x09, 0x02, 0x10,
  0x01, 0x03, 0x09, 0x02, 0x10, 0x01, 0x03, 0x09, 0x02, 0x10, 0x01, 0x03,
  0x09, 0x02, 0x10, 0x01, 0x03, 0x09, 0x02, 0x10, 0x01, 0x03, 0x09, 0x02,
  0x10, 0x01, 0x03, 0x09, 0x02, 0x10, 0x01, 0x03, 0x09, 0x02, 0x10, 0x01,
  0x03, 0x09, 0x02, 0x10, 0x01, 0x03, 0x09, 0x02, 0x10, 0x01, 0x03, 0x09,
  0x02, 0x10, 0x01, 0x03, 0x09, 0x02, 0x10, 0x01, 0x03, 0x09, 0x02, 0x10,
  0x01, 0x03, 0x09, 0x02, 0x10, 0x01, 0x03, 0x09, 0x02, 0x10, 0x01, 0x03,
  0x09, 0x02, 0x10, 0x01, 0x03, 0x0b, 0x02, 0x10, 0x01, 0x03, 0x09, 0x02,
  0x10, 0x01, 0x03, 0x09, 0x02, 0x10, 0x01, 0x03, 0x09, 0x02, 0x10, 0x01,
  0xf6, 0x03, 0x0c, 0x02, 0x10, 0x01, 0xea, 0x03, 0x10, 0x02, 0x10, 0x01,
  0xea, 0x03, 0x10, 0x02, 0x10, 0x01, 0x03, 0x12, 0x02, 0x10, 0x01, 0x03,
  0x69, 0x02, 0x10, 0x01, 0x03, 0x1d, 0x02, 0x10, 0x01, 0x03, 0x6e, 0x02,
  0x10, 0x01, 0x03, 0xd0, 0x00, 0x02, 0x10, 0x01, 0x03, 0x4f, 0x02, 0x10,
  0x01, 0x03, 0x3a, 0x02, 0x10, 0x01, 0x03, 0x4c, 0x02, 0x10, 0x01, 0x03,
  0x30, 0x02, 0x10, 0x01, 0x03, 0x5d, 0x02, 0x10, 0x01, 0x03, 0x2c, 0x02,
  0x10, 0x01, 0xf3, 0x03, 0x56, 0x02, 0x10, 0x01, 0x03, 0x33, 0x02, 0x10,
  0x01, 0x03, 0x0e, 0x02, 0x10, 0x01, 0x03, 0x6e, 0x02, 0x10, 0x01, 0x03,
  0x17, 0x02, 0x10, 0x01, 0x03, 0x72, 0x02, 0x10, 0x01, 0x03, 0x18, 0x02,
  0x10, 0x01, 0xf4, 0x03, 0xb8, 0x7f, 0x02, 0x10, 0x01, 0xf5, 0x03, 0xcc,
  0x00, 0x02, 0x10, 0x01, 0xf4, 0x03, 0x0a, 0x02, 0x10, 0x01, 0xf4, 0x03,
  0x08, 0x02, 0x30, 0x01, 0xf3, 0xf1, 0x03, 0x0a, 0x02, 0x10, 0x01, 0xf3,
  0x03, 0xcc, 0x00, 0x02, 0x10, 0x01, 0x03, 0xaa, 0x7f, 0x02, 0x10, 0x01,
  0x03, 0xde, 0x00, 0x02, 0x10, 0x01, 0x03, 0xaf, 0x7f, 0x02, 0x10, 0x01,
  0xf1, 0xf0, 0x03, 0xd5, 0x00, 0x02, 0x10, 0x01, 0x03, 0x9c, 0x7f, 0x02,
  0x10, 0x01, 0x03, 0x10, 0x02, 0x10, 0x01, 0x03, 0xd6, 0x00, 0x02, 0x10,
  0x01, 0x03, 0xaf, 0x7f, 0x02, 0x10, 0x01, 0x03, 0x6c, 0x02, 0x10, 0x01,
  0x03, 0xe6, 0x00, 0x02, 0x10, 0x01, 0x03, 0xa2, 0x7f, 0x02, 0x10, 0x01,
  0x03, 0x0e, 0x02, 0x10, 0x01, 0x03, 0xc2, 0x00, 0x02, 0x10, 0x01, 0x03,
  0x0f, 0x02, 0x10, 0x01, 0x03, 0xb1, 0x7f, 0x02, 0x10, 0x01, 0x03, 0x69,
  0x02, 0x10, 0x01, 0x03, 0xea, 0x00, 0x02, 0x10, 0x01, 0x03, 0xae, 0x7f,
  0x02, 0x10, 0x01, 0x03, 0x10, 0x02, 0x10, 0x01, 0x03, 0x71, 0x02, 0x10,
  0x01, 0x03, 0x11, 0x02, 0x10, 0x01, 0x03, 0xcf, 0x00, 0x02, 0x10, 0x01,
  0x03, 0xa1, 0x7f, 0x02, 0x10, 0x01, 0x03, 0xd2, 0x00, 0x02, 0x10, 0x01,
  0x03, 0xb2, 0x7f, 0x02, 0x10, 0x01, 0x03, 0x0e, 0x02, 0x10, 0x01, 0x03,
  0x74, 0x02, 0x10, 0x01, 0x03, 0xd2, 0x00, 0x02, 0x10, 0x01, 0x03, 0xb0,
  0x7f, 0x02, 0x10, 0x01, 0x03, 0x0b, 0x02, 0x10, 0x01, 0x03, 0x76, 0x02,
  0x10, 0x01, 0x03, 0x79, 0x02, 0x10, 0x01, 0x03, 0x12, 0x02, 0x10, 0x01,
  0x03, 0xc0, 0x00, 0x02, 0x10, 0x01, 0x03, 0xb6, 0x7f, 0x02, 0x10, 0x01,
  0x03, 0x38, 0x02, 0x10, 0x01, 0x03, 0x53, 0x02, 0x10, 0x01, 0x03, 0xcc,
  0x00, 0x02, 0x10, 0x01, 0x03, 0xaa, 0x7f, 0x02, 0x10, 0x01, 0x03, 0xcf,
  0x00, 0x02, 0x10, 0x01, 0x03, 0xbf, 0x7f, 0x02, 0x10, 0x01, 0x03, 0xe5,
  0x00, 0x02, 0x10, 0x01, 0x03, 0xbd, 0x7f, 0x02, 0x10, 0x01, 0x03, 0x52,
  0x02, 0x10, 0x01, 0x03, 0xcf, 0x00, 0x02, 0x10, 0x01, 0x03, 0xbf, 0x7f,
  0x02, 0x10, 0x01, 0x03, 0xcc, 0x00, 0x02, 0x10, 0x01, 0x03, 0xb6, 0x7f,
  0x02, 0x10, 0x01, 0xf6, 0x03, 0x7a, 0x02, 0x10, 0x01, 0x03, 0x11, 0x02,
  0x10, 0x01, 0x03, 0x68, 0x02, 0x10, 0x01, 0xf7, 0x03, 0xc4, 0x00, 0x02,
  0x10, 0x01, 0x03, 0x5c, 0x02, 0x10, 0x01, 0x03, 0x61, 0x02, 0x10, 0x01,
  0x03, 0xcf, 0x00, 0x02, 0x10, 0x01, 0x03, 0x7a, 0x02, 0x10, 0x01, 0x03,
  0x0e, 0x02, 0x10, 0x01, 0x03, 0xab, 0x7f, 0x02, 0x10, 0x01, 0xf3, 0x03,
  0x0b, 0x02, 0x10, 0x01, 0x03, 0x77, 0x02, 0x10, 0x01, 0x03, 0x0b, 0x02,
  0x10, 0x01, 0x03, 0x76, 0x02, 0x10, 0x01, 0x03, 0x0b, 0x02, 0x10, 0x01,
  0x03, 0x10, 0x02, 0x10, 0x01, 0x03, 0x66, 0x02, 0x10, 0x01, 0x03, 0xc1,
  0x00, 0x02, 0x10, 0x01, 0x03, 0x4a, 0x02, 0x10, 0x01, 0x03, 0x76, 0x02,
  0x10, 0x01, 0x03, 0xc6, 0x00, 0x02, 0x10, 0x01, 0x03, 0x45, 0x02, 0x10,
  0x01, 0x03, 0xc3, 0x00, 0x02, 0x10, 0x01, 0xf4, 0x03, 0xaf, 0x7f, 0x02,
  0x10, 0x01, 0x03, 0xc6, 0x00, 0x02, 0x10, 0x01, 0x03, 0x45, 0x02, 0x10,
  0x01, 0x03, 0xc3, 0x00, 0x02, 0x10, 0x01, 0xf2, 0x03, 0x10, 0x02, 0x10,
  0x01, 0x03, 0x22, 0x02, 0x10, 0x01, 0x03, 0x60, 0x02, 0x10, 0x01, 0x03,
  0x2a, 0x02, 0x10, 0x01, 0x03, 0x5a, 0x02, 0x10, 0x01, 0xed, 0xf3, 0x03,
  0x28, 0x02, 0x10, 0x01, 0x03, 0x5b, 0x02, 0x10, 0x01, 0x03, 0x23, 0x02,
  0x10, 0x01, 0x03, 0x5f, 0x02, 0x10, 0x01, 0x03, 0x27, 0x02, 0x10, 0x01,
  0x03, 0x5d, 0x02, 0x10, 0x01, 0x03, 0x79, 0x02, 0x10, 0x01, 0x03, 0x09,
  0x02, 0x10, 0x01, 0x03, 0x25, 0x02, 0x10, 0x01, 0x03, 0x5f, 0x02, 0x10,
  0x01, 0x03, 0x1b, 0x02, 0x10, 0x01, 0x03, 0x5d, 0x02, 0x10, 0x01, 0x03,
  0x0a, 0x02, 0x10, 0x01, 0x03, 0x23, 0x02, 0x10, 0x01, 0x03, 0xbb, 0x7f,
  0x02, 0x10, 0x01, 0x03, 0x26, 0x02, 0x10, 0x01, 0x03, 0x19, 0x02, 0x10,
  0x01, 0x03, 0x5f, 0x02, 0x10, 0x01, 0x03, 0x25, 0x02, 0x10, 0x01, 0x03,
  0x61, 0x02, 0x10, 0x01, 0x03, 0x5e, 0x02, 0x10, 0x01, 0xf1, 0x03, 0x29,
  0x02, 0x10, 0x01, 0xf3, 0x03, 0x18, 0x02, 0x10, 0x01, 0x03, 0x5f, 0x02,
  0x10, 0x01, 0x03, 0x5e, 0x02, 0x10, 0x01, 0x03, 0xc1, 0x00, 0x02, 0x10,
  0x01, 0x03, 0x68, 0x02, 0x10, 0x01, 0xf3, 0x03, 0x77, 0x02, 0x10, 0x01,
  0x03, 0x21, 0x02, 0x10, 0x01, 0xf6, 0xf6, 0x03, 0x7a, 0x02, 0x10, 0x01,
  0xf6, 0x03, 0x7a, 0x02, 0x10, 0x01, 0xf6, 0x03, 0x09, 0x02, 0x10, 0x01,
  0x03, 0x71, 0x02, 0x10, 0x01, 0xf6, 0x03, 0x7a, 0x02, 0x10, 0x01, 0xf6,
  0x03, 0x7a, 0x02, 0x10, 0x01, 0xf6, 0x03, 0x7a, 0x02, 0x10, 0x01, 0xf6,
  0xf6, 0x03, 0x09, 0x02, 0x10, 0x01, 0xf4, 0xf4, 0xf4, 0xf2, 0x03, 0x0f,
  0x02, 0x10, 0x01, 0x03, 0x9d, 0x01, 0x02, 0x10, 0x01, 0xec, 0x03, 0x0c,
  0x02, 0x10, 0x01, 0xf2, 0x03, 0x75, 0x02, 0x10, 0x01, 0xec, 0x03, 0x0c,
  0x02, 0x10, 0x01, 0xf2, 0x03, 0x76, 0x02, 0x10, 0x01, 0xeb, 0xf6, 0x03,
  0x09, 0x02, 0x10, 0x01, 0xf2, 0x03, 0x72, 0x02, 0x10, 0x01, 0xf2, 0x03,
  0x09, 0x02, 0x10, 0x01, 0xf2, 0x03, 0xc5, 0x7e, 0x02, 0x10, 0x01, 0x03,
  0xaa, 0x01, 0x02, 0x10, 0x01, 0x03, 0xd9, 0x7e, 0x02, 0x10, 0x01, 0x03,
  0xb0, 0x01, 0x02, 0x10, 0x01, 0xf2, 0x03, 0x77, 0x02, 0x10, 0x01, 0x03,
  0xda, 0x7e, 0x02, 0x10, 0x01, 0x03, 0xd1, 0x01, 0x02, 0x10, 0x01, 0x03,
  0x58, 0x02, 0x10, 0x01, 0x03, 0x29, 0x02, 0x10, 0x01, 0xf4, 0x03, 0xb9,
  0x7e, 0x02, 0x10, 0x01, 0x03, 0xc8, 0x01, 0x02, 0x10, 0x01, 0x03, 0x5a,
  0x02, 0x10, 0x01, 0xf3, 0xf2, 0x03, 0x0c, 0x02, 0x10, 0x01, 0xec, 0x03,
  0x75, 0x02, 0x10, 0x01, 0xf2, 0xf4, 0x03, 0x76, 0x02, 0x10, 0x01, 0x03,
  0x1f, 0x02, 0x10, 0x01, 0x03, 0x6f, 0x02, 0x10, 0x01, 0xec, 0x03, 0x15,
  0x02, 0x10, 0x01, 0x03, 0x6c, 0x02, 0x10, 0x01, 0x03, 0x19, 0x02, 0x10,
  0x01, 0xf0, 0x03, 0x5d, 0x02, 0x10, 0x01, 0x03, 0x25, 0x02, 0x10, 0x01,
  0x03, 0x5f, 0x02, 0x10, 0x01, 0x03, 0x33, 0x02, 0x10, 0x01, 0x03, 0x4c,
  0x02, 0x10, 0x01, 0xf1, 0xf6, 0x03, 0x7a, 0x02, 0x10, 0x01, 0x03, 0x36,
  0x02, 0x10, 0x01, 0x03, 0x52, 0x02, 0x10, 0x01, 0xf1, 0x03, 0x30, 0x02,
  0x10, 0x01, 0x03, 0x51, 0x02, 0x10, 0x01, 0xed, 0xf3, 0xf0, 0x03, 0x13,
  0x02, 0x10, 0x01, 0x03, 0x6b, 0x02, 0x10, 0x01, 0x03, 0x16, 0x02, 0x10,
  0x01, 0x03, 0x6d, 0x02, 0x10, 0x01, 0x03, 0x18, 0x02, 0x10, 0x01, 0xf0,
  0x03, 0x17, 0x02, 0x10, 0x01, 0x03, 0x65, 0x02, 0x10, 0x01, 0xf0, 0xf4,
  0xf0, 0xf1, 0x03, 0x9b, 0x7e, 0x02, 0x10, 0x01, 0x03, 0x0c, 0x02, 0x10,
  0x01, 0x03, 0xee, 0x01, 0x02, 0x10, 0x01, 0x03, 0x93, 0x7e, 0x02, 0x10,
  0x01, 0x03, 0x74, 0x02, 0x10, 0x01, 0xf0, 0x03, 0x0c, 0x02, 0x10, 0x01,
  0x03, 0xf9, 0x01, 0x02, 0x10, 0x01, 0x03, 0xff, 0x7d, 0x02, 0x10, 0x01,
  0x03, 0xf8, 0x01, 0x02, 0x10, 0x01, 0x03, 0x99, 0x7e, 0x02, 0x10, 0x01,
  0x03, 0xea, 0x01, 0x02, 0x10, 0x01, 0x03, 0x9e, 0x7e, 0x02, 0x10, 0x01,
  0xf7, 0xf7, 0xf7, 0xf7, 0xf7, 0xf7, 0xf7, 0xf7, 0xf7, 0xf7, 0xf7, 0x03,
  0x8e, 0x01, 0x02, 0x10, 0x01, 0x03, 0xfa, 0x7e, 0x02, 0x10, 0x01, 0xf7,
  0x03, 0x81, 0x01, 0x02, 0x10, 0x01, 0x03, 0x89, 0x7e, 0x02, 0x10, 0x01,
  0x03, 0xfe, 0x00, 0x02, 0x10, 0x01, 0x03, 0x8c, 0x7f, 0x02, 0x10, 0x01,
  0xf7, 0xf7, 0xf7, 0xf7, 0xf7, 0xf7, 0xf7, 0xf7, 0xf7, 0xf7, 0xf7, 0xf7,
  0xf7, 0xf7, 0xf7, 0x03, 0xf9, 0x00, 0x02, 0x10, 0x01, 0xf6, 0x03, 0x12,
  0x02, 0x10, 0x01, 0x03, 0x73, 0x02, 0x10, 0x01, 0x03, 0x11, 0x02, 0x10,
  0x01, 0x03, 0x74, 0x02, 0x10, 0x01, 0x03, 0x0f, 0x02, 0x10, 0x01, 0x03,
  0x76, 0x02, 0x10, 0x01, 0x03, 0x0e, 0x02, 0x10, 0x01, 0xf2, 0xf2, 0x03,
  0x09, 0x02, 0x10, 0x01, 0xf2, 0x03, 0x72, 0x02, 0x10, 0x01, 0xf2, 0x03,
  0x09, 0x02, 0x10, 0x01, 0xf2, 0x03, 0x72, 0x02, 0x10, 0x01, 0xf3, 0xf2,
  0x03, 0x09, 0x02, 0x10, 0x01, 0xf2, 0x03, 0x72, 0x02, 0x10, 0x01, 0xf2,
  0x03, 0x09, 0x02, 0x10, 0x01, 0x03, 0x72, 0x02, 0x10, 0x01, 0x03, 0x11,
  0x02, 0x10, 0x01, 0xf4, 0xec, 0x03, 0x0c, 0x02, 0x10, 0x01, 0xf2, 0x03,
  0x75, 0x02, 0x10, 0x01, 0xec, 0x03, 0x75, 0x02, 0x10, 0x01, 0x03, 0x10,
  0x02, 0x10, 0x01, 0xf6, 0xf2, 0x03, 0x79, 0x02, 0x10, 0x01, 0xed, 0x03,
  0x0b, 0x02, 0x10, 0x01, 0x03, 0x67, 0x02, 0x10, 0x01, 0x03, 0x11, 0x02,
  0x10, 0x01, 0x03, 0x09, 0x02, 0x10, 0x01, 0x03, 0x5d, 0x02, 0x10, 0x01,
  0xf2, 0x03, 0x09, 0x02, 0x10, 0x01, 0xf2, 0x03, 0x1c, 0x02, 0x10, 0x01,
  0xf0, 0x03, 0x69, 0x02, 0x10, 0x01, 0xec, 0x03, 0x1f, 0x02, 0x10, 0x01,
  0xf2, 0xed, 0x03, 0x73, 0x02, 0x10, 0x01, 0x03, 0x79, 0x02, 0x10, 0x01,
  0xf7, 0xea, 0x03, 0x77, 0x02, 0x10, 0x01, 0xf2, 0x03, 0x13, 0x02, 0x10,
  0x01, 0x03, 0x11, 0x02, 0x10, 0x01, 0x03, 0x70, 0x02, 0x10, 0x01, 0x03,
  0x75, 0x02, 0x10, 0x01, 0x03, 0x11, 0x02, 0x10, 0x01, 0xf3, 0xed, 0xf2,
  0x03, 0x6d, 0x02, 0x10, 0x01, 0x03, 0x19, 0x02, 0x10, 0x01, 0xeb, 0xf0,
  0x03, 0x0c, 0x02, 0x10, 0x01, 0x03, 0x79, 0x02, 0x10, 0x01, 0xf0, 0xf1,
  0x03, 0x15, 0x02, 0x10, 0x01, 0x03, 0x74, 0x02, 0x10, 0x01, 0x03, 0x10,
  0x02, 0x10, 0x01, 0x03, 0x74, 0x02, 0x10, 0x01, 0x03, 0x0f, 0x02, 0x10,
  0x01, 0x03, 0x76, 0x02, 0x10, 0x01, 0x03, 0x0e, 0x02, 0x10, 0x01, 0x03,
  0xec, 0x00, 0x02, 0x10, 0x01, 0x03, 0x72, 0x02, 0x10, 0x01, 0xf6, 0x03,
  0x0e, 0x02, 0x10, 0x01, 0x03, 0x94, 0x7f, 0x02, 0x10, 0x01, 0xf4, 0xf3,
  0xf4, 0xf3, 0xf3, 0xf3, 0xf3, 0xf3, 0xf3, 0xf3, 0xf3, 0xf3, 0xf3, 0xf3,
  0xf3, 0xf3, 0xf3, 0xf3, 0x03, 0xc1, 0x00, 0x02, 0x10, 0x01, 0x03, 0x09,
  0x02, 0x10, 0x01, 0x03, 0x09, 0x02, 0x10, 0x01, 0x03, 0x09, 0x02, 0x10,
  0x01, 0x03, 0x09, 0x02, 0x10, 0x01, 0x03, 0x09, 0x02, 0x10, 0x01, 0x03,
  0x09, 0x02, 0x10, 0x01, 0x03, 0x09, 0x02, 0x10, 0x01, 0x03, 0x09, 0x02,
  0x10, 0x01, 0x03, 0x09, 0x02, 0x10, 0x01, 0x03, 0x09, 0x02, 0x10, 0x01,
  0x03, 0x09, 0x02, 0x10, 0x01, 0x03, 0x09, 0x02, 0x10, 0x01, 0x03, 0x09,
  0x02, 0x10, 0x01, 0x03, 0x09, 0x02, 0x10, 0x01, 0x03, 0x09, 0x02, 0x10,
  0x01, 0x03, 0xdf, 0x7e, 0x02, 0x10, 0x01, 0xf4, 0xf4, 0xf4, 0x03, 0x9d,
  0x01, 0x02, 0x10, 0x01, 0x03, 0x09, 0x02, 0x10, 0x01, 0x03, 0x09, 0x02,
  0x10, 0x01, 0x03, 0x09, 0x02, 0x10, 0x01, 0x03, 0x09, 0x02, 0x10, 0x01,
  0x03, 0x09, 0x02, 0x10, 0x01, 0x03, 0x09, 0x02, 0x10, 0x01, 0x03, 0x09,
  0x02, 0x10, 0x01, 0x03, 0x09, 0x02, 0x10, 0x01, 0x03, 0x09, 0x02, 0x10,
  0x01, 0x03, 0x09, 0x02, 0x10, 0x01, 0x03, 0x09, 0x02, 0x10, 0x01, 0x03,
  0x09, 0x02, 0x10, 0x01, 0x03, 0x09, 0x02, 0x10, 0x01, 0x03, 0x09, 0x02,
  0x10, 0x01, 0x03, 0x09, 0x02, 0x10, 0x01, 0xf3, 0xf5, 0xf3, 0xf3, 0xf3,
  0xf3, 0xf3, 0xf3, 0xf3, 0xf3, 0xf3, 0xf3, 0xf3, 0xf3, 0xf3, 0xf3, 0xf3,
  0xf6, 0xf1, 0x03, 0x1d, 0x02, 0xc0, 0x00, 0x01, 0x03, 0x68, 0x02, 0x10,
  0x01, 0xf2, 0x03, 0xa7, 0x01, 0x02, 0x10, 0x01, 0x03, 0xe6, 0x7e, 0x02,
  0x10, 0x01, 0x03, 0x73, 0x02, 0x10, 0x01, 0x03, 0xd6, 0x03, 0x02, 0x10,
  0x01, 0x03, 0xad, 0x7c, 0x02, 0x20, 0x01, 0x03, 0xdb, 0x03, 0x02, 0x10,
  0x01, 0x03, 0x79, 0x02, 0x10, 0x01, 0x03, 0xba, 0x7c, 0x02, 0x10, 0x01,
  0x03, 0xc9, 0x03, 0x02, 0x10, 0x01, 0x03, 0xc2, 0x7c, 0x02, 0x10, 0x01,
  0x03, 0x8f, 0x01, 0x02, 0x10, 0x01, 0xf4, 0x03, 0xed, 0x7e, 0x02, 0x10,
  0x01, 0x03, 0x8f, 0x01, 0x02, 0x10, 0x01, 0xf5, 0x03, 0xd7, 0x7e, 0x02,
  0x10, 0x01, 0x03, 0xad, 0x01, 0x02, 0x10, 0x01, 0x03, 0xeb, 0x7e, 0x02,
  0x10, 0x01, 0xf5, 0xf7, 0x03, 0x99, 0x01, 0x02, 0x10, 0x01, 0x03, 0xe3,
  0x7e, 0x02, 0x10, 0x01, 0x03, 0xad, 0x01, 0x02, 0x10, 0x01, 0x03, 0xdb,
  0x7e, 0x02, 0x10, 0x01, 0x03, 0xc1, 0x01, 0x02, 0x10, 0x01, 0x03, 0xc3,
  0x7e, 0x02, 0x10, 0x01, 0x03, 0x85, 0x01, 0x02, 0x10, 0x01, 0x03, 0x83,
  0x7f, 0x02, 0x10, 0x01, 0x03, 0xc3, 0x01, 0x02, 0x10, 0x01, 0x03, 0xc5,
  0x7e, 0x02, 0x10, 0x01, 0x03, 0xfd, 0x00, 0x02, 0x10, 0x01, 0x03, 0x8b,
  0x7f, 0x02, 0x10, 0x01, 0x03, 0xc1, 0x01, 0x02, 0x10, 0x01, 0x03, 0xc7,
  0x7e, 0x02, 0x10, 0x01, 0x03, 0xf5, 0x00, 0x02, 0x10, 0x01, 0x03, 0x93,
  0x7f, 0x02, 0x10, 0x01, 0x03, 0x85, 0x02, 0x02, 0x10, 0x01, 0x03, 0x83,
  0x7e, 0x02, 0x10, 0x01, 0x03, 0xed, 0x00, 0x02, 0x10, 0x01, 0x03, 0x9b,
  0x7f, 0x02, 0x10, 0x01, 0xf7, 0x03, 0xe4, 0x00, 0x02, 0x10, 0x01, 0x03,
  0xa4, 0x7f, 0x02, 0x10, 0x01, 0xf7, 0xf7, 0x03, 0x8f, 0x01, 0x02, 0x10,
  0x01, 0x03, 0xf9, 0x7e, 0x02, 0x10, 0x01, 0xf7, 0x03, 0xc7, 0x00, 0x02,
  0x10, 0x01, 0x03, 0xd5, 0x7e, 0x02, 0x10, 0x01, 0xf7, 0xf7, 0x03, 0x97,
  0x01, 0x02, 0x10, 0x01, 0x03, 0xf1, 0x7e, 0x02, 0x10, 0x01, 0xf7, 0x03,
  0x8e, 0x01, 0x02, 0x10, 0x01, 0x03, 0xfa, 0x7e, 0x02, 0x10, 0x01, 0xf7,
  0x03, 0x85, 0x01, 0x02, 0x10, 0x01, 0x03, 0x83, 0x7f, 0x02, 0x10, 0x01,
  0x03, 0xb9, 0x01, 0x02, 0x10, 0x01, 0x03, 0xcf, 0x7e, 0x02, 0x10, 0x01,
  0x03, 0xfc, 0x00, 0x02, 0x10, 0x01, 0x03, 0x8c, 0x7f, 0x02, 0x10, 0x01,
  0xf7, 0x03, 0xf3, 0x00, 0x02, 0x10, 0x01, 0x03, 0x95, 0x7f, 0x02, 0x10,
  0x01, 0x03, 0xa7, 0x01, 0x02, 0x10, 0x01, 0x03, 0xe1, 0x7e, 0x02, 0x10,
  0x01, 0x03, 0xea, 0x00, 0x02, 0x10, 0x01, 0x03, 0x9e, 0x7f, 0x02, 0x10,
  0x01, 0x03, 0xe9, 0x00, 0x02, 0x10, 0x01, 0x03, 0x3c, 0x02, 0x10, 0x01,
  0x03, 0x4b, 0x02, 0x10, 0x01, 0xf6, 0x03, 0x3c, 0x02, 0x10, 0x01, 0x03,
  0x4b, 0x02, 0x10, 0x01, 0xf6, 0x03, 0xb2, 0x01, 0x02, 0x10, 0x01, 0x03,
  0xd5, 0x7e, 0x02, 0x10, 0x01, 0xf6, 0x03, 0x3c, 0x02, 0x10, 0x01, 0x03,
  0x4b, 0x02, 0x10, 0x01, 0xf6, 0x03, 0x3c, 0x02, 0x10, 0x01, 0x03, 0x4b,
  0x02, 0x10, 0x01, 0x03, 0xc3, 0x00, 0x02, 0x10, 0x01, 0x03, 0x44, 0x02,
  0x10, 0x01, 0xf6, 0xf6, 0xf6, 0xf6, 0xf6, 0xf6, 0xf6, 0xf6, 0xf6, 0xf6,
  0xf3, 0x03, 0xc3, 0x00, 0x02, 0x10, 0x01, 0x03, 0x0a, 0x02, 0x10, 0x01,
  0x03, 0xb8, 0x7f, 0x02, 0x10, 0x01, 0x03, 0xd0, 0x00, 0x02, 0x10, 0x01,
  0x03, 0x69, 0x02, 0x10, 0x01, 0x03, 0x17, 0x02, 0x10, 0x01, 0x03, 0x7a,
  0x02, 0x10, 0x01, 0x03, 0x1a, 0x02, 0x10, 0x01, 0x03, 0x67, 0x02, 0x10,
  0x01, 0x03, 0x1a, 0x02, 0x10, 0x01, 0x03, 0x67, 0x02, 0x10, 0x01, 0xf1,
  0xf3, 0xf6, 0x03, 0x04, 0x02, 0x30, 0x01, 0x03, 0x03, 0x02, 0x20, 0x01,
  0xf5, 0x03, 0x4b, 0x02, 0x10, 0x01, 0x03, 0xc8, 0x00, 0x02, 0x10, 0x01,
  0xf0, 0x03, 0x6f, 0x02, 0x20, 0x01, 0x03, 0x9e, 0x7f, 0x02, 0x10, 0x01,
  0x03, 0xe5, 0x00, 0x02, 0x10, 0x01, 0xf2, 0x03, 0x7d, 0x02, 0x20, 0x01,
  0xf2, 0x03, 0x04, 0x02, 0x20, 0x01, 0xeb, 0xf3, 0xf1, 0x03, 0x06, 0x02,
  0x20, 0x01, 0x03, 0x93, 0x7f, 0x02, 0x10, 0x01, 0x03, 0x80, 0x01, 0x02,
  0x10, 0x01, 0x03, 0x80, 0x7f, 0x02, 0x10, 0x01, 0x03, 0x81, 0x01, 0x02,
  0x10, 0x01, 0x03, 0x6f, 0x02, 0x10, 0x01, 0xf2, 0xf2, 0x03, 0x7d, 0x02,
  0x20, 0x01, 0xf2, 0x03, 0x04, 0x02, 0x20, 0x01, 0xeb, 0xf3, 0xf1, 0x03,
  0x06, 0x02, 0x20, 0x01, 0x03, 0x85, 0x7f, 0x02, 0x10, 0x01, 0x03, 0x8e,
  0x01, 0x02, 0x10, 0x01, 0x03, 0xf2, 0x7e, 0x02, 0x10, 0x01, 0x03, 0x8f,
  0x01, 0x02, 0x10, 0x01, 0x03, 0x6f, 0x02, 0x10, 0x01, 0xf2, 0xf2, 0x03,
  0x7d, 0x02, 0x20, 0x01, 0xf2, 0x03, 0x04, 0x02, 0x20, 0x01, 0xeb, 0xf3,
  0xf1, 0x03, 0x06, 0x02, 0x20, 0x01, 0x03, 0xf7, 0x7e, 0x02, 0x10, 0x01,
  0x03, 0x9c, 0x01, 0x02, 0x10, 0x01, 0x03, 0xe4, 0x7e, 0x02, 0x10, 0x01,
  0x03, 0x9d, 0x01, 0x02, 0x10, 0x01, 0x03, 0x6f, 0x02, 0x10, 0x01, 0xf2,
  0xf2, 0x03, 0x7d, 0x02, 0x20, 0x01, 0xf2, 0x03, 0x04, 0x02, 0x20, 0x01,
  0xeb, 0xf3, 0xf1, 0x03, 0x06, 0x02, 0x20, 0x01, 0x03, 0xe9, 0x7e, 0x02,
  0x10, 0x01, 0x03, 0xaa, 0x01, 0x02, 0x10, 0x01, 0x03, 0xd6, 0x7e, 0x02,
  0x10, 0x01, 0x03, 0xab, 0x01, 0x02, 0x10, 0x01, 0x03, 0x6f, 0x02, 0x10,
  0x01, 0xf2, 0xf2, 0x03, 0x7d, 0x02, 0x20, 0x01, 0xf2, 0x03, 0x04, 0x02,
  0x20, 0x01, 0xeb, 0xf3, 0xf1, 0x03, 0x06, 0x02, 0x20, 0x01, 0x03, 0xdb,
  0x7e, 0x02, 0x10, 0x01, 0x03, 0xb8, 0x01, 0x02, 0x10, 0x01, 0x03, 0xc8,
  0x7e, 0x02, 0x10, 0x01, 0x03, 0xa8, 0x01, 0x02, 0x20, 0x01, 0xf2, 0xf2,
  0x03, 0x7d, 0x02, 0x20, 0x01, 0xf2, 0x03, 0x04, 0x02, 0x20, 0x01, 0xeb,
  0xf3, 0xf1, 0x03, 0x07, 0x02, 0x20, 0x01, 0xf2, 0xf2, 0x03, 0x7d, 0x02,
  0x20, 0x01, 0xf2, 0x03, 0x04, 0x02, 0x20, 0x01, 0xeb, 0xf3, 0xf1, 0xf3,
  0x02, 0xf0, 0x01, 0x00, 0x01, 0x01, 0x00, 0x00, 0x00, 0x00, 0x00, 0x00,
  0x00, 0x00, 0x2e, 0x76, 0x65, 0x72, 0x73, 0x69, 0x6f, 0x6e, 0x20, 0x38,
  0x2e, 0x37, 0x00, 0x2e, 0x74, 0x61, 0x72, 0x67, 0x65, 0x74, 0x20, 0x73,
  0x6d, 0x5f, 0x38, 0x36, 0x00, 0x2e, 0x61, 0x64, 0x64, 0x72, 0x65, 0x73,
  0x73, 0x5f, 0x73, 0x69, 0x7a, 0x65, 0x20, 0x36, 0x34, 0x00, 0x00, 0x00,
  0x2e, 0x65, 0x78, 0x74, 0x65, 0x72, 0x6e, 0x20, 0x2e, 0x73, 0x68, 0x61,
  0x72, 0x65, 0x64, 0x20, 0x2e, 0x61, 0x6c, 0x69, 0x67, 0x6e, 0x20, 0x31,
  0x36, 0x20, 0x2e, 0x62, 0x38, 0x20, 0x5f, 0x5a, 0x4e, 0x32, 0x35, 0x66,
  0x75, 0x73, 0x65, 0x64, 0x5f, 0x6d, 0x75, 0x6c, 0x74, 0x69, 0x68, 0x65,
  0x61, 0x64, 0x5f, 0x61, 0x74, 0x74, 0x65, 0x6e, 0x74, 0x69, 0x6f, 0x6e,
  0x35, 0x73, 0x6d, 0x65, 0x6d, 0x5f, 0x45, 0x5b, 0x5d, 0x3b, 0x00, 0x00,
  0x2e, 0x76, 0x69, 0x73, 0x69, 0x62, 0x6c, 0x65, 0x20, 0x2e, 0x65, 0x6e,
  0x74, 0x72, 0x79, 0x20, 0x66, 0x6d, 0x68, 0x61, 0x5f, 0x76, 0x32, 0x5f,
  0x66, 0x6c, 0x61, 0x73, 0x68, 0x5f, 0x61, 0x74, 0x74, 0x65, 0x6e, 0x74,
  0x69, 0x6f, 0x6e, 0x5f, 0x66, 0x70, 0x31, 0x36, 0x5f, 0x36, 0x34, 0x5f,
  0x33, 0x32, 0x5f, 0x53, 0x5f, 0x71, 0x6b, 0x76, 0x5f, 0x31, 0x32, 0x38,
  0x5f, 0x63, 0x61, 0x75, 0x73, 0x61, 0x6c, 0x5f, 0x73, 0x6d, 0x38, 0x36,
  0x5f, 0x6b, 0x65, 0x72, 0x6e, 0x65, 0x6c, 0x5f, 0x6e, 0x6c, 0x28, 0x00,
  0x2e, 0x70, 0x61, 0x72, 0x61, 0x6d, 0x20, 0x2e, 0x61, 0x6c, 0x69, 0x67,
  0x6e, 0x20, 0x38, 0x20, 0x2e, 0x62, 0x38, 0x20, 0x66, 0x6d, 0x68, 0x61,
  0x5f, 0x76, 0x32, 0x5f, 0x66, 0x6c, 0x61, 0x73, 0x68, 0x5f, 0x61, 0x74,
  0x74, 0x65, 0x6e, 0x74, 0x69, 0x6f, 0x6e, 0x5f, 0x66, 0x70, 0x31, 0x36,
  0x5f, 0x36, 0x34, 0x5f, 0x33, 0x32, 0x5f, 0x53, 0x5f, 0x71, 0x6b, 0x76,
  0x5f, 0x31, 0x32, 0x38, 0x5f, 0x63, 0x61, 0x75, 0x73, 0x61, 0x6c, 0x5f,
  0x73, 0x6d, 0x38, 0x36, 0x5f, 0x6b, 0x65, 0x72, 0x6e, 0x65, 0x6c, 0x5f,
  0x6e, 0x6c, 0x5f, 0x70, 0x61, 0x72, 0x61, 0x6d, 0x5f, 0x30, 0x5b, 0x31,
  0x38, 0x34, 0x5d, 0x00, 0x29, 0x00, 0x7b, 0x00, 0x2e, 0x72, 0x65, 0x67,
  0x20, 0x2e, 0x70, 0x72, 0x65, 0x64, 0x20, 0x09, 0x25, 0x70, 0x3c, 0x31,
  0x31, 0x30, 0x3e, 0x3b, 0x00, 0x2e, 0x72, 0x65, 0x67, 0x20, 0x2e, 0x62,
  0x31, 0x36, 0x20, 0x09, 0x25, 0x72, 0x73, 0x3c, 0x33, 0x36, 0x3e, 0x3b,
  0x00, 0x2e, 0x72, 0x65, 0x67, 0x20, 0x2e, 0x66, 0x33, 0x32, 0x20, 0x09,
  0x25, 0x66, 0x3c, 0x34, 0x31, 0x35, 0x3e, 0x3b, 0x00, 0x2e, 0x72, 0x65,
  0x67, 0x20, 0x2e, 0x62, 0x33, 0x32, 0x20, 0x09, 0x25, 0x72, 0x3c, 0x33,
  0x31, 0x33, 0x36, 0x3e, 0x3b, 0x00, 0x2e, 0x72, 0x65, 0x67, 0x20, 0x2e,
  0x62, 0x36, 0x34, 0x20, 0x09, 0x25, 0x72, 0x64, 0x3c, 0x31, 0x31, 0x30,
  0x3e, 0x3b, 0x00, 0x00, 0x00, 0x00, 0x6d, 0x6f, 0x76, 0x2e, 0x62, 0x36,
  0x34, 0x20, 0x09, 0x25, 0x72, 0x64, 0x31, 0x36, 0x2c, 0x20, 0x66, 0x6d,
  0x68, 0x61, 0x5f, 0x76, 0x32, 0x5f, 0x66, 0x6c, 0x61, 0x73, 0x68, 0x5f,
  0x61, 0x74, 0x74, 0x65, 0x6e, 0x74, 0x69, 0x6f, 0x6e, 0x5f, 0x66, 0x70,
  0x31, 0x36, 0x5f, 0x36, 0x34, 0x5f, 0x33, 0x32, 0x5f, 0x53, 0x5f, 0x71,
  0x6b, 0x76, 0x5f, 0x31, 0x32, 0x38, 0x5f, 0x63, 0x61, 0x75, 0x73, 0x61,
  0x6c, 0x5f, 0x73, 0x6d, 0x38, 0x36, 0x5f, 0x6b, 0x65, 0x72, 0x6e, 0x65,
  0x6c, 0x5f, 0x6e, 0x6c, 0x5f, 0x70, 0x61, 0x72, 0x61, 0x6d, 0x5f, 0x30,
  0x3b, 0x00, 0x00, 0x00, 0x6d, 0x6f, 0x76, 0x2e, 0x75, 0x33, 0x32, 0x20,
  0x09, 0x25, 0x72, 0x31, 0x2c, 0x20, 0x25, 0x74, 0x69, 0x64, 0x2e, 0x78,
  0x3b, 0x00, 0x00, 0x00, 0x61, 0x64, 0x64, 0x2e, 0x73, 0x36, 0x34, 0x20,
  0x09, 0x25, 0x72, 0x64, 0x31, 0x2c, 0x20, 0x25, 0x72, 0x64, 0x31, 0x36,
  0x2c, 0x20, 0x39, 0x36, 0x3b, 0x00, 0x6c, 0x64, 0x2e, 0x70, 0x61, 0x72,
  0x61, 0x6d, 0x2e, 0x75, 0x33, 0x32, 0x20, 0x09, 0x25, 0x72, 0x32, 0x2c,
  0x20, 0x5b, 0x66, 0x6d, 0x68, 0x61, 0x5f, 0x76, 0x32, 0x5f, 0x66, 0x6c,
  0x61, 0x73, 0x68, 0x5f, 0x61, 0x74, 0x74, 0x65, 0x6e, 0x74, 0x69, 0x6f,
  0x6e, 0x5f, 0x66, 0x70, 0x31, 0x36, 0x5f, 0x36, 0x34, 0x5f, 0x33, 0x32,
  0x5f, 0x53, 0x5f, 0x71, 0x6b, 0x76, 0x5f, 0x31, 0x32, 0x38, 0x5f, 0x63,
  0x61, 0x75, 0x73, 0x61, 0x6c, 0x5f, 0x73, 0x6d, 0x38, 0x36, 0x5f, 0x6b,
  0x65, 0x72, 0x6e, 0x65, 0x6c, 0x5f, 0x6e, 0x6c, 0x5f, 0x70, 0x61, 0x72,
  0x61, 0x6d, 0x5f, 0x30, 0x2b, 0x39, 0x36, 0x5d, 0x3b, 0x00, 0x00, 0x6d,
  0x6f, 0x76, 0x2e, 0x75, 0x33, 0x32, 0x20, 0x09, 0x25, 0x72, 0x31, 0x30,
  0x31, 0x38, 0x2c, 0x20, 0x25, 0x63, 0x74, 0x61, 0x69, 0x64, 0x2e, 0x7a,
  0x3b, 0x00, 0x00, 0x6d, 0x75, 0x6c, 0x2e, 0x6c, 0x6f, 0x2e, 0x73, 0x33,
  0x32, 0x20, 0x09, 0x25, 0x72, 0x33, 0x2c, 0x20, 0x25, 0x72, 0x32, 0x2c,
  0x20, 0x25, 0x72, 0x31, 0x30, 0x31, 0x38, 0x3b, 0x00, 0x00, 0x6c, 0x64,
  0x2e, 0x70, 0x61, 0x72, 0x61, 0x6d, 0x2e, 0x75, 0x36, 0x34, 0x20, 0x09,
  0x25, 0x72, 0x64, 0x31, 0x38, 0x2c, 0x20, 0x5b, 0x66, 0x6d, 0x68, 0x61,
  0x5f, 0x76, 0x32, 0x5f, 0x66, 0x6c, 0x61, 0x73, 0x68, 0x5f, 0x61, 0x74,
  0x74, 0x65, 0x6e, 0x74, 0x69, 0x6f, 0x6e, 0x5f, 0x66, 0x70, 0x31, 0x36,
  0x5f, 0x36, 0x34, 0x5f, 0x33, 0x32, 0x5f, 0x53, 0x5f, 0x71, 0x6b, 0x76,
  0x5f, 0x31, 0x32, 0x38, 0x5f, 0x63, 0x61, 0x75, 0x73, 0x61, 0x6c, 0x5f,
  0x73, 0x6d, 0x38, 0x36, 0x5f, 0x6b, 0x65, 0x72, 0x6e, 0x65, 0x6c, 0x5f,
  0x6e, 0x6c, 0x5f, 0x70, 0x61, 0x72, 0x61, 0x6d, 0x5f, 0x30, 0x2b, 0x31,
  0x35, 0x32, 0x5d, 0x3b, 0x00, 0x63, 0x76, 0x74, 0x61, 0x2e, 0x74, 0x6f,
  0x2e, 0x67, 0x6c, 0x6f, 0x62, 0x61, 0x6c, 0x2e, 0x75, 0x36, 0x34, 0x20,
  0x09, 0x25, 0x72, 0x64, 0x31, 0x39, 0x2c, 0x20, 0x25, 0x72, 0x64, 0x31,
  0x38, 0x3b, 0x00, 0x6d, 0x75, 0x6c, 0x2e, 0x77, 0x69, 0x64, 0x65, 0x2e,
  0x73, 0x33, 0x32, 0x20, 0x09, 0x25, 0x72, 0x64, 0x32, 0x30, 0x2c, 0x20,
  0x25, 0x72, 0x31, 0x30, 0x31, 0x38, 0x2c, 0x20, 0x34, 0x3b, 0x00, 0x61,
  0x64, 0x64, 0x2e, 0x73, 0x36, 0x34, 0x20, 0x09, 0x25, 0x72, 0x64, 0x32,
  0x31, 0x2c, 0x20, 0x25, 0x72, 0x64, 0x31, 0x39, 0x2c, 0x20, 0x25, 0x72,
  0x64, 0x32, 0x30, 0x3b, 0x00, 0x00, 0x6c, 0x64, 0x2e, 0x70, 0x61, 0x72,
  0x61, 0x6d, 0x2e, 0x75, 0x33, 0x32, 0x20, 0x09, 0x25, 0x72, 0x34, 0x2c,
  0x20, 0x5b, 0x66, 0x6d, 0x68, 0x61, 0x5f, 0x76, 0x32, 0x5f, 0x66, 0x6c,
  0x61, 0x73, 0x68, 0x5f, 0x61, 0x74, 0x74, 0x65, 0x6e, 0x74, 0x69, 0x6f,
  0x6e, 0x5f, 0x66, 0x70, 0x31, 0x36, 0x5f, 0x36, 0x34, 0x5f, 0x33, 0x32,
  0x5f, 0x53, 0x5f, 0x71, 0x6b, 0x76, 0x5f, 0x31, 0x32, 0x38, 0x5f, 0x63,
  0x61, 0x75, 0x73, 0x61, 0x6c, 0x5f, 0x73, 0x6d, 0x38, 0x36, 0x5f, 0x6b,
  0x65, 0x72, 0x6e, 0x65, 0x6c, 0x5f, 0x6e, 0x6c, 0x5f, 0x70, 0x61, 0x72,
  0x61, 0x6d, 0x5f, 0x30, 0x2b, 0x38, 0x34, 0x5d, 0x3b, 0x00, 0x00, 0x6d,
  0x6f, 0x76, 0x2e, 0x75, 0x33, 0x32, 0x20, 0x09, 0x25, 0x72, 0x35, 0x2c,
  0x20, 0x25, 0x63, 0x74, 0x61, 0x69, 0x64, 0x2e, 0x79, 0x3b, 0x00, 0x00,
  0x6d, 0x61, 0x64, 0x2e, 0x6c, 0x6f, 0x2e, 0x73, 0x33, 0x32, 0x20, 0x09,
  0x25, 0x72, 0x36, 0x2c, 0x20, 0x25, 0x72, 0x34, 0x2c, 0x20, 0x25, 0x72,
  0x33, 0x2c, 0x20, 0x25, 0x72, 0x35, 0x3b, 0x00, 0x00, 0x6d, 0x6f, 0x76,
  0x2e, 0x75, 0x33, 0x32, 0x20, 0x09, 0x25, 0x72, 0x31, 0x30, 0x31, 0x39,
  0x2c, 0x20, 0x25, 0x63, 0x74, 0x61, 0x69, 0x64, 0x2e, 0x78, 0x3b, 0x00,
  0x00, 0x73, 0x68, 0x6c, 0x2e, 0x62, 0x33, 0x32, 0x20, 0x09, 0x25, 0x72,
  0x37, 0x2c, 0x20, 0x25, 0x72, 0x31, 0x30, 0x31, 0x39, 0x2c, 0x20, 0x36,
  0x3b, 0x00, 0x00, 0x6c, 0x64, 0x2e, 0x67, 0x6c, 0x6f, 0x62, 0x61, 0x6c,
  0x2e, 0x75, 0x33, 0x32, 0x20, 0x09, 0x25, 0x72, 0x38, 0x2c, 0x20, 0x5b,
  0x25, 0x72, 0x64, 0x32, 0x31, 0x5d, 0x3b, 0x00, 0x00, 0x00, 0x73, 0x65,
  0x74, 0x70, 0x2e, 0x6c, 0x65, 0x2e, 0x73, 0x33, 0x32, 0x20, 0x09, 0x25,
  0x70, 0x36, 0x2c, 0x20, 0x25, 0x72, 0x38, 0x2c, 0x20, 0x25, 0x72, 0x37,
  0x3b, 0x00, 0x00, 0x40, 0x25, 0x70, 0x36, 0x20, 0x62, 0x72, 0x61, 0x20,
  0x09, 0x24, 0x4c, 0x5f, 0x5f, 0x42, 0x42, 0x30, 0x5f, 0x35, 0x34, 0x3b,
  0x00, 0x00, 0x00, 0x00, 0x00, 0x73, 0x68, 0x72, 0x2e, 0x73, 0x33, 0x32,
  0x20, 0x09, 0x25, 0x72, 0x31, 0x30, 0x32, 0x30, 0x2c, 0x20, 0x25, 0x72,
  0x31, 0x2c, 0x20, 0x33, 0x31, 0x3b, 0x00, 0x73, 0x68, 0x72, 0x2e, 0x75,
  0x33, 0x32, 0x20, 0x09, 0x25, 0x72, 0x31, 0x30, 0x32, 0x31, 0x2c, 0x20,
  0x25, 0x72, 0x31, 0x30, 0x32, 0x30, 0x2c, 0x20, 0x32, 0x38, 0x3b, 0x00,
  0x61, 0x64, 0x64, 0x2e, 0x73, 0x33, 0x32, 0x20, 0x09, 0x25, 0x72, 0x31,
  0x30, 0x32, 0x32, 0x2c, 0x20, 0x25, 0x72, 0x31, 0x2c, 0x20, 0x25, 0x72,
  0x31, 0x30, 0x32, 0x31, 0x3b, 0x00, 0x61, 0x6e, 0x64, 0x2e, 0x62, 0x33,
  0x32, 0x20, 0x20, 0x09, 0x25, 0x72, 0x31, 0x30, 0x32, 0x33, 0x2c, 0x20,
  0x25, 0x72, 0x31, 0x30, 0x32, 0x32, 0x2c, 0x20, 0x2d, 0x31, 0x36, 0x3b,
  0x00, 0x73, 0x75, 0x62, 0x2e, 0x73, 0x33, 0x32, 0x20, 0x09, 0x25, 0x72,
  0x39, 0x2c, 0x20, 0x25, 0x72, 0x31, 0x2c, 0x20, 0x25, 0x72, 0x31, 0x30,
  0x32, 0x33, 0x3b, 0x00, 0x00, 0x73, 0x68, 0x6c, 0x2e, 0x62, 0x33, 0x32,
  0x20, 0x09, 0x25, 0x72, 0x31, 0x30, 0x2c, 0x20, 0x25, 0x72, 0x39, 0x2c,
  0x20, 0x34, 0x3b, 0x00, 0x00, 0x73, 0x68, 0x72, 0x2e, 0x73, 0x33, 0x32,
  0x20, 0x09, 0x25, 0x72, 0x31, 0x31, 0x2c, 0x20, 0x25, 0x72, 0x31, 0x30,
  0x32, 0x32, 0x2c, 0x20, 0x34, 0x3b, 0x00, 0x00, 0x61, 0x64, 0x64, 0x2e,
  0x73, 0x33, 0x32, 0x20, 0x09, 0x25, 0x72, 0x31, 0x30, 0x32, 0x34, 0x2c,
  0x20, 0x25, 0x72, 0x31, 0x31, 0x2c, 0x20, 0x25, 0x72, 0x37, 0x3b, 0x00,
  0x63, 0x76, 0x74, 0x2e, 0x73, 0x36, 0x34, 0x2e, 0x73, 0x33, 0x32, 0x20,
  0x09, 0x25, 0x72, 0x64, 0x32, 0x2c, 0x20, 0x25, 0x72, 0x31, 0x30, 0x32,
  0x34, 0x3b, 0x00, 0x00, 0x6c, 0x64, 0x2e, 0x70, 0x61, 0x72, 0x61, 0x6d,
  0x2e, 0x75, 0x36, 0x34, 0x20, 0x09, 0x25, 0x72, 0x64, 0x33, 0x2c, 0x20,
  0x5b, 0x25, 0x72, 0x64, 0x31, 0x2b, 0x2d, 0x35, 0x36, 0x5d, 0x3b, 0x00,
  0x00, 0x6c, 0x64, 0x2e, 0x70, 0x61, 0x72, 0x61, 0x6d, 0x2e, 0x75, 0x33,
  0x32, 0x20, 0x09, 0x25, 0x72, 0x31, 0x32, 0x2c, 0x20, 0x5b, 0x25, 0x72,
  0x64, 0x31, 0x2b, 0x2d, 0x38, 0x5d, 0x3b, 0x00, 0x00, 0x73, 0x65, 0x74,
  0x70, 0x2e, 0x6c, 0x74, 0x2e, 0x73, 0x33, 0x32, 0x20, 0x09, 0x25, 0x70,
  0x31, 0x2c, 0x20, 0x25, 0x72, 0x31, 0x32, 0x2c, 0x20, 0x25, 0x72, 0x34,
  0x3b, 0x00, 0x00, 0x73, 0x68, 0x6c, 0x2e, 0x62, 0x33, 0x32, 0x20, 0x09,
  0x25, 0x72, 0x31, 0x30, 0x32, 0x35, 0x2c, 0x20, 0x25, 0x72, 0x31, 0x32,
  0x2c, 0x20, 0x31, 0x3b, 0x00, 0x61, 0x64, 0x64, 0x2e, 0x73, 0x33, 0x32,
  0x20, 0x09, 0x25, 0x72, 0x31, 0x30, 0x32, 0x36, 0x2c, 0x20, 0x25, 0x72,
  0x31, 0x30, 0x32, 0x35, 0x2c, 0x20, 0x25, 0x72, 0x34, 0x3b, 0x00, 0x00,
  0x6d, 0x75, 0x6c, 0x2e, 0x6c, 0x6f, 0x2e, 0x73, 0x33, 0x32, 0x20, 0x09,
  0x25, 0x72, 0x31, 0x33, 0x2c, 0x20, 0x25, 0x72, 0x31, 0x30, 0x32, 0x36,
  0x2c, 0x20, 0x25, 0x72, 0x33, 0x3b, 0x00, 0x00, 0x6d, 0x75, 0x6c, 0x2e,
  0x6c, 0x6f, 0x2e, 0x73, 0x33, 0x32, 0x20, 0x09, 0x25, 0x72, 0x31, 0x34,
  0x2c, 0x20, 0x25, 0x72, 0x36, 0x2c, 0x20, 0x33, 0x3b, 0x00, 0x00, 0x6c,
  0x64, 0x2e, 0x70, 0x61, 0x72, 0x61, 0x6d, 0x2e, 0x75, 0x36, 0x34, 0x20,
  0x09, 0x25, 0x72, 0x64, 0x34, 0x2c, 0x20, 0x5b, 0x25, 0x72, 0x64, 0x31,
  0x2b, 0x2d, 0x39, 0x36, 0x5d, 0x3b, 0x00, 0x6d, 0x6f, 0x76, 0x2e, 0x75,
  0x33, 0x32, 0x20, 0x09, 0x25, 0x72, 0x31, 0x30, 0x32, 0x37, 0x2c, 0x20,
  0x33, 0x31, 0x3b, 0x00, 0x6d, 0x6f, 0x76, 0x2e, 0x75, 0x33, 0x32, 0x20,
  0x09, 0x25, 0x72, 0x31, 0x30, 0x32, 0x38, 0x2c, 0x20, 0x30, 0x3b, 0x00,
  0x6d, 0x6f, 0x76, 0x2e, 0x75, 0x33, 0x32, 0x20, 0x09, 0x25, 0x72, 0x31,
  0x30, 0x32, 0x39, 0x2c, 0x20, 0x2d, 0x31, 0x3b, 0x00, 0x00, 0x00, 0x00,
  0x00, 0x00, 0x73, 0x68, 0x66, 0x6c, 0x2e, 0x73, 0x79, 0x6e, 0x63, 0x2e,
  0x69, 0x64, 0x78, 0x2e, 0x62, 0x33, 0x32, 0x20, 0x09, 0x25, 0x72, 0x31,
  0x35, 0x7c, 0x25, 0x70, 0x32, 0x2c, 0x20, 0x25, 0x72, 0x31, 0x30, 0x32,
  0x38, 0x2c, 0x20, 0x25, 0x72, 0x31, 0x30, 0x32, 0x38, 0x2c, 0x20, 0x25,
  0x72, 0x31, 0x30, 0x32, 0x37, 0x2c, 0x20, 0x25, 0x72, 0x31, 0x30, 0x32,
  0x39, 0x3b, 0x00, 0x00, 0x00, 0x73, 0x68, 0x66, 0x6c, 0x2e, 0x73, 0x79,
  0x6e, 0x63, 0x2e, 0x69, 0x64, 0x78, 0x2e, 0x62, 0x33, 0x32, 0x20, 0x09,
  0x25, 0x72, 0x31, 0x36, 0x7c, 0x25, 0x70, 0x33, 0x2c, 0x20, 0x25, 0x72,
  0x31, 0x30, 0x32, 0x38, 0x2c, 0x20, 0x25, 0x72, 0x31, 0x30, 0x32, 0x38,
  0x2c, 0x20, 0x25, 0x72, 0x31, 0x30, 0x32, 0x37, 0x2c, 0x20, 0x25, 0x72,
  0x31, 0x30, 0x32, 0x39, 0x3b, 0x00, 0x00, 0x00, 0x00, 0x40, 0x25, 0x70,
  0x31, 0x20, 0x62, 0x72, 0x61, 0x20, 0x09, 0x24, 0x4c, 0x5f, 0x5f, 0x42,
  0x42, 0x30, 0x5f, 0x33, 0x3b, 0x00, 0x62, 0x72, 0x61, 0x2e, 0x75, 0x6e,
  0x69, 0x20, 0x09, 0x24, 0x4c, 0x5f, 0x5f, 0x42, 0x42, 0x30, 0x5f, 0x32,
  0x3b, 0x00, 0x00, 0x24, 0x4c, 0x5f, 0x5f, 0x42, 0x42, 0x30, 0x5f, 0x33,
  0x3a, 0x00, 0x00, 0x64, 0x69, 0x76, 0x2e, 0x73, 0x33, 0x32, 0x20, 0x09,
  0x25, 0x72, 0x31, 0x30, 0x33, 0x30, 0x2c, 0x20, 0x25, 0x72, 0x34, 0x2c,
  0x20, 0x25, 0x72, 0x31, 0x32, 0x3b, 0x00, 0x64, 0x69, 0x76, 0x2e, 0x73,
  0x33, 0x32, 0x20, 0x09, 0x25, 0x72, 0x31, 0x30, 0x33, 0x31, 0x2c, 0x20,
  0x25, 0x72, 0x35, 0x2c, 0x20, 0x25, 0x72, 0x31, 0x30, 0x33, 0x30, 0x3b,
  0x00, 0x00, 0x61, 0x64, 0x64, 0x2e, 0x73, 0x33, 0x32, 0x20, 0x09, 0x25,
  0x72, 0x31, 0x30, 0x33, 0x32, 0x2c, 0x20, 0x25, 0x72, 0x31, 0x33, 0x2c,
  0x20, 0x25, 0x72, 0x34, 0x3b, 0x00, 0x61, 0x64, 0x64, 0x2e, 0x73, 0x33,
  0x32, 0x20, 0x09, 0x25, 0x72, 0x32, 0x37, 0x37, 0x37, 0x2c, 0x20, 0x25,
  0x72, 0x31, 0x30, 0x33, 0x32, 0x2c, 0x20, 0x25, 0x72, 0x31, 0x30, 0x33,
  0x31, 0x3b, 0x00, 0x62, 0x72, 0x61, 0x2e, 0x75, 0x6e, 0x69, 0x20, 0x09,
  0x24, 0x4c, 0x5f, 0x5f, 0x42, 0x42, 0x30, 0x5f, 0x34, 0x3b, 0x00, 0x00,
  0x24, 0x4c, 0x5f, 0x5f, 0x42, 0x42, 0x30, 0x5f, 0x32, 0x3a, 0x00, 0x00,
  0x61, 0x64, 0x64, 0x2e, 0x73, 0x33, 0x32, 0x20, 0x09, 0x25, 0x72, 0x32,
  0x37, 0x37, 0x37, 0x2c, 0x20, 0x25, 0x72, 0x31, 0x34, 0x2c, 0x20, 0x31,
  0x3b, 0x00, 0x00, 0x24, 0x4c, 0x5f, 0x5f, 0x42, 0x42, 0x30, 0x5f, 0x34,
  0x3a, 0x00, 0x00, 0x00, 0x00, 0x00, 0x00, 0x6d, 0x6f, 0x76, 0x2e, 0x75,
  0x33, 0x32, 0x20, 0x09, 0x25, 0x72, 0x31, 0x30, 0x33, 0x33, 0x2c, 0x20,
  0x33, 0x31, 0x3b, 0x00, 0x6d, 0x6f, 0x76, 0x2e, 0x75, 0x33, 0x32, 0x20,
  0x09, 0x25, 0x72, 0x31, 0x30, 0x33, 0x34, 0x2c, 0x20, 0x30, 0x3b, 0x00,
  0x6d, 0x6f, 0x76, 0x2e, 0x75, 0x33, 0x32, 0x20, 0x09, 0x25, 0x72, 0x31,
  0x30, 0x33, 0x35, 0x2c, 0x20, 0x2d, 0x31, 0x3b, 0x00, 0x73, 0x68, 0x66,
  0x6c, 0x2e, 0x73, 0x79, 0x6e, 0x63, 0x2e, 0x69, 0x64, 0x78, 0x2e, 0x62,
  0x33, 0x32, 0x20, 0x09, 0x25, 0x72, 0x32, 0x30, 0x7c, 0x25, 0x70, 0x34,
  0x2c, 0x20, 0x25, 0x72, 0x31, 0x30, 0x33, 0x34, 0x2c, 0x20, 0x25, 0x72,
  0x31, 0x30, 0x33, 0x34, 0x2c, 0x20, 0x25, 0x72, 0x31, 0x30, 0x33, 0x33,
  0x2c, 0x20, 0x25, 0x72, 0x31, 0x30, 0x33, 0x35, 0x3b, 0x00, 0x00, 0x00,
  0x73, 0x68, 0x66, 0x6c, 0x2e, 0x73, 0x79, 0x6e, 0x63, 0x2e, 0x69, 0x64,
  0x78, 0x2e, 0x62, 0x33, 0x32, 0x20, 0x09, 0x25, 0x72, 0x32, 0x31, 0x7c,
  0x25, 0x70, 0x35, 0x2c, 0x20, 0x25, 0x72, 0x31, 0x30, 0x33, 0x34, 0x2c,
  0x20, 0x25, 0x72, 0x31, 0x30, 0x33, 0x34, 0x2c, 0x20, 0x25, 0x72, 0x31,
  0x30, 0x33, 0x33, 0x2c, 0x20, 0x25, 0x72, 0x31, 0x30, 0x33, 0x35, 0x3b,
  0x00, 0x00, 0x00, 0x00, 0x40, 0x25, 0x70, 0x31, 0x20, 0x62, 0x72, 0x61,
  0x20, 0x09, 0x24, 0x4c, 0x5f, 0x5f, 0x42, 0x42, 0x30, 0x5f, 0x36, 0x3b,
  0x00, 0x62, 0x72, 0x61, 0x2e, 0x75, 0x6e, 0x69, 0x20, 0x09, 0x24, 0x4c,
  0x5f, 0x5f, 0x42, 0x42, 0x30, 0x5f, 0x35, 0x3b, 0x00, 0x00, 0x24, 0x4c,
  0x5f, 0x5f, 0x42, 0x42, 0x30, 0x5f, 0x36, 0x3a, 0x00, 0x00, 0x64, 0x69,
  0x76, 0x2e, 0x73, 0x33, 0x32, 0x20, 0x09, 0x25, 0x72, 0x31, 0x30, 0x33,
  0x36, 0x2c, 0x20, 0x25, 0x72, 0x34, 0x2c, 0x20, 0x25, 0x72, 0x31, 0x32,
  0x3b, 0x00, 0x64, 0x69, 0x76, 0x2e, 0x73, 0x33, 0x32, 0x20, 0x09, 0x25,
  0x72, 0x31, 0x30, 0x33, 0x37, 0x2c, 0x20, 0x25, 0x72, 0x35, 0x2c, 0x20,
  0x25, 0x72, 0x31, 0x30, 0x33, 0x36, 0x3b, 0x00, 0x00, 0x61, 0x64, 0x64,
  0x2e, 0x73, 0x33, 0x32, 0x20, 0x09, 0x25, 0x72, 0x31, 0x30, 0x33, 0x38,
  0x2c, 0x20, 0x25, 0x72, 0x31, 0x32, 0x2c, 0x20, 0x25, 0x72, 0x34, 0x3b,
  0x00, 0x61, 0x64, 0x64, 0x2e, 0x73, 0x33, 0x32, 0x20, 0x09, 0x25, 0x72,
  0x31, 0x30, 0x33, 0x39, 0x2c, 0x20, 0x25, 0x72, 0x31, 0x30, 0x33, 0x38,
  0x2c, 0x20, 0x25, 0x72, 0x31, 0x33, 0x3b, 0x00, 0x61, 0x64, 0x64, 0x2e,
  0x73, 0x33, 0x32, 0x20, 0x09, 0x25, 0x72, 0x32, 0x37, 0x37, 0x38, 0x2c,
  0x20, 0x25, 0x72, 0x31, 0x30, 0x33, 0x39, 0x2c, 0x20, 0x25, 0x72, 0x31,
  0x30, 0x33, 0x37, 0x3b, 0x00, 0x62, 0x72, 0x61, 0x2e, 0x75, 0x6e, 0x69,
  0x20, 0x09, 0x24, 0x4c, 0x5f, 0x5f, 0x42, 0x42, 0x30, 0x5f, 0x37, 0x3b,
  0x00, 0x00, 0x24, 0x4c, 0x5f, 0x5f, 0x42, 0x42, 0x30, 0x5f, 0x35, 0x3a,
  0x00, 0x00, 0x61, 0x64, 0x64, 0x2e, 0x73, 0x33, 0x32, 0x20, 0x09, 0x25,
  0x72, 0x32, 0x37, 0x37, 0x38, 0x2c, 0x20, 0x25, 0x72, 0x31, 0x34, 0x2c,
  0x20, 0x32, 0x3b, 0x00, 0x00, 0x24, 0x4c, 0x5f, 0x5f, 0x42, 0x42, 0x30,
  0x5f, 0x37, 0x3a, 0x00, 0x00, 0x61, 0x6e, 0x64, 0x2e, 0x62, 0x33, 0x32,
  0x20, 0x20, 0x09, 0x25, 0x72, 0x31, 0x33, 0x30, 0x34, 0x2c, 0x20, 0x25,
  0x72, 0x31, 0x2c, 0x20, 0x39, 0x36, 0x3b, 0x00, 0x73, 0x68, 0x72, 0x2e,
  0x75, 0x33, 0x32, 0x20, 0x09, 0x25, 0x72, 0x31, 0x33, 0x30, 0x35, 0x2c,
  0x20, 0x25, 0x72, 0x31, 0x33, 0x30, 0x34, 0x2c, 0x20, 0x31, 0x3b, 0x00,
  0x00, 0x61, 0x6e, 0x64, 0x2e, 0x62, 0x33, 0x32, 0x20, 0x20, 0x09, 0x25,
  0x72, 0x31, 0x33, 0x30, 0x36, 0x2c, 0x20, 0x25, 0x72, 0x31, 0x2c, 0x20,
  0x31, 0x35, 0x3b, 0x00, 0x00, 0x61, 0x6e, 0x64, 0x2e, 0x62, 0x33, 0x32,
  0x20, 0x20, 0x09, 0x25, 0x72, 0x31, 0x33, 0x30, 0x37, 0x2c, 0x20, 0x25,
  0x72, 0x31, 0x2c, 0x20, 0x37, 0x3b, 0x00, 0x00, 0x61, 0x6e, 0x64, 0x2e,
  0x62, 0x33, 0x32, 0x20, 0x20, 0x09, 0x25, 0x72, 0x31, 0x33, 0x30, 0x38,
  0x2c, 0x20, 0x25, 0x72, 0x31, 0x2c, 0x20, 0x31, 0x36, 0x3b, 0x00, 0x00,
  0x73, 0x68, 0x6c, 0x2e, 0x62, 0x33, 0x32, 0x20, 0x09, 0x25, 0x72, 0x31,
  0x33, 0x30, 0x39, 0x2c, 0x20, 0x25, 0x72, 0x31, 0x2c, 0x20, 0x34, 0x3b,
  0x00, 0x61, 0x6e, 0x64, 0x2e, 0x62, 0x33, 0x32, 0x20, 0x20, 0x09, 0x25,
  0x72, 0x31, 0x33, 0x31, 0x30, 0x2c, 0x20, 0x25, 0x72, 0x31, 0x33, 0x30,
  0x39, 0x2c, 0x20, 0x31, 0x31, 0x32, 0x3b, 0x00, 0x78, 0x6f, 0x72, 0x2e,
  0x62, 0x33, 0x32, 0x20, 0x20, 0x09, 0x25, 0x72, 0x31, 0x33, 0x31, 0x31,
  0x2c, 0x20, 0x25, 0x72, 0x31, 0x33, 0x31, 0x30, 0x2c, 0x20, 0x25, 0x72,
  0x31, 0x33, 0x30, 0x38, 0x3b, 0x00, 0x00, 0x61, 0x6e, 0x64, 0x2e, 0x62,
  0x33, 0x32, 0x20, 0x20, 0x09, 0x25, 0x72, 0x31, 0x33, 0x31, 0x32, 0x2c,
  0x20, 0x25, 0x72, 0x31, 0x2c, 0x20, 0x38, 0x3b, 0x00, 0x73, 0x68, 0x72,
  0x2e, 0x75, 0x33, 0x32, 0x20, 0x09, 0x25, 0x72, 0x31, 0x33, 0x31, 0x33,
  0x2c, 0x20, 0x25, 0x72, 0x31, 0x33, 0x31, 0x32, 0x2c, 0x20, 0x33, 0x3b,
  0x00, 0x78, 0x6f, 0x72, 0x2e, 0x62, 0x33, 0x32, 0x20, 0x20, 0x09, 0x25,
  0x72, 0x31, 0x33, 0x31, 0x34, 0x2c, 0x20, 0x25, 0x72, 0x31, 0x33, 0x31,
  0x33, 0x2c, 0x20, 0x25, 0x72, 0x31, 0x33, 0x30, 0x37, 0x3b, 0x00, 0x00,
  0x73, 0x68, 0x6c, 0x2e, 0x62, 0x33, 0x32, 0x20, 0x09, 0x25, 0x72, 0x31,
  0x33, 0x31, 0x35, 0x2c, 0x20, 0x25, 0x72, 0x31, 0x33, 0x31, 0x34, 0x2c,
  0x20, 0x34, 0x3b, 0x00, 0x00, 0x73, 0x68, 0x72, 0x2e, 0x75, 0x33, 0x32,
  0x20, 0x09, 0x25, 0x72, 0x31, 0x33, 0x31, 0x36, 0x2c, 0x20, 0x25, 0x72,
  0x31, 0x33, 0x30, 0x38, 0x2c, 0x20, 0x31, 0x3b, 0x00, 0x6f, 0x72, 0x2e,
  0x62, 0x33, 0x32, 0x20, 0x20, 0x09, 0x25, 0x72, 0x31, 0x33, 0x31, 0x37,
  0x2c, 0x20, 0x25, 0x72, 0x31, 0x33, 0x31, 0x36, 0x2c, 0x20, 0x25, 0x72,
  0x31, 0x33, 0x30, 0x37, 0x3b, 0x00, 0x00, 0x73, 0x68, 0x6c, 0x2e, 0x62,
  0x33, 0x32, 0x20, 0x09, 0x25, 0x72, 0x31, 0x33, 0x31, 0x38, 0x2c, 0x20,
  0x25, 0x72, 0x31, 0x33, 0x31, 0x37, 0x2c, 0x20, 0x38, 0x3b, 0x00, 0x6f,
  0x72, 0x2e, 0x62, 0x33, 0x32, 0x20, 0x20, 0x09, 0x25, 0x72, 0x31, 0x33,
  0x31, 0x39, 0x2c, 0x20, 0x25, 0x72, 0x31, 0x33, 0x31, 0x38, 0x2c, 0x20,
  0x25, 0x72, 0x31, 0x33, 0x31, 0x35, 0x3b, 0x00, 0x00, 0x00, 0x00, 0x73,
  0x68, 0x72, 0x2e, 0x75, 0x33, 0x32, 0x20, 0x09, 0x25, 0x72, 0x31, 0x33,
  0x32, 0x31, 0x2c, 0x20, 0x25, 0x72, 0x31, 0x30, 0x32, 0x30, 0x2c, 0x20,
  0x32, 0x37, 0x3b, 0x00, 0x61, 0x64, 0x64, 0x2e, 0x73, 0x33, 0x32, 0x20,
  0x09, 0x25, 0x72, 0x31, 0x33, 0x32, 0x32, 0x2c, 0x20, 0x25, 0x72, 0x31,
  0x2c, 0x20, 0x25, 0x72, 0x31, 0x33, 0x32, 0x31, 0x3b, 0x00, 0x61, 0x6e,
  0x64, 0x2e, 0x62, 0x33, 0x32, 0x20, 0x20, 0x09, 0x25, 0x72, 0x31, 0x33,
  0x32, 0x33, 0x2c, 0x20, 0x25, 0x72, 0x31, 0x33, 0x32, 0x32, 0x2c, 0x20,
  0x2d, 0x33, 0x32, 0x3b, 0x00, 0x73, 0x75, 0x62, 0x2e, 0x73, 0x33, 0x32,
  0x20, 0x09, 0x25, 0x72, 0x32, 0x35, 0x2c, 0x20, 0x25, 0x72, 0x31, 0x2c,
  0x20, 0x25, 0x72, 0x31, 0x33, 0x32, 0x33, 0x3b, 0x00, 0x00, 0x63, 0x76,
  0x74, 0x2e, 0x73, 0x36, 0x34, 0x2e, 0x73, 0x33, 0x32, 0x20, 0x09, 0x25,
  0x72, 0x64, 0x33, 0x38, 0x2c, 0x20, 0x25, 0x72, 0x31, 0x30, 0x3b, 0x00,
  0x00, 0x6d, 0x75, 0x6c, 0x2e, 0x6c, 0x6f, 0x2e, 0x73, 0x36, 0x34, 0x20,
  0x09, 0x25, 0x72, 0x64, 0x33, 0x39, 0x2c, 0x20, 0x25, 0x72, 0x64, 0x33,
  0x2c, 0x20, 0x25, 0x72, 0x64, 0x32, 0x3b, 0x00, 0x00, 0x61, 0x64, 0x64,
  0x2e, 0x73, 0x33, 0x32, 0x20, 0x09, 0x25, 0x72, 0x31, 0x33, 0x32, 0x34,
  0x2c, 0x20, 0x25, 0x72, 0x31, 0x33, 0x2c, 0x20, 0x25, 0x72, 0x35, 0x3b,
  0x00, 0x00, 0x73, 0x65, 0x6c, 0x70, 0x2e, 0x62, 0x33, 0x32, 0x20, 0x09,
  0x25, 0x72, 0x31, 0x33, 0x32, 0x35, 0x2c, 0x20, 0x25, 0x72, 0x31, 0x33,
  0x32, 0x34, 0x2c, 0x20, 0x25, 0x72, 0x31, 0x34, 0x2c, 0x20, 0x25, 0x70,
  0x31, 0x3b, 0x00, 0x00, 0x6d, 0x75, 0x6c, 0x2e, 0x77, 0x69, 0x64, 0x65,
  0x2e, 0x73, 0x33, 0x32, 0x20, 0x09, 0x25, 0x72, 0x64, 0x34, 0x30, 0x2c,
  0x20, 0x25, 0x72, 0x31, 0x33, 0x32, 0x35, 0x2c, 0x20, 0x32, 0x35, 0x36,
  0x3b, 0x00, 0x61, 0x64, 0x64, 0x2e, 0x73, 0x36, 0x34, 0x20, 0x09, 0x25,
  0x72, 0x64, 0x34, 0x31, 0x2c, 0x20, 0x25, 0x72, 0x64, 0x33, 0x39, 0x2c,
  0x20, 0x25, 0x72, 0x64, 0x34, 0x30, 0x3b, 0x00, 0x61, 0x64, 0x64, 0x2e,
  0x73, 0x36, 0x34, 0x20, 0x09, 0x25, 0x72, 0x64, 0x34, 0x32, 0x2c, 0x20,
  0x25, 0x72, 0x64, 0x34, 0x31, 0x2c, 0x20, 0x25, 0x72, 0x64, 0x33, 0x38,
  0x3b, 0x00, 0x61, 0x64, 0x64, 0x2e, 0x73, 0x36, 0x34, 0x20, 0x09, 0x25,
  0x72, 0x64, 0x32, 0x32, 0x2c, 0x20, 0x25, 0x72, 0x64, 0x34, 0x2c, 0x20,
  0x25, 0x72, 0x64, 0x34, 0x32, 0x3b, 0x00, 0x00, 0x73, 0x75, 0x62, 0x2e,
  0x73, 0x33, 0x32, 0x20, 0x09, 0x25, 0x72, 0x31, 0x33, 0x32, 0x36, 0x2c,
  0x20, 0x25, 0x72, 0x38, 0x2c, 0x20, 0x25, 0x72, 0x37, 0x3b, 0x00, 0x00,
  0x73, 0x68, 0x6c, 0x2e, 0x62, 0x33, 0x32, 0x20, 0x09, 0x25, 0x72, 0x31,
  0x33, 0x32, 0x37, 0x2c, 0x20, 0x25, 0x72, 0x31, 0x31, 0x2c, 0x20, 0x38,
  0x3b, 0x00, 0x00, 0x73, 0x68, 0x72, 0x2e, 0x73, 0x33, 0x32, 0x20, 0x09,
  0x25, 0x72, 0x31, 0x33, 0x32, 0x38, 0x2c, 0x20, 0x25, 0x72, 0x31, 0x31,
  0x2c, 0x20, 0x33, 0x31, 0x3b, 0x00, 0x73, 0x68, 0x72, 0x2e, 0x75, 0x33,
  0x32, 0x20, 0x09, 0x25, 0x72, 0x31, 0x33, 0x32, 0x39, 0x2c, 0x20, 0x25,
  0x72, 0x31, 0x33, 0x32, 0x38, 0x2c, 0x20, 0x32, 0x39, 0x3b, 0x00, 0x61,
  0x64, 0x64, 0x2e, 0x73, 0x33, 0x32, 0x20, 0x09, 0x25, 0x72, 0x31, 0x33,
  0x33, 0x30, 0x2c, 0x20, 0x25, 0x72, 0x31, 0x31, 0x2c, 0x20, 0x25, 0x72,
  0x31, 0x33, 0x32, 0x39, 0x3b, 0x00, 0x61, 0x6e, 0x64, 0x2e, 0x62, 0x33,
  0x32, 0x20, 0x20, 0x09, 0x25, 0x72, 0x31, 0x33, 0x33, 0x31, 0x2c, 0x20,
  0x25, 0x72, 0x31, 0x33, 0x33, 0x30, 0x2c, 0x20, 0x32, 0x36, 0x38, 0x34,
  0x33, 0x35, 0x34, 0x34, 0x38, 0x3b, 0x00, 0x73, 0x75, 0x62, 0x2e, 0x73,
  0x33, 0x32, 0x20, 0x09, 0x25, 0x72, 0x31, 0x33, 0x33, 0x32, 0x2c, 0x20,
  0x25, 0x72, 0x31, 0x31, 0x2c, 0x20, 0x25, 0x72, 0x31, 0x33, 0x33, 0x31,
  0x3b, 0x00, 0x00, 0x78, 0x6f, 0x72, 0x2e, 0x62, 0x33, 0x32, 0x20, 0x20,
  0x09, 0x25, 0x72, 0x31, 0x33, 0x33, 0x33, 0x2c, 0x20, 0x25, 0x72, 0x31,
  0x33, 0x33, 0x32, 0x2c, 0x20, 0x25, 0x72, 0x39, 0x3b, 0x00, 0x00, 0x73,
  0x68, 0x6c, 0x2e, 0x62, 0x33, 0x32, 0x20, 0x09, 0x25, 0x72, 0x31, 0x33,
  0x33, 0x34, 0x2c, 0x20, 0x25, 0x72, 0x31, 0x33, 0x33, 0x33, 0x2c, 0x20,
  0x34, 0x3b, 0x00, 0x61, 0x64, 0x64, 0x2e, 0x73, 0x33, 0x32, 0x20, 0x09,
  0x25, 0x72, 0x31, 0x33, 0x33, 0x35, 0x2c, 0x20, 0x25, 0x72, 0x31, 0x33,
  0x33, 0x34, 0x2c, 0x20, 0x25, 0x72, 0x31, 0x33, 0x32, 0x37, 0x3b, 0x00,
  0x00, 0x6f, 0x72, 0x2e, 0x62, 0x33, 0x32, 0x20, 0x20, 0x09, 0x25, 0x72,
  0x31, 0x33, 0x33, 0x36, 0x2c, 0x20, 0x25, 0x72, 0x31, 0x33, 0x30, 0x35,
  0x2c, 0x20, 0x25, 0x72, 0x31, 0x33, 0x30, 0x36, 0x3b, 0x00, 0x00, 0x73,
  0x68, 0x6c, 0x2e, 0x62, 0x33, 0x32, 0x20, 0x09, 0x25, 0x72, 0x31, 0x33,
  0x33, 0x37, 0x2c, 0x20, 0x25, 0x72, 0x31, 0x33, 0x33, 0x36, 0x2c, 0x20,
  0x38, 0x3b, 0x00, 0x6f, 0x72, 0x2e, 0x62, 0x33, 0x32, 0x20, 0x20, 0x09,
  0x25, 0x72, 0x31, 0x33, 0x33, 0x38, 0x2c, 0x20, 0x25, 0x72, 0x31, 0x33,
  0x33, 0x37, 0x2c, 0x20, 0x25, 0x72, 0x31, 0x33, 0x31, 0x31, 0x3b, 0x00,
  0x00, 0x63, 0x76, 0x74, 0x2e, 0x73, 0x36, 0x34, 0x2e, 0x73, 0x33, 0x32,
  0x20, 0x09, 0x25, 0x72, 0x64, 0x34, 0x33, 0x2c, 0x20, 0x25, 0x72, 0x31,
  0x31, 0x3b, 0x00, 0x6d, 0x75, 0x6c, 0x2e, 0x6c, 0x6f, 0x2e, 0x73, 0x36,
  0x34, 0x20, 0x09, 0x25, 0x72, 0x64, 0x34, 0x34, 0x2c, 0x20, 0x25, 0x72,
  0x64, 0x33, 0x2c, 0x20, 0x25, 0x72, 0x64, 0x34, 0x33, 0x3b, 0x00, 0x00,
  0x61, 0x64, 0x64, 0x2e, 0x73, 0x36, 0x34, 0x20, 0x09, 0x25, 0x72, 0x64,
  0x34, 0x35, 0x2c, 0x20, 0x25, 0x72, 0x64, 0x34, 0x34, 0x2c, 0x20, 0x25,
  0x72, 0x64, 0x33, 0x38, 0x3b, 0x00, 0x6d, 0x75, 0x6c, 0x2e, 0x77, 0x69,
  0x64, 0x65, 0x2e, 0x73, 0x33, 0x32, 0x20, 0x09, 0x25, 0x72, 0x64, 0x34,
  0x36, 0x2c, 0x20, 0x25, 0x72, 0x32, 0x37, 0x37, 0x37, 0x2c, 0x20, 0x32,
  0x35, 0x36, 0x3b, 0x00, 0x61, 0x64, 0x64, 0x2e, 0x73, 0x36, 0x34, 0x20,
  0x09, 0x25, 0x72, 0x64, 0x34, 0x37, 0x2c, 0x20, 0x25, 0x72, 0x64, 0x34,
  0x35, 0x2c, 0x20, 0x25, 0x72, 0x64, 0x34, 0x36, 0x3b, 0x00, 0x61, 0x64,
  0x64, 0x2e, 0x73, 0x36, 0x34, 0x20, 0x09, 0x25, 0x72, 0x64, 0x31, 0x30,
  0x38, 0x2c, 0x20, 0x25, 0x72, 0x64, 0x34, 0x2c, 0x20, 0x25, 0x72, 0x64,
  0x34, 0x37, 0x3b, 0x00, 0x00, 0x6d, 0x75, 0x6c, 0x2e, 0x77, 0x69, 0x64,
  0x65, 0x2e, 0x73, 0x33, 0x32, 0x20, 0x09, 0x25, 0x72, 0x64, 0x34, 0x38,
  0x2c, 0x20, 0x25, 0x72, 0x32, 0x37, 0x37, 0x38, 0x2c, 0x20, 0x32, 0x35,
  0x36, 0x3b, 0x00, 0x61, 0x64, 0x64, 0x2e, 0x73, 0x36, 0x34, 0x20, 0x09,
  0x25, 0x72, 0x64, 0x34, 0x39, 0x2c, 0x20, 0x25, 0x72, 0x64, 0x34, 0x35,
  0x2c, 0x20, 0x25, 0x72, 0x64, 0x34, 0x38, 0x3b, 0x00, 0x6d, 0x6f, 0x76,
  0x2e, 0x75, 0x33, 0x32, 0x20, 0x09, 0x25, 0x72, 0x31, 0x33, 0x33, 0x39,
  0x2c, 0x20, 0x33, 0x31, 0x3b, 0x00, 0x6d, 0x6f, 0x76, 0x2e, 0x75, 0x33,
  0x32, 0x20, 0x09, 0x25, 0x72, 0x32, 0x39, 0x33, 0x39, 0x2c, 0x20, 0x30,
  0x3b, 0x00, 0x6d, 0x6f, 0x76, 0x2e, 0x75, 0x33, 0x32, 0x20, 0x09, 0x25,
  0x72, 0x31, 0x33, 0x34, 0x31, 0x2c, 0x20, 0x2d, 0x31, 0x3b, 0x00, 0x00,
  0x00, 0x00, 0x00, 0x00, 0x73, 0x68, 0x66, 0x6c, 0x2e, 0x73, 0x79, 0x6e,
  0x63, 0x2e, 0x69, 0x64, 0x78, 0x2e, 0x62, 0x33, 0x32, 0x20, 0x09, 0x25,
  0x72, 0x31, 0x33, 0x34, 0x32, 0x7c, 0x25, 0x70, 0x38, 0x2c, 0x20, 0x25,
  0x72, 0x32, 0x39, 0x33, 0x39, 0x2c, 0x20, 0x25, 0x72, 0x32, 0x39, 0x33,
  0x39, 0x2c, 0x20, 0x25, 0x72, 0x31, 0x33, 0x33, 0x39, 0x2c, 0x20, 0x25,
  0x72, 0x31, 0x33, 0x34, 0x31, 0x3b, 0x00, 0x00, 0x00, 0x73, 0x68, 0x66,
  0x6c, 0x2e, 0x73, 0x79, 0x6e, 0x63, 0x2e, 0x69, 0x64, 0x78, 0x2e, 0x62,
  0x33, 0x32, 0x20, 0x09, 0x25, 0x72, 0x31, 0x33, 0x34, 0x33, 0x7c, 0x25,
  0x70, 0x39, 0x2c, 0x20, 0x25, 0x72, 0x32, 0x39, 0x33, 0x39, 0x2c, 0x20,
  0x25, 0x72, 0x32, 0x39, 0x33, 0x39, 0x2c, 0x20, 0x25, 0x72, 0x31, 0x33,
  0x33, 0x39, 0x2c, 0x20, 0x25, 0x72, 0x31, 0x33, 0x34, 0x31, 0x3b, 0x00,
  0x00, 0x00, 0x00, 0x6c, 0x64, 0x2e, 0x70, 0x61, 0x72, 0x61, 0x6d, 0x2e,
  0x75, 0x36, 0x34, 0x20, 0x09, 0x25, 0x72, 0x64, 0x36, 0x2c, 0x20, 0x5b,
  0x25, 0x72, 0x64, 0x31, 0x2b, 0x2d, 0x32, 0x34, 0x5d, 0x3b, 0x00, 0x00,
  0x6c, 0x64, 0x2e, 0x70, 0x61, 0x72, 0x61, 0x6d, 0x2e, 0x75, 0x36, 0x34,
  0x20, 0x09, 0x25, 0x72, 0x64, 0x37, 0x2c, 0x20, 0x5b, 0x25, 0x72, 0x64,
  0x31, 0x2b, 0x2d, 0x36, 0x34, 0x5d, 0x3b, 0x00, 0x00, 0x61, 0x64, 0x64,
  0x2e, 0x73, 0x33, 0x32, 0x20, 0x09, 0x25, 0x72, 0x31, 0x33, 0x34, 0x34,
  0x2c, 0x20, 0x25, 0x72, 0x37, 0x2c, 0x20, 0x36, 0x34, 0x3b, 0x00, 0x6d,
  0x69, 0x6e, 0x2e, 0x73, 0x33, 0x32, 0x20, 0x09, 0x25, 0x72, 0x31, 0x33,
  0x34, 0x35, 0x2c, 0x20, 0x25, 0x72, 0x31, 0x33, 0x34, 0x34, 0x2c, 0x20,
  0x25, 0x72, 0x38, 0x3b, 0x00, 0x6d, 0x69, 0x6e, 0x2e, 0x73, 0x33, 0x32,
  0x20, 0x09, 0x25, 0x72, 0x31, 0x33, 0x34, 0x36, 0x2c, 0x20, 0x25, 0x72,
  0x31, 0x33, 0x32, 0x36, 0x2c, 0x20, 0x36, 0x34, 0x3b, 0x00, 0x00, 0x61,
  0x64, 0x64, 0x2e, 0x73, 0x33, 0x32, 0x20, 0x09, 0x25, 0x72, 0x31, 0x33,
  0x34, 0x37, 0x2c, 0x20, 0x25, 0x72, 0x31, 0x33, 0x34, 0x35, 0x2c, 0x20,
  0x33, 0x31, 0x3b, 0x00, 0x73, 0x68, 0x72, 0x2e, 0x73, 0x33, 0x32, 0x20,
  0x09, 0x25, 0x72, 0x31, 0x33, 0x34, 0x38, 0x2c, 0x20, 0x25, 0x72, 0x31,
  0x33, 0x34, 0x37, 0x2c, 0x20, 0x33, 0x31, 0x3b, 0x00, 0x73, 0x68, 0x72,
  0x2e, 0x75, 0x33, 0x32, 0x20, 0x09, 0x25, 0x72, 0x31, 0x33, 0x34, 0x39,
  0x2c, 0x20, 0x25, 0x72, 0x31, 0x33, 0x34, 0x38, 0x2c, 0x20, 0x32, 0x37,
  0x3b, 0x00, 0x61, 0x64, 0x64, 0x2e, 0x73, 0x33, 0x32, 0x20, 0x09, 0x25,
  0x72, 0x31, 0x33, 0x35, 0x30, 0x2c, 0x20, 0x25, 0x72, 0x31, 0x33, 0x34,
  0x37, 0x2c, 0x20, 0x25, 0x72, 0x31, 0x33, 0x34, 0x39, 0x3b, 0x00, 0x00,
  0x00, 0x73, 0x65, 0x74, 0x70, 0x2e, 0x6c, 0x74, 0x2e, 0x73, 0x33, 0x32,
  0x20, 0x09, 0x25, 0x70, 0x31, 0x30, 0x2c, 0x20, 0x25, 0x72, 0x31, 0x31,
  0x2c, 0x20, 0x25, 0x72, 0x31, 0x33, 0x34, 0x36, 0x3b, 0x00, 0x61, 0x64,
  0x64, 0x2e, 0x73, 0x33, 0x32, 0x20, 0x09, 0x25, 0x72, 0x31, 0x33, 0x35,
  0x31, 0x2c, 0x20, 0x25, 0x72, 0x31, 0x31, 0x2c, 0x20, 0x38, 0x3b, 0x00,
  0x73, 0x65, 0x74, 0x70, 0x2e, 0x6c, 0x74, 0x2e, 0x73, 0x33, 0x32, 0x20,
  0x09, 0x25, 0x70, 0x31, 0x31, 0x2c, 0x20, 0x25, 0x72, 0x31, 0x33, 0x35,
  0x31, 0x2c, 0x20, 0x25, 0x72, 0x31, 0x33, 0x34, 0x36, 0x3b, 0x00, 0x61,
  0x64, 0x64, 0x2e, 0x73, 0x33, 0x32, 0x20, 0x09, 0x25, 0x72, 0x31, 0x33,
  0x35, 0x32, 0x2c, 0x20, 0x25, 0x72, 0x31, 0x31, 0x2c, 0x20, 0x31, 0x36,
  0x3b, 0x00, 0x73, 0x65, 0x74, 0x70, 0x2e, 0x6c, 0x74, 0x2e, 0x73, 0x33,
  0x32, 0x20, 0x09, 0x25, 0x70, 0x31, 0x32, 0x2c, 0x20, 0x25, 0x72, 0x31,
  0x33, 0x35, 0x32, 0x2c, 0x20, 0x25, 0x72, 0x31, 0x33, 0x34, 0x36, 0x3b,
  0x00, 0x61, 0x64, 0x64, 0x2e, 0x73, 0x33, 0x32, 0x20, 0x09, 0x25, 0x72,
  0x31, 0x33, 0x35, 0x33, 0x2c, 0x20, 0x25, 0x72, 0x31, 0x31, 0x2c, 0x20,
  0x32, 0x34, 0x3b, 0x00, 0x73, 0x65, 0x74, 0x70, 0x2e, 0x6c, 0x74, 0x2e,
  0x73, 0x33, 0x32, 0x20, 0x09, 0x25, 0x70, 0x31, 0x33, 0x2c, 0x20, 0x25,
  0x72, 0x31, 0x33, 0x35, 0x33, 0x2c, 0x20, 0x25, 0x72, 0x31, 0x33, 0x34,
  0x36, 0x3b, 0x00, 0x61, 0x64, 0x64, 0x2e, 0x73, 0x33, 0x32, 0x20, 0x09,
  0x25, 0x72, 0x31, 0x33, 0x35, 0x34, 0x2c, 0x20, 0x25, 0x72, 0x31, 0x31,
  0x2c, 0x20, 0x33, 0x32, 0x3b, 0x00, 0x73, 0x65, 0x74, 0x70, 0x2e, 0x6c,
  0x74, 0x2e, 0x73, 0x33, 0x32, 0x20, 0x09, 0x25, 0x70, 0x31, 0x34, 0x2c,
  0x20, 0x25, 0x72, 0x31, 0x33, 0x35, 0x34, 0x2c, 0x20, 0x25, 0x72, 0x31,
  0x33, 0x34, 0x36, 0x3b, 0x00, 0x61, 0x64, 0x64, 0x2e, 0x73, 0x33, 0x32,
  0x20, 0x09, 0x25, 0x72, 0x31, 0x33, 0x35, 0x35, 0x2c, 0x20, 0x25, 0x72,
  0x31, 0x31, 0x2c, 0x20, 0x34, 0x30, 0x3b, 0x00, 0x73, 0x65, 0x74, 0x70,
  0x2e, 0x6c, 0x74, 0x2e, 0x73, 0x33, 0x32, 0x20, 0x09, 0x25, 0x70, 0x31,
  0x35, 0x2c, 0x20, 0x25, 0x72, 0x31, 0x33, 0x35, 0x35, 0x2c, 0x20, 0x25,
  0x72, 0x31, 0x33, 0x34, 0x36, 0x3b, 0x00, 0x61, 0x64, 0x64, 0x2e, 0x73,
  0x33, 0x32, 0x20, 0x09, 0x25, 0x72, 0x31, 0x33, 0x35, 0x36, 0x2c, 0x20,
  0x25, 0x72, 0x31, 0x31, 0x2c, 0x20, 0x34, 0x38, 0x3b, 0x00, 0x73, 0x65,
  0x74, 0x70, 0x2e, 0x6c, 0x74, 0x2e, 0x73, 0x33, 0x32, 0x20, 0x09, 0x25,
  0x70, 0x31, 0x36, 0x2c, 0x20, 0x25, 0x72, 0x31, 0x33, 0x35, 0x36, 0x2c,
  0x20, 0x25, 0x72, 0x31, 0x33, 0x34, 0x36, 0x3b, 0x00, 0x61, 0x64, 0x64,
  0x2e, 0x73, 0x33, 0x32, 0x20, 0x09, 0x25, 0x72, 0x31, 0x33, 0x35, 0x37,
  0x2c, 0x20, 0x25, 0x72, 0x31, 0x31, 0x2c, 0x20, 0x35, 0x36, 0x3b, 0x00,
  0x73, 0x65, 0x74, 0x70, 0x2e, 0x6c, 0x74, 0x2e, 0x73, 0x33, 0x32, 0x20,
  0x09, 0x25, 0x70, 0x31, 0x37, 0x2c, 0x20, 0x25, 0x72, 0x31, 0x33, 0x35,
  0x37, 0x2c, 0x20, 0x25, 0x72, 0x31, 0x33, 0x34, 0x36, 0x3b, 0x00, 0x00,
  0x61, 0x64, 0x64, 0x2e, 0x73, 0x36, 0x34, 0x20, 0x09, 0x25, 0x72, 0x64,
  0x31, 0x30, 0x39, 0x2c, 0x20, 0x25, 0x72, 0x64, 0x34, 0x2c, 0x20, 0x25,
  0x72, 0x64, 0x34, 0x39, 0x3b, 0x00, 0x00, 0x73, 0x68, 0x6c, 0x2e, 0x62,
  0x33, 0x32, 0x20, 0x09, 0x25, 0x72, 0x31, 0x33, 0x35, 0x38, 0x2c, 0x20,
  0x25, 0x72, 0x31, 0x2c, 0x20, 0x38, 0x3b, 0x00, 0x61, 0x6e, 0x64, 0x2e,
  0x62, 0x33, 0x32, 0x20, 0x20, 0x09, 0x25, 0x72, 0x31, 0x33, 0x35, 0x39,
  0x2c, 0x20, 0x25, 0x72, 0x31, 0x33, 0x35, 0x38, 0x2c, 0x20, 0x33, 0x38,
  0x34, 0x30, 0x3b, 0x00, 0x6f, 0x72, 0x2e, 0x62, 0x33, 0x32, 0x20, 0x20,
  0x09, 0x25, 0x72, 0x31, 0x33, 0x36, 0x30, 0x2c, 0x20, 0x25, 0x72, 0x31,
  0x33, 0x31, 0x31, 0x2c, 0x20, 0x25, 0x72, 0x31, 0x33, 0x35, 0x39, 0x3b,
  0x00, 0x00, 0x61, 0x6e, 0x64, 0x2e, 0x62, 0x33, 0x32, 0x20, 0x20, 0x09,
  0x25, 0x72, 0x32, 0x37, 0x2c, 0x20, 0x25, 0x72, 0x31, 0x33, 0x35, 0x30,
  0x2c, 0x20, 0x2d, 0x33, 0x32, 0x3b, 0x00, 0x00, 0x00, 0x00, 0x73, 0x65,
  0x6c, 0x70, 0x2e, 0x62, 0x33, 0x32, 0x20, 0x09, 0x25, 0x72, 0x31, 0x30,
  0x35, 0x31, 0x2c, 0x20, 0x31, 0x36, 0x2c, 0x20, 0x30, 0x2c, 0x20, 0x25,
  0x70, 0x31, 0x35, 0x3b, 0x00, 0x6d, 0x6f, 0x76, 0x2e, 0x75, 0x33, 0x32,
  0x20, 0x09, 0x25, 0x72, 0x31, 0x33, 0x36, 0x31, 0x2c, 0x20, 0x5f, 0x5a,
  0x4e, 0x32, 0x35, 0x66, 0x75, 0x73, 0x65, 0x64, 0x5f, 0x6d, 0x75, 0x6c,
  0x74, 0x69, 0x68, 0x65, 0x61, 0x64, 0x5f, 0x61, 0x74, 0x74, 0x65, 0x6e,
  0x74, 0x69, 0x6f, 0x6e, 0x35, 0x73, 0x6d, 0x65, 0x6d, 0x5f, 0x45, 0x3b,
  0x00, 0x61, 0x64, 0x64, 0x2e, 0x73, 0x33, 0x32, 0x20, 0x09, 0x25, 0x72,
  0x32, 0x38, 0x2c, 0x20, 0x25, 0x72, 0x31, 0x33, 0x33, 0x35, 0x2c, 0x20,
  0x25, 0x72, 0x31, 0x33, 0x36, 0x31, 0x3b, 0x00, 0x61, 0x64, 0x64, 0x2e,
  0x73, 0x33, 0x32, 0x20, 0x09, 0x25, 0x72, 0x31, 0x30, 0x34, 0x30, 0x2c,
  0x20, 0x25, 0x72, 0x32, 0x38, 0x2c, 0x20, 0x25, 0x72, 0x31, 0x36, 0x3b,
  0x00, 0x00, 0x00, 0x00, 0x61, 0x64, 0x64, 0x2e, 0x73, 0x33, 0x32, 0x20,
  0x09, 0x25, 0x72, 0x31, 0x30, 0x34, 0x32, 0x2c, 0x20, 0x25, 0x72, 0x31,
  0x30, 0x34, 0x30, 0x2c, 0x20, 0x32, 0x30, 0x34, 0x38, 0x3b, 0x00, 0x61,
  0x64, 0x64, 0x2e, 0x73, 0x33, 0x32, 0x20, 0x09, 0x25, 0x72, 0x31, 0x30,
  0x34, 0x34, 0x2c, 0x20, 0x25, 0x72, 0x31, 0x30, 0x34, 0x30, 0x2c, 0x20,
  0x34, 0x30, 0x39, 0x36, 0x3b, 0x00, 0x61, 0x64, 0x64, 0x2e, 0x73, 0x33,
  0x32, 0x20, 0x09, 0x25, 0x72, 0x31, 0x30, 0x34, 0x36, 0x2c, 0x20, 0x25,
  0x72, 0x31, 0x30, 0x34, 0x30, 0x2c, 0x20, 0x36, 0x31, 0x34, 0x34, 0x3b,
  0x00, 0x61, 0x64, 0x64, 0x2e, 0x73, 0x33, 0x32, 0x20, 0x09, 0x25, 0x72,
  0x31, 0x30, 0x34, 0x38, 0x2c, 0x20, 0x25, 0x72, 0x31, 0x30, 0x34, 0x30,
  0x2c, 0x20, 0x38, 0x31, 0x39, 0x32, 0x3b, 0x00, 0x61, 0x64, 0x64, 0x2e,
  0x73, 0x33, 0x32, 0x20, 0x09, 0x25, 0x72, 0x31, 0x30, 0x35, 0x30, 0x2c,
  0x20, 0x25, 0x72, 0x31, 0x30, 0x34, 0x30, 0x2c, 0x20, 0x31, 0x30, 0x32,
  0x34, 0x30, 0x3b, 0x00, 0x61, 0x64, 0x64, 0x2e, 0x73, 0x33, 0x32, 0x20,
  0x09, 0x25, 0x72, 0x31, 0x30, 0x35, 0x32, 0x2c, 0x20, 0x25, 0x72, 0x31,
  0x30, 0x34, 0x30, 0x2c, 0x20, 0x31, 0x32, 0x32, 0x38, 0x38, 0x3b, 0x00,
  0x61, 0x64, 0x64, 0x2e, 0x73, 0x33, 0x32, 0x20, 0x09, 0x25, 0x72, 0x31,
  0x30, 0x35, 0x34, 0x2c, 0x20, 0x25, 0x72, 0x31, 0x30, 0x34, 0x30, 0x2c,
  0x20, 0x31, 0x34, 0x33, 0x33, 0x36, 0x3b, 0x00, 0x00, 0x00, 0x00, 0x00,
  0x00, 0x73, 0x65, 0x6c, 0x70, 0x2e, 0x62, 0x33, 0x32, 0x20, 0x09, 0x25,
  0x72, 0x31, 0x30, 0x34, 0x31, 0x2c, 0x20, 0x31, 0x36, 0x2c, 0x20, 0x30,
  0x2c, 0x20, 0x25, 0x70, 0x31, 0x30, 0x3b, 0x00, 0x00, 0x00, 0x63, 0x70,
  0x2e, 0x61, 0x73, 0x79, 0x6e, 0x63, 0x2e, 0x63, 0x67, 0x2e, 0x73, 0x68,
  0x61, 0x72, 0x65, 0x64, 0x2e, 0x67, 0x6c, 0x6f, 0x62, 0x61, 0x6c, 0x20,
  0x5b, 0x25, 0x72, 0x31, 0x30, 0x34, 0x30, 0x5d, 0x2c, 0x20, 0x5b, 0x25,
  0x72, 0x64, 0x32, 0x32, 0x5d, 0x2c, 0x20, 0x31, 0x36, 0x2c, 0x20, 0x25,
  0x72, 0x31, 0x30, 0x34, 0x31, 0x3b, 0x00, 0x00, 0x00, 0x00, 0x73, 0x65,
  0x6c, 0x70, 0x2e, 0x62, 0x33, 0x32, 0x20, 0x09, 0x25, 0x72, 0x31, 0x30,
  0x34, 0x33, 0x2c, 0x20, 0x31, 0x36, 0x2c, 0x20, 0x30, 0x2c, 0x20, 0x25,
  0x70, 0x31, 0x31, 0x3b, 0x00, 0x00, 0x73, 0x68, 0x6c, 0x2e, 0x62, 0x36,
  0x34, 0x20, 0x09, 0x25, 0x72, 0x64, 0x35, 0x30, 0x2c, 0x20, 0x25, 0x72,
  0x64, 0x33, 0x2c, 0x20, 0x33, 0x3b, 0x00, 0x00, 0x61, 0x64, 0x64, 0x2e,
  0x73, 0x36, 0x34, 0x20, 0x09, 0x25, 0x72, 0x64, 0x32, 0x33, 0x2c, 0x20,
  0x25, 0x72, 0x64, 0x32, 0x32, 0x2c, 0x20, 0x25, 0x72, 0x64, 0x35, 0x30,
  0x3b, 0x00, 0x00, 0x63, 0x70, 0x2e, 0x61, 0x73, 0x79, 0x6e, 0x63, 0x2e,
  0x63, 0x67, 0x2e, 0x73, 0x68, 0x61, 0x72, 0x65, 0x64, 0x2e, 0x67, 0x6c,
  0x6f, 0x62, 0x61, 0x6c, 0x20, 0x5b, 0x25, 0x72, 0x31, 0x30, 0x34, 0x32,
  0x5d, 0x2c, 0x20, 0x5b, 0x25, 0x72, 0x64, 0x32, 0x33, 0x5d, 0x2c, 0x20,
  0x31, 0x36, 0x2c, 0x20, 0x25, 0x72, 0x31, 0x30, 0x34, 0x33, 0x3b, 0x00,
  0x00, 0x00, 0x00, 0x73, 0x65, 0x6c, 0x70, 0x2e, 0x62, 0x33, 0x32, 0x20,
  0x09, 0x25, 0x72, 0x31, 0x30, 0x34, 0x35, 0x2c, 0x20, 0x31, 0x36, 0x2c,
  0x20, 0x30, 0x2c, 0x20, 0x25, 0x70, 0x31, 0x32, 0x3b, 0x00, 0x00, 0x61,
  0x64, 0x64, 0x2e, 0x73, 0x36, 0x34, 0x20, 0x09, 0x25, 0x72, 0x64, 0x32,
  0x34, 0x2c, 0x20, 0x25, 0x72, 0x64, 0x32, 0x33, 0x2c, 0x20, 0x25, 0x72,
  0x64, 0x35, 0x30, 0x3b, 0x00, 0x00, 0x63, 0x70, 0x2e, 0x61, 0x73, 0x79,
  0x6e, 0x63, 0x2e, 0x63, 0x67, 0x2e, 0x73, 0x68, 0x61, 0x72, 0x65, 0x64,
  0x2e, 0x67, 0x6c, 0x6f, 0x62, 0x61, 0x6c, 0x20, 0x5b, 0x25, 0x72, 0x31,
  0x30, 0x34, 0x34, 0x5d, 0x2c, 0x20, 0x5b, 0x25, 0x72, 0x64, 0x32, 0x34,
  0x5d, 0x2c, 0x20, 0x31, 0x36, 0x2c, 0x20, 0x25, 0x72, 0x31, 0x30, 0x34,
  0x35, 0x3b, 0x00, 0x00, 0x00, 0x00, 0x73, 0x65, 0x6c, 0x70, 0x2e, 0x62,
  0x33, 0x32, 0x20, 0x09, 0x25, 0x72, 0x31, 0x30, 0x34, 0x37, 0x2c, 0x20,
  0x31, 0x36, 0x2c, 0x20, 0x30, 0x2c, 0x20, 0x25, 0x70, 0x31, 0x33, 0x3b,
  0x00, 0x00, 0x61, 0x64, 0x64, 0x2e, 0x73, 0x36, 0x34, 0x20, 0x09, 0x25,
  0x72, 0x64, 0x32, 0x35, 0x2c, 0x20, 0x25, 0x72, 0x64, 0x32, 0x34, 0x2c,
  0x20, 0x25, 0x72, 0x64, 0x35, 0x30, 0x3b, 0x00, 0x00, 0x63, 0x70, 0x2e,
  0x61, 0x73, 0x79, 0x6e, 0x63, 0x2e, 0x63, 0x67, 0x2e, 0x73, 0x68, 0x61,
  0x72, 0x65, 0x64, 0x2e, 0x67, 0x6c, 0x6f, 0x62, 0x61, 0x6c, 0x20, 0x5b,
  0x25, 0x72, 0x31, 0x30, 0x34, 0x36, 0x5d, 0x2c, 0x20, 0x5b, 0x25, 0x72,
  0x64, 0x32, 0x35, 0x5d, 0x2c, 0x20, 0x31, 0x36, 0x2c, 0x20, 0x25, 0x72,
  0x31, 0x30, 0x34, 0x37, 0x3b, 0x00, 0x00, 0x00, 0x00, 0x73, 0x65, 0x6c,
  0x70, 0x2e, 0x62, 0x33, 0x32, 0x20, 0x09, 0x25, 0x72, 0x31, 0x30, 0x34,
  0x39, 0x2c, 0x20, 0x31, 0x36, 0x2c, 0x20, 0x30, 0x2c, 0x20, 0x25, 0x70,
  0x31, 0x34, 0x3b, 0x00, 0x00, 0x61, 0x64, 0x64, 0x2e, 0x73, 0x36, 0x34,
  0x20, 0x09, 0x25, 0x72, 0x64, 0x32, 0x36, 0x2c, 0x20, 0x25, 0x72, 0x64,
  0x32, 0x35, 0x2c, 0x20, 0x25, 0x72, 0x64, 0x35, 0x30, 0x3b, 0x00, 0x00,
  0x63, 0x70, 0x2e, 0x61, 0x73, 0x79, 0x6e, 0x63, 0x2e, 0x63, 0x67, 0x2e,
  0x73, 0x68, 0x61, 0x72, 0x65, 0x64, 0x2e, 0x67, 0x6c, 0x6f, 0x62, 0x61,
  0x6c, 0x20, 0x5b, 0x25, 0x72, 0x31, 0x30, 0x34, 0x38, 0x5d, 0x2c, 0x20,
  0x5b, 0x25, 0x72, 0x64, 0x32, 0x36, 0x5d, 0x2c, 0x20, 0x31, 0x36, 0x2c,
  0x20, 0x25, 0x72, 0x31, 0x30, 0x34, 0x39, 0x3b, 0x00, 0x00, 0x00, 0x61,
  0x64, 0x64, 0x2e, 0x73, 0x36, 0x34, 0x20, 0x09, 0x25, 0x72, 0x64, 0x32,
  0x37, 0x2c, 0x20, 0x25, 0x72, 0x64, 0x32, 0x36, 0x2c, 0x20, 0x25, 0x72,
  0x64, 0x35, 0x30, 0x3b, 0x00, 0x00, 0x63, 0x70, 0x2e, 0x61, 0x73, 0x79,
  0x6e, 0x63, 0x2e, 0x63, 0x67, 0x2e, 0x73, 0x68, 0x61, 0x72, 0x65, 0x64,
  0x2e, 0x67, 0x6c, 0x6f, 0x62, 0x61, 0x6c, 0x20, 0x5b, 0x25, 0x72, 0x31,
  0x30, 0x35, 0x30, 0x5d, 0x2c, 0x20, 0x5b, 0x25, 0x72, 0x64, 0x32, 0x37,
  0x5d, 0x2c, 0x20, 0x31, 0x36, 0x2c, 0x20, 0x25, 0x72, 0x31, 0x30, 0x35,
  0x31, 0x3b, 0x00, 0x00, 0x00, 0x00, 0x73, 0x65, 0x6c, 0x70, 0x2e, 0x62,
  0x33, 0x32, 0x20, 0x09, 0x25, 0x72, 0x31, 0x30, 0x35, 0x33, 0x2c, 0x20,
  0x31, 0x36, 0x2c, 0x20, 0x30, 0x2c, 0x20, 0x25, 0x70, 0x31, 0x36, 0x3b,
  0x00, 0x00, 0x61, 0x64, 0x64, 0x2e, 0x73, 0x36, 0x34, 0x20, 0x09, 0x25,
  0x72, 0x64, 0x32, 0x38, 0x2c, 0x20, 0x25, 0x72, 0x64, 0x32, 0x37, 0x2c,
  0x20, 0x25, 0x72, 0x64, 0x35, 0x30, 0x3b, 0x00, 0x00, 0x63, 0x70, 0x2e,
  0x61, 0x73, 0x79, 0x6e, 0x63, 0x2e, 0x63, 0x67, 0x2e, 0x73, 0x68, 0x61,
  0x72, 0x65, 0x64, 0x2e, 0x67, 0x6c, 0x6f, 0x62, 0x61, 0x6c, 0x20, 0x5b,
  0x25, 0x72, 0x31, 0x30, 0x35, 0x32, 0x5d, 0x2c, 0x20, 0x5b, 0x25, 0x72,
  0x64, 0x32, 0x38, 0x5d, 0x2c, 0x20, 0x31, 0x36, 0x2c, 0x20, 0x25, 0x72,
  0x31, 0x30, 0x35, 0x33, 0x3b, 0x00, 0x00, 0x00, 0x00, 0x73, 0x65, 0x6c,
  0x70, 0x2e, 0x62, 0x33, 0x32, 0x20, 0x09, 0x25, 0x72, 0x31, 0x30, 0x35,
  0x35, 0x2c, 0x20, 0x31, 0x36, 0x2c, 0x20, 0x30, 0x2c, 0x20, 0x25, 0x70,
  0x31, 0x37, 0x3b, 0x00, 0x00, 0x61, 0x64, 0x64, 0x2e, 0x73, 0x36, 0x34,
  0x20, 0x09, 0x25, 0x72, 0x64, 0x32, 0x39, 0x2c, 0x20, 0x25, 0x72, 0x64,
  0x32, 0x38, 0x2c, 0x20, 0x25, 0x72, 0x64, 0x35, 0x30, 0x3b, 0x00, 0x00,
  0x63, 0x70, 0x2e, 0x61, 0x73, 0x79, 0x6e, 0x63, 0x2e, 0x63, 0x67, 0x2e,
  0x73, 0x68, 0x61, 0x72, 0x65, 0x64, 0x2e, 0x67, 0x6c, 0x6f, 0x62, 0x61,
  0x6c, 0x20, 0x5b, 0x25, 0x72, 0x31, 0x30, 0x35, 0x34, 0x5d, 0x2c, 0x20,
  0x5b, 0x25, 0x72, 0x64, 0x32, 0x39, 0x5d, 0x2c, 0x20, 0x31, 0x36, 0x2c,
  0x20, 0x25, 0x72, 0x31, 0x30, 0x35, 0x35, 0x3b, 0x00, 0x00, 0x00, 0x6d,
  0x69, 0x6e, 0x2e, 0x73, 0x33, 0x32, 0x20, 0x09, 0x25, 0x72, 0x31, 0x33,
  0x36, 0x32, 0x2c, 0x20, 0x25, 0x72, 0x38, 0x2c, 0x20, 0x33, 0x32, 0x3b,
  0x00, 0x00, 0x00, 0x73, 0x65, 0x74, 0x70, 0x2e, 0x6c, 0x74, 0x2e, 0x73,
  0x33, 0x32, 0x20, 0x09, 0x25, 0x70, 0x31, 0x38, 0x2c, 0x20, 0x25, 0x72,
  0x31, 0x31, 0x2c, 0x20, 0x25, 0x72, 0x31, 0x33, 0x36, 0x32, 0x3b, 0x00,
  0x73, 0x65, 0x74, 0x70, 0x2e, 0x6c, 0x74, 0x2e, 0x73, 0x33, 0x32, 0x20,
  0x09, 0x25, 0x70, 0x31, 0x39, 0x2c, 0x20, 0x25, 0x72, 0x31, 0x33, 0x35,
  0x31, 0x2c, 0x20, 0x25, 0x72, 0x31, 0x33, 0x36, 0x32, 0x3b, 0x00, 0x73,
  0x65, 0x74, 0x70, 0x2e, 0x6c, 0x74, 0x2e, 0x73, 0x33, 0x32, 0x20, 0x09,
  0x25, 0x70, 0x32, 0x30, 0x2c, 0x20, 0x25, 0x72, 0x31, 0x33, 0x35, 0x32,
  0x2c, 0x20, 0x25, 0x72, 0x31, 0x33, 0x36, 0x32, 0x3b, 0x00, 0x73, 0x65,
  0x74, 0x70, 0x2e, 0x6c, 0x74, 0x2e, 0x73, 0x33, 0x32, 0x20, 0x09, 0x25,
  0x70, 0x32, 0x31, 0x2c, 0x20, 0x25, 0x72, 0x31, 0x33, 0x35, 0x33, 0x2c,
  0x20, 0x25, 0x72, 0x31, 0x33, 0x36, 0x32, 0x3b, 0x00, 0x61, 0x64, 0x64,
  0x2e, 0x73, 0x33, 0x32, 0x20, 0x09, 0x25, 0x72, 0x31, 0x33, 0x36, 0x33,
  0x2c, 0x20, 0x25, 0x72, 0x31, 0x33, 0x36, 0x31, 0x2c, 0x20, 0x31, 0x36,
  0x33, 0x38, 0x34, 0x3b, 0x00, 0x61, 0x64, 0x64, 0x2e, 0x73, 0x33, 0x32,
  0x20, 0x09, 0x25, 0x72, 0x31, 0x33, 0x36, 0x34, 0x2c, 0x20, 0x25, 0x72,
  0x31, 0x33, 0x33, 0x35, 0x2c, 0x20, 0x25, 0x72, 0x31, 0x33, 0x36, 0x33,
  0x3b, 0x00, 0x61, 0x64, 0x64, 0x2e, 0x73, 0x33, 0x32, 0x20, 0x09, 0x25,
  0x72, 0x31, 0x30, 0x35, 0x36, 0x2c, 0x20, 0x25, 0x72, 0x31, 0x33, 0x36,
  0x34, 0x2c, 0x20, 0x25, 0x72, 0x32, 0x31, 0x3b, 0x00, 0x00, 0x00, 0x00,
  0x00, 0x61, 0x64, 0x64, 0x2e, 0x73, 0x33, 0x32, 0x20, 0x09, 0x25, 0x72,
  0x31, 0x30, 0x35, 0x38, 0x2c, 0x20, 0x25, 0x72, 0x31, 0x30, 0x35, 0x36,
  0x2c, 0x20, 0x32, 0x30, 0x34, 0x38, 0x3b, 0x00, 0x61, 0x64, 0x64, 0x2e,
  0x73, 0x33, 0x32, 0x20, 0x09, 0x25, 0x72, 0x31, 0x30, 0x36, 0x30, 0x2c,
  0x20, 0x25, 0x72, 0x31, 0x30, 0x35, 0x36, 0x2c, 0x20, 0x34, 0x30, 0x39,
  0x36, 0x3b, 0x00, 0x61, 0x64, 0x64, 0x2e, 0x73, 0x33, 0x32, 0x20, 0x09,
  0x25, 0x72, 0x31, 0x30, 0x36, 0x32, 0x2c, 0x20, 0x25, 0x72, 0x31, 0x30,
  0x35, 0x36, 0x2c, 0x20, 0x36, 0x31, 0x34, 0x34, 0x3b, 0x00, 0x00, 0x00,
  0x00, 0x00, 0x00, 0x73, 0x65, 0x6c, 0x70, 0x2e, 0x62, 0x33, 0x32, 0x20,
  0x09, 0x25, 0x72, 0x31, 0x30, 0x36, 0x35, 0x2c, 0x20, 0x31, 0x36, 0x2c,
  0x20, 0x30, 0x2c, 0x20, 0x25, 0x70, 0x31, 0x38, 0x3b, 0x00, 0x00, 0x00,
  0x63, 0x70, 0x2e, 0x61, 0x73, 0x79, 0x6e, 0x63, 0x2e, 0x63, 0x67, 0x2e,
  0x73, 0x68, 0x61, 0x72, 0x65, 0x64, 0x2e, 0x67, 0x6c, 0x6f, 0x62, 0x61,
  0x6c, 0x20, 0x5b, 0x25, 0x72, 0x31, 0x30, 0x35, 0x36, 0x5d, 0x2c, 0x20,
  0x5b, 0x25, 0x72, 0x64, 0x31, 0x30, 0x38, 0x5d, 0x2c, 0x20, 0x31, 0x36,
  0x2c, 0x20, 0x25, 0x72, 0x31, 0x30, 0x36, 0x35, 0x3b, 0x00, 0x00, 0x00,
  0x00, 0x73, 0x65, 0x6c, 0x70, 0x2e, 0x62, 0x33, 0x32, 0x20, 0x09, 0x25,
  0x72, 0x31, 0x30, 0x36, 0x37, 0x2c, 0x20, 0x31, 0x36, 0x2c, 0x20, 0x30,
  0x2c, 0x20, 0x25, 0x70, 0x31, 0x39, 0x3b, 0x00, 0x00, 0x61, 0x64, 0x64,
  0x2e, 0x73, 0x36, 0x34, 0x20, 0x09, 0x25, 0x72, 0x64, 0x33, 0x31, 0x2c,
  0x20, 0x25, 0x72, 0x64, 0x31, 0x30, 0x38, 0x2c, 0x20, 0x25, 0x72, 0x64,
  0x35, 0x30, 0x3b, 0x00, 0x00, 0x63, 0x70, 0x2e, 0x61, 0x73, 0x79, 0x6e,
  0x63, 0x2e, 0x63, 0x67, 0x2e, 0x73, 0x68, 0x61, 0x72, 0x65, 0x64, 0x2e,
  0x67, 0x6c, 0x6f, 0x62, 0x61, 0x6c, 0x20, 0x5b, 0x25, 0x72, 0x31, 0x30,
  0x35, 0x38, 0x5d, 0x2c, 0x20, 0x5b, 0x25, 0x72, 0x64, 0x33, 0x31, 0x5d,
  0x2c, 0x20, 0x31, 0x36, 0x2c, 0x20, 0x25, 0x72, 0x31, 0x30, 0x36, 0x37,
  0x3b, 0x00, 0x00, 0x00, 0x00, 0x73, 0x65, 0x6c, 0x70, 0x2e, 0x62, 0x33,
  0x32, 0x20, 0x09, 0x25, 0x72, 0x31, 0x30, 0x36, 0x39, 0x2c, 0x20, 0x31,
  0x36, 0x2c, 0x20, 0x30, 0x2c, 0x20, 0x25, 0x70, 0x32, 0x30, 0x3b, 0x00,
  0x00, 0x61, 0x64, 0x64, 0x2e, 0x73, 0x36, 0x34, 0x20, 0x09, 0x25, 0x72,
  0x64, 0x33, 0x32, 0x2c, 0x20, 0x25, 0x72, 0x64, 0x33, 0x31, 0x2c, 0x20,
  0x25, 0x72, 0x64, 0x35, 0x30, 0x3b, 0x00, 0x00, 0x63, 0x70, 0x2e, 0x61,
  0x73, 0x79, 0x6e, 0x63, 0x2e, 0x63, 0x67, 0x2e, 0x73, 0x68, 0x61, 0x72,
  0x65, 0x64, 0x2e, 0x67, 0x6c, 0x6f, 0x62, 0x61, 0x6c, 0x20, 0x5b, 0x25,
  0x72, 0x31, 0x30, 0x36, 0x30, 0x5d, 0x2c, 0x20, 0x5b, 0x25, 0x72, 0x64,
  0x33, 0x32, 0x5d, 0x2c, 0x20, 0x31, 0x36, 0x2c, 0x20, 0x25, 0x72, 0x31,
  0x30, 0x36, 0x39, 0x3b, 0x00, 0x00, 0x00, 0x00, 0x73, 0x65, 0x6c, 0x70,
  0x2e, 0x62, 0x33, 0x32, 0x20, 0x09, 0x25, 0x72, 0x31, 0x30, 0x37, 0x31,
  0x2c, 0x20, 0x31, 0x36, 0x2c, 0x20, 0x30, 0x2c, 0x20, 0x25, 0x70, 0x32,
  0x31, 0x3b, 0x00, 0x00, 0x61, 0x64, 0x64, 0x2e, 0x73, 0x36, 0x34, 0x20,
  0x09, 0x25, 0x72, 0x64, 0x33, 0x33, 0x2c, 0x20, 0x25, 0x72, 0x64, 0x33,
  0x32, 0x2c, 0x20, 0x25, 0x72, 0x64, 0x35, 0x30, 0x3b, 0x00, 0x00, 0x63,
  0x70, 0x2e, 0x61, 0x73, 0x79, 0x6e, 0x63, 0x2e, 0x63, 0x67, 0x2e, 0x73,
  0x68, 0x61, 0x72, 0x65, 0x64, 0x2e, 0x67, 0x6c, 0x6f, 0x62, 0x61, 0x6c,
  0x20, 0x5b, 0x25, 0x72, 0x31, 0x30, 0x36, 0x32, 0x5d, 0x2c, 0x20, 0x5b,
  0x25, 0x72, 0x64, 0x33, 0x33, 0x5d, 0x2c, 0x20, 0x31, 0x36, 0x2c, 0x20,
  0x25, 0x72, 0x31, 0x30, 0x37, 0x31, 0x3b, 0x00, 0x00, 0x00, 0x61, 0x64,
  0x64, 0x2e, 0x73, 0x33, 0x32, 0x20, 0x09, 0x25, 0x72, 0x31, 0x33, 0x36,
  0x35, 0x2c, 0x20, 0x25, 0x72, 0x31, 0x33, 0x36, 0x31, 0x2c, 0x20, 0x32,
  0x34, 0x35, 0x37, 0x36, 0x3b, 0x00, 0x61, 0x64, 0x64, 0x2e, 0x73, 0x33,
  0x32, 0x20, 0x09, 0x25, 0x72, 0x31, 0x33, 0x36, 0x36, 0x2c, 0x20, 0x25,
  0x72, 0x31, 0x33, 0x33, 0x35, 0x2c, 0x20, 0x25, 0x72, 0x31, 0x33, 0x36,
  0x35, 0x3b, 0x00, 0x61, 0x64, 0x64, 0x2e, 0x73, 0x33, 0x32, 0x20, 0x09,
  0x25, 0x72, 0x31, 0x30, 0x36, 0x34, 0x2c, 0x20, 0x25, 0x72, 0x31, 0x33,
  0x36, 0x36, 0x2c, 0x20, 0x25, 0x72, 0x31, 0x33, 0x34, 0x33, 0x3b, 0x00,
  0x00, 0x00, 0x00, 0x00, 0x00, 0x61, 0x64, 0x64, 0x2e, 0x73, 0x33, 0x32,
  0x20, 0x09, 0x25, 0x72, 0x31, 0x30, 0x36, 0x36, 0x2c, 0x20, 0x25, 0x72,
  0x31, 0x30, 0x36, 0x34, 0x2c, 0x20, 0x32, 0x30, 0x34, 0x38, 0x3b, 0x00,
  0x61, 0x64, 0x64, 0x2e, 0x73, 0x33, 0x32, 0x20, 0x09, 0x25, 0x72, 0x31,
  0x30, 0x36, 0x38, 0x2c, 0x20, 0x25, 0x72, 0x31, 0x30, 0x36, 0x34, 0x2c,
  0x20, 0x34, 0x30, 0x39, 0x36, 0x3b, 0x00, 0x61, 0x64, 0x64, 0x2e, 0x73,
  0x33, 0x32, 0x20, 0x09, 0x25, 0x72, 0x31, 0x30, 0x37, 0x30, 0x2c, 0x20,
  0x25, 0x72, 0x31, 0x30, 0x36, 0x34, 0x2c, 0x20, 0x36, 0x31, 0x34, 0x34,
  0x3b, 0x00, 0x00, 0x00, 0x00, 0x00, 0x00, 0x00, 0x63, 0x70, 0x2e, 0x61,
  0x73, 0x79, 0x6e, 0x63, 0x2e, 0x63, 0x67, 0x2e, 0x73, 0x68, 0x61, 0x72,
  0x65, 0x64, 0x2e, 0x67, 0x6c, 0x6f, 0x62, 0x61, 0x6c, 0x20, 0x5b, 0x25,
  0x72, 0x31, 0x30, 0x36, 0x34, 0x5d, 0x2c, 0x20, 0x5b, 0x25, 0x72, 0x64,
  0x31, 0x30, 0x39, 0x5d, 0x2c, 0x20, 0x31, 0x36, 0x2c, 0x20, 0x25, 0x72,
  0x31, 0x30, 0x36, 0x35, 0x3b, 0x00, 0x00, 0x00, 0x61, 0x64, 0x64, 0x2e,
  0x73, 0x36, 0x34, 0x20, 0x09, 0x25, 0x72, 0x64, 0x33, 0x35, 0x2c, 0x20,
  0x25, 0x72, 0x64, 0x31, 0x30, 0x39, 0x2c, 0x20, 0x25, 0x72, 0x64, 0x35,
  0x30, 0x3b, 0x00, 0x00, 0x63, 0x70, 0x2e, 0x61, 0x73, 0x79, 0x6e, 0x63,
  0x2e, 0x63, 0x67, 0x2e, 0x73, 0x68, 0x61, 0x72, 0x65, 0x64, 0x2e, 0x67,
  0x6c, 0x6f, 0x62, 0x61, 0x6c, 0x20, 0x5b, 0x25, 0x72, 0x31, 0x30, 0x36,
  0x36, 0x5d, 0x2c, 0x20, 0x5b, 0x25, 0x72, 0x64, 0x33, 0x35, 0x5d, 0x2c,
  0x20, 0x31, 0x36, 0x2c, 0x20, 0x25, 0x72, 0x31, 0x30, 0x36, 0x37, 0x3b,
  0x00, 0x00, 0x00, 0x61, 0x64, 0x64, 0x2e, 0x73, 0x36, 0x34, 0x20, 0x09,
  0x25, 0x72, 0x64, 0x33, 0x36, 0x2c, 0x20, 0x25, 0x72, 0x64, 0x33, 0x35,
  0x2c, 0x20, 0x25, 0x72, 0x64, 0x35, 0x30, 0x3b, 0x00, 0x00, 0x63, 0x70,
  0x2e, 0x61, 0x73, 0x79, 0x6e, 0x63, 0x2e, 0x63, 0x67, 0x2e, 0x73, 0x68,
  0x61, 0x72, 0x65, 0x64, 0x2e, 0x67, 0x6c, 0x6f, 0x62, 0x61, 0x6c, 0x20,
  0x5b, 0x25, 0x72, 0x31, 0x30, 0x36, 0x38, 0x5d, 0x2c, 0x20, 0x5b, 0x25,
  0x72, 0x64, 0x33, 0x36, 0x5d, 0x2c, 0x20, 0x31, 0x36, 0x2c, 0x20, 0x25,
  0x72, 0x31, 0x30, 0x36, 0x39, 0x3b, 0x00, 0x00, 0x00, 0x61, 0x64, 0x64,
  0x2e, 0x73, 0x36, 0x34, 0x20, 0x09, 0x25, 0x72, 0x64, 0x33, 0x37, 0x2c,
  0x20, 0x25, 0x72, 0x64, 0x33, 0x36, 0x2c, 0x20, 0x25, 0x72, 0x64, 0x35,
  0x30, 0x3b, 0x00, 0x00, 0x63, 0x70, 0x2e, 0x61, 0x73, 0x79, 0x6e, 0x63,
  0x2e, 0x63, 0x67, 0x2e, 0x73, 0x68, 0x61, 0x72, 0x65, 0x64, 0x2e, 0x67,
  0x6c, 0x6f, 0x62, 0x61, 0x6c, 0x20, 0x5b, 0x25, 0x72, 0x31, 0x30, 0x37,
  0x30, 0x5d, 0x2c, 0x20, 0x5b, 0x25, 0x72, 0x64, 0x33, 0x37, 0x5d, 0x2c,
  0x20, 0x31, 0x36, 0x2c, 0x20, 0x25, 0x72, 0x31, 0x30, 0x37, 0x31, 0x3b,
  0x00, 0x00, 0x00, 0x00, 0x00, 0x00, 0x63, 0x70, 0x2e, 0x61, 0x73, 0x79,
  0x6e, 0x63, 0x2e, 0x63, 0x6f, 0x6d, 0x6d, 0x69, 0x74, 0x5f, 0x67, 0x72,
  0x6f, 0x75, 0x70, 0x3b, 0x00, 0x00, 0x00, 0x00, 0x00, 0x00, 0x63, 0x70,
  0x2e, 0x61, 0x73, 0x79, 0x6e, 0x63, 0x2e, 0x77, 0x61, 0x69, 0x74, 0x5f,
  0x67, 0x72, 0x6f, 0x75, 0x70, 0x20, 0x30, 0x3b, 0x00, 0x00, 0x00, 0x00,
  0x62, 0x61, 0x72, 0x2e, 0x73, 0x79, 0x6e, 0x63, 0x20, 0x09, 0x30, 0x3b,
  0x00, 0x61, 0x64, 0x64, 0x2e, 0x73, 0x33, 0x32, 0x20, 0x09, 0x25, 0x72,
  0x31, 0x33, 0x36, 0x37, 0x2c, 0x20, 0x25, 0x72, 0x31, 0x35, 0x2c, 0x20,
  0x25, 0x72, 0x31, 0x33, 0x36, 0x31, 0x3b, 0x00, 0x00, 0x00, 0x61, 0x64,
  0x64, 0x2e, 0x73, 0x33, 0x32, 0x20, 0x09, 0x25, 0x72, 0x31, 0x30, 0x37,
  0x36, 0x2c, 0x20, 0x25, 0x72, 0x31, 0x33, 0x36, 0x37, 0x2c, 0x20, 0x25,
  0x72, 0x31, 0x33, 0x33, 0x38, 0x3b, 0x00, 0x00, 0x00, 0x00, 0x6c, 0x64,
  0x6d, 0x61, 0x74, 0x72, 0x69, 0x78, 0x2e, 0x73, 0x79, 0x6e, 0x63, 0x2e,
  0x61, 0x6c, 0x69, 0x67, 0x6e, 0x65, 0x64, 0x2e, 0x6d, 0x38, 0x6e, 0x38,
  0x2e, 0x78, 0x34, 0x2e, 0x73, 0x68, 0x61, 0x72, 0x65, 0x64, 0x2e, 0x62,
  0x31, 0x36, 0x20, 0x7b, 0x25, 0x72, 0x31, 0x30, 0x37, 0x32, 0x2c, 0x20,
  0x25, 0x72, 0x31, 0x30, 0x37, 0x33, 0x2c, 0x20, 0x25, 0x72, 0x31, 0x30,
  0x37, 0x34, 0x2c, 0x20, 0x25, 0x72, 0x31, 0x30, 0x37, 0x35, 0x7d, 0x2c,
  0x20, 0x5b, 0x25, 0x72, 0x31, 0x30, 0x37, 0x36, 0x5d, 0x3b, 0x00, 0x00,
  0x00, 0x00, 0x78, 0x6f, 0x72, 0x2e, 0x62, 0x33, 0x32, 0x20, 0x20, 0x09,
  0x25, 0x72, 0x31, 0x33, 0x36, 0x38, 0x2c, 0x20, 0x25, 0x72, 0x31, 0x33,
  0x33, 0x38, 0x2c, 0x20, 0x33, 0x32, 0x3b, 0x00, 0x00, 0x61, 0x64, 0x64,
  0x2e, 0x73, 0x33, 0x32, 0x20, 0x09, 0x25, 0x72, 0x31, 0x30, 0x38, 0x31,
  0x2c, 0x20, 0x25, 0x72, 0x31, 0x33, 0x36, 0x37, 0x2c, 0x20, 0x25, 0x72,
  0x31, 0x33, 0x36, 0x38, 0x3b, 0x00, 0x00, 0x00, 0x6c, 0x64, 0x6d, 0x61,
  0x74, 0x72, 0x69, 0x78, 0x2e, 0x73, 0x79, 0x6e, 0x63, 0x2e, 0x61, 0x6c,
  0x69, 0x67, 0x6e, 0x65, 0x64, 0x2e, 0x6d, 0x38, 0x6e, 0x38, 0x2e, 0x78,
  0x34, 0x2e, 0x73, 0x68, 0x61, 0x72, 0x65, 0x64, 0x2e, 0x62, 0x31, 0x36,
  0x20, 0x7b, 0x25, 0x72, 0x31, 0x30, 0x37, 0x37, 0x2c, 0x20, 0x25, 0x72,
  0x31, 0x30, 0x37, 0x38, 0x2c, 0x20, 0x25, 0x72, 0x31, 0x30, 0x37, 0x39,
  0x2c, 0x20, 0x25, 0x72, 0x31, 0x30, 0x38, 0x30, 0x7d, 0x2c, 0x20, 0x5b,
  0x25, 0x72, 0x31, 0x30, 0x38, 0x31, 0x5d, 0x3b, 0x00, 0x00, 0x00, 0x00,
  0x78, 0x6f, 0x72, 0x2e, 0x62, 0x33, 0x32, 0x20, 0x20, 0x09, 0x25, 0x72,
  0x31, 0x33, 0x36, 0x39, 0x2c, 0x20, 0x25, 0x72, 0x31, 0x33, 0x33, 0x38,
  0x2c, 0x20, 0x36, 0x34, 0x3b, 0x00, 0x00, 0x61, 0x64, 0x64, 0x2e, 0x73,
  0x33, 0x32, 0x20, 0x09, 0x25, 0x72, 0x31, 0x30, 0x38, 0x36, 0x2c, 0x20,
  0x25, 0x72, 0x31, 0x33, 0x36, 0x37, 0x2c, 0x20, 0x25, 0x72, 0x31, 0x33,
  0x36, 0x39, 0x3b, 0x00, 0x00, 0x00, 0x6c, 0x64, 0x6d, 0x61, 0x74, 0x72,
  0x69, 0x78, 0x2e, 0x73, 0x79, 0x6e, 0x63, 0x2e, 0x61, 0x6c, 0x69, 0x67,
  0x6e, 0x65, 0x64, 0x2e, 0x6d, 0x38, 0x6e, 0x38, 0x2e, 0x78, 0x34, 0x2e,
  0x73, 0x68, 0x61, 0x72, 0x65, 0x64, 0x2e, 0x62, 0x31, 0x36, 0x20, 0x7b,
  0x25, 0x72, 0x31, 0x30, 0x38, 0x32, 0x2c, 0x20, 0x25, 0x72, 0x31, 0x30,
  0x38, 0x33, 0x2c, 0x20, 0x25, 0x72, 0x31, 0x30, 0x38, 0x34, 0x2c, 0x20,
  0x25, 0x72, 0x31, 0x30, 0x38, 0x35, 0x7d, 0x2c, 0x20, 0x5b, 0x25, 0x72,
  0x31, 0x30, 0x38, 0x36, 0x5d, 0x3b, 0x00, 0x00, 0x00, 0x00, 0x78, 0x6f,
  0x72, 0x2e, 0x62, 0x33, 0x32, 0x20, 0x20, 0x09, 0x25, 0x72, 0x31, 0x33,
  0x37, 0x30, 0x2c, 0x20, 0x25, 0x72, 0x31, 0x33, 0x33, 0x38, 0x2c, 0x20,
  0x39, 0x36, 0x3b, 0x00, 0x00, 0x61, 0x64, 0x64, 0x2e, 0x73, 0x33, 0x32,
  0x20, 0x09, 0x25, 0x72, 0x31, 0x30, 0x39, 0x31, 0x2c, 0x20, 0x25, 0x72,
  0x31, 0x33, 0x36, 0x37, 0x2c, 0x20, 0x25, 0x72, 0x31, 0x33, 0x37, 0x30,
  0x3b, 0x00, 0x00, 0x00, 0x6c, 0x64, 0x6d, 0x61, 0x74, 0x72, 0x69, 0x78,
  0x2e, 0x73, 0x79, 0x6e, 0x63, 0x2e, 0x61, 0x6c, 0x69, 0x67, 0x6e, 0x65,
  0x64, 0x2e, 0x6d, 0x38, 0x6e, 0x38, 0x2e, 0x78, 0x34, 0x2e, 0x73, 0x68,
  0x61, 0x72, 0x65, 0x64, 0x2e, 0x62, 0x31, 0x36, 0x20, 0x7b, 0x25, 0x72,
  0x31, 0x30, 0x38, 0x37, 0x2c, 0x20, 0x25, 0x72, 0x31, 0x30, 0x38, 0x38,
  0x2c, 0x20, 0x25, 0x72, 0x31, 0x30, 0x38, 0x39, 0x2c, 0x20, 0x25, 0x72,
  0x31, 0x30, 0x39, 0x30, 0x7d, 0x2c, 0x20, 0x5b, 0x25, 0x72, 0x31, 0x30,
  0x39, 0x31, 0x5d, 0x3b, 0x00, 0x00, 0x00, 0x00, 0x6f, 0x72, 0x2e, 0x62,
  0x33, 0x32, 0x20, 0x20, 0x09, 0x25, 0x72, 0x31, 0x33, 0x37, 0x31, 0x2c,
  0x20, 0x25, 0x72, 0x31, 0x33, 0x33, 0x38, 0x2c, 0x20, 0x31, 0x32, 0x38,
  0x3b, 0x00, 0x00, 0x61, 0x64, 0x64, 0x2e, 0x73, 0x33, 0x32, 0x20, 0x09,
  0x25, 0x72, 0x31, 0x30, 0x39, 0x36, 0x2c, 0x20, 0x25, 0x72, 0x31, 0x33,
  0x36, 0x37, 0x2c, 0x20, 0x25, 0x72, 0x31, 0x33, 0x37, 0x31, 0x3b, 0x00,
  0x00, 0x00, 0x6c, 0x64, 0x6d, 0x61, 0x74, 0x72, 0x69, 0x78, 0x2e, 0x73,
  0x79, 0x6e, 0x63, 0x2e, 0x61, 0x6c, 0x69, 0x67, 0x6e, 0x65, 0x64, 0x2e,
  0x6d, 0x38, 0x6e, 0x38, 0x2e, 0x78, 0x34, 0x2e, 0x73, 0x68, 0x61, 0x72,
  0x65, 0x64, 0x2e, 0x62, 0x31, 0x36, 0x20, 0x7b, 0x25, 0x72, 0x31, 0x30,
  0x39, 0x32, 0x2c, 0x20, 0x25, 0x72, 0x31, 0x30, 0x39, 0x33, 0x2c, 0x20,
  0x25, 0x72, 0x31, 0x30, 0x39, 0x34, 0x2c, 0x20, 0x25, 0x72, 0x31, 0x30,
  0x39, 0x35, 0x7d, 0x2c, 0x20, 0x5b, 0x25, 0x72, 0x31, 0x30, 0x39, 0x36,
  0x5d, 0x3b, 0x00, 0x00, 0x00, 0x00, 0x78, 0x6f, 0x72, 0x2e, 0x62, 0x33,
  0x32, 0x20, 0x20, 0x09, 0x25, 0x72, 0x31, 0x33, 0x37, 0x32, 0x2c, 0x20,
  0x25, 0x72, 0x31, 0x33, 0x33, 0x38, 0x2c, 0x20, 0x31, 0x36, 0x30, 0x3b,
  0x00, 0x00, 0x61, 0x64, 0x64, 0x2e, 0x73, 0x33, 0x32, 0x20, 0x09, 0x25,
  0x72, 0x31, 0x31, 0x30, 0x31, 0x2c, 0x20, 0x25, 0x72, 0x31, 0x33, 0x36,
  0x37, 0x2c, 0x20, 0x25, 0x72, 0x31, 0x33, 0x37, 0x32, 0x3b, 0x00, 0x00,
  0x00, 0x6c, 0x64, 0x6d, 0x61, 0x74, 0x72, 0x69, 0x78, 0x2e, 0x73, 0x79,
  0x6e, 0x63, 0x2e, 0x61, 0x6c, 0x69, 0x67, 0x6e, 0x65, 0x64, 0x2e, 0x6d,
  0x38, 0x6e, 0x38, 0x2e, 0x78, 0x34, 0x2e, 0x73, 0x68, 0x61, 0x72, 0x65,
  0x64, 0x2e, 0x62, 0x31, 0x36, 0x20, 0x7b, 0x25, 0x72, 0x31, 0x30, 0x39,
  0x37, 0x2c, 0x20, 0x25, 0x72, 0x31, 0x30, 0x39, 0x38, 0x2c, 0x20, 0x25,
  0x72, 0x31, 0x30, 0x39, 0x39, 0x2c, 0x20, 0x25, 0x72, 0x31, 0x31, 0x30,
  0x30, 0x7d, 0x2c, 0x20, 0x5b, 0x25, 0x72, 0x31, 0x31, 0x30, 0x31, 0x5d,
  0x3b, 0x00, 0x00, 0x00, 0x00, 0x78, 0x6f, 0x72, 0x2e, 0x62, 0x33, 0x32,
  0x20, 0x20, 0x09, 0x25, 0x72, 0x31, 0x33, 0x37, 0x33, 0x2c, 0x20, 0x25,
  0x72, 0x31, 0x33, 0x33, 0x38, 0x2c, 0x20, 0x31, 0x39, 0x32, 0x3b, 0x00,
  0x00, 0x61, 0x64, 0x64, 0x2e, 0x73, 0x33, 0x32, 0x20, 0x09, 0x25, 0x72,
  0x31, 0x31, 0x30, 0x36, 0x2c, 0x20, 0x25, 0x72, 0x31, 0x33, 0x36, 0x37,
  0x2c, 0x20, 0x25, 0x72, 0x31, 0x33, 0x37, 0x33, 0x3b, 0x00, 0x00, 0x00,
  0x6c, 0x64, 0x6d, 0x61, 0x74, 0x72, 0x69, 0x78, 0x2e, 0x73, 0x79, 0x6e,
  0x63, 0x2e, 0x61, 0x6c, 0x69, 0x67, 0x6e, 0x65, 0x64, 0x2e, 0x6d, 0x38,
  0x6e, 0x38, 0x2e, 0x78, 0x34, 0x2e, 0x73, 0x68, 0x61, 0x72, 0x65, 0x64,
  0x2e, 0x62, 0x31, 0x36, 0x20, 0x7b, 0x25, 0x72, 0x31, 0x31, 0x30, 0x32,
  0x2c, 0x20, 0x25, 0x72, 0x31, 0x31, 0x30, 0x33, 0x2c, 0x20, 0x25, 0x72,
  0x31, 0x31, 0x30, 0x34, 0x2c, 0x20, 0x25, 0x72, 0x31, 0x31, 0x30, 0x35,
  0x7d, 0x2c, 0x20, 0x5b, 0x25, 0x72, 0x31, 0x31, 0x30, 0x36, 0x5d, 0x3b,
  0x00, 0x00, 0x00, 0x00, 0x78, 0x6f, 0x72, 0x2e, 0x62, 0x33, 0x32, 0x20,
  0x20, 0x09, 0x25, 0x72, 0x31, 0x33, 0x37, 0x34, 0x2c, 0x20, 0x25, 0x72,
  0x31, 0x33, 0x33, 0x38, 0x2c, 0x20, 0x32, 0x32, 0x34, 0x3b, 0x00, 0x00,
  0x61, 0x64, 0x64, 0x2e, 0x73, 0x33, 0x32, 0x20, 0x09, 0x25, 0x72, 0x31,
  0x31, 0x31, 0x31, 0x2c, 0x20, 0x25, 0x72, 0x31, 0x33, 0x36, 0x37, 0x2c,
  0x20, 0x25, 0x72, 0x31, 0x33, 0x37, 0x34, 0x3b, 0x00, 0x00, 0x00, 0x6c,
  0x64, 0x6d, 0x61, 0x74, 0x72, 0x69, 0x78, 0x2e, 0x73, 0x79, 0x6e, 0x63,
  0x2e, 0x61, 0x6c, 0x69, 0x67, 0x6e, 0x65, 0x64, 0x2e, 0x6d, 0x38, 0x6e,
  0x38, 0x2e, 0x78, 0x34, 0x2e, 0x73, 0x68, 0x61, 0x72, 0x65, 0x64, 0x2e,
  0x62, 0x31, 0x36, 0x20, 0x7b, 0x25, 0x72, 0x31, 0x31, 0x30, 0x37, 0x2c,
  0x20, 0x25, 0x72, 0x31, 0x31, 0x30, 0x38, 0x2c, 0x20, 0x25, 0x72, 0x31,
  0x31, 0x30, 0x39, 0x2c, 0x20, 0x25, 0x72, 0x31, 0x31, 0x31, 0x30, 0x7d,
  0x2c, 0x20, 0x5b, 0x25, 0x72, 0x31, 0x31, 0x31, 0x31, 0x5d, 0x3b, 0x00,
  0x00, 0x00, 0x61, 0x64, 0x64, 0x2e, 0x73, 0x33, 0x32, 0x20, 0x09, 0x25,
  0x72, 0x36, 0x39, 0x2c, 0x20, 0x25, 0x72, 0x32, 0x30, 0x2c, 0x20, 0x25,
  0x72, 0x31, 0x33, 0x36, 0x33, 0x3b, 0x00, 0x61, 0x64, 0x64, 0x2e, 0x73,
  0x33, 0x32, 0x20, 0x09, 0x25, 0x72, 0x31, 0x31, 0x31, 0x36, 0x2c, 0x20,
  0x25, 0x72, 0x36, 0x39, 0x2c, 0x20, 0x25, 0x72, 0x31, 0x33, 0x31, 0x39,
  0x3b, 0x00, 0x00, 0x00, 0x00, 0x00, 0x6c, 0x64, 0x6d, 0x61, 0x74, 0x72,
  0x69, 0x78, 0x2e, 0x73, 0x79, 0x6e, 0x63, 0x2e, 0x61, 0x6c, 0x69, 0x67,
  0x6e, 0x65, 0x64, 0x2e, 0x6d, 0x38, 0x6e, 0x38, 0x2e, 0x78, 0x34, 0x2e,
  0x73, 0x68, 0x61, 0x72, 0x65, 0x64, 0x2e, 0x62, 0x31, 0x36, 0x20, 0x7b,
  0x25, 0x72, 0x33, 0x30, 0x30, 0x32, 0x2c, 0x20, 0x25, 0x72, 0x33, 0x30,
  0x30, 0x31, 0x2c, 0x20, 0x25, 0x72, 0x33, 0x30, 0x30, 0x30, 0x2c, 0x20,
  0x25, 0x72, 0x32, 0x39, 0x39, 0x39, 0x7d, 0x2c, 0x20, 0x5b, 0x25, 0x72,
  0x31, 0x31, 0x31, 0x36, 0x5d, 0x3b, 0x00, 0x00, 0x00, 0x00, 0x61, 0x64,
  0x64, 0x2e, 0x73, 0x33, 0x32, 0x20, 0x09, 0x25, 0x72, 0x31, 0x31, 0x32,
  0x31, 0x2c, 0x20, 0x25, 0x72, 0x31, 0x31, 0x31, 0x36, 0x2c, 0x20, 0x34,
  0x30, 0x39, 0x36, 0x3b, 0x00, 0x00, 0x00, 0x6c, 0x64, 0x6d, 0x61, 0x74,
  0x72, 0x69, 0x78, 0x2e, 0x73, 0x79, 0x6e, 0x63, 0x2e, 0x61, 0x6c, 0x69,
  0x67, 0x6e, 0x65, 0x64, 0x2e, 0x6d, 0x38, 0x6e, 0x38, 0x2e, 0x78, 0x34,
  0x2e, 0x73, 0x68, 0x61, 0x72, 0x65, 0x64, 0x2e, 0x62, 0x31, 0x36, 0x20,
  0x7b, 0x25, 0x72, 0x32, 0x39, 0x39, 0x38, 0x2c, 0x20, 0x25, 0x72, 0x32,
  0x39, 0x39, 0x37, 0x2c, 0x20, 0x25, 0x72, 0x32, 0x39, 0x39, 0x36, 0x2c,
  0x20, 0x25, 0x72, 0x32, 0x39, 0x39, 0x35, 0x7d, 0x2c, 0x20, 0x5b, 0x25,
  0x72, 0x31, 0x31, 0x32, 0x31, 0x5d, 0x3b, 0x00, 0x00, 0x00, 0x00, 0x78,
  0x6f, 0x72, 0x2e, 0x62, 0x33, 0x32, 0x20, 0x20, 0x09, 0x25, 0x72, 0x31,
  0x33, 0x37, 0x35, 0x2c, 0x20, 0x25, 0x72, 0x31, 0x33, 0x31, 0x39, 0x2c,
  0x20, 0x33, 0x32, 0x3b, 0x00, 0x61, 0x64, 0x64, 0x2e, 0x73, 0x33, 0x32,
  0x20, 0x09, 0x25, 0x72, 0x31, 0x31, 0x32, 0x36, 0x2c, 0x20, 0x25, 0x72,
  0x36, 0x39, 0x2c, 0x20, 0x25, 0x72, 0x31, 0x33, 0x37, 0x35, 0x3b, 0x00,
  0x00, 0x00, 0x6c, 0x64, 0x6d, 0x61, 0x74, 0x72, 0x69, 0x78, 0x2e, 0x73,
  0x79, 0x6e, 0x63, 0x2e, 0x61, 0x6c, 0x69, 0x67, 0x6e, 0x65, 0x64, 0x2e,
  0x6d, 0x38, 0x6e, 0x38, 0x2e, 0x78, 0x34, 0x2e, 0x73, 0x68, 0x61, 0x72,
  0x65, 0x64, 0x2e, 0x62, 0x31, 0x36, 0x20, 0x7b, 0x25, 0x72, 0x32, 0x39,
  0x39, 0x34, 0x2c, 0x20, 0x25, 0x72, 0x32, 0x39, 0x39, 0x33, 0x2c, 0x20,
  0x25, 0x72, 0x32, 0x39, 0x39, 0x32, 0x2c, 0x20, 0x25, 0x72, 0x32, 0x39,
  0x39, 0x31, 0x7d, 0x2c, 0x20, 0x5b, 0x25, 0x72, 0x31, 0x31, 0x32, 0x36,
  0x5d, 0x3b, 0x00, 0x00, 0x00, 0x00, 0x61, 0x64, 0x64, 0x2e, 0x73, 0x33,
  0x32, 0x20, 0x09, 0x25, 0x72, 0x31, 0x31, 0x33, 0x31, 0x2c, 0x20, 0x25,
  0x72, 0x31, 0x31, 0x32, 0x36, 0x2c, 0x20, 0x34, 0x30, 0x39, 0x36, 0x3b,
  0x00, 0x00, 0x00, 0x6c, 0x64, 0x6d, 0x61, 0x74, 0x72, 0x69, 0x78, 0x2e,
  0x73, 0x79, 0x6e, 0x63, 0x2e, 0x61, 0x6c, 0x69, 0x67, 0x6e, 0x65, 0x64,
  0x2e, 0x6d, 0x38, 0x6e, 0x38, 0x2e, 0x78, 0x34, 0x2e, 0x73, 0x68, 0x61,
  0x72, 0x65, 0x64, 0x2e, 0x62, 0x31, 0x36, 0x20, 0x7b, 0x25, 0x72, 0x32,
  0x39, 0x39, 0x30, 0x2c, 0x20, 0x25, 0x72, 0x32, 0x39, 0x38, 0x39, 0x2c,
  0x20, 0x25, 0x72, 0x32, 0x39, 0x38, 0x38, 0x2c, 0x20, 0x25, 0x72, 0x32,
  0x39, 0x38, 0x37, 0x7d, 0x2c, 0x20, 0x5b, 0x25, 0x72, 0x31, 0x31, 0x33,
  0x31, 0x5d, 0x3b, 0x00, 0x00, 0x00, 0x00, 0x78, 0x6f, 0x72, 0x2e, 0x62,
  0x33, 0x32, 0x20, 0x20, 0x09, 0x25, 0x72, 0x31, 0x33, 0x37, 0x36, 0x2c,
  0x20, 0x25, 0x72, 0x31, 0x33, 0x31, 0x39, 0x2c, 0x20, 0x36, 0x34, 0x3b,
  0x00, 0x61, 0x64, 0x64, 0x2e, 0x73, 0x33, 0x32, 0x20, 0x09, 0x25, 0x72,
  0x31, 0x31, 0x33, 0x36, 0x2c, 0x20, 0x25, 0x72, 0x36, 0x39, 0x2c, 0x20,
  0x25, 0x72, 0x31, 0x33, 0x37, 0x36, 0x3b, 0x00, 0x00, 0x00, 0x6c, 0x64,
  0x6d, 0x61, 0x74, 0x72, 0x69, 0x78, 0x2e, 0x73, 0x79, 0x6e, 0x63, 0x2e,
  0x61, 0x6c, 0x69, 0x67, 0x6e, 0x65, 0x64, 0x2e, 0x6d, 0x38, 0x6e, 0x38,
  0x2e, 0x78, 0x34, 0x2e, 0x73, 0x68, 0x61, 0x72, 0x65, 0x64, 0x2e, 0x62,
  0x31, 0x36, 0x20, 0x7b, 0x25, 0x72, 0x32, 0x39, 0x38, 0x36, 0x2c, 0x20,
  0x25, 0x72, 0x32, 0x39, 0x38, 0x35, 0x2c, 0x20, 0x25, 0x72, 0x32, 0x39,
  0x38, 0x34, 0x2c, 0x20, 0x25, 0x72, 0x32, 0x39, 0x38, 0x33, 0x7d, 0x2c,
  0x20, 0x5b, 0x25, 0x72, 0x31, 0x31, 0x33, 0x36, 0x5d, 0x3b, 0x00, 0x00,
  0x00, 0x00, 0x61, 0x64, 0x64, 0x2e, 0x73, 0x33, 0x32, 0x20, 0x09, 0x25,
  0x72, 0x31, 0x31, 0x34, 0x31, 0x2c, 0x20, 0x25, 0x72, 0x31, 0x31, 0x33,
  0x36, 0x2c, 0x20, 0x34, 0x30, 0x39, 0x36, 0x3b, 0x00, 0x00, 0x00, 0x6c,
  0x64, 0x6d, 0x61, 0x74, 0x72, 0x69, 0x78, 0x2e, 0x73, 0x79, 0x6e, 0x63,
  0x2e, 0x61, 0x6c, 0x69, 0x67, 0x6e, 0x65, 0x64, 0x2e, 0x6d, 0x38, 0x6e,
  0x38, 0x2e, 0x78, 0x34, 0x2e, 0x73, 0x68, 0x61, 0x72, 0x65, 0x64, 0x2e,
  0x62, 0x31, 0x36, 0x20, 0x7b, 0x25, 0x72, 0x32, 0x39, 0x38, 0x32, 0x2c,
  0x20, 0x25, 0x72, 0x32, 0x39, 0x38, 0x31, 0x2c, 0x20, 0x25, 0x72, 0x32,
  0x39, 0x38, 0x30, 0x2c, 0x20, 0x25, 0x72, 0x32, 0x39, 0x37, 0x39, 0x7d,
  0x2c, 0x20, 0x5b, 0x25, 0x72, 0x31, 0x31, 0x34, 0x31, 0x5d, 0x3b, 0x00,
  0x00, 0x00, 0x00, 0x78, 0x6f, 0x72, 0x2e, 0x62, 0x33, 0x32, 0x20, 0x20,
  0x09, 0x25, 0x72, 0x31, 0x33, 0x37, 0x37, 0x2c, 0x20, 0x25, 0x72, 0x31,
  0x33, 0x31, 0x39, 0x2c, 0x20, 0x39, 0x36, 0x3b, 0x00, 0x61, 0x64, 0x64,
  0x2e, 0x73, 0x33, 0x32, 0x20, 0x09, 0x25, 0x72, 0x31, 0x31, 0x34, 0x36,
  0x2c, 0x20, 0x25, 0x72, 0x36, 0x39, 0x2c, 0x20, 0x25, 0x72, 0x31, 0x33,
  0x37, 0x37, 0x3b, 0x00, 0x00, 0x00, 0x6c, 0x64, 0x6d, 0x61, 0x74, 0x72,
  0x69, 0x78, 0x2e, 0x73, 0x79, 0x6e, 0x63, 0x2e, 0x61, 0x6c, 0x69, 0x67,
  0x6e, 0x65, 0x64, 0x2e, 0x6d, 0x38, 0x6e, 0x38, 0x2e, 0x78, 0x34, 0x2e,
  0x73, 0x68, 0x61, 0x72, 0x65, 0x64, 0x2e, 0x62, 0x31, 0x36, 0x20, 0x7b,
  0x25, 0x72, 0x32, 0x39, 0x37, 0x38, 0x2c, 0x20, 0x25, 0x72, 0x32, 0x39,
  0x37, 0x37, 0x2c, 0x20, 0x25, 0x72, 0x32, 0x39, 0x37, 0x36, 0x2c, 0x20,
  0x25, 0x72, 0x33, 0x30, 0x30, 0x33, 0x7d, 0x2c, 0x20, 0x5b, 0x25, 0x72,
  0x31, 0x31, 0x34, 0x36, 0x5d, 0x3b, 0x00, 0x00, 0x00, 0x00, 0x61, 0x64,
  0x64, 0x2e, 0x73, 0x33, 0x32, 0x20, 0x09, 0x25, 0x72, 0x31, 0x31, 0x35,
  0x31, 0x2c, 0x20, 0x25, 0x72, 0x31, 0x31, 0x34, 0x36, 0x2c, 0x20, 0x34,
  0x30, 0x39, 0x36, 0x3b, 0x00, 0x00, 0x00, 0x6c, 0x64, 0x6d, 0x61, 0x74,
  0x72, 0x69, 0x78, 0x2e, 0x73, 0x79, 0x6e, 0x63, 0x2e, 0x61, 0x6c, 0x69,
  0x67, 0x6e, 0x65, 0x64, 0x2e, 0x6d, 0x38, 0x6e, 0x38, 0x2e, 0x78, 0x34,
  0x2e, 0x73, 0x68, 0x61, 0x72, 0x65, 0x64, 0x2e, 0x62, 0x31, 0x36, 0x20,
  0x7b, 0x25, 0x72, 0x33, 0x30, 0x30, 0x34, 0x2c, 0x20, 0x25, 0x72, 0x33,
  0x30, 0x30, 0x35, 0x2c, 0x20, 0x25, 0x72, 0x33, 0x30, 0x30, 0x36, 0x2c,
  0x20, 0x25, 0x72, 0x33, 0x30, 0x30, 0x37, 0x7d, 0x2c, 0x20, 0x5b, 0x25,
  0x72, 0x31, 0x31, 0x35, 0x31, 0x5d, 0x3b, 0x00, 0x00, 0x00, 0x00, 0x6f,
  0x72, 0x2e, 0x62, 0x33, 0x32, 0x20, 0x20, 0x09, 0x25, 0x72, 0x31, 0x33,
  0x37, 0x38, 0x2c, 0x20, 0x25, 0x72, 0x31, 0x33, 0x31, 0x39, 0x2c, 0x20,
  0x31, 0x32, 0x38, 0x3b, 0x00, 0x61, 0x64, 0x64, 0x2e, 0x73, 0x33, 0x32,
  0x20, 0x09, 0x25, 0x72, 0x31, 0x31, 0x35, 0x36, 0x2c, 0x20, 0x25, 0x72,
  0x36, 0x39, 0x2c, 0x20, 0x25, 0x72, 0x31, 0x33, 0x37, 0x38, 0x3b, 0x00,
  0x00, 0x00, 0x6c, 0x64, 0x6d, 0x61, 0x74, 0x72, 0x69, 0x78, 0x2e, 0x73,
  0x79, 0x6e, 0x63, 0x2e, 0x61, 0x6c, 0x69, 0x67, 0x6e, 0x65, 0x64, 0x2e,
  0x6d, 0x38, 0x6e, 0x38, 0x2e, 0x78, 0x34, 0x2e, 0x73, 0x68, 0x61, 0x72,
  0x65, 0x64, 0x2e, 0x62, 0x31, 0x36, 0x20, 0x7b, 0x25, 0x72, 0x33, 0x30,
  0x30, 0x38, 0x2c, 0x20, 0x25, 0x72, 0x33, 0x30, 0x30, 0x39, 0x2c, 0x20,
  0x25, 0x72, 0x33, 0x30, 0x31, 0x30, 0x2c, 0x20, 0x25, 0x72, 0x33, 0x30,
  0x31, 0x31, 0x7d, 0x2c, 0x20, 0x5b, 0x25, 0x72, 0x31, 0x31, 0x35, 0x36,
  0x5d, 0x3b, 0x00, 0x00, 0x00, 0x00, 0x61, 0x64, 0x64, 0x2e, 0x73, 0x33,
  0x32, 0x20, 0x09, 0x25, 0x72, 0x31, 0x31, 0x36, 0x31, 0x2c, 0x20, 0x25,
  0x72, 0x31, 0x31, 0x35, 0x36, 0x2c, 0x20, 0x34, 0x30, 0x39, 0x36, 0x3b,
  0x00, 0x00, 0x00, 0x6c, 0x64, 0x6d, 0x61, 0x74, 0x72, 0x69, 0x78, 0x2e,
  0x73, 0x79, 0x6e, 0x63, 0x2e, 0x61, 0x6c, 0x69, 0x67, 0x6e, 0x65, 0x64,
  0x2e, 0x6d, 0x38, 0x6e, 0x38, 0x2e, 0x78, 0x34, 0x2e, 0x73, 0x68, 0x61,
  0x72, 0x65, 0x64, 0x2e, 0x62, 0x31, 0x36, 0x20, 0x7b, 0x25, 0x72, 0x33,
  0x30, 0x31, 0x32, 0x2c, 0x20, 0x25, 0x72, 0x33, 0x30, 0x31, 0x33, 0x2c,
  0x20, 0x25, 0x72, 0x33, 0x30, 0x31, 0x34, 0x2c, 0x20, 0x25, 0x72, 0x33,
  0x30, 0x31, 0x35, 0x7d, 0x2c, 0x20, 0x5b, 0x25, 0x72, 0x31, 0x31, 0x36,
  0x31, 0x5d, 0x3b, 0x00, 0x00, 0x00, 0x00, 0x78, 0x6f, 0x72, 0x2e, 0x62,
  0x33, 0x32, 0x20, 0x20, 0x09, 0x25, 0x72, 0x31, 0x33, 0x37, 0x39, 0x2c,
  0x20, 0x25, 0x72, 0x31, 0x33, 0x31, 0x39, 0x2c, 0x20, 0x31, 0x36, 0x30,
  0x3b, 0x00, 0x61, 0x64, 0x64, 0x2e, 0x73, 0x33, 0x32, 0x20, 0x09, 0x25,
  0x72, 0x31, 0x31, 0x36, 0x36, 0x2c, 0x20, 0x25, 0x72, 0x36, 0x39, 0x2c,
  0x20, 0x25, 0x72, 0x31, 0x33, 0x37, 0x39, 0x3b, 0x00, 0x00, 0x00, 0x6c,
  0x64, 0x6d, 0x61, 0x74, 0x72, 0x69, 0x78, 0x2e, 0x73, 0x79, 0x6e, 0x63,
  0x2e, 0x61, 0x6c, 0x69, 0x67, 0x6e, 0x65, 0x64, 0x2e, 0x6d, 0x38, 0x6e,
  0x38, 0x2e, 0x78, 0x34, 0x2e, 0x73, 0x68, 0x61, 0x72, 0x65, 0x64, 0x2e,
  0x62, 0x31, 0x36, 0x20, 0x7b, 0x25, 0x72, 0x33, 0x30, 0x31, 0x36, 0x2c,
  0x20, 0x25, 0x72, 0x33, 0x30, 0x31, 0x37, 0x2c, 0x20, 0x25, 0x72, 0x33,
  0x30, 0x31, 0x38, 0x2c, 0x20, 0x25, 0x72, 0x33, 0x30, 0x31, 0x39, 0x7d,
  0x2c, 0x20, 0x5b, 0x25, 0x72, 0x31, 0x31, 0x36, 0x36, 0x5d, 0x3b, 0x00,
  0x00, 0x00, 0x00, 0x61, 0x64, 0x64, 0x2e, 0x73, 0x33, 0x32, 0x20, 0x09,
  0x25, 0x72, 0x31, 0x31, 0x37, 0x31, 0x2c, 0x20, 0x25, 0x72, 0x31, 0x31,
  0x36, 0x36, 0x2c, 0x20, 0x34, 0x30, 0x39, 0x36, 0x3b, 0x00, 0x00, 0x00,
  0x6c, 0x64, 0x6d, 0x61, 0x74, 0x72, 0x69, 0x78, 0x2e, 0x73, 0x79, 0x6e,
  0x63, 0x2e, 0x61, 0x6c, 0x69, 0x67, 0x6e, 0x65, 0x64, 0x2e, 0x6d, 0x38,
  0x6e, 0x38, 0x2e, 0x78, 0x34, 0x2e, 0x73, 0x68, 0x61, 0x72, 0x65, 0x64,
  0x2e, 0x62, 0x31, 0x36, 0x20, 0x7b, 0x25, 0x72, 0x33, 0x30, 0x32, 0x30,
  0x2c, 0x20, 0x25, 0x72, 0x33, 0x30, 0x32, 0x31, 0x2c, 0x20, 0x25, 0x72,
  0x33, 0x30, 0x32, 0x32, 0x2c, 0x20, 0x25, 0x72, 0x33, 0x30, 0x32, 0x33,
  0x7d, 0x2c, 0x20, 0x5b, 0x25, 0x72, 0x31, 0x31, 0x37, 0x31, 0x5d, 0x3b,
  0x00, 0x00, 0x00, 0x00, 0x78, 0x6f, 0x72, 0x2e, 0x62, 0x33, 0x32, 0x20,
  0x20, 0x09, 0x25, 0x72, 0x31, 0x33, 0x38, 0x30, 0x2c, 0x20, 0x25, 0x72,
  0x31, 0x33, 0x31, 0x39, 0x2c, 0x20, 0x31, 0x39, 0x32, 0x3b, 0x00, 0x61,
  0x64, 0x64, 0x2e, 0x73, 0x33, 0x32, 0x20, 0x09, 0x25, 0x72, 0x31, 0x31,
  0x37, 0x36, 0x2c, 0x20, 0x25, 0x72, 0x36, 0x39, 0x2c, 0x20, 0x25, 0x72,
  0x31, 0x33, 0x38, 0x30, 0x3b, 0x00, 0x00, 0x00, 0x6c, 0x64, 0x6d, 0x61,
  0x74, 0x72, 0x69, 0x78, 0x2e, 0x73, 0x79, 0x6e, 0x63, 0x2e, 0x61, 0x6c,
  0x69, 0x67, 0x6e, 0x65, 0x64, 0x2e, 0x6d, 0x38, 0x6e, 0x38, 0x2e, 0x78,
  0x34, 0x2e, 0x73, 0x68, 0x61, 0x72, 0x65, 0x64, 0x2e, 0x62, 0x31, 0x36,
  0x20, 0x7b, 0x25, 0x72, 0x33, 0x30, 0x32, 0x34, 0x2c, 0x20, 0x25, 0x72,
  0x33, 0x30, 0x32, 0x35, 0x2c, 0x20, 0x25, 0x72, 0x33, 0x30, 0x32, 0x36,
  0x2c, 0x20, 0x25, 0x72, 0x33, 0x30, 0x32, 0x37, 0x7d, 0x2c, 0x20, 0x5b,
  0x25, 0x72, 0x31, 0x31, 0x37, 0x36, 0x5d, 0x3b, 0x00, 0x00, 0x00, 0x00,
  0x61, 0x64, 0x64, 0x2e, 0x73, 0x33, 0x32, 0x20, 0x09, 0x25, 0x72, 0x31,
  0x31, 0x38, 0x31, 0x2c, 0x20, 0x25, 0x72, 0x31, 0x31, 0x37, 0x36, 0x2c,
  0x20, 0x34, 0x30, 0x39, 0x36, 0x3b, 0x00, 0x00, 0x00, 0x6c, 0x64, 0x6d,
  0x61, 0x74, 0x72, 0x69, 0x78, 0x2e, 0x73, 0x79, 0x6e, 0x63, 0x2e, 0x61,
  0x6c, 0x69, 0x67, 0x6e, 0x65, 0x64, 0x2e, 0x6d, 0x38, 0x6e, 0x38, 0x2e,
  0x78, 0x34, 0x2e, 0x73, 0x68, 0x61, 0x72, 0x65, 0x64, 0x2e, 0x62, 0x31,
  0x36, 0x20, 0x7b, 0x25, 0x72, 0x33, 0x30, 0x32, 0x38, 0x2c, 0x20, 0x25,
  0x72, 0x33, 0x30, 0x32, 0x39, 0x2c, 0x20, 0x25, 0x72, 0x33, 0x30, 0x33,
  0x30, 0x2c, 0x20, 0x25, 0x72, 0x33, 0x30, 0x33, 0x31, 0x7d, 0x2c, 0x20,
  0x5b, 0x25, 0x72, 0x31, 0x31, 0x38, 0x31, 0x5d, 0x3b, 0x00, 0x00, 0x00,
  0x00, 0x78, 0x6f, 0x72, 0x2e, 0x62, 0x33, 0x32, 0x20, 0x20, 0x09, 0x25,
  0x72, 0x31, 0x33, 0x38, 0x31, 0x2c, 0x20, 0x25, 0x72, 0x31, 0x33, 0x31,
  0x39, 0x2c, 0x20, 0x32, 0x32, 0x34, 0x3b, 0x00, 0x61, 0x64, 0x64, 0x2e,
  0x73, 0x33, 0x32, 0x20, 0x09, 0x25, 0x72, 0x31, 0x31, 0x38, 0x36, 0x2c,
  0x20, 0x25, 0x72, 0x36, 0x39, 0x2c, 0x20, 0x25, 0x72, 0x31, 0x33, 0x38,
  0x31, 0x3b, 0x00, 0x00, 0x00, 0x6c, 0x64, 0x6d, 0x61, 0x74, 0x72, 0x69,
  0x78, 0x2e, 0x73, 0x79, 0x6e, 0x63, 0x2e, 0x61, 0x6c, 0x69, 0x67, 0x6e,
  0x65, 0x64, 0x2e, 0x6d, 0x38, 0x6e, 0x38, 0x2e, 0x78, 0x34, 0x2e, 0x73,
  0x68, 0x61, 0x72, 0x65, 0x64, 0x2e, 0x62, 0x31, 0x36, 0x20, 0x7b, 0x25,
  0x72, 0x33, 0x30, 0x33, 0x32, 0x2c, 0x20, 0x25, 0x72, 0x33, 0x30, 0x33,
  0x33, 0x2c, 0x20, 0x25, 0x72, 0x33, 0x30, 0x33, 0x34, 0x2c, 0x20, 0x25,
  0x72, 0x33, 0x30, 0x33, 0x35, 0x7d, 0x2c, 0x20, 0x5b, 0x25, 0x72, 0x31,
  0x31, 0x38, 0x36, 0x5d, 0x3b, 0x00, 0x00, 0x00, 0x00, 0x61, 0x64, 0x64,
  0x2e, 0x73, 0x33, 0x32, 0x20, 0x09, 0x25, 0x72, 0x31, 0x31, 0x39, 0x31,
  0x2c, 0x20, 0x25, 0x72, 0x31, 0x31, 0x38, 0x36, 0x2c, 0x20, 0x34, 0x30,
  0x39, 0x36, 0x3b, 0x00, 0x00, 0x00, 0x6c, 0x64, 0x6d, 0x61, 0x74, 0x72,
  0x69, 0x78, 0x2e, 0x73, 0x79, 0x6e, 0x63, 0x2e, 0x61, 0x6c, 0x69, 0x67,
  0x6e, 0x65, 0x64, 0x2e, 0x6d, 0x38, 0x6e, 0x38, 0x2e, 0x78, 0x34, 0x2e,
  0x73, 0x68, 0x61, 0x72, 0x65, 0x64, 0x2e, 0x62, 0x31, 0x36, 0x20, 0x7b,
  0x25, 0x72, 0x33, 0x30, 0x33, 0x36, 0x2c, 0x20, 0x25, 0x72, 0x33, 0x30,
  0x33, 0x37, 0x2c, 0x20, 0x25, 0x72, 0x33, 0x30, 0x33, 0x38, 0x2c, 0x20,
  0x25, 0x72, 0x33, 0x30, 0x33, 0x39, 0x7d, 0x2c, 0x20, 0x5b, 0x25, 0x72,
  0x31, 0x31, 0x39, 0x31, 0x5d, 0x3b, 0x00, 0x00, 0x00, 0x61, 0x64, 0x64,
  0x2e, 0x73, 0x33, 0x32, 0x20, 0x09, 0x25, 0x72, 0x31, 0x33, 0x34, 0x2c,
  0x20, 0x25, 0x72, 0x31, 0x33, 0x34, 0x32, 0x2c, 0x20, 0x25, 0x72, 0x31,
  0x33, 0x36, 0x35, 0x3b, 0x00, 0x00, 0x00, 0x61, 0x64, 0x64, 0x2e, 0x73,
  0x33, 0x32, 0x20, 0x09, 0x25, 0x72, 0x31, 0x31, 0x39, 0x36, 0x2c, 0x20,
  0x25, 0x72, 0x31, 0x33, 0x34, 0x2c, 0x20, 0x25, 0x72, 0x31, 0x33, 0x36,
  0x30, 0x3b, 0x00, 0x00, 0x00, 0x00, 0x6c, 0x64, 0x6d, 0x61, 0x74, 0x72,
  0x69, 0x78, 0x2e, 0x73, 0x79, 0x6e, 0x63, 0x2e, 0x61, 0x6c, 0x69, 0x67,
  0x6e, 0x65, 0x64, 0x2e, 0x6d, 0x38, 0x6e, 0x38, 0x2e, 0x78, 0x34, 0x2e,
  0x74, 0x72, 0x61, 0x6e, 0x73, 0x2e, 0x73, 0x68, 0x61, 0x72, 0x65, 0x64,
  0x2e, 0x62, 0x31, 0x36, 0x20, 0x7b, 0x25, 0x72, 0x33, 0x31, 0x30, 0x33,
  0x2c, 0x20, 0x25, 0x72, 0x33, 0x31, 0x30, 0x32, 0x2c, 0x20, 0x25, 0x72,
  0x33, 0x31, 0x30, 0x31, 0x2c, 0x20, 0x25, 0x72, 0x33, 0x31, 0x30, 0x30,
  0x7d, 0x2c, 0x20, 0x5b, 0x25, 0x72, 0x31, 0x31, 0x39, 0x36, 0x5d, 0x3b,
  0x00, 0x00, 0x00, 0x00, 0x78, 0x6f, 0x72, 0x2e, 0x62, 0x33, 0x32, 0x20,
  0x20, 0x09, 0x25, 0x72, 0x31, 0x33, 0x38, 0x32, 0x2c, 0x20, 0x25, 0x72,
  0x31, 0x33, 0x36, 0x30, 0x2c, 0x20, 0x33, 0x32, 0x3b, 0x00, 0x00, 0x61,
  0x64, 0x64, 0x2e, 0x73, 0x33, 0x32, 0x20, 0x09, 0x25, 0x72, 0x31, 0x32,
  0x30, 0x31, 0x2c, 0x20, 0x25, 0x72, 0x31, 0x33, 0x34, 0x2c, 0x20, 0x25,
  0x72, 0x31, 0x33, 0x38, 0x32, 0x3b, 0x00, 0x00, 0x00, 0x6c, 0x64, 0x6d,
  0x61, 0x74, 0x72, 0x69, 0x78, 0x2e, 0x73, 0x79, 0x6e, 0x63, 0x2e, 0x61,
  0x6c, 0x69, 0x67, 0x6e, 0x65, 0x64, 0x2e, 0x6d, 0x38, 0x6e, 0x38, 0x2e,
  0x78, 0x34, 0x2e, 0x74, 0x72, 0x61, 0x6e, 0x73, 0x2e, 0x73, 0x68, 0x61,
  0x72, 0x65, 0x64, 0x2e, 0x62, 0x31, 0x36, 0x20, 0x7b, 0x25, 0x72, 0x33,
  0x30, 0x39, 0x39, 0x2c, 0x20, 0x25, 0x72, 0x33, 0x30, 0x39, 0x38, 0x2c,
  0x20, 0x25, 0x72, 0x33, 0x30, 0x39, 0x37, 0x2c, 0x20, 0x25, 0x72, 0x33,
  0x30, 0x39, 0x36, 0x7d, 0x2c, 0x20, 0x5b, 0x25, 0x72, 0x31, 0x32, 0x30,
  0x31, 0x5d, 0x3b, 0x00, 0x00, 0x00, 0x00, 0x78, 0x6f, 0x72, 0x2e, 0x62,
  0x33, 0x32, 0x20, 0x20, 0x09, 0x25, 0x72, 0x31, 0x33, 0x38, 0x33, 0x2c,
  0x20, 0x25, 0x72, 0x31, 0x33, 0x36, 0x30, 0x2c, 0x20, 0x36, 0x34, 0x3b,
  0x00, 0x00, 0x61, 0x64, 0x64, 0x2e, 0x73, 0x33, 0x32, 0x20, 0x09, 0x25,
  0x72, 0x31, 0x32, 0x30, 0x36, 0x2c, 0x20, 0x25, 0x72, 0x31, 0x33, 0x34,
  0x2c, 0x20, 0x25, 0x72, 0x31, 0x33, 0x38, 0x33, 0x3b, 0x00, 0x00, 0x00,
  0x6c, 0x64, 0x6d, 0x61, 0x74, 0x72, 0x69, 0x78, 0x2e, 0x73, 0x79, 0x6e,
  0x63, 0x2e, 0x61, 0x6c, 0x69, 0x67, 0x6e, 0x65, 0x64, 0x2e, 0x6d, 0x38,
  0x6e, 0x38, 0x2e, 0x78, 0x34, 0x2e, 0x74, 0x72, 0x61, 0x6e, 0x73, 0x2e,
  0x73, 0x68, 0x61, 0x72, 0x65, 0x64, 0x2e, 0x62, 0x31, 0x36, 0x20, 0x7b,
  0x25, 0x72, 0x33, 0x30, 0x39, 0x35, 0x2c, 0x20, 0x25, 0x72, 0x33, 0x30,
  0x39, 0x34, 0x2c, 0x20, 0x25, 0x72, 0x33, 0x30, 0x39, 0x33, 0x2c, 0x20,
  0x25, 0x72, 0x33, 0x30, 0x39, 0x32, 0x7d, 0x2c, 0x20, 0x5b, 0x25, 0x72,
  0x31, 0x32, 0x30, 0x36, 0x5d, 0x3b, 0x00, 0x00, 0x00, 0x00, 0x78, 0x6f,
  0x72, 0x2e, 0x62, 0x33, 0x32, 0x20, 0x20, 0x09, 0x25, 0x72, 0x31, 0x33,
  0x38, 0x34, 0x2c, 0x20, 0x25, 0x72, 0x31, 0x33, 0x36, 0x30, 0x2c, 0x20,
  0x39, 0x36, 0x3b, 0x00, 0x00, 0x61, 0x64, 0x64, 0x2e, 0x73, 0x33, 0x32,
  0x20, 0x09, 0x25, 0x72, 0x31, 0x32, 0x31, 0x31, 0x2c, 0x20, 0x25, 0x72,
  0x31, 0x33, 0x34, 0x2c, 0x20, 0x25, 0x72, 0x31, 0x33, 0x38, 0x34, 0x3b,
  0x00, 0x00, 0x00, 0x6c, 0x64, 0x6d, 0x61, 0x74, 0x72, 0x69, 0x78, 0x2e,
  0x73, 0x79, 0x6e, 0x63, 0x2e, 0x61, 0x6c, 0x69, 0x67, 0x6e, 0x65, 0x64,
  0x2e, 0x6d, 0x38, 0x6e, 0x38, 0x2e, 0x78, 0x34, 0x2e, 0x74, 0x72, 0x61,
  0x6e, 0x73, 0x2e, 0x73, 0x68, 0x61, 0x72, 0x65, 0x64, 0x2e, 0x62, 0x31,
  0x36, 0x20, 0x7b, 0x25, 0x72, 0x33, 0x30, 0x39, 0x31, 0x2c, 0x20, 0x25,
  0x72, 0x33, 0x30, 0x39, 0x30, 0x2c, 0x20, 0x25, 0x72, 0x33, 0x30, 0x38,
  0x39, 0x2c, 0x20, 0x25, 0x72, 0x33, 0x30, 0x38, 0x38, 0x7d, 0x2c, 0x20,
  0x5b, 0x25, 0x72, 0x31, 0x32, 0x31, 0x31, 0x5d, 0x3b, 0x00, 0x00, 0x00,
  0x00, 0x6f, 0x72, 0x2e, 0x62, 0x33, 0x32, 0x20, 0x20, 0x09, 0x25, 0x72,
  0x31, 0x33, 0x38, 0x35, 0x2c, 0x20, 0x25, 0x72, 0x31, 0x33, 0x36, 0x30,
  0x2c, 0x20, 0x31, 0x32, 0x38, 0x3b, 0x00, 0x00, 0x61, 0x64, 0x64, 0x2e,
  0x73, 0x33, 0x32, 0x20, 0x09, 0x25, 0x72, 0x31, 0x32, 0x31, 0x36, 0x2c,
  0x20, 0x25, 0x72, 0x31, 0x33, 0x34, 0x2c, 0x20, 0x25, 0x72, 0x31, 0x33,
  0x38, 0x35, 0x3b, 0x00, 0x00, 0x00, 0x6c, 0x64, 0x6d, 0x61, 0x74, 0x72,
  0x69, 0x78, 0x2e, 0x73, 0x79, 0x6e, 0x63, 0x2e, 0x61, 0x6c, 0x69, 0x67,
  0x6e, 0x65, 0x64, 0x2e, 0x6d, 0x38, 0x6e, 0x38, 0x2e, 0x78, 0x34, 0x2e,
  0x74, 0x72, 0x61, 0x6e, 0x73, 0x2e, 0x73, 0x68, 0x61, 0x72, 0x65, 0x64,
  0x2e, 0x62, 0x31, 0x36, 0x20, 0x7b, 0x25, 0x72, 0x33, 0x30, 0x38, 0x37,
  0x2c, 0x20, 0x25, 0x72, 0x33, 0x30, 0x38, 0x36, 0x2c, 0x20, 0x25, 0x72,
  0x33, 0x30, 0x38, 0x35, 0x2c, 0x20, 0x25, 0x72, 0x33, 0x30, 0x38, 0x34,
  0x7d, 0x2c, 0x20, 0x5b, 0x25, 0x72, 0x31, 0x32, 0x31, 0x36, 0x5d, 0x3b,
  0x00, 0x00, 0x00, 0x00, 0x78, 0x6f, 0x72, 0x2e, 0x62, 0x33, 0x32, 0x20,
  0x20, 0x09, 0x25, 0x72, 0x31, 0x33, 0x38, 0x36, 0x2c, 0x20, 0x25, 0x72,
  0x31, 0x33, 0x36, 0x30, 0x2c, 0x20, 0x31, 0x36, 0x30, 0x3b, 0x00, 0x00,
  0x61, 0x64, 0x64, 0x2e, 0x73, 0x33, 0x32, 0x20, 0x09, 0x25, 0x72, 0x31,
  0x32, 0x32, 0x31, 0x2c, 0x20, 0x25, 0x72, 0x31, 0x33, 0x34, 0x2c, 0x20,
  0x25, 0x72, 0x31, 0x33, 0x38, 0x36, 0x3b, 0x00, 0x00, 0x00, 0x6c, 0x64,
  0x6d, 0x61, 0x74, 0x72, 0x69, 0x78, 0x2e, 0x73, 0x79, 0x6e, 0x63, 0x2e,
  0x61, 0x6c, 0x69, 0x67, 0x6e, 0x65, 0x64, 0x2e, 0x6d, 0x38, 0x6e, 0x38,
  0x2e, 0x78, 0x34, 0x2e, 0x74, 0x72, 0x61, 0x6e, 0x73, 0x2e, 0x73, 0x68,
  0x61, 0x72, 0x65, 0x64, 0x2e, 0x62, 0x31, 0x36, 0x20, 0x7b, 0x25, 0x72,
  0x33, 0x30, 0x38, 0x33, 0x2c, 0x20, 0x25, 0x72, 0x33, 0x30, 0x38, 0x32,
  0x2c, 0x20, 0x25, 0x72, 0x33, 0x30, 0x38, 0x31, 0x2c, 0x20, 0x25, 0x72,
  0x33, 0x30, 0x38, 0x30, 0x7d, 0x2c, 0x20, 0x5b, 0x25, 0x72, 0x31, 0x32,
  0x32, 0x31, 0x5d, 0x3b, 0x00, 0x00, 0x00, 0x00, 0x78, 0x6f, 0x72, 0x2e,
  0x62, 0x33, 0x32, 0x20, 0x20, 0x09, 0x25, 0x72, 0x31, 0x33, 0x38, 0x37,
  0x2c, 0x20, 0x25, 0x72, 0x31, 0x33, 0x36, 0x30, 0x2c, 0x20, 0x31, 0x39,
  0x32, 0x3b, 0x00, 0x00, 0x61, 0x64, 0x64, 0x2e, 0x73, 0x33, 0x32, 0x20,
  0x09, 0x25, 0x72, 0x31, 0x32, 0x32, 0x36, 0x2c, 0x20, 0x25, 0x72, 0x31,
  0x33, 0x34, 0x2c, 0x20, 0x25, 0x72, 0x31, 0x33, 0x38, 0x37, 0x3b, 0x00,
  0x00, 0x00, 0x6c, 0x64, 0x6d, 0x61, 0x74, 0x72, 0x69, 0x78, 0x2e, 0x73,
  0x79, 0x6e, 0x63, 0x2e, 0x61, 0x6c, 0x69, 0x67, 0x6e, 0x65, 0x64, 0x2e,
  0x6d, 0x38, 0x6e, 0x38, 0x2e, 0x78, 0x34, 0x2e, 0x74, 0x72, 0x61, 0x6e,
  0x73, 0x2e, 0x73, 0x68, 0x61, 0x72, 0x65, 0x64, 0x2e, 0x62, 0x31, 0x36,
  0x20, 0x7b, 0x25, 0x72, 0x33, 0x30, 0x37, 0x39, 0x2c, 0x20, 0x25, 0x72,
  0x33, 0x30, 0x37, 0x38, 0x2c, 0x20, 0x25, 0x72, 0x33, 0x30, 0x37, 0x37,
  0x2c, 0x20, 0x25, 0x72, 0x33, 0x30, 0x37, 0x36, 0x7d, 0x2c, 0x20, 0x5b,
  0x25, 0x72, 0x31, 0x32, 0x32, 0x36, 0x5d, 0x3b, 0x00, 0x00, 0x00, 0x00,
  0x78, 0x6f, 0x72, 0x2e, 0x62, 0x33, 0x32, 0x20, 0x20, 0x09, 0x25, 0x72,
  0x31, 0x33, 0x38, 0x38, 0x2c, 0x20, 0x25, 0x72, 0x31, 0x33, 0x36, 0x30,
  0x2c, 0x20, 0x32, 0x32, 0x34, 0x3b, 0x00, 0x00, 0x61, 0x64, 0x64, 0x2e,
  0x73, 0x33, 0x32, 0x20, 0x09, 0x25, 0x72, 0x31, 0x32, 0x33, 0x31, 0x2c,
  0x20, 0x25, 0x72, 0x31, 0x33, 0x34, 0x2c, 0x20, 0x25, 0x72, 0x31, 0x33,
  0x38, 0x38, 0x3b, 0x00, 0x00, 0x00, 0x6c, 0x64, 0x6d, 0x61, 0x74, 0x72,
  0x69, 0x78, 0x2e, 0x73, 0x79, 0x6e, 0x63, 0x2e, 0x61, 0x6c, 0x69, 0x67,
  0x6e, 0x65, 0x64, 0x2e, 0x6d, 0x38, 0x6e, 0x38, 0x2e, 0x78, 0x34, 0x2e,
  0x74, 0x72, 0x61, 0x6e, 0x73, 0x2e, 0x73, 0x68, 0x61, 0x72, 0x65, 0x64,
  0x2e, 0x62, 0x31, 0x36, 0x20, 0x7b, 0x25, 0x72, 0x33, 0x30, 0x37, 0x35,
  0x2c, 0x20, 0x25, 0x72, 0x33, 0x30, 0x37, 0x34, 0x2c, 0x20, 0x25, 0x72,
  0x33, 0x30, 0x37, 0x33, 0x2c, 0x20, 0x25, 0x72, 0x33, 0x30, 0x37, 0x32,
  0x7d, 0x2c, 0x20, 0x5b, 0x25, 0x72, 0x31, 0x32, 0x33, 0x31, 0x5d, 0x3b,
  0x00, 0x00, 0x00, 0x61, 0x64, 0x64, 0x2e, 0x73, 0x33, 0x32, 0x20, 0x09,
  0x25, 0x72, 0x31, 0x33, 0x38, 0x39, 0x2c, 0x20, 0x25, 0x72, 0x31, 0x33,
  0x34, 0x2c, 0x20, 0x34, 0x30, 0x39, 0x36, 0x3b, 0x00, 0x00, 0x61, 0x64,
  0x64, 0x2e, 0x73, 0x33, 0x32, 0x20, 0x09, 0x25, 0x72, 0x31, 0x32, 0x33,
  0x36, 0x2c, 0x20, 0x25, 0x72, 0x31, 0x33, 0x38, 0x39, 0x2c, 0x20, 0x25,
  0x72, 0x31, 0x33, 0x36, 0x30, 0x3b, 0x00, 0x00, 0x00, 0x6c, 0x64, 0x6d,
  0x61, 0x74, 0x72, 0x69, 0x78, 0x2e, 0x73, 0x79, 0x6e, 0x63, 0x2e, 0x61,
  0x6c, 0x69, 0x67, 0x6e, 0x65, 0x64, 0x2e, 0x6d, 0x38, 0x6e, 0x38, 0x2e,
  0x78, 0x34, 0x2e, 0x74, 0x72, 0x61, 0x6e, 0x73, 0x2e, 0x73, 0x68, 0x61,
  0x72, 0x65, 0x64, 0x2e, 0x62, 0x31, 0x36, 0x20, 0x7b, 0x25, 0x72, 0x33,
  0x30, 0x37, 0x31, 0x2c, 0x20, 0x25, 0x72, 0x33, 0x30, 0x37, 0x30, 0x2c,
  0x20, 0x25, 0x72, 0x33, 0x30, 0x36, 0x39, 0x2c, 0x20, 0x25, 0x72, 0x33,
  0x30, 0x36, 0x38, 0x7d, 0x2c, 0x20, 0x5b, 0x25, 0x72, 0x31, 0x32, 0x33,
  0x36, 0x5d, 0x3b, 0x00, 0x00, 0x00, 0x00, 0x61, 0x64, 0x64, 0x2e, 0x73,
  0x33, 0x32, 0x20, 0x09, 0x25, 0x72, 0x31, 0x32, 0x34, 0x31, 0x2c, 0x20,
  0x25, 0x72, 0x31, 0x33, 0x38, 0x39, 0x2c, 0x20, 0x25, 0x72, 0x31, 0x33,
  0x38, 0x32, 0x3b, 0x00, 0x00, 0x00, 0x6c, 0x64, 0x6d, 0x61, 0x74, 0x72,
  0x69, 0x78, 0x2e, 0x73, 0x79, 0x6e, 0x63, 0x2e, 0x61, 0x6c, 0x69, 0x67,
  0x6e, 0x65, 0x64, 0x2e, 0x6d, 0x38, 0x6e, 0x38, 0x2e, 0x78, 0x34, 0x2e,
  0x74, 0x72, 0x61, 0x6e, 0x73, 0x2e, 0x73, 0x68, 0x61, 0x72, 0x65, 0x64,
  0x2e, 0x62, 0x31, 0x36, 0x20, 0x7b, 0x25, 0x72, 0x33, 0x30, 0x36, 0x37,
  0x2c, 0x20, 0x25, 0x72, 0x33, 0x30, 0x36, 0x36, 0x2c, 0x20, 0x25, 0x72,
  0x33, 0x30, 0x36, 0x35, 0x2c, 0x20, 0x25, 0x72, 0x33, 0x30, 0x36, 0x34,
  0x7d, 0x2c, 0x20, 0x5b, 0x25, 0x72, 0x31, 0x32, 0x34, 0x31, 0x5d, 0x3b,
  0x00, 0x00, 0x00, 0x00, 0x61, 0x64, 0x64, 0x2e, 0x73, 0x33, 0x32, 0x20,
  0x09, 0x25, 0x72, 0x31, 0x32, 0x34, 0x36, 0x2c, 0x20, 0x25, 0x72, 0x31,
  0x33, 0x38, 0x39, 0x2c, 0x20, 0x25, 0x72, 0x31, 0x33, 0x38, 0x33, 0x3b,
  0x00, 0x00, 0x00, 0x6c, 0x64, 0x6d, 0x61, 0x74, 0x72, 0x69, 0x78, 0x2e,
  0x73, 0x79, 0x6e, 0x63, 0x2e, 0x61, 0x6c, 0x69, 0x67, 0x6e, 0x65, 0x64,
  0x2e, 0x6d, 0x38, 0x6e, 0x38, 0x2e, 0x78, 0x34, 0x2e, 0x74, 0x72, 0x61,
  0x6e, 0x73, 0x2e, 0x73, 0x68, 0x61, 0x72, 0x65, 0x64, 0x2e, 0x62, 0x31,
  0x36, 0x20, 0x7b, 0x25, 0x72, 0x33, 0x30, 0x36, 0x33, 0x2c, 0x20, 0x25,
  0x72, 0x33, 0x30, 0x36, 0x32, 0x2c, 0x20, 0x25, 0x72, 0x33, 0x30, 0x36,
  0x31, 0x2c, 0x20, 0x25, 0x72, 0x33, 0x30, 0x36, 0x30, 0x7d, 0x2c, 0x20,
  0x5b, 0x25, 0x72, 0x31, 0x32, 0x34, 0x36, 0x5d, 0x3b, 0x00, 0x00, 0x00,
  0x00, 0x61, 0x64, 0x64, 0x2e, 0x73, 0x33, 0x32, 0x20, 0x09, 0x25, 0x72,
  0x31, 0x32, 0x35, 0x31, 0x2c, 0x20, 0x25, 0x72, 0x31, 0x33, 0x38, 0x39,
  0x2c, 0x20, 0x25, 0x72, 0x31, 0x33, 0x38, 0x34, 0x3b, 0x00, 0x00, 0x00,
  0x6c, 0x64, 0x6d, 0x61, 0x74, 0x72, 0x69, 0x78, 0x2e, 0x73, 0x79, 0x6e,
  0x63, 0x2e, 0x61, 0x6c, 0x69, 0x67, 0x6e, 0x65, 0x64, 0x2e, 0x6d, 0x38,
  0x6e, 0x38, 0x2e, 0x78, 0x34, 0x2e, 0x74, 0x72, 0x61, 0x6e, 0x73, 0x2e,
  0x73, 0x68, 0x61, 0x72, 0x65, 0x64, 0x2e, 0x62, 0x31, 0x36, 0x20, 0x7b,
  0x25, 0x72, 0x33, 0x30, 0x35, 0x39, 0x2c, 0x20, 0x25, 0x72, 0x33, 0x30,
  0x35, 0x38, 0x2c, 0x20, 0x25, 0x72, 0x33, 0x30, 0x35, 0x37, 0x2c, 0x20,
  0x25, 0x72, 0x33, 0x30, 0x35, 0x36, 0x7d, 0x2c, 0x20, 0x5b, 0x25, 0x72,
  0x31, 0x32, 0x35, 0x31, 0x5d, 0x3b, 0x00, 0x00, 0x00, 0x00, 0x61, 0x64,
  0x64, 0x2e, 0x73, 0x33, 0x32, 0x20, 0x09, 0x25, 0x72, 0x31, 0x32, 0x35,
  0x36, 0x2c, 0x20, 0x25, 0x72, 0x31, 0x33, 0x38, 0x39, 0x2c, 0x20, 0x25,
  0x72, 0x31, 0x33, 0x38, 0x35, 0x3b, 0x00, 0x00, 0x00, 0x6c, 0x64, 0x6d,
  0x61, 0x74, 0x72, 0x69, 0x78, 0x2e, 0x73, 0x79, 0x6e, 0x63, 0x2e, 0x61,
  0x6c, 0x69, 0x67, 0x6e, 0x65, 0x64, 0x2e, 0x6d, 0x38, 0x6e, 0x38, 0x2e,
  0x78, 0x34, 0x2e, 0x74, 0x72, 0x61, 0x6e, 0x73, 0x2e, 0x73, 0x68, 0x61,
  0x72, 0x65, 0x64, 0x2e, 0x62, 0x31, 0x36, 0x20, 0x7b, 0x25, 0x72, 0x33,
  0x30, 0x35, 0x35, 0x2c, 0x20, 0x25, 0x72, 0x33, 0x30, 0x35, 0x34, 0x2c,
  0x20, 0x25, 0x72, 0x33, 0x30, 0x35, 0x33, 0x2c, 0x20, 0x25, 0x72, 0x33,
  0x30, 0x35, 0x32, 0x7d, 0x2c, 0x20, 0x5b, 0x25, 0x72, 0x31, 0x32, 0x35,
  0x36, 0x5d, 0x3b, 0x00, 0x00, 0x00, 0x00, 0x61, 0x64, 0x64, 0x2e, 0x73,
  0x33, 0x32, 0x20, 0x09, 0x25, 0x72, 0x31, 0x32, 0x36, 0x31, 0x2c, 0x20,
  0x25, 0x72, 0x31, 0x33, 0x38, 0x39, 0x2c, 0x20, 0x25, 0x72, 0x31, 0x33,
  0x38, 0x36, 0x3b, 0x00, 0x00, 0x00, 0x6c, 0x64, 0x6d, 0x61, 0x74, 0x72,
  0x69, 0x78, 0x2e, 0x73, 0x79, 0x6e, 0x63, 0x2e, 0x61, 0x6c, 0x69, 0x67,
  0x6e, 0x65, 0x64, 0x2e, 0x6d, 0x38, 0x6e, 0x38, 0x2e, 0x78, 0x34, 0x2e,
  0x74, 0x72, 0x61, 0x6e, 0x73, 0x2e, 0x73, 0x68, 0x61, 0x72, 0x65, 0x64,
  0x2e, 0x62, 0x31, 0x36, 0x20, 0x7b, 0x25, 0x72, 0x33, 0x30, 0x35, 0x31,
  0x2c, 0x20, 0x25, 0x72, 0x33, 0x30, 0x35, 0x30, 0x2c, 0x20, 0x25, 0x72,
  0x33, 0x30, 0x34, 0x39, 0x2c, 0x20, 0x25, 0x72, 0x33, 0x30, 0x34, 0x38,
  0x7d, 0x2c, 0x20, 0x5b, 0x25, 0x72, 0x31, 0x32, 0x36, 0x31, 0x5d, 0x3b,
  0x00, 0x00, 0x00, 0x00, 0x61, 0x64, 0x64, 0x2e, 0x73, 0x33, 0x32, 0x20,
  0x09, 0x25, 0x72, 0x31, 0x32, 0x36, 0x36, 0x2c, 0x20, 0x25, 0x72, 0x31,
  0x33, 0x38, 0x39, 0x2c, 0x20, 0x25, 0x72, 0x31, 0x33, 0x38, 0x37, 0x3b,
  0x00, 0x00, 0x00, 0x6c, 0x64, 0x6d, 0x61, 0x74, 0x72, 0x69, 0x78, 0x2e,
  0x73, 0x79, 0x6e, 0x63, 0x2e, 0x61, 0x6c, 0x69, 0x67, 0x6e, 0x65, 0x64,
  0x2e, 0x6d, 0x38, 0x6e, 0x38, 0x2e, 0x78, 0x34, 0x2e, 0x74, 0x72, 0x61,
  0x6e, 0x73, 0x2e, 0x73, 0x68, 0x61, 0x72, 0x65, 0x64, 0x2e, 0x62, 0x31,
  0x36, 0x20, 0x7b, 0x25, 0x72, 0x33, 0x30, 0x34, 0x37, 0x2c, 0x20, 0x25,
  0x72, 0x33, 0x30, 0x34, 0x36, 0x2c, 0x20, 0x25, 0x72, 0x33, 0x30, 0x34,
  0x35, 0x2c, 0x20, 0x25, 0x72, 0x33, 0x30, 0x34, 0x34, 0x7d, 0x2c, 0x20,
  0x5b, 0x25, 0x72, 0x31, 0x32, 0x36, 0x36, 0x5d, 0x3b, 0x00, 0x00, 0x00,
  0x00, 0x61, 0x64, 0x64, 0x2e, 0x73, 0x33, 0x32, 0x20, 0x09, 0x25, 0x72,
  0x31, 0x32, 0x37, 0x31, 0x2c, 0x20, 0x25, 0x72, 0x31, 0x33, 0x38, 0x39,
  0x2c, 0x20, 0x25, 0x72, 0x31, 0x33, 0x38, 0x38, 0x3b, 0x00, 0x00, 0x00,
  0x6c, 0x64, 0x6d, 0x61, 0x74, 0x72, 0x69, 0x78, 0x2e, 0x73, 0x79, 0x6e,
  0x63, 0x2e, 0x61, 0x6c, 0x69, 0x67, 0x6e, 0x65, 0x64, 0x2e, 0x6d, 0x38,
  0x6e, 0x38, 0x2e, 0x78, 0x34, 0x2e, 0x74, 0x72, 0x61, 0x6e, 0x73, 0x2e,
  0x73, 0x68, 0x61, 0x72, 0x65, 0x64, 0x2e, 0x62, 0x31, 0x36, 0x20, 0x7b,
  0x25, 0x72, 0x33, 0x30, 0x34, 0x33, 0x2c, 0x20, 0x25, 0x72, 0x33, 0x30,
  0x34, 0x32, 0x2c, 0x20, 0x25, 0x72, 0x33, 0x30, 0x34, 0x31, 0x2c, 0x20,
  0x25, 0x72, 0x33, 0x30, 0x34, 0x30, 0x7d, 0x2c, 0x20, 0x5b, 0x25, 0x72,
  0x31, 0x32, 0x37, 0x31, 0x5d, 0x3b, 0x00, 0x00, 0x00, 0x00, 0x00, 0x00,
  0x2e, 0x70, 0x72, 0x61, 0x67, 0x6d, 0x61, 0x20, 0x22, 0x75, 0x73, 0x65,
  0x64, 0x5f, 0x62, 0x79, 0x74, 0x65, 0x73, 0x5f, 0x6d, 0x61, 0x73, 0x6b,
  0x20, 0x32, 0x34, 0x30, 0x22, 0x3b, 0x00, 0x6c, 0x64, 0x2e, 0x70, 0x61,
  0x72, 0x61, 0x6d, 0x2e, 0x76, 0x32, 0x2e, 0x75, 0x33, 0x32, 0x20, 0x09,
  0x7b, 0x25, 0x72, 0x31, 0x33, 0x39, 0x30, 0x2c, 0x20, 0x25, 0x72, 0x31,
  0x33, 0x39, 0x31, 0x7d, 0x2c, 0x20, 0x5b, 0x25, 0x72, 0x64, 0x31, 0x2b,
  0x38, 0x5d, 0x3b, 0x00, 0x00, 0x00, 0x00, 0x00, 0x00, 0x6d, 0x6f, 0x76,
  0x2e, 0x75, 0x33, 0x32, 0x20, 0x25, 0x72, 0x32, 0x39, 0x37, 0x35, 0x2c,
  0x20, 0x30, 0x3b, 0x20, 0x00, 0x00, 0x00, 0x00, 0x6d, 0x6f, 0x76, 0x2e,
  0x75, 0x33, 0x32, 0x20, 0x25, 0x72, 0x32, 0x39, 0x37, 0x34, 0x2c, 0x20,
  0x30, 0x3b, 0x20, 0x00, 0x00, 0x00, 0x00, 0x6d, 0x6f, 0x76, 0x2e, 0x75,
  0x33, 0x32, 0x20, 0x25, 0x72, 0x32, 0x39, 0x37, 0x33, 0x2c, 0x20, 0x30,
  0x3b, 0x20, 0x00, 0x00, 0x00, 0x00, 0x6d, 0x6f, 0x76, 0x2e, 0x75, 0x33,
  0x32, 0x20, 0x25, 0x72, 0x32, 0x39, 0x37, 0x32, 0x2c, 0x20, 0x30, 0x3b,
  0x20, 0x00, 0x00, 0x00, 0x00, 0x6d, 0x6f, 0x76, 0x2e, 0x75, 0x33, 0x32,
  0x20, 0x25, 0x72, 0x32, 0x39, 0x37, 0x31, 0x2c, 0x20, 0x30, 0x3b, 0x20,
  0x00, 0x00, 0x00, 0x00, 0x6d, 0x6f, 0x76, 0x2e, 0x75, 0x33, 0x32, 0x20,
  0x25, 0x72, 0x32, 0x39, 0x37, 0x30, 0x2c, 0x20, 0x30, 0x3b, 0x20, 0x00,
  0x00, 0x00, 0x00, 0x6d, 0x6f, 0x76, 0x2e, 0x75, 0x33, 0x32, 0x20, 0x25,
  0x72, 0x32, 0x39, 0x36, 0x39, 0x2c, 0x20, 0x30, 0x3b, 0x20, 0x00, 0x00,
  0x00, 0x00, 0x6d, 0x6f, 0x76, 0x2e, 0x75, 0x33, 0x32, 0x20, 0x25, 0x72,
  0x32, 0x39, 0x36, 0x38, 0x2c, 0x20, 0x30, 0x3b, 0x20, 0x00, 0x00, 0x00,
  0x00, 0x6d, 0x6f, 0x76, 0x2e, 0x75, 0x33, 0x32, 0x20, 0x25, 0x72, 0x32,
  0x39, 0x36, 0x37, 0x2c, 0x20, 0x30, 0x3b, 0x20, 0x00, 0x00, 0x00, 0x00,
  0x6d, 0x6f, 0x76, 0x2e, 0x75, 0x33, 0x32, 0x20, 0x25, 0x72, 0x32, 0x39,
  0x36, 0x36, 0x2c, 0x20, 0x30, 0x3b, 0x20, 0x00, 0x00, 0x00, 0x00, 0x6d,
  0x6f, 0x76, 0x2e, 0x75, 0x33, 0x32, 0x20, 0x25, 0x72, 0x32, 0x39, 0x36,
  0x35, 0x2c, 0x20, 0x30, 0x3b, 0x20, 0x00, 0x00, 0x00, 0x00, 0x6d, 0x6f,
  0x76, 0x2e, 0x75, 0x33, 0x32, 0x20, 0x25, 0x72, 0x32, 0x39, 0x36, 0x34,
  0x2c, 0x20, 0x30, 0x3b, 0x20, 0x00, 0x00, 0x00, 0x00, 0x6d, 0x6f, 0x76,
  0x2e, 0x75, 0x33, 0x32, 0x20, 0x25, 0x72, 0x32, 0x39, 0x36, 0x33, 0x2c,
  0x20, 0x30, 0x3b, 0x20, 0x00, 0x00, 0x00, 0x00, 0x6d, 0x6f, 0x76, 0x2e,
  0x75, 0x33, 0x32, 0x20, 0x25, 0x72, 0x32, 0x39, 0x36, 0x32, 0x2c, 0x20,
  0x30, 0x3b, 0x20, 0x00, 0x00, 0x00, 0x00, 0x6d, 0x6f, 0x76, 0x2e, 0x75,
  0x33, 0x32, 0x20, 0x25, 0x72, 0x32, 0x39, 0x36, 0x31, 0x2c, 0x20, 0x30,
  0x3b, 0x20, 0x00, 0x00, 0x00, 0x00, 0x6d, 0x6f, 0x76, 0x2e, 0x75, 0x33,
  0x32, 0x20, 0x25, 0x72, 0x32, 0x39, 0x36, 0x30, 0x2c, 0x20, 0x30, 0x3b,
  0x20, 0x00, 0x00, 0x00, 0x00, 0x6d, 0x6f, 0x76, 0x2e, 0x75, 0x33, 0x32,
  0x20, 0x25, 0x72, 0x32, 0x39, 0x35, 0x39, 0x2c, 0x20, 0x30, 0x3b, 0x20,
  0x00, 0x00, 0x00, 0x00, 0x6d, 0x6f, 0x76, 0x2e, 0x75, 0x33, 0x32, 0x20,
  0x25, 0x72, 0x32, 0x39, 0x35, 0x38, 0x2c, 0x20, 0x30, 0x3b, 0x20, 0x00,
  0x00, 0x00, 0x00, 0x6d, 0x6f, 0x76, 0x2e, 0x75, 0x33, 0x32, 0x20, 0x25,
  0x72, 0x32, 0x39, 0x35, 0x37, 0x2c, 0x20, 0x30, 0x3b, 0x20, 0x00, 0x00,
  0x00, 0x00, 0x6d, 0x6f, 0x76, 0x2e, 0x75, 0x33, 0x32, 0x20, 0x25, 0x72,
  0x32, 0x39, 0x35, 0x36, 0x2c, 0x20, 0x30, 0x3b, 0x20, 0x00, 0x00, 0x00,
  0x00, 0x6d, 0x6f, 0x76, 0x2e, 0x75, 0x33, 0x32, 0x20, 0x25, 0x72, 0x32,
  0x39, 0x35, 0x35, 0x2c, 0x20, 0x30, 0x3b, 0x20, 0x00, 0x00, 0x00, 0x00,
  0x6d, 0x6f, 0x76, 0x2e, 0x75, 0x33, 0x32, 0x20, 0x25, 0x72, 0x32, 0x39,
  0x35, 0x34, 0x2c, 0x20, 0x30, 0x3b, 0x20, 0x00, 0x00, 0x00, 0x00, 0x6d,
  0x6f, 0x76, 0x2e, 0x75, 0x33, 0x32, 0x20, 0x25, 0x72, 0x32, 0x39, 0x35,
  0x33, 0x2c, 0x20, 0x30, 0x3b, 0x20, 0x00, 0x00, 0x00, 0x00, 0x6d, 0x6f,
  0x76, 0x2e, 0x75, 0x33, 0x32, 0x20, 0x25, 0x72, 0x32, 0x39, 0x35, 0x32,
  0x2c, 0x20, 0x30, 0x3b, 0x20, 0x00, 0x00, 0x00, 0x00, 0x6d, 0x6f, 0x76,
  0x2e, 0x75, 0x33, 0x32, 0x20, 0x25, 0x72, 0x32, 0x39, 0x35, 0x31, 0x2c,
  0x20, 0x30, 0x3b, 0x20, 0x00, 0x00, 0x00, 0x00, 0x6d, 0x6f, 0x76, 0x2e,
  0x75, 0x33, 0x32, 0x20, 0x25, 0x72, 0x32, 0x39, 0x35, 0x30, 0x2c, 0x20,
  0x30, 0x3b, 0x20, 0x00, 0x00, 0x00, 0x00, 0x6d, 0x6f, 0x76, 0x2e, 0x75,
  0x33, 0x32, 0x20, 0x25, 0x72, 0x32, 0x39, 0x34, 0x39, 0x2c, 0x20, 0x30,
  0x3b, 0x20, 0x00, 0x00, 0x00, 0x00, 0x6d, 0x6f, 0x76, 0x2e, 0x75, 0x33,
  0x32, 0x20, 0x25, 0x72, 0x32, 0x39, 0x34, 0x38, 0x2c, 0x20, 0x30, 0x3b,
  0x20, 0x00, 0x00, 0x00, 0x00, 0x6d, 0x6f, 0x76, 0x2e, 0x75, 0x33, 0x32,
  0x20, 0x25, 0x72, 0x32, 0x39, 0x34, 0x37, 0x2c, 0x20, 0x30, 0x3b, 0x20,
  0x00, 0x00, 0x00, 0x00, 0x6d, 0x6f, 0x76, 0x2e, 0x75, 0x33, 0x32, 0x20,
  0x25, 0x72, 0x32, 0x39, 0x34, 0x36, 0x2c, 0x20, 0x30, 0x3b, 0x20, 0x00,
  0x00, 0x00, 0x00, 0x6d, 0x6f, 0x76, 0x2e, 0x75, 0x33, 0x32, 0x20, 0x25,
  0x72, 0x32, 0x39, 0x34, 0x35, 0x2c, 0x20, 0x30, 0x3b, 0x20, 0x00, 0x00,
  0x00, 0x00, 0x6d, 0x6f, 0x76, 0x2e, 0x75, 0x33, 0x32, 0x20, 0x25, 0x72,
  0x32, 0x39, 0x34, 0x34, 0x2c, 0x20, 0x30, 0x3b, 0x20, 0x00, 0x00, 0x00,
  0x00, 0x73, 0x65, 0x74, 0x70, 0x2e, 0x6c, 0x74, 0x2e, 0x73, 0x33, 0x32,
  0x20, 0x09, 0x25, 0x70, 0x32, 0x32, 0x2c, 0x20, 0x25, 0x72, 0x31, 0x33,
  0x34, 0x35, 0x2c, 0x20, 0x31, 0x3b, 0x00, 0x40, 0x25, 0x70, 0x32, 0x32,
  0x20, 0x62, 0x72, 0x61, 0x20, 0x09, 0x24, 0x4c, 0x5f, 0x5f, 0x42, 0x42,
  0x30, 0x5f, 0x32, 0x37, 0x3b, 0x00, 0x00, 0x00, 0x6c, 0x64, 0x2e, 0x70,
  0x61, 0x72, 0x61, 0x6d, 0x2e, 0x75, 0x38, 0x20, 0x09, 0x25, 0x72, 0x73,
  0x31, 0x2c, 0x20, 0x5b, 0x25, 0x72, 0x64, 0x31, 0x2b, 0x36, 0x34, 0x5d,
  0x3b, 0x00, 0x00, 0x73, 0x68, 0x72, 0x2e, 0x73, 0x33, 0x32, 0x20, 0x09,
  0x25, 0x72, 0x31, 0x33, 0x39, 0x33, 0x2c, 0x20, 0x25, 0x72, 0x32, 0x35,
  0x2c, 0x20, 0x33, 0x31, 0x3b, 0x00, 0x73, 0x68, 0x72, 0x2e, 0x75, 0x33,
  0x32, 0x20, 0x09, 0x25, 0x72, 0x31, 0x33, 0x39, 0x34, 0x2c, 0x20, 0x25,
  0x72, 0x31, 0x33, 0x39, 0x33, 0x2c, 0x20, 0x33, 0x30, 0x3b, 0x00, 0x61,
  0x64, 0x64, 0x2e, 0x73, 0x33, 0x32, 0x20, 0x09, 0x25, 0x72, 0x31, 0x33,
  0x39, 0x35, 0x2c, 0x20, 0x25, 0x72, 0x32, 0x35, 0x2c, 0x20, 0x25, 0x72,
  0x31, 0x33, 0x39, 0x34, 0x3b, 0x00, 0x73, 0x68, 0x72, 0x2e, 0x73, 0x33,
  0x32, 0x20, 0x09, 0x25, 0x72, 0x31, 0x33, 0x39, 0x36, 0x2c, 0x20, 0x25,
  0x72, 0x31, 0x33, 0x39, 0x35, 0x2c, 0x20, 0x32, 0x3b, 0x00, 0x00, 0x73,
  0x68, 0x72, 0x2e, 0x73, 0x33, 0x32, 0x20, 0x09, 0x25, 0x72, 0x31, 0x34,
  0x30, 0x30, 0x2c, 0x20, 0x25, 0x72, 0x31, 0x33, 0x32, 0x32, 0x2c, 0x20,
  0x35, 0x3b, 0x00, 0x00, 0x73, 0x68, 0x72, 0x2e, 0x73, 0x33, 0x32, 0x20,
  0x09, 0x25, 0x72, 0x31, 0x34, 0x30, 0x31, 0x2c, 0x20, 0x25, 0x72, 0x31,
  0x33, 0x32, 0x32, 0x2c, 0x20, 0x33, 0x31, 0x3b, 0x00, 0x73, 0x68, 0x72,
  0x2e, 0x75, 0x33, 0x32, 0x20, 0x09, 0x25, 0x72, 0x31, 0x34, 0x30, 0x32,
  0x2c, 0x20, 0x25, 0x72, 0x31, 0x34, 0x30, 0x31, 0x2c, 0x20, 0x33, 0x30,
  0x3b, 0x00, 0x61, 0x64, 0x64, 0x2e, 0x73, 0x33, 0x32, 0x20, 0x09, 0x25,
  0x72, 0x31, 0x34, 0x30, 0x33, 0x2c, 0x20, 0x25, 0x72, 0x31, 0x34, 0x30,
  0x30, 0x2c, 0x20, 0x25, 0x72, 0x31, 0x34, 0x30, 0x32, 0x3b, 0x00, 0x61,
  0x6e, 0x64, 0x2e, 0x62, 0x33, 0x32, 0x20, 0x20, 0x09, 0x25, 0x72, 0x31,
  0x34, 0x30, 0x34, 0x2c, 0x20, 0x25, 0x72, 0x31, 0x34, 0x30, 0x33, 0x2c,
  0x20, 0x32, 0x36, 0x38, 0x34, 0x33, 0x35, 0x34, 0x35, 0x32, 0x3b, 0x00,
  0x73, 0x75, 0x62, 0x2e, 0x73, 0x33, 0x32, 0x20, 0x09, 0x25, 0x72, 0x31,
  0x34, 0x30, 0x35, 0x2c, 0x20, 0x25, 0x72, 0x31, 0x34, 0x30, 0x30, 0x2c,
  0x20, 0x25, 0x72, 0x31, 0x34, 0x30, 0x34, 0x3b, 0x00, 0x00, 0x73, 0x68,
  0x6c, 0x2e, 0x62, 0x33, 0x32, 0x20, 0x09, 0x25, 0x72, 0x31, 0x34, 0x30,
  0x36, 0x2c, 0x20, 0x25, 0x72, 0x31, 0x34, 0x30, 0x35, 0x2c, 0x20, 0x34,
  0x3b, 0x00, 0x61, 0x64, 0x64, 0x2e, 0x73, 0x33, 0x32, 0x20, 0x09, 0x25,
  0x72, 0x31, 0x34, 0x30, 0x37, 0x2c, 0x20, 0x25, 0x72, 0x31, 0x34, 0x30,
  0x36, 0x2c, 0x20, 0x25, 0x72, 0x31, 0x33, 0x39, 0x36, 0x3b, 0x00, 0x61,
  0x64, 0x64, 0x2e, 0x73, 0x33, 0x32, 0x20, 0x09, 0x25, 0x72, 0x33, 0x39,
  0x33, 0x2c, 0x20, 0x25, 0x72, 0x31, 0x34, 0x30, 0x37, 0x2c, 0x20, 0x25,
  0x72, 0x37, 0x3b, 0x00, 0x6c, 0x64, 0x2e, 0x70, 0x61, 0x72, 0x61, 0x6d,
  0x2e, 0x76, 0x32, 0x2e, 0x75, 0x33, 0x32, 0x20, 0x09, 0x7b, 0x25, 0x72,
  0x31, 0x34, 0x30, 0x38, 0x2c, 0x20, 0x25, 0x72, 0x31, 0x34, 0x30, 0x39,
  0x7d, 0x2c, 0x20, 0x5b, 0x25, 0x72, 0x64, 0x31, 0x2b, 0x38, 0x30, 0x5d,
  0x3b, 0x00, 0x61, 0x64, 0x64, 0x2e, 0x73, 0x33, 0x32, 0x20, 0x09, 0x25,
  0x72, 0x31, 0x34, 0x31, 0x30, 0x2c, 0x20, 0x25, 0x72, 0x31, 0x34, 0x30,
  0x38, 0x2c, 0x20, 0x25, 0x72, 0x35, 0x3b, 0x00, 0x6c, 0x64, 0x2e, 0x70,
  0x61, 0x72, 0x61, 0x6d, 0x2e, 0x75, 0x33, 0x32, 0x20, 0x09, 0x25, 0x72,
  0x31, 0x34, 0x31, 0x31, 0x2c, 0x20, 0x5b, 0x25, 0x72, 0x64, 0x31, 0x2b,
  0x36, 0x38, 0x5d, 0x3b, 0x00, 0x73, 0x65, 0x74, 0x70, 0x2e, 0x6c, 0x74,
  0x2e, 0x73, 0x33, 0x32, 0x20, 0x09, 0x25, 0x70, 0x32, 0x33, 0x2c, 0x20,
  0x25, 0x72, 0x31, 0x34, 0x31, 0x30, 0x2c, 0x20, 0x25, 0x72, 0x31, 0x34,
  0x31, 0x31, 0x3b, 0x00, 0x6c, 0x64, 0x2e, 0x70, 0x61, 0x72, 0x61, 0x6d,
  0x2e, 0x76, 0x32, 0x2e, 0x66, 0x33, 0x32, 0x20, 0x09, 0x7b, 0x25, 0x66,
  0x31, 0x35, 0x33, 0x2c, 0x20, 0x25, 0x66, 0x31, 0x35, 0x34, 0x7d, 0x2c,
  0x20, 0x5b, 0x25, 0x72, 0x64, 0x31, 0x2b, 0x37, 0x32, 0x5d, 0x3b, 0x00,
  0x73, 0x65, 0x6c, 0x70, 0x2e, 0x62, 0x33, 0x32, 0x20, 0x09, 0x25, 0x72,
  0x31, 0x34, 0x31, 0x32, 0x2c, 0x20, 0x32, 0x2c, 0x20, 0x31, 0x2c, 0x20,
  0x25, 0x70, 0x32, 0x33, 0x3b, 0x00, 0x73, 0x65, 0x6c, 0x70, 0x2e, 0x62,
  0x33, 0x32, 0x20, 0x09, 0x25, 0x72, 0x31, 0x34, 0x31, 0x33, 0x2c, 0x20,
  0x30, 0x2c, 0x20, 0x25, 0x72, 0x31, 0x34, 0x31, 0x31, 0x2c, 0x20, 0x25,
  0x70, 0x32, 0x33, 0x3b, 0x00, 0x73, 0x75, 0x62, 0x2e, 0x73, 0x33, 0x32,
  0x20, 0x09, 0x25, 0x72, 0x31, 0x34, 0x31, 0x34, 0x2c, 0x20, 0x25, 0x72,
  0x31, 0x34, 0x31, 0x30, 0x2c, 0x20, 0x25, 0x72, 0x31, 0x34, 0x31, 0x33,
  0x3b, 0x00, 0x73, 0x68, 0x6c, 0x2e, 0x62, 0x33, 0x32, 0x20, 0x09, 0x25,
  0x72, 0x31, 0x34, 0x31, 0x35, 0x2c, 0x20, 0x25, 0x72, 0x31, 0x34, 0x31,
  0x34, 0x2c, 0x20, 0x31, 0x3b, 0x00, 0x61, 0x64, 0x64, 0x2e, 0x73, 0x33,
  0x32, 0x20, 0x09, 0x25, 0x72, 0x31, 0x34, 0x31, 0x36, 0x2c, 0x20, 0x25,
  0x72, 0x31, 0x34, 0x31, 0x35, 0x2c, 0x20, 0x25, 0x72, 0x31, 0x34, 0x31,
  0x32, 0x3b, 0x00, 0x63, 0x76, 0x74, 0x2e, 0x72, 0x6e, 0x2e, 0x66, 0x33,
  0x32, 0x2e, 0x73, 0x33, 0x32, 0x20, 0x09, 0x25, 0x66, 0x31, 0x35, 0x35,
  0x2c, 0x20, 0x25, 0x72, 0x31, 0x34, 0x31, 0x36, 0x3b, 0x00, 0x6d, 0x75,
  0x6c, 0x2e, 0x66, 0x74, 0x7a, 0x2e, 0x66, 0x33, 0x32, 0x20, 0x09, 0x25,
  0x66, 0x33, 0x2c, 0x20, 0x25, 0x66, 0x31, 0x35, 0x33, 0x2c, 0x20, 0x25,
  0x66, 0x31, 0x35, 0x35, 0x3b, 0x00, 0x00, 0x61, 0x6e, 0x64, 0x2e, 0x62,
  0x33, 0x32, 0x20, 0x20, 0x09, 0x25, 0x72, 0x31, 0x34, 0x31, 0x37, 0x2c,
  0x20, 0x25, 0x72, 0x31, 0x33, 0x39, 0x35, 0x2c, 0x20, 0x32, 0x31, 0x34,
  0x37, 0x34, 0x38, 0x33, 0x36, 0x34, 0x34, 0x3b, 0x00, 0x73, 0x75, 0x62,
  0x2e, 0x73, 0x33, 0x32, 0x20, 0x09, 0x25, 0x72, 0x31, 0x34, 0x31, 0x38,
  0x2c, 0x20, 0x25, 0x72, 0x32, 0x35, 0x2c, 0x20, 0x25, 0x72, 0x31, 0x34,
  0x31, 0x37, 0x3b, 0x00, 0x73, 0x68, 0x6c, 0x2e, 0x62, 0x33, 0x32, 0x20,
  0x09, 0x25, 0x72, 0x31, 0x34, 0x31, 0x39, 0x2c, 0x20, 0x25, 0x72, 0x31,
  0x34, 0x31, 0x38, 0x2c, 0x20, 0x31, 0x3b, 0x00, 0x00, 0x73, 0x68, 0x72,
  0x2e, 0x75, 0x33, 0x32, 0x20, 0x09, 0x25, 0x72, 0x31, 0x34, 0x32, 0x30,
  0x2c, 0x20, 0x25, 0x72, 0x31, 0x30, 0x32, 0x30, 0x2c, 0x20, 0x32, 0x35,
  0x3b, 0x00, 0x61, 0x64, 0x64, 0x2e, 0x73, 0x33, 0x32, 0x20, 0x09, 0x25,
  0x72, 0x31, 0x34, 0x32, 0x31, 0x2c, 0x20, 0x25, 0x72, 0x31, 0x2c, 0x20,
  0x25, 0x72, 0x31, 0x34, 0x32, 0x30, 0x3b, 0x00, 0x73, 0x68, 0x72, 0x2e,
  0x73, 0x33, 0x32, 0x20, 0x09, 0x25, 0x72, 0x31, 0x34, 0x32, 0x32, 0x2c,
  0x20, 0x25, 0x72, 0x31, 0x34, 0x32, 0x31, 0x2c, 0x20, 0x37, 0x3b, 0x00,
  0x00, 0x73, 0x68, 0x6c, 0x2e, 0x62, 0x33, 0x32, 0x20, 0x09, 0x25, 0x72,
  0x31, 0x34, 0x32, 0x33, 0x2c, 0x20, 0x25, 0x72, 0x31, 0x34, 0x32, 0x32,
  0x2c, 0x20, 0x34, 0x3b, 0x00, 0x61, 0x64, 0x64, 0x2e, 0x73, 0x33, 0x32,
  0x20, 0x09, 0x25, 0x72, 0x33, 0x39, 0x36, 0x2c, 0x20, 0x25, 0x72, 0x31,
  0x34, 0x31, 0x39, 0x2c, 0x20, 0x25, 0x72, 0x31, 0x34, 0x32, 0x33, 0x3b,
  0x00, 0x65, 0x78, 0x32, 0x2e, 0x61, 0x70, 0x70, 0x72, 0x6f, 0x78, 0x2e,
  0x66, 0x74, 0x7a, 0x2e, 0x66, 0x33, 0x32, 0x20, 0x09, 0x25, 0x66, 0x31,
  0x37, 0x33, 0x2c, 0x20, 0x25, 0x66, 0x33, 0x3b, 0x00, 0x6d, 0x75, 0x6c,
  0x2e, 0x66, 0x74, 0x7a, 0x2e, 0x66, 0x33, 0x32, 0x20, 0x09, 0x25, 0x66,
  0x32, 0x34, 0x2c, 0x20, 0x25, 0x66, 0x31, 0x35, 0x34, 0x2c, 0x20, 0x25,
  0x66, 0x31, 0x37, 0x33, 0x3b, 0x00, 0x6d, 0x6f, 0x76, 0x2e, 0x75, 0x33,
  0x32, 0x20, 0x09, 0x25, 0x72, 0x32, 0x39, 0x34, 0x33, 0x2c, 0x20, 0x25,
  0x72, 0x38, 0x3b, 0x00, 0x6d, 0x6f, 0x76, 0x2e, 0x75, 0x33, 0x32, 0x20,
  0x09, 0x25, 0x72, 0x32, 0x39, 0x34, 0x32, 0x2c, 0x20, 0x25, 0x72, 0x38,
  0x3b, 0x00, 0x00, 0x24, 0x4c, 0x5f, 0x5f, 0x42, 0x42, 0x30, 0x5f, 0x39,
  0x3a, 0x00, 0x00, 0x61, 0x64, 0x64, 0x2e, 0x73, 0x33, 0x32, 0x20, 0x09,
  0x25, 0x72, 0x31, 0x34, 0x32, 0x34, 0x2c, 0x20, 0x25, 0x72, 0x32, 0x39,
  0x33, 0x39, 0x2c, 0x20, 0x33, 0x32, 0x3b, 0x00, 0x73, 0x65, 0x74, 0x70,
  0x2e, 0x67, 0x65, 0x2e, 0x73, 0x33, 0x32, 0x20, 0x09, 0x25, 0x70, 0x32,
  0x34, 0x2c, 0x20, 0x25, 0x72, 0x31, 0x34, 0x32, 0x34, 0x2c, 0x20, 0x25,
  0x72, 0x32, 0x37, 0x3b, 0x00, 0x40, 0x25, 0x70, 0x32, 0x34, 0x20, 0x62,
  0x72, 0x61, 0x20, 0x09, 0x24, 0x4c, 0x5f, 0x5f, 0x42, 0x42, 0x30, 0x5f,
  0x31, 0x31, 0x3b, 0x00, 0x00, 0x00, 0x62, 0x61, 0x72, 0x2e, 0x73, 0x79,
  0x6e, 0x63, 0x20, 0x09, 0x30, 0x3b, 0x00, 0x00, 0x00, 0x61, 0x64, 0x64,
  0x2e, 0x73, 0x33, 0x32, 0x20, 0x09, 0x25, 0x72, 0x32, 0x39, 0x34, 0x33,
  0x2c, 0x20, 0x25, 0x72, 0x32, 0x39, 0x34, 0x33, 0x2c, 0x20, 0x2d, 0x33,
  0x32, 0x3b, 0x00, 0x6d, 0x69, 0x6e, 0x2e, 0x73, 0x33, 0x32, 0x20, 0x09,
  0x25, 0x72, 0x31, 0x34, 0x34, 0x31, 0x2c, 0x20, 0x25, 0x72, 0x32, 0x39,
  0x34, 0x33, 0x2c, 0x20, 0x33, 0x32, 0x3b, 0x00, 0x00, 0x00, 0x73, 0x65,
  0x74, 0x70, 0x2e, 0x6c, 0x74, 0x2e, 0x73, 0x33, 0x32, 0x20, 0x09, 0x25,
  0x70, 0x32, 0x35, 0x2c, 0x20, 0x25, 0x72, 0x31, 0x31, 0x2c, 0x20, 0x25,
  0x72, 0x31, 0x34, 0x34, 0x31, 0x3b, 0x00, 0x73, 0x65, 0x74, 0x70, 0x2e,
  0x6c, 0x74, 0x2e, 0x73, 0x33, 0x32, 0x20, 0x09, 0x25, 0x70, 0x32, 0x36,
  0x2c, 0x20, 0x25, 0x72, 0x31, 0x33, 0x35, 0x31, 0x2c, 0x20, 0x25, 0x72,
  0x31, 0x34, 0x34, 0x31, 0x3b, 0x00, 0x73, 0x65, 0x74, 0x70, 0x2e, 0x6c,
  0x74, 0x2e, 0x73, 0x33, 0x32, 0x20, 0x09, 0x25, 0x70, 0x32, 0x37, 0x2c,
  0x20, 0x25, 0x72, 0x31, 0x33, 0x35, 0x32, 0x2c, 0x20, 0x25, 0x72, 0x31,
  0x34, 0x34, 0x31, 0x3b, 0x00, 0x73, 0x65, 0x74, 0x70, 0x2e, 0x6c, 0x74,
  0x2e, 0x73, 0x33, 0x32, 0x20, 0x09, 0x25, 0x70, 0x32, 0x38, 0x2c, 0x20,
  0x25, 0x72, 0x31, 0x33, 0x35, 0x33, 0x2c, 0x20, 0x25, 0x72, 0x31, 0x34,
  0x34, 0x31, 0x3b, 0x00, 0x00, 0x73, 0x68, 0x6c, 0x2e, 0x62, 0x36, 0x34,
  0x20, 0x09, 0x25, 0x72, 0x64, 0x35, 0x39, 0x2c, 0x20, 0x25, 0x72, 0x64,
  0x33, 0x2c, 0x20, 0x35, 0x3b, 0x00, 0x00, 0x61, 0x64, 0x64, 0x2e, 0x73,
  0x36, 0x34, 0x20, 0x09, 0x25, 0x72, 0x64, 0x31, 0x30, 0x38, 0x2c, 0x20,
  0x25, 0x72, 0x64, 0x31, 0x30, 0x38, 0x2c, 0x20, 0x25, 0x72, 0x64, 0x35,
  0x39, 0x3b, 0x00, 0x00, 0x00, 0x00, 0x00, 0x00, 0x00, 0x00, 0x73, 0x65,
  0x6c, 0x70, 0x2e, 0x62, 0x33, 0x32, 0x20, 0x09, 0x25, 0x72, 0x31, 0x34,
  0x32, 0x36, 0x2c, 0x20, 0x31, 0x36, 0x2c, 0x20, 0x30, 0x2c, 0x20, 0x25,
  0x70, 0x32, 0x35, 0x3b, 0x00, 0x00, 0x00, 0x63, 0x70, 0x2e, 0x61, 0x73,
  0x79, 0x6e, 0x63, 0x2e, 0x63, 0x67, 0x2e, 0x73, 0x68, 0x61, 0x72, 0x65,
  0x64, 0x2e, 0x67, 0x6c, 0x6f, 0x62, 0x61, 0x6c, 0x20, 0x5b, 0x25, 0x72,
  0x31, 0x30, 0x35, 0x36, 0x5d, 0x2c, 0x20, 0x5b, 0x25, 0x72, 0x64, 0x31,
  0x30, 0x38, 0x5d, 0x2c, 0x20, 0x31, 0x36, 0x2c, 0x20, 0x25, 0x72, 0x31,
  0x34, 0x32, 0x36, 0x3b, 0x00, 0x00, 0x00, 0x00, 0x73, 0x65, 0x6c, 0x70,
  0x2e, 0x62, 0x33, 0x32, 0x20, 0x09, 0x25, 0x72, 0x31, 0x34, 0x32, 0x38,
  0x2c, 0x20, 0x31, 0x36, 0x2c, 0x20, 0x30, 0x2c, 0x20, 0x25, 0x70, 0x32,
  0x36, 0x3b, 0x00, 0x00, 0x61, 0x64, 0x64, 0x2e, 0x73, 0x36, 0x34, 0x20,
  0x09, 0x25, 0x72, 0x64, 0x35, 0x32, 0x2c, 0x20, 0x25, 0x72, 0x64, 0x31,
  0x30, 0x38, 0x2c, 0x20, 0x25, 0x72, 0x64, 0x35, 0x30, 0x3b, 0x00, 0x00,
  0x63, 0x70, 0x2e, 0x61, 0x73, 0x79, 0x6e, 0x63, 0x2e, 0x63, 0x67, 0x2e,
  0x73, 0x68, 0x61, 0x72, 0x65, 0x64, 0x2e, 0x67, 0x6c, 0x6f, 0x62, 0x61,
  0x6c, 0x20, 0x5b, 0x25, 0x72, 0x31, 0x30, 0x35, 0x38, 0x5d, 0x2c, 0x20,
  0x5b, 0x25, 0x72, 0x64, 0x35, 0x32, 0x5d, 0x2c, 0x20, 0x31, 0x36, 0x2c,
  0x20, 0x25, 0x72, 0x31, 0x34, 0x32, 0x38, 0x3b, 0x00, 0x00, 0x00, 0x00,
  0x73, 0x65, 0x6c, 0x70, 0x2e, 0x62, 0x33, 0x32, 0x20, 0x09, 0x25, 0x72,
  0x31, 0x34, 0x33, 0x30, 0x2c, 0x20, 0x31, 0x36, 0x2c, 0x20, 0x30, 0x2c,
  0x20, 0x25, 0x70, 0x32, 0x37, 0x3b, 0x00, 0x00, 0x61, 0x64, 0x64, 0x2e,
  0x73, 0x36, 0x34, 0x20, 0x09, 0x25, 0x72, 0x64, 0x35, 0x33, 0x2c, 0x20,
  0x25, 0x72, 0x64, 0x35, 0x32, 0x2c, 0x20, 0x25, 0x72, 0x64, 0x35, 0x30,
  0x3b, 0x00, 0x00, 0x63, 0x70, 0x2e, 0x61, 0x73, 0x79, 0x6e, 0x63, 0x2e,
  0x63, 0x67, 0x2e, 0x73, 0x68, 0x61, 0x72, 0x65, 0x64, 0x2e, 0x67, 0x6c,
  0x6f, 0x62, 0x61, 0x6c, 0x20, 0x5b, 0x25, 0x72, 0x31, 0x30, 0x36, 0x30,
  0x5d, 0x2c, 0x20, 0x5b, 0x25, 0x72, 0x64, 0x35, 0x33, 0x5d, 0x2c, 0x20,
  0x31, 0x36, 0x2c, 0x20, 0x25, 0x72, 0x31, 0x34, 0x33, 0x30, 0x3b, 0x00,
  0x00, 0x00, 0x00, 0x73, 0x65, 0x6c, 0x70, 0x2e, 0x62, 0x33, 0x32, 0x20,
  0x09, 0x25, 0x72, 0x31, 0x34, 0x33, 0x32, 0x2c, 0x20, 0x31, 0x36, 0x2c,
  0x20, 0x30, 0x2c, 0x20, 0x25, 0x70, 0x32, 0x38, 0x3b, 0x00, 0x00, 0x61,
  0x64, 0x64, 0x2e, 0x73, 0x36, 0x34, 0x20, 0x09, 0x25, 0x72, 0x64, 0x35,
  0x34, 0x2c, 0x20, 0x25, 0x72, 0x64, 0x35, 0x33, 0x2c, 0x20, 0x25, 0x72,
  0x64, 0x35, 0x30, 0x3b, 0x00, 0x00, 0x63, 0x70, 0x2e, 0x61, 0x73, 0x79,
  0x6e, 0x63, 0x2e, 0x63, 0x67, 0x2e, 0x73, 0x68, 0x61, 0x72, 0x65, 0x64,
  0x2e, 0x67, 0x6c, 0x6f, 0x62, 0x61, 0x6c, 0x20, 0x5b, 0x25, 0x72, 0x31,
  0x30, 0x36, 0x32, 0x5d, 0x2c, 0x20, 0x5b, 0x25, 0x72, 0x64, 0x35, 0x34,
  0x5d, 0x2c, 0x20, 0x31, 0x36, 0x2c, 0x20, 0x25, 0x72, 0x31, 0x34, 0x33,
  0x32, 0x3b, 0x00, 0x00, 0x00, 0x00, 0x00, 0x61, 0x64, 0x64, 0x2e, 0x73,
  0x33, 0x32, 0x20, 0x09, 0x25, 0x72, 0x32, 0x39, 0x34, 0x32, 0x2c, 0x20,
  0x25, 0x72, 0x32, 0x39, 0x34, 0x32, 0x2c, 0x20, 0x2d, 0x33, 0x32, 0x3b,
  0x00, 0x6d, 0x69, 0x6e, 0x2e, 0x73, 0x33, 0x32, 0x20, 0x09, 0x25, 0x72,
  0x31, 0x34, 0x34, 0x35, 0x2c, 0x20, 0x25, 0x72, 0x32, 0x39, 0x34, 0x32,
  0x2c, 0x20, 0x33, 0x32, 0x3b, 0x00, 0x00, 0x00, 0x73, 0x65, 0x74, 0x70,
  0x2e, 0x6c, 0x74, 0x2e, 0x73, 0x33, 0x32, 0x20, 0x09, 0x25, 0x70, 0x32,
  0x39, 0x2c, 0x20, 0x25, 0x72, 0x31, 0x31, 0x2c, 0x20, 0x25, 0x72, 0x31,
  0x34, 0x34, 0x35, 0x3b, 0x00, 0x73, 0x65, 0x74, 0x70, 0x2e, 0x6c, 0x74,
  0x2e, 0x73, 0x33, 0x32, 0x20, 0x09, 0x25, 0x70, 0x33, 0x30, 0x2c, 0x20,
  0x25, 0x72, 0x31, 0x33, 0x35, 0x31, 0x2c, 0x20, 0x25, 0x72, 0x31, 0x34,
  0x34, 0x35, 0x3b, 0x00, 0x73, 0x65, 0x74, 0x70, 0x2e, 0x6c, 0x74, 0x2e,
  0x73, 0x33, 0x32, 0x20, 0x09, 0x25, 0x70, 0x33, 0x31, 0x2c, 0x20, 0x25,
  0x72, 0x31, 0x33, 0x35, 0x32, 0x2c, 0x20, 0x25, 0x72, 0x31, 0x34, 0x34,
  0x35, 0x3b, 0x00, 0x73, 0x65, 0x74, 0x70, 0x2e, 0x6c, 0x74, 0x2e, 0x73,
  0x33, 0x32, 0x20, 0x09, 0x25, 0x70, 0x33, 0x32, 0x2c, 0x20, 0x25, 0x72,
  0x31, 0x33, 0x35, 0x33, 0x2c, 0x20, 0x25, 0x72, 0x31, 0x34, 0x34, 0x35,
  0x3b, 0x00, 0x00, 0x61, 0x64, 0x64, 0x2e, 0x73, 0x36, 0x34, 0x20, 0x09,
  0x25, 0x72, 0x64, 0x31, 0x30, 0x39, 0x2c, 0x20, 0x25, 0x72, 0x64, 0x31,
  0x30, 0x39, 0x2c, 0x20, 0x25, 0x72, 0x64, 0x35, 0x39, 0x3b, 0x00, 0x00,
  0x00, 0x00, 0x00, 0x00, 0x00, 0x00, 0x73, 0x65, 0x6c, 0x70, 0x2e, 0x62,
  0x33, 0x32, 0x20, 0x09, 0x25, 0x72, 0x31, 0x34, 0x33, 0x34, 0x2c, 0x20,
  0x31, 0x36, 0x2c, 0x20, 0x30, 0x2c, 0x20, 0x25, 0x70, 0x32, 0x39, 0x3b,
  0x00, 0x00, 0x00, 0x63, 0x70, 0x2e, 0x61, 0x73, 0x79, 0x6e, 0x63, 0x2e,
  0x63, 0x67, 0x2e, 0x73, 0x68, 0x61, 0x72, 0x65, 0x64, 0x2e, 0x67, 0x6c,
  0x6f, 0x62, 0x61, 0x6c, 0x20, 0x5b, 0x25, 0x72, 0x31, 0x30, 0x36, 0x34,
  0x5d, 0x2c, 0x20, 0x5b, 0x25, 0x72, 0x64, 0x31, 0x30, 0x39, 0x5d, 0x2c,
  0x20, 0x31, 0x36, 0x2c, 0x20, 0x25, 0x72, 0x31, 0x34, 0x33, 0x34, 0x3b,
  0x00, 0x00, 0x00, 0x00, 0x73, 0x65, 0x6c, 0x70, 0x2e, 0x62, 0x33, 0x32,
  0x20, 0x09, 0x25, 0x72, 0x31, 0x34, 0x33, 0x36, 0x2c, 0x20, 0x31, 0x36,
  0x2c, 0x20, 0x30, 0x2c, 0x20, 0x25, 0x70, 0x33, 0x30, 0x3b, 0x00, 0x00,
  0x61, 0x64, 0x64, 0x2e, 0x73, 0x36, 0x34, 0x20, 0x09, 0x25, 0x72, 0x64,
  0x35, 0x36, 0x2c, 0x20, 0x25, 0x72, 0x64, 0x31, 0x30, 0x39, 0x2c, 0x20,
  0x25, 0x72, 0x64, 0x35, 0x30, 0x3b, 0x00, 0x00, 0x63, 0x70, 0x2e, 0x61,
  0x73, 0x79, 0x6e, 0x63, 0x2e, 0x63, 0x67, 0x2e, 0x73, 0x68, 0x61, 0x72,
  0x65, 0x64, 0x2e, 0x67, 0x6c, 0x6f, 0x62, 0x61, 0x6c, 0x20, 0x5b, 0x25,
  0x72, 0x31, 0x30, 0x36, 0x36, 0x5d, 0x2c, 0x20, 0x5b, 0x25, 0x72, 0x64,
  0x35, 0x36, 0x5d, 0x2c, 0x20, 0x31, 0x36, 0x2c, 0x20, 0x25, 0x72, 0x31,
  0x34, 0x33, 0x36, 0x3b, 0x00, 0x00, 0x00, 0x00, 0x73, 0x65, 0x6c, 0x70,
  0x2e, 0x62, 0x33, 0x32, 0x20, 0x09, 0x25, 0x72, 0x31, 0x34, 0x33, 0x38,
  0x2c, 0x20, 0x31, 0x36, 0x2c, 0x20, 0x30, 0x2c, 0x20, 0x25, 0x70, 0x33,
  0x31, 0x3b, 0x00, 0x00, 0x61, 0x64, 0x64, 0x2e, 0x73, 0x36, 0x34, 0x20,
  0x09, 0x25, 0x72, 0x64, 0x35, 0x37, 0x2c, 0x20, 0x25, 0x72, 0x64, 0x35,
  0x36, 0x2c, 0x20, 0x25, 0x72, 0x64, 0x35, 0x30, 0x3b, 0x00, 0x00, 0x63,
  0x70, 0x2e, 0x61, 0x73, 0x79, 0x6e, 0x63, 0x2e, 0x63, 0x67, 0x2e, 0x73,
  0x68, 0x61, 0x72, 0x65, 0x64, 0x2e, 0x67, 0x6c, 0x6f, 0x62, 0x61, 0x6c,
  0x20, 0x5b, 0x25, 0x72, 0x31, 0x30, 0x36, 0x38, 0x5d, 0x2c, 0x20, 0x5b,
  0x25, 0x72, 0x64, 0x35, 0x37, 0x5d, 0x2c, 0x20, 0x31, 0x36, 0x2c, 0x20,
  0x25, 0x72, 0x31, 0x34, 0x33, 0x38, 0x3b, 0x00, 0x00, 0x00, 0x00, 0x73,
  0x65, 0x6c, 0x70, 0x2e, 0x62, 0x33, 0x32, 0x20, 0x09, 0x25, 0x72, 0x31,
  0x34, 0x34, 0x30, 0x2c, 0x20, 0x31, 0x36, 0x2c, 0x20, 0x30, 0x2c, 0x20,
  0x25, 0x70, 0x33, 0x32, 0x3b, 0x00, 0x00, 0x61, 0x64, 0x64, 0x2e, 0x73,
  0x36, 0x34, 0x20, 0x09, 0x25, 0x72, 0x64, 0x35, 0x38, 0x2c, 0x20, 0x25,
  0x72, 0x64, 0x35, 0x37, 0x2c, 0x20, 0x25, 0x72, 0x64, 0x35, 0x30, 0x3b,
  0x00, 0x00, 0x63, 0x70, 0x2e, 0x61, 0x73, 0x79, 0x6e, 0x63, 0x2e, 0x63,
  0x67, 0x2e, 0x73, 0x68, 0x61, 0x72, 0x65, 0x64, 0x2e, 0x67, 0x6c, 0x6f,
  0x62, 0x61, 0x6c, 0x20, 0x5b, 0x25, 0x72, 0x31, 0x30, 0x37, 0x30, 0x5d,
  0x2c, 0x20, 0x5b, 0x25, 0x72, 0x64, 0x35, 0x38, 0x5d, 0x2c, 0x20, 0x31,
  0x36, 0x2c, 0x20, 0x25, 0x72, 0x31, 0x34, 0x34, 0x30, 0x3b, 0x00, 0x00,
  0x00, 0x00, 0x00, 0x00, 0x63, 0x70, 0x2e, 0x61, 0x73, 0x79, 0x6e, 0x63,
  0x2e, 0x63, 0x6f, 0x6d, 0x6d, 0x69, 0x74, 0x5f, 0x67, 0x72, 0x6f, 0x75,
  0x70, 0x3b, 0x00, 0x00, 0x00, 0x00, 0x24, 0x4c, 0x5f, 0x5f, 0x42, 0x42,
  0x30, 0x5f, 0x31, 0x31, 0x3a, 0x00, 0x00, 0x00, 0x00, 0x00, 0x00, 0x6d,
  0x6f, 0x76, 0x2e, 0x75, 0x33, 0x32, 0x20, 0x25, 0x72, 0x31, 0x34, 0x39,
  0x34, 0x2c, 0x20, 0x30, 0x3b, 0x20, 0x00, 0x00, 0x00, 0x00, 0x6d, 0x6f,
  0x76, 0x2e, 0x75, 0x33, 0x32, 0x20, 0x25, 0x72, 0x31, 0x34, 0x39, 0x35,
  0x2c, 0x20, 0x30, 0x3b, 0x20, 0x00, 0x00, 0x00, 0x00, 0x6d, 0x6f, 0x76,
  0x2e, 0x75, 0x33, 0x32, 0x20, 0x25, 0x72, 0x31, 0x35, 0x30, 0x34, 0x2c,
  0x20, 0x30, 0x3b, 0x20, 0x00, 0x00, 0x00, 0x00, 0x6d, 0x6f, 0x76, 0x2e,
  0x75, 0x33, 0x32, 0x20, 0x25, 0x72, 0x31, 0x35, 0x30, 0x35, 0x2c, 0x20,
  0x30, 0x3b, 0x20, 0x00, 0x00, 0x00, 0x00, 0x6d, 0x6f, 0x76, 0x2e, 0x75,
  0x33, 0x32, 0x20, 0x25, 0x72, 0x31, 0x35, 0x31, 0x34, 0x2c, 0x20, 0x30,
  0x3b, 0x20, 0x00, 0x00, 0x00, 0x00, 0x6d, 0x6f, 0x76, 0x2e, 0x75, 0x33,
  0x32, 0x20, 0x25, 0x72, 0x31, 0x35, 0x31, 0x35, 0x2c, 0x20, 0x30, 0x3b,
  0x20, 0x00, 0x00, 0x00, 0x00, 0x6d, 0x6f, 0x76, 0x2e, 0x75, 0x33, 0x32,
  0x20, 0x25, 0x72, 0x31, 0x35, 0x32, 0x34, 0x2c, 0x20, 0x30, 0x3b, 0x20,
  0x00, 0x00, 0x00, 0x00, 0x6d, 0x6f, 0x76, 0x2e, 0x75, 0x33, 0x32, 0x20,
  0x25, 0x72, 0x31, 0x35, 0x32, 0x35, 0x2c, 0x20, 0x30, 0x3b, 0x20, 0x00,
  0x00, 0x00, 0x00, 0x00, 0x00, 0x00, 0x6d, 0x6d, 0x61, 0x2e, 0x73, 0x79,
  0x6e, 0x63, 0x2e, 0x61, 0x6c, 0x69, 0x67, 0x6e, 0x65, 0x64, 0x2e, 0x6d,
  0x31, 0x36, 0x6e, 0x38, 0x6b, 0x31, 0x36, 0x2e, 0x72, 0x6f, 0x77, 0x2e,
  0x63, 0x6f, 0x6c, 0x2e, 0x66, 0x31, 0x36, 0x2e, 0x66, 0x31, 0x36, 0x2e,
  0x66, 0x31, 0x36, 0x2e, 0x66, 0x31, 0x36, 0x20, 0x00, 0x7b, 0x25, 0x72,
  0x31, 0x34, 0x39, 0x34, 0x2c, 0x20, 0x25, 0x72, 0x31, 0x34, 0x39, 0x35,
  0x7d, 0x2c, 0x20, 0x00, 0x7b, 0x25, 0x72, 0x31, 0x30, 0x37, 0x32, 0x2c,
  0x20, 0x25, 0x72, 0x31, 0x30, 0x37, 0x33, 0x2c, 0x20, 0x25, 0x72, 0x31,
  0x30, 0x37, 0x34, 0x2c, 0x20, 0x25, 0x72, 0x31, 0x30, 0x37, 0x35, 0x7d,
  0x2c, 0x20, 0x00, 0x7b, 0x25, 0x72, 0x33, 0x30, 0x30, 0x32, 0x2c, 0x20,
  0x25, 0x72, 0x33, 0x30, 0x30, 0x31, 0x7d, 0x2c, 0x20, 0x00, 0x7b, 0x25,
  0x72, 0x31, 0x34, 0x39, 0x34, 0x2c, 0x20, 0x25, 0x72, 0x31, 0x34, 0x39,
  0x35, 0x7d, 0x3b, 0x20, 0x00, 0x00, 0x00, 0x00, 0x00, 0x6d, 0x6d, 0x61,
  0x2e, 0x73, 0x79, 0x6e, 0x63, 0x2e, 0x61, 0x6c, 0x69, 0x67, 0x6e, 0x65,
  0x64, 0x2e, 0x6d, 0x31, 0x36, 0x6e, 0x38, 0x6b, 0x31, 0x36, 0x2e, 0x72,
  0x6f, 0x77, 0x2e, 0x63, 0x6f, 0x6c, 0x2e, 0x66, 0x31, 0x36, 0x2e, 0x66,
  0x31, 0x36, 0x2e, 0x66, 0x31, 0x36, 0x2e, 0x66, 0x31, 0x36, 0x20, 0x00,
  0x7b, 0x25, 0x72, 0x31, 0x35, 0x30, 0x34, 0x2c, 0x20, 0x25, 0x72, 0x31,
  0x35, 0x30, 0x35, 0x7d, 0x2c, 0x20, 0x00, 0x7b, 0x25, 0x72, 0x31, 0x30,
  0x37, 0x32, 0x2c, 0x20, 0x25, 0x72, 0x31, 0x30, 0x37, 0x33, 0x2c, 0x20,
  0x25, 0x72, 0x31, 0x30, 0x37, 0x34, 0x2c, 0x20, 0x25, 0x72, 0x31, 0x30,
  0x37, 0x35, 0x7d, 0x2c, 0x20, 0x00, 0x7b, 0x25, 0x72, 0x33, 0x30, 0x30,
  0x30, 0x2c, 0x20, 0x25, 0x72, 0x32, 0x39, 0x39, 0x39, 0x7d, 0x2c, 0x20,
  0x00, 0x7b, 0x25, 0x72, 0x31, 0x35, 0x30, 0x34, 0x2c, 0x20, 0x25, 0x72,
  0x31, 0x35, 0x30, 0x35, 0x7d, 0x3b, 0x20, 0x00, 0x00, 0x00, 0x00, 0x00,
  0x6d, 0x6d, 0x61, 0x2e, 0x73, 0x79, 0x6e, 0x63, 0x2e, 0x61, 0x6c, 0x69,
  0x67, 0x6e, 0x65, 0x64, 0x2e, 0x6d, 0x31, 0x36, 0x6e, 0x38, 0x6b, 0x31,
  0x36, 0x2e, 0x72, 0x6f, 0x77, 0x2e, 0x63, 0x6f, 0x6c, 0x2e, 0x66, 0x31,
  0x36, 0x2e, 0x66, 0x31, 0x36, 0x2e, 0x66, 0x31, 0x36, 0x2e, 0x66, 0x31,
  0x36, 0x20, 0x00, 0x7b, 0x25, 0x72, 0x31, 0x35, 0x31, 0x34, 0x2c, 0x20,
  0x25, 0x72, 0x31, 0x35, 0x31, 0x35, 0x7d, 0x2c, 0x20, 0x00, 0x7b, 0x25,
  0x72, 0x31, 0x30, 0x37, 0x32, 0x2c, 0x20, 0x25, 0x72, 0x31, 0x30, 0x37,
  0x33, 0x2c, 0x20, 0x25, 0x72, 0x31, 0x30, 0x37, 0x34, 0x2c, 0x20, 0x25,
  0x72, 0x31, 0x30, 0x37, 0x35, 0x7d, 0x2c, 0x20, 0x00, 0x7b, 0x25, 0x72,
  0x32, 0x39, 0x39, 0x38, 0x2c, 0x20, 0x25, 0x72, 0x32, 0x39, 0x39, 0x37,
  0x7d, 0x2c, 0x20, 0x00, 0x7b, 0x25, 0x72, 0x31, 0x35, 0x31, 0x34, 0x2c,
  0x20, 0x25, 0x72, 0x31, 0x35, 0x31, 0x35, 0x7d, 0x3b, 0x20, 0x00, 0x00,
  0x00, 0x00, 0x00, 0x6d, 0x6d, 0x61, 0x2e, 0x73, 0x79, 0x6e, 0x63, 0x2e,
  0x61, 0x6c, 0x69, 0x67, 0x6e, 0x65, 0x64, 0x2e, 0x6d, 0x31, 0x36, 0x6e,
  0x38, 0x6b, 0x31, 0x36, 0x2e, 0x72, 0x6f, 0x77, 0x2e, 0x63, 0x6f, 0x6c,
  0x2e, 0x66, 0x31, 0x36, 0x2e, 0x66, 0x31, 0x36, 0x2e, 0x66, 0x31, 0x36,
  0x2e, 0x66, 0x31, 0x36, 0x20, 0x00, 0x7b, 0x25, 0x72, 0x31, 0x35, 0x32,
  0x34, 0x2c, 0x20, 0x25, 0x72, 0x31, 0x35, 0x32, 0x35, 0x7d, 0x2c, 0x20,
  0x00, 0x7b, 0x25, 0x72, 0x31, 0x30, 0x37, 0x32, 0x2c, 0x20, 0x25, 0x72,
  0x31, 0x30, 0x37, 0x33, 0x2c, 0x20, 0x25, 0x72, 0x31, 0x30, 0x37, 0x34,
  0x2c, 0x20, 0x25, 0x72, 0x31, 0x30, 0x37, 0x35, 0x7d, 0x2c, 0x20, 0x00,
  0x7b, 0x25, 0x72, 0x32, 0x39, 0x39, 0x36, 0x2c, 0x20, 0x25, 0x72, 0x32,
  0x39, 0x39, 0x35, 0x7d, 0x2c, 0x20, 0x00, 0x7b, 0x25, 0x72, 0x31, 0x35,
  0x32, 0x34, 0x2c, 0x20, 0x25, 0x72, 0x31, 0x35, 0x32, 0x35, 0x7d, 0x3b,
  0x20, 0x00, 0x00, 0x00, 0x00, 0x00, 0x6d, 0x6d, 0x61, 0x2e, 0x73, 0x79,
  0x6e, 0x63, 0x2e, 0x61, 0x6c, 0x69, 0x67, 0x6e, 0x65, 0x64, 0x2e, 0x6d,
  0x31, 0x36, 0x6e, 0x38, 0x6b, 0x31, 0x36, 0x2e, 0x72, 0x6f, 0x77, 0x2e,
  0x63, 0x6f, 0x6c, 0x2e, 0x66, 0x31, 0x36, 0x2e, 0x66, 0x31, 0x36, 0x2e,
  0x66, 0x31, 0x36, 0x2e, 0x66, 0x31, 0x36, 0x20, 0x00, 0x7b, 0x25, 0x72,
  0x31, 0x34, 0x39, 0x34, 0x2c, 0x20, 0x25, 0x72, 0x31, 0x34, 0x39, 0x35,
  0x7d, 0x2c, 0x20, 0x00, 0x7b, 0x25, 0x72, 0x31, 0x30, 0x37, 0x37, 0x2c,
  0x20, 0x25, 0x72, 0x31, 0x30, 0x37, 0x38, 0x2c, 0x20, 0x25, 0x72, 0x31,
  0x30, 0x37, 0x39, 0x2c, 0x20, 0x25, 0x72, 0x31, 0x30, 0x38, 0x30, 0x7d,
  0x2c, 0x20, 0x00, 0x7b, 0x25, 0x72, 0x32, 0x39, 0x39, 0x34, 0x2c, 0x20,
  0x25, 0x72, 0x32, 0x39, 0x39, 0x33, 0x7d, 0x2c, 0x20, 0x00, 0x7b, 0x25,
  0x72, 0x31, 0x34, 0x39, 0x34, 0x2c, 0x20, 0x25, 0x72, 0x31, 0x34, 0x39,
  0x35, 0x7d, 0x3b, 0x20, 0x00, 0x00, 0x00, 0x00, 0x00, 0x6d, 0x6d, 0x61,
  0x2e, 0x73, 0x79, 0x6e, 0x63, 0x2e, 0x61, 0x6c, 0x69, 0x67, 0x6e, 0x65,
  0x64, 0x2e, 0x6d, 0x31, 0x36, 0x6e, 0x38, 0x6b, 0x31, 0x36, 0x2e, 0x72,
  0x6f, 0x77, 0x2e, 0x63, 0x6f, 0x6c, 0x2e, 0x66, 0x31, 0x36, 0x2e, 0x66,
  0x31, 0x36, 0x2e, 0x66, 0x31, 0x36, 0x2e, 0x66, 0x31, 0x36, 0x20, 0x00,
  0x7b, 0x25, 0x72, 0x31, 0x35, 0x30, 0x34, 0x2c, 0x20, 0x25, 0x72, 0x31,
  0x35, 0x30, 0x35, 0x7d, 0x2c, 0x20, 0x00, 0x7b, 0x25, 0x72, 0x31, 0x30,
  0x37, 0x37, 0x2c, 0x20, 0x25, 0x72, 0x31, 0x30, 0x37, 0x38, 0x2c, 0x20,
  0x25, 0x72, 0x31, 0x30, 0x37, 0x39, 0x2c, 0x20, 0x25, 0x72, 0x31, 0x30,
  0x38, 0x30, 0x7d, 0x2c, 0x20, 0x00, 0x7b, 0x25, 0x72, 0x32, 0x39, 0x39,
  0x32, 0x2c, 0x20, 0x25, 0x72, 0x32, 0x39, 0x39, 0x31, 0x7d, 0x2c, 0x20,
  0x00, 0x7b, 0x25, 0x72, 0x31, 0x35, 0x30, 0x34, 0x2c, 0x20, 0x25, 0x72,
  0x31, 0x35, 0x30, 0x35, 0x7d, 0x3b, 0x20, 0x00, 0x00, 0x00, 0x00, 0x00,
  0x6d, 0x6d, 0x61, 0x2e, 0x73, 0x79, 0x6e, 0x63, 0x2e, 0x61, 0x6c, 0x69,
  0x67, 0x6e, 0x65, 0x64, 0x2e, 0x6d, 0x31, 0x36, 0x6e, 0x38, 0x6b, 0x31,
  0x36, 0x2e, 0x72, 0x6f, 0x77, 0x2e, 0x63, 0x6f, 0x6c, 0x2e, 0x66, 0x31,
  0x36, 0x2e, 0x66, 0x31, 0x36, 0x2e, 0x66, 0x31, 0x36, 0x2e, 0x66, 0x31,
  0x36, 0x20, 0x00, 0x7b, 0x25, 0x72, 0x31, 0x35, 0x31, 0x34, 0x2c, 0x20,
  0x25, 0x72, 0x31, 0x35, 0x31, 0x35, 0x7d, 0x2c, 0x20, 0x00, 0x7b, 0x25,
  0x72, 0x31, 0x30, 0x37, 0x37, 0x2c, 0x20, 0x25, 0x72, 0x31, 0x30, 0x37,
  0x38, 0x2c, 0x20, 0x25, 0x72, 0x31, 0x30, 0x37, 0x39, 0x2c, 0x20, 0x25,
  0x72, 0x31, 0x30, 0x38, 0x30, 0x7d, 0x2c, 0x20, 0x00, 0x7b, 0x25, 0x72,
  0x32, 0x39, 0x39, 0x30, 0x2c, 0x20, 0x25, 0x72, 0x32, 0x39, 0x38, 0x39,
  0x7d, 0x2c, 0x20, 0x00, 0x7b, 0x25, 0x72, 0x31, 0x35, 0x31, 0x34, 0x2c,
  0x20, 0x25, 0x72, 0x31, 0x35, 0x31, 0x35, 0x7d, 0x3b, 0x20, 0x00, 0x00,
  0x00, 0x00, 0x00, 0x6d, 0x6d, 0x61, 0x2e, 0x73, 0x79, 0x6e, 0x63, 0x2e,
  0x61, 0x6c, 0x69, 0x67, 0x6e, 0x65, 0x64, 0x2e, 0x6d, 0x31, 0x36, 0x6e,
  0x38, 0x6b, 0x31, 0x36, 0x2e, 0x72, 0x6f, 0x77, 0x2e, 0x63, 0x6f, 0x6c,
  0x2e, 0x66, 0x31, 0x36, 0x2e, 0x66, 0x31, 0x36, 0x2e, 0x66, 0x31, 0x36,
  0x2e, 0x66, 0x31, 0x36, 0x20, 0x00, 0x7b, 0x25, 0x72, 0x31, 0x35, 0x32,
  0x34, 0x2c, 0x20, 0x25, 0x72, 0x31, 0x35, 0x32, 0x35, 0x7d, 0x2c, 0x20,
  0x00, 0x7b, 0x25, 0x72, 0x31, 0x30, 0x37, 0x37, 0x2c, 0x20, 0x25, 0x72,
  0x31, 0x30, 0x37, 0x38, 0x2c, 0x20, 0x25, 0x72, 0x31, 0x30, 0x37, 0x39,
  0x2c, 0x20, 0x25, 0x72, 0x31, 0x30, 0x38, 0x30, 0x7d, 0x2c, 0x20, 0x00,
  0x7b, 0x25, 0x72, 0x32, 0x39, 0x38, 0x38, 0x2c, 0x20, 0x25, 0x72, 0x32,
  0x39, 0x38, 0x37, 0x7d, 0x2c, 0x20, 0x00, 0x7b, 0x25, 0x72, 0x31, 0x35,
  0x32, 0x34, 0x2c, 0x20, 0x25, 0x72, 0x31, 0x35, 0x32, 0x35, 0x7d, 0x3b,
  0x20, 0x00, 0x00, 0x00, 0x00, 0x00, 0x6d, 0x6d, 0x61, 0x2e, 0x73, 0x79,
  0x6e, 0x63, 0x2e, 0x61, 0x6c, 0x69, 0x67, 0x6e, 0x65, 0x64, 0x2e, 0x6d,
  0x31, 0x36, 0x6e, 0x38, 0x6b, 0x31, 0x36, 0x2e, 0x72, 0x6f, 0x77, 0x2e,
  0x63, 0x6f, 0x6c, 0x2e, 0x66, 0x31, 0x36, 0x2e, 0x66, 0x31, 0x36, 0x2e,
  0x66, 0x31, 0x36, 0x2e, 0x66, 0x31, 0x36, 0x20, 0x00, 0x7b, 0x25, 0x72,
  0x31, 0x34, 0x39, 0x34, 0x2c, 0x20, 0x25, 0x72, 0x31, 0x34, 0x39, 0x35,
  0x7d, 0x2c, 0x20, 0x00, 0x7b, 0x25, 0x72, 0x31, 0x30, 0x38, 0x32, 0x2c,
  0x20, 0x25, 0x72, 0x31, 0x30, 0x38, 0x33, 0x2c, 0x20, 0x25, 0x72, 0x31,
  0x30, 0x38, 0x34, 0x2c, 0x20, 0x25, 0x72, 0x31, 0x30, 0x38, 0x35, 0x7d,
  0x2c, 0x20, 0x00, 0x7b, 0x25, 0x72, 0x32, 0x39, 0x38, 0x36, 0x2c, 0x20,
  0x25, 0x72, 0x32, 0x39, 0x38, 0x35, 0x7d, 0x2c, 0x20, 0x00, 0x7b, 0x25,
  0x72, 0x31, 0x34, 0x39, 0x34, 0x2c, 0x20, 0x25, 0x72, 0x31, 0x34, 0x39,
  0x35, 0x7d, 0x3b, 0x20, 0x00, 0x00, 0x00, 0x00, 0x00, 0x6d, 0x6d, 0x61,
  0x2e, 0x73, 0x79, 0x6e, 0x63, 0x2e, 0x61, 0x6c, 0x69, 0x67, 0x6e, 0x65,
  0x64, 0x2e, 0x6d, 0x31, 0x36, 0x6e, 0x38, 0x6b, 0x31, 0x36, 0x2e, 0x72,
  0x6f, 0x77, 0x2e, 0x63, 0x6f, 0x6c, 0x2e, 0x66, 0x31, 0x36, 0x2e, 0x66,
  0x31, 0x36, 0x2e, 0x66, 0x31, 0x36, 0x2e, 0x66, 0x31, 0x36, 0x20, 0x00,
  0x7b, 0x25, 0x72, 0x31, 0x35, 0x30, 0x34, 0x2c, 0x20, 0x25, 0x72, 0x31,
  0x35, 0x30, 0x35, 0x7d, 0x2c, 0x20, 0x00, 0x7b, 0x25, 0x72, 0x31, 0x30,
  0x38, 0x32, 0x2c, 0x20, 0x25, 0x72, 0x31, 0x30, 0x38, 0x33, 0x2c, 0x20,
  0x25, 0x72, 0x31, 0x30, 0x38, 0x34, 0x2c, 0x20, 0x25, 0x72, 0x31, 0x30,
  0x38, 0x35, 0x7d, 0x2c, 0x20, 0x00, 0x7b, 0x25, 0x72, 0x32, 0x39, 0x38,
  0x34, 0x2c, 0x20, 0x25, 0x72, 0x32, 0x39, 0x38, 0x33, 0x7d, 0x2c, 0x20,
  0x00, 0x7b, 0x25, 0x72, 0x31, 0x35, 0x30, 0x34, 0x2c, 0x20, 0x25, 0x72,
  0x31, 0x35, 0x30, 0x35, 0x7d, 0x3b, 0x20, 0x00, 0x00, 0x00, 0x00, 0x00,
  0x6d, 0x6d, 0x61, 0x2e, 0x73, 0x79, 0x6e, 0x63, 0x2e, 0x61, 0x6c, 0x69,
  0x67, 0x6e, 0x65, 0x64, 0x2e, 0x6d, 0x31, 0x36, 0x6e, 0x38, 0x6b, 0x31,
  0x36, 0x2e, 0x72, 0x6f, 0x77, 0x2e, 0x63, 0x6f, 0x6c, 0x2e, 0x66, 0x31,
  0x36, 0x2e, 0x66, 0x31, 0x36, 0x2e, 0x66, 0x31, 0x36, 0x2e, 0x66, 0x31,
  0x36, 0x20, 0x00, 0x7b, 0x25, 0x72, 0x31, 0x35, 0x31, 0x34, 0x2c, 0x20,
  0x25, 0x72, 0x31, 0x35, 0x31, 0x35, 0x7d, 0x2c, 0x20, 0x00, 0x7b, 0x25,
  0x72, 0x31, 0x30, 0x38, 0x32, 0x2c, 0x20, 0x25, 0x72, 0x31, 0x30, 0x38,
  0x33, 0x2c, 0x20, 0x25, 0x72, 0x31, 0x30, 0x38, 0x34, 0x2c, 0x20, 0x25,
  0x72, 0x31, 0x30, 0x38, 0x35, 0x7d, 0x2c, 0x20, 0x00, 0x7b, 0x25, 0x72,
  0x32, 0x39, 0x38, 0x32, 0x2c, 0x20, 0x25, 0x72, 0x32, 0x39, 0x38, 0x31,
  0x7d, 0x2c, 0x20, 0x00, 0x7b, 0x25, 0x72, 0x31, 0x35, 0x31, 0x34, 0x2c,
  0x20, 0x25, 0x72, 0x31, 0x35, 0x31, 0x35, 0x7d, 0x3b, 0x20, 0x00, 0x00,
  0x00, 0x00, 0x00, 0x6d, 0x6d, 0x61, 0x2e, 0x73, 0x79, 0x6e, 0x63, 0x2e,
  0x61, 0x6c, 0x69, 0x67, 0x6e, 0x65, 0x64, 0x2e, 0x6d, 0x31, 0x36, 0x6e,
  0x38, 0x6b, 0x31, 0x36, 0x2e, 0x72, 0x6f, 0x77, 0x2e, 0x63, 0x6f, 0x6c,
  0x2e, 0x66, 0x31, 0x36, 0x2e, 0x66, 0x31, 0x36, 0x2e, 0x66, 0x31, 0x36,
  0x2e, 0x66, 0x31, 0x36, 0x20, 0x00, 0x7b, 0x25, 0x72, 0x31, 0x35, 0x32,
  0x34, 0x2c, 0x20, 0x25, 0x72, 0x31, 0x35, 0x32, 0x35, 0x7d, 0x2c, 0x20,
  0x00, 0x7b, 0x25, 0x72, 0x31, 0x30, 0x38, 0x32, 0x2c, 0x20, 0x25, 0x72,
  0x31, 0x30, 0x38, 0x33, 0x2c, 0x20, 0x25, 0x72, 0x31, 0x30, 0x38, 0x34,
  0x2c, 0x20, 0x25, 0x72, 0x31, 0x30, 0x38, 0x35, 0x7d, 0x2c, 0x20, 0x00,
  0x7b, 0x25, 0x72, 0x32, 0x39, 0x38, 0x30, 0x2c, 0x20, 0x25, 0x72, 0x32,
  0x39, 0x37, 0x39, 0x7d, 0x2c, 0x20, 0x00, 0x7b, 0x25, 0x72, 0x31, 0x35,
  0x32, 0x34, 0x2c, 0x20, 0x25, 0x72, 0x31, 0x35, 0x32, 0x35, 0x7d, 0x3b,
  0x20, 0x00, 0x00, 0x00, 0x00, 0x00, 0x6d, 0x6d, 0x61, 0x2e, 0x73, 0x79,
  0x6e, 0x63, 0x2e, 0x61, 0x6c, 0x69, 0x67, 0x6e, 0x65, 0x64, 0x2e, 0x6d,
  0x31, 0x36, 0x6e, 0x38, 0x6b, 0x31, 0x36, 0x2e, 0x72, 0x6f, 0x77, 0x2e,
  0x63, 0x6f, 0x6c, 0x2e, 0x66, 0x31, 0x36, 0x2e, 0x66, 0x31, 0x36, 0x2e,
  0x66, 0x31, 0x36, 0x2e, 0x66, 0x31, 0x36, 0x20, 0x00, 0x7b, 0x25, 0x72,
  0x31, 0x34, 0x39, 0x34, 0x2c, 0x20, 0x25, 0x72, 0x31, 0x34, 0x39, 0x35,
  0x7d, 0x2c, 0x20, 0x00, 0x7b, 0x25, 0x72, 0x31, 0x30, 0x38, 0x37, 0x2c,
  0x20, 0x25, 0x72, 0x31, 0x30, 0x38, 0x38, 0x2c, 0x20, 0x25, 0x72, 0x31,
  0x30, 0x38, 0x39, 0x2c, 0x20, 0x25, 0x72, 0x31, 0x30, 0x39, 0x30, 0x7d,
  0x2c, 0x20, 0x00, 0x7b, 0x25, 0x72, 0x32, 0x39, 0x37, 0x38, 0x2c, 0x20,
  0x25, 0x72, 0x32, 0x39, 0x37, 0x37, 0x7d, 0x2c, 0x20, 0x00, 0x7b, 0x25,
  0x72, 0x31, 0x34, 0x39, 0x34, 0x2c, 0x20, 0x25, 0x72, 0x31, 0x34, 0x39,
  0x35, 0x7d, 0x3b, 0x20, 0x00, 0x00, 0x00, 0x00, 0x00, 0x6d, 0x6d, 0x61,
  0x2e, 0x73, 0x79, 0x6e, 0x63, 0x2e, 0x61, 0x6c, 0x69, 0x67, 0x6e, 0x65,
  0x64, 0x2e, 0x6d, 0x31, 0x36, 0x6e, 0x38, 0x6b, 0x31, 0x36, 0x2e, 0x72,
  0x6f, 0x77, 0x2e, 0x63, 0x6f, 0x6c, 0x2e, 0x66, 0x31, 0x36, 0x2e, 0x66,
  0x31, 0x36, 0x2e, 0x66, 0x31, 0x36, 0x2e, 0x66, 0x31, 0x36, 0x20, 0x00,
  0x7b, 0x25, 0x72, 0x31, 0x35, 0x30, 0x34, 0x2c, 0x20, 0x25, 0x72, 0x31,
  0x35, 0x30, 0x35, 0x7d, 0x2c, 0x20, 0x00, 0x7b, 0x25, 0x72, 0x31, 0x30,
  0x38, 0x37, 0x2c, 0x20, 0x25, 0x72, 0x31, 0x30, 0x38, 0x38, 0x2c, 0x20,
  0x25, 0x72, 0x31, 0x30, 0x38, 0x39, 0x2c, 0x20, 0x25, 0x72, 0x31, 0x30,
  0x39, 0x30, 0x7d, 0x2c, 0x20, 0x00, 0x7b, 0x25, 0x72, 0x32, 0x39, 0x37,
  0x36, 0x2c, 0x20, 0x25, 0x72, 0x33, 0x30, 0x30, 0x33, 0x7d, 0x2c, 0x20,
  0x00, 0x7b, 0x25, 0x72, 0x31, 0x35, 0x30, 0x34, 0x2c, 0x20, 0x25, 0x72,
  0x31, 0x35, 0x30, 0x35, 0x7d, 0x3b, 0x20, 0x00, 0x00, 0x00, 0x00, 0x00,
  0x6d, 0x6d, 0x61, 0x2e, 0x73, 0x79, 0x6e, 0x63, 0x2e, 0x61, 0x6c, 0x69,
  0x67, 0x6e, 0x65, 0x64, 0x2e, 0x6d, 0x31, 0x36, 0x6e, 0x38, 0x6b, 0x31,
  0x36, 0x2e, 0x72, 0x6f, 0x77, 0x2e, 0x63, 0x6f, 0x6c, 0x2e, 0x66, 0x31,
  0x36, 0x2e, 0x66, 0x31, 0x36, 0x2e, 0x66, 0x31, 0x36, 0x2e, 0x66, 0x31,
  0x36, 0x20, 0x00, 0x7b, 0x25, 0x72, 0x31, 0x35, 0x31, 0x34, 0x2c, 0x20,
  0x25, 0x72, 0x31, 0x35, 0x31, 0x35, 0x7d, 0x2c, 0x20, 0x00, 0x7b, 0x25,
  0x72, 0x31, 0x30, 0x38, 0x37, 0x2c, 0x20, 0x25, 0x72, 0x31, 0x30, 0x38,
  0x38, 0x2c, 0x20, 0x25, 0x72, 0x31, 0x30, 0x38, 0x39, 0x2c, 0x20, 0x25,
  0x72, 0x31, 0x30, 0x39, 0x30, 0x7d, 0x2c, 0x20, 0x00, 0x7b, 0x25, 0x72,
  0x33, 0x30, 0x30, 0x34, 0x2c, 0x20, 0x25, 0x72, 0x33, 0x30, 0x30, 0x35,
  0x7d, 0x2c, 0x20, 0x00, 0x7b, 0x25, 0x72, 0x31, 0x35, 0x31, 0x34, 0x2c,
  0x20, 0x25, 0x72, 0x31, 0x35, 0x31, 0x35, 0x7d, 0x3b, 0x20, 0x00, 0x00,
  0x00, 0x00, 0x00, 0x6d, 0x6d, 0x61, 0x2e, 0x73, 0x79, 0x6e, 0x63, 0x2e,
  0x61, 0x6c, 0x69, 0x67, 0x6e, 0x65, 0x64, 0x2e, 0x6d, 0x31, 0x36, 0x6e,
  0x38, 0x6b, 0x31, 0x36, 0x2e, 0x72, 0x6f, 0x77, 0x2e, 0x63, 0x6f, 0x6c,
  0x2e, 0x66, 0x31, 0x36, 0x2e, 0x66, 0x31, 0x36, 0x2e, 0x66, 0x31, 0x36,
  0x2e, 0x66, 0x31, 0x36, 0x20, 0x00, 0x7b, 0x25, 0x72, 0x31, 0x35, 0x32,
  0x34, 0x2c, 0x20, 0x25, 0x72, 0x31, 0x35, 0x32, 0x35, 0x7d, 0x2c, 0x20,
  0x00, 0x7b, 0x25, 0x72, 0x31, 0x30, 0x38, 0x37, 0x2c, 0x20, 0x25, 0x72,
  0x31, 0x30, 0x38, 0x38, 0x2c, 0x20, 0x25, 0x72, 0x31, 0x30, 0x38, 0x39,
  0x2c, 0x20, 0x25, 0x72, 0x31, 0x30, 0x39, 0x30, 0x7d, 0x2c, 0x20, 0x00,
  0x7b, 0x25, 0x72, 0x33, 0x30, 0x30, 0x36, 0x2c, 0x20, 0x25, 0x72, 0x33,
  0x30, 0x30, 0x37, 0x7d, 0x2c, 0x20, 0x00, 0x7b, 0x25, 0x72, 0x31, 0x35,
  0x32, 0x34, 0x2c, 0x20, 0x25, 0x72, 0x31, 0x35, 0x32, 0x35, 0x7d, 0x3b,
  0x20, 0x00, 0x00, 0x00, 0x00, 0x00, 0x6d, 0x6d, 0x61, 0x2e, 0x73, 0x79,
  0x6e, 0x63, 0x2e, 0x61, 0x6c, 0x69, 0x67, 0x6e, 0x65, 0x64, 0x2e, 0x6d,
  0x31, 0x36, 0x6e, 0x38, 0x6b, 0x31, 0x36, 0x2e, 0x72, 0x6f, 0x77, 0x2e,
  0x63, 0x6f, 0x6c, 0x2e, 0x66, 0x31, 0x36, 0x2e, 0x66, 0x31, 0x36, 0x2e,
  0x66, 0x31, 0x36, 0x2e, 0x66, 0x31, 0x36, 0x20, 0x00, 0x7b, 0x25, 0x72,
  0x31, 0x34, 0x39, 0x34, 0x2c, 0x20, 0x25, 0x72, 0x31, 0x34, 0x39, 0x35,
  0x7d, 0x2c, 0x20, 0x00, 0x7b, 0x25, 0x72, 0x31, 0x30, 0x39, 0x32, 0x2c,
  0x20, 0x25, 0x72, 0x31, 0x30, 0x39, 0x33, 0x2c, 0x20, 0x25, 0x72, 0x31,
  0x30, 0x39, 0x34, 0x2c, 0x20, 0x25, 0x72, 0x31, 0x30, 0x39, 0x35, 0x7d,
  0x2c, 0x20, 0x00, 0x7b, 0x25, 0x72, 0x33, 0x30, 0x30, 0x38, 0x2c, 0x20,
  0x25, 0x72, 0x33, 0x30, 0x30, 0x39, 0x7d, 0x2c, 0x20, 0x00, 0x7b, 0x25,
  0x72, 0x31, 0x34, 0x39, 0x34, 0x2c, 0x20, 0x25, 0x72, 0x31, 0x34, 0x39,
  0x35, 0x7d, 0x3b, 0x20, 0x00, 0x00, 0x00, 0x00, 0x00, 0x6d, 0x6d, 0x61,
  0x2e, 0x73, 0x79, 0x6e, 0x63, 0x2e, 0x61, 0x6c, 0x69, 0x67, 0x6e, 0x65,
  0x64, 0x2e, 0x6d, 0x31, 0x36, 0x6e, 0x38, 0x6b, 0x31, 0x36, 0x2e, 0x72,
  0x6f, 0x77, 0x2e, 0x63, 0x6f, 0x6c, 0x2e, 0x66, 0x31, 0x36, 0x2e, 0x66,
  0x31, 0x36, 0x2e, 0x66, 0x31, 0x36, 0x2e, 0x66, 0x31, 0x36, 0x20, 0x00,
  0x7b, 0x25, 0x72, 0x31, 0x35, 0x30, 0x34, 0x2c, 0x20, 0x25, 0x72, 0x31,
  0x35, 0x30, 0x35, 0x7d, 0x2c, 0x20, 0x00, 0x7b, 0x25, 0x72, 0x31, 0x30,
  0x39, 0x32, 0x2c, 0x20, 0x25, 0x72, 0x31, 0x30, 0x39, 0x33, 0x2c, 0x20,
  0x25, 0x72, 0x31, 0x30, 0x39, 0x34, 0x2c, 0x20, 0x25, 0x72, 0x31, 0x30,
  0x39, 0x35, 0x7d, 0x2c, 0x20, 0x00, 0x7b, 0x25, 0x72, 0x33, 0x30, 0x31,
  0x30, 0x2c, 0x20, 0x25, 0x72, 0x33, 0x30, 0x31, 0x31, 0x7d, 0x2c, 0x20,
  0x00, 0x7b, 0x25, 0x72, 0x31, 0x35, 0x30, 0x34, 0x2c, 0x20, 0x25, 0x72,
  0x31, 0x35, 0x30, 0x35, 0x7d, 0x3b, 0x20, 0x00, 0x00, 0x00, 0x00, 0x00,
  0x6d, 0x6d, 0x61, 0x2e, 0x73, 0x79, 0x6e, 0x63, 0x2e, 0x61, 0x6c, 0x69,
  0x67, 0x6e, 0x65, 0x64, 0x2e, 0x6d, 0x31, 0x36, 0x6e, 0x38, 0x6b, 0x31,
  0x36, 0x2e, 0x72, 0x6f, 0x77, 0x2e, 0x63, 0x6f, 0x6c, 0x2e, 0x66, 0x31,
  0x36, 0x2e, 0x66, 0x31, 0x36, 0x2e, 0x66, 0x31, 0x36, 0x2e, 0x66, 0x31,
  0x36, 0x20, 0x00, 0x7b, 0x25, 0x72, 0x31, 0x35, 0x31, 0x34, 0x2c, 0x20,
  0x25, 0x72, 0x31, 0x35, 0x31, 0x35, 0x7d, 0x2c, 0x20, 0x00, 0x7b, 0x25,
  0x72, 0x31, 0x30, 0x39, 0x32, 0x2c, 0x20, 0x25, 0x72, 0x31, 0x30, 0x39,
  0x33, 0x2c, 0x20, 0x25, 0x72, 0x31, 0x30, 0x39, 0x34, 0x2c, 0x20, 0x25,
  0x72, 0x31, 0x30, 0x39, 0x35, 0x7d, 0x2c, 0x20, 0x00, 0x7b, 0x25, 0x72,
  0x33, 0x30, 0x31, 0x32, 0x2c, 0x20, 0x25, 0x72, 0x33, 0x30, 0x31, 0x33,
  0x7d, 0x2c, 0x20, 0x00, 0x7b, 0x25, 0x72, 0x31, 0x35, 0x31, 0x34, 0x2c,
  0x20, 0x25, 0x72, 0x31, 0x35, 0x31, 0x35, 0x7d, 0x3b, 0x20, 0x00, 0x00,
  0x00, 0x00, 0x00, 0x6d, 0x6d, 0x61, 0x2e, 0x73, 0x79, 0x6e, 0x63, 0x2e,
  0x61, 0x6c, 0x69, 0x67, 0x6e, 0x65, 0x64, 0x2e, 0x6d, 0x31, 0x36, 0x6e,
  0x38, 0x6b, 0x31, 0x36, 0x2e, 0x72, 0x6f, 0x77, 0x2e, 0x63, 0x6f, 0x6c,
  0x2e, 0x66, 0x31, 0x36, 0x2e, 0x66, 0x31, 0x36, 0x2e, 0x66, 0x31, 0x36,
  0x2e, 0x66, 0x31, 0x36, 0x20, 0x00, 0x7b, 0x25, 0x72, 0x31, 0x35, 0x32,
  0x34, 0x2c, 0x20, 0x25, 0x72, 0x31, 0x35, 0x32, 0x35, 0x7d, 0x2c, 0x20,
  0x00, 0x7b, 0x25, 0x72, 0x31, 0x30, 0x39, 0x32, 0x2c, 0x20, 0x25, 0x72,
  0x31, 0x30, 0x39, 0x33, 0x2c, 0x20, 0x25, 0x72, 0x31, 0x30, 0x39, 0x34,
  0x2c, 0x20, 0x25, 0x72, 0x31, 0x30, 0x39, 0x35, 0x7d, 0x2c, 0x20, 0x00,
  0x7b, 0x25, 0x72, 0x33, 0x30, 0x31, 0x34, 0x2c, 0x20, 0x25, 0x72, 0x33,
  0x30, 0x31, 0x35, 0x7d, 0x2c, 0x20, 0x00, 0x7b, 0x25, 0x72, 0x31, 0x35,
  0x32, 0x34, 0x2c, 0x20, 0x25, 0x72, 0x31, 0x35, 0x32, 0x35, 0x7d, 0x3b,
  0x20, 0x00, 0x00, 0x00, 0x00, 0x00, 0x6d, 0x6d, 0x61, 0x2e, 0x73, 0x79,
  0x6e, 0x63, 0x2e, 0x61, 0x6c, 0x69, 0x67, 0x6e, 0x65, 0x64, 0x2e, 0x6d,
  0x31, 0x36, 0x6e, 0x38, 0x6b, 0x31, 0x36, 0x2e, 0x72, 0x6f, 0x77, 0x2e,
  0x63, 0x6f, 0x6c, 0x2e, 0x66, 0x31, 0x36, 0x2e, 0x66, 0x31, 0x36, 0x2e,
  0x66, 0x31, 0x36, 0x2e, 0x66, 0x31, 0x36, 0x20, 0x00, 0x7b, 0x25, 0x72,
  0x31, 0x34, 0x39, 0x34, 0x2c, 0x20, 0x25, 0x72, 0x31, 0x34, 0x39, 0x35,
  0x7d, 0x2c, 0x20, 0x00, 0x7b, 0x25, 0x72, 0x31, 0x30, 0x39, 0x37, 0x2c,
  0x20, 0x25, 0x72, 0x31, 0x30, 0x39, 0x38, 0x2c, 0x20, 0x25, 0x72, 0x31,
  0x30, 0x39, 0x39, 0x2c, 0x20, 0x25, 0x72, 0x31, 0x31, 0x30, 0x30, 0x7d,
  0x2c, 0x20, 0x00, 0x7b, 0x25, 0x72, 0x33, 0x30, 0x31, 0x36, 0x2c, 0x20,
  0x25, 0x72, 0x33, 0x30, 0x31, 0x37, 0x7d, 0x2c, 0x20, 0x00, 0x7b, 0x25,
  0x72, 0x31, 0x34, 0x39, 0x34, 0x2c, 0x20, 0x25, 0x72, 0x31, 0x34, 0x39,
  0x35, 0x7d, 0x3b, 0x20, 0x00, 0x00, 0x00, 0x00, 0x00, 0x6d, 0x6d, 0x61,
  0x2e, 0x73, 0x79, 0x6e, 0x63, 0x2e, 0x61, 0x6c, 0x69, 0x67, 0x6e, 0x65,
  0x64, 0x2e, 0x6d, 0x31, 0x36, 0x6e, 0x38, 0x6b, 0x31, 0x36, 0x2e, 0x72,
  0x6f, 0x77, 0x2e, 0x63, 0x6f, 0x6c, 0x2e, 0x66, 0x31, 0x36, 0x2e, 0x66,
  0x31, 0x36, 0x2e, 0x66, 0x31, 0x36, 0x2e, 0x66, 0x31, 0x36, 0x20, 0x00,
  0x7b, 0x25, 0x72, 0x31, 0x35, 0x30, 0x34, 0x2c, 0x20, 0x25, 0x72, 0x31,
  0x35, 0x30, 0x35, 0x7d, 0x2c, 0x20, 0x00, 0x7b, 0x25, 0x72, 0x31, 0x30,
  0x39, 0x37, 0x2c, 0x20, 0x25, 0x72, 0x31, 0x30, 0x39, 0x38, 0x2c, 0x20,
  0x25, 0x72, 0x31, 0x30, 0x39, 0x39, 0x2c, 0x20, 0x25, 0x72, 0x31, 0x31,
  0x30, 0x30, 0x7d, 0x2c, 0x20, 0x00, 0x7b, 0x25, 0x72, 0x33, 0x30, 0x31,
  0x38, 0x2c, 0x20, 0x25, 0x72, 0x33, 0x30, 0x31, 0x39, 0x7d, 0x2c, 0x20,
  0x00, 0x7b, 0x25, 0x72, 0x31, 0x35, 0x30, 0x34, 0x2c, 0x20, 0x25, 0x72,
  0x31, 0x35, 0x30, 0x35, 0x7d, 0x3b, 0x20, 0x00, 0x00, 0x00, 0x00, 0x00,
  0x6d, 0x6d, 0x61, 0x2e, 0x73, 0x79, 0x6e, 0x63, 0x2e, 0x61, 0x6c, 0x69,
  0x67, 0x6e, 0x65, 0x64, 0x2e, 0x6d, 0x31, 0x36, 0x6e, 0x38, 0x6b, 0x31,
  0x36, 0x2e, 0x72, 0x6f, 0x77, 0x2e, 0x63, 0x6f, 0x6c, 0x2e, 0x66, 0x31,
  0x36, 0x2e, 0x66, 0x31, 0x36, 0x2e, 0x66, 0x31, 0x36, 0x2e, 0x66, 0x31,
  0x36, 0x20, 0x00, 0x7b, 0x25, 0x72, 0x31, 0x35, 0x31, 0x34, 0x2c, 0x20,
  0x25, 0x72, 0x31, 0x35, 0x31, 0x35, 0x7d, 0x2c, 0x20, 0x00, 0x7b, 0x25,
  0x72, 0x31, 0x30, 0x39, 0x37, 0x2c, 0x20, 0x25, 0x72, 0x31, 0x30, 0x39,
  0x38, 0x2c, 0x20, 0x25, 0x72, 0x31, 0x30, 0x39, 0x39, 0x2c, 0x20, 0x25,
  0x72, 0x31, 0x31, 0x30, 0x30, 0x7d, 0x2c, 0x20, 0x00, 0x7b, 0x25, 0x72,
  0x33, 0x30, 0x32, 0x30, 0x2c, 0x20, 0x25, 0x72, 0x33, 0x30, 0x32, 0x31,
  0x7d, 0x2c, 0x20, 0x00, 0x7b, 0x25, 0x72, 0x31, 0x35, 0x31, 0x34, 0x2c,
  0x20, 0x25, 0x72, 0x31, 0x35, 0x31, 0x35, 0x7d, 0x3b, 0x20, 0x00, 0x00,
  0x00, 0x00, 0x00, 0x6d, 0x6d, 0x61, 0x2e, 0x73, 0x79, 0x6e, 0x63, 0x2e,
  0x61, 0x6c, 0x69, 0x67, 0x6e, 0x65, 0x64, 0x2e, 0x6d, 0x31, 0x36, 0x6e,
  0x38, 0x6b, 0x31, 0x36, 0x2e, 0x72, 0x6f, 0x77, 0x2e, 0x63, 0x6f, 0x6c,
  0x2e, 0x66, 0x31, 0x36, 0x2e, 0x66, 0x31, 0x36, 0x2e, 0x66, 0x31, 0x36,
  0x2e, 0x66, 0x31, 0x36, 0x20, 0x00, 0x7b, 0x25, 0x72, 0x31, 0x35, 0x32,
  0x34, 0x2c, 0x20, 0x25, 0x72, 0x31, 0x35, 0x32, 0x35, 0x7d, 0x2c, 0x20,
  0x00, 0x7b, 0x25, 0x72, 0x31, 0x30, 0x39, 0x37, 0x2c, 0x20, 0x25, 0x72,
  0x31, 0x30, 0x39, 0x38, 0x2c, 0x20, 0x25, 0x72, 0x31, 0x30, 0x39, 0x39,
  0x2c, 0x20, 0x25, 0x72, 0x31, 0x31, 0x30, 0x30, 0x7d, 0x2c, 0x20, 0x00,
  0x7b, 0x25, 0x72, 0x33, 0x30, 0x32, 0x32, 0x2c, 0x20, 0x25, 0x72, 0x33,
  0x30, 0x32, 0x33, 0x7d, 0x2c, 0x20, 0x00, 0x7b, 0x25, 0x72, 0x31, 0x35,
  0x32, 0x34, 0x2c, 0x20, 0x25, 0x72, 0x31, 0x35, 0x32, 0x35, 0x7d, 0x3b,
  0x20, 0x00, 0x00, 0x00, 0x00, 0x00, 0x6d, 0x6d, 0x61, 0x2e, 0x73, 0x79,
  0x6e, 0x63, 0x2e, 0x61, 0x6c, 0x69, 0x67, 0x6e, 0x65, 0x64, 0x2e, 0x6d,
  0x31, 0x36, 0x6e, 0x38, 0x6b, 0x31, 0x36, 0x2e, 0x72, 0x6f, 0x77, 0x2e,
  0x63, 0x6f, 0x6c, 0x2e, 0x66, 0x31, 0x36, 0x2e, 0x66, 0x31, 0x36, 0x2e,
  0x66, 0x31, 0x36, 0x2e, 0x66, 0x31, 0x36, 0x20, 0x00, 0x7b, 0x25, 0x72,
  0x31, 0x34, 0x39, 0x34, 0x2c, 0x20, 0x25, 0x72, 0x31, 0x34, 0x39, 0x35,
  0x7d, 0x2c, 0x20, 0x00, 0x7b, 0x25, 0x72, 0x31, 0x31, 0x30, 0x32, 0x2c,
  0x20, 0x25, 0x72, 0x31, 0x31, 0x30, 0x33, 0x2c, 0x20, 0x25, 0x72, 0x31,
  0x31, 0x30, 0x34, 0x2c, 0x20, 0x25, 0x72, 0x31, 0x31, 0x30, 0x35, 0x7d,
  0x2c, 0x20, 0x00, 0x7b, 0x25, 0x72, 0x33, 0x30, 0x32, 0x34, 0x2c, 0x20,
  0x25, 0x72, 0x33, 0x30, 0x32, 0x35, 0x7d, 0x2c, 0x20, 0x00, 0x7b, 0x25,
  0x72, 0x31, 0x34, 0x39, 0x34, 0x2c, 0x20, 0x25, 0x72, 0x31, 0x34, 0x39,
  0x35, 0x7d, 0x3b, 0x20, 0x00, 0x00, 0x00, 0x00, 0x00, 0x6d, 0x6d, 0x61,
  0x2e, 0x73, 0x79, 0x6e, 0x63, 0x2e, 0x61, 0x6c, 0x69, 0x67, 0x6e, 0x65,
  0x64, 0x2e, 0x6d, 0x31, 0x36, 0x6e, 0x38, 0x6b, 0x31, 0x36, 0x2e, 0x72,
  0x6f, 0x77, 0x2e, 0x63, 0x6f, 0x6c, 0x2e, 0x66, 0x31, 0x36, 0x2e, 0x66,
  0x31, 0x36, 0x2e, 0x66, 0x31, 0x36, 0x2e, 0x66, 0x31, 0x36, 0x20, 0x00,
  0x7b, 0x25, 0x72, 0x31, 0x35, 0x30, 0x34, 0x2c, 0x20, 0x25, 0x72, 0x31,
  0x35, 0x30, 0x35, 0x7d, 0x2c, 0x20, 0x00, 0x7b, 0x25, 0x72, 0x31, 0x31,
  0x30, 0x32, 0x2c, 0x20, 0x25, 0x72, 0x31, 0x31, 0x30, 0x33, 0x2c, 0x20,
  0x25, 0x72, 0x31, 0x31, 0x30, 0x34, 0x2c, 0x20, 0x25, 0x72, 0x31, 0x31,
  0x30, 0x35, 0x7d, 0x2c, 0x20, 0x00, 0x7b, 0x25, 0x72, 0x33, 0x30, 0x32,
  0x36, 0x2c, 0x20, 0x25, 0x72, 0x33, 0x30, 0x32, 0x37, 0x7d, 0x2c, 0x20,
  0x00, 0x7b, 0x25, 0x72, 0x31, 0x35, 0x30, 0x34, 0x2c, 0x20, 0x25, 0x72,
  0x31, 0x35, 0x30, 0x35, 0x7d, 0x3b, 0x20, 0x00, 0x00, 0x00, 0x00, 0x00,
  0x6d, 0x6d, 0x61, 0x2e, 0x73, 0x79, 0x6e, 0x63, 0x2e, 0x61, 0x6c, 0x69,
  0x67, 0x6e, 0x65, 0x64, 0x2e, 0x6d, 0x31, 0x36, 0x6e, 0x38, 0x6b, 0x31,
  0x36, 0x2e, 0x72, 0x6f, 0x77, 0x2e, 0x63, 0x6f, 0x6c, 0x2e, 0x66, 0x31,
  0x36, 0x2e, 0x66, 0x31, 0x36, 0x2e, 0x66, 0x31, 0x36, 0x2e, 0x66, 0x31,
  0x36, 0x20, 0x00, 0x7b, 0x25, 0x72, 0x31, 0x35, 0x31, 0x34, 0x2c, 0x20,
  0x25, 0x72, 0x31, 0x35, 0x31, 0x35, 0x7d, 0x2c, 0x20, 0x00, 0x7b, 0x25,
  0x72, 0x31, 0x31, 0x30, 0x32, 0x2c, 0x20, 0x25, 0x72, 0x31, 0x31, 0x30,
  0x33, 0x2c, 0x20, 0x25, 0x72, 0x31, 0x31, 0x30, 0x34, 0x2c, 0x20, 0x25,
  0x72, 0x31, 0x31, 0x30, 0x35, 0x7d, 0x2c, 0x20, 0x00, 0x7b, 0x25, 0x72,
  0x33, 0x30, 0x32, 0x38, 0x2c, 0x20, 0x25, 0x72, 0x33, 0x30, 0x32, 0x39,
  0x7d, 0x2c, 0x20, 0x00, 0x7b, 0x25, 0x72, 0x31, 0x35, 0x31, 0x34, 0x2c,
  0x20, 0x25, 0x72, 0x31, 0x35, 0x31, 0x35, 0x7d, 0x3b, 0x20, 0x00, 0x00,
  0x00, 0x00, 0x00, 0x6d, 0x6d, 0x61, 0x2e, 0x73, 0x79, 0x6e, 0x63, 0x2e,
  0x61, 0x6c, 0x69, 0x67, 0x6e, 0x65, 0x64, 0x2e, 0x6d, 0x31, 0x36, 0x6e,
  0x38, 0x6b, 0x31, 0x36, 0x2e, 0x72, 0x6f, 0x77, 0x2e, 0x63, 0x6f, 0x6c,
  0x2e, 0x66, 0x31, 0x36, 0x2e, 0x66, 0x31, 0x36, 0x2e, 0x66, 0x31, 0x36,
  0x2e, 0x66, 0x31, 0x36, 0x20, 0x00, 0x7b, 0x25, 0x72, 0x31, 0x35, 0x32,
  0x34, 0x2c, 0x20, 0x25, 0x72, 0x31, 0x35, 0x32, 0x35, 0x7d, 0x2c, 0x20,
  0x00, 0x7b, 0x25, 0x72, 0x31, 0x31, 0x30, 0x32, 0x2c, 0x20, 0x25, 0x72,
  0x31, 0x31, 0x30, 0x33, 0x2c, 0x20, 0x25, 0x72, 0x31, 0x31, 0x30, 0x34,
  0x2c, 0x20, 0x25, 0x72, 0x31, 0x31, 0x30, 0x35, 0x7d, 0x2c, 0x20, 0x00,
  0x7b, 0x25, 0x72, 0x33, 0x30, 0x33, 0x30, 0x2c, 0x20, 0x25, 0x72, 0x33,
  0x30, 0x33, 0x31, 0x7d, 0x2c, 0x20, 0x00, 0x7b, 0x25, 0x72, 0x31, 0x35,
  0x32, 0x34, 0x2c, 0x20, 0x25, 0x72, 0x31, 0x35, 0x32, 0x35, 0x7d, 0x3b,
  0x20, 0x00, 0x00, 0x00, 0x00, 0x00, 0x00, 0x00, 0x6d, 0x6d, 0x61, 0x2e,
  0x73, 0x79, 0x6e, 0x63, 0x2e, 0x61, 0x6c, 0x69, 0x67, 0x6e, 0x65, 0x64,
  0x2e, 0x6d, 0x31, 0x36, 0x6e, 0x38, 0x6b, 0x31, 0x36, 0x2e, 0x72, 0x6f,
  0x77, 0x2e, 0x63, 0x6f, 0x6c, 0x2e, 0x66, 0x31, 0x36, 0x2e, 0x66, 0x31,
  0x36, 0x2e, 0x66, 0x31, 0x36, 0x2e, 0x66, 0x31, 0x36, 0x20, 0x00, 0x7b,
  0x25, 0x72, 0x31, 0x34, 0x39, 0x34, 0x2c, 0x20, 0x25, 0x72, 0x31, 0x34,
  0x39, 0x35, 0x7d, 0x2c, 0x20, 0x00, 0x7b, 0x25, 0x72, 0x31, 0x31, 0x30,
  0x37, 0x2c, 0x20, 0x25, 0x72, 0x31, 0x31, 0x30, 0x38, 0x2c, 0x20, 0x25,
  0x72, 0x31, 0x31, 0x30, 0x39, 0x2c, 0x20, 0x25, 0x72, 0x31, 0x31, 0x31,
  0x30, 0x7d, 0x2c, 0x20, 0x00, 0x7b, 0x25, 0x72, 0x33, 0x30, 0x33, 0x32,
  0x2c, 0x20, 0x25, 0x72, 0x33, 0x30, 0x33, 0x33, 0x7d, 0x2c, 0x20, 0x00,
  0x7b, 0x25, 0x72, 0x31, 0x34, 0x39, 0x34, 0x2c, 0x20, 0x25, 0x72, 0x31,
  0x34, 0x39, 0x35, 0x7d, 0x3b, 0x20, 0x00, 0x00, 0x00, 0x00, 0x00, 0x6d,
  0x6d, 0x61, 0x2e, 0x73, 0x79, 0x6e, 0x63, 0x2e, 0x61, 0x6c, 0x69, 0x67,
  0x6e, 0x65, 0x64, 0x2e, 0x6d, 0x31, 0x36, 0x6e, 0x38, 0x6b, 0x31, 0x36,
  0x2e, 0x72, 0x6f, 0x77, 0x2e, 0x63, 0x6f, 0x6c, 0x2e, 0x66, 0x31, 0x36,
  0x2e, 0x66, 0x31, 0x36, 0x2e, 0x66, 0x31, 0x36, 0x2e, 0x66, 0x31, 0x36,
  0x20, 0x00, 0x7b, 0x25, 0x72, 0x31, 0x35, 0x30, 0x34, 0x2c, 0x20, 0x25,
  0x72, 0x31, 0x35, 0x30, 0x35, 0x7d, 0x2c, 0x20, 0x00, 0x7b, 0x25, 0x72,
  0x31, 0x31, 0x30, 0x37, 0x2c, 0x20, 0x25, 0x72, 0x31, 0x31, 0x30, 0x38,
  0x2c, 0x20, 0x25, 0x72, 0x31, 0x31, 0x30, 0x39, 0x2c, 0x20, 0x25, 0x72,
  0x31, 0x31, 0x31, 0x30, 0x7d, 0x2c, 0x20, 0x00, 0x7b, 0x25, 0x72, 0x33,
  0x30, 0x33, 0x34, 0x2c, 0x20, 0x25, 0x72, 0x33, 0x30, 0x33, 0x35, 0x7d,
  0x2c, 0x20, 0x00, 0x7b, 0x25, 0x72, 0x31, 0x35, 0x30, 0x34, 0x2c, 0x20,
  0x25, 0x72, 0x31, 0x35, 0x30, 0x35, 0x7d, 0x3b, 0x20, 0x00, 0x00, 0x00,
  0x00, 0x00, 0x6d, 0x6d, 0x61, 0x2e, 0x73, 0x79, 0x6e, 0x63, 0x2e, 0x61,
  0x6c, 0x69, 0x67, 0x6e, 0x65, 0x64, 0x2e, 0x6d, 0x31, 0x36, 0x6e, 0x38,
  0x6b, 0x31, 0x36, 0x2e, 0x72, 0x6f, 0x77, 0x2e, 0x63, 0x6f, 0x6c, 0x2e,
  0x66, 0x31, 0x36, 0x2e, 0x66, 0x31, 0x36, 0x2e, 0x66, 0x31, 0x36, 0x2e,
  0x66, 0x31, 0x36, 0x20, 0x00, 0x7b, 0x25, 0x72, 0x31, 0x35, 0x31, 0x34,
  0x2c, 0x20, 0x25, 0x72, 0x31, 0x35, 0x31, 0x35, 0x7d, 0x2c, 0x20, 0x00,
  0x7b, 0x25, 0x72, 0x31, 0x31, 0x30, 0x37, 0x2c, 0x20, 0x25, 0x72, 0x31,
  0x31, 0x30, 0x38, 0x2c, 0x20, 0x25, 0x72, 0x31, 0x31, 0x30, 0x39, 0x2c,
  0x20, 0x25, 0x72, 0x31, 0x31, 0x31, 0x30, 0x7d, 0x2c, 0x20, 0x00, 0x7b,
  0x25, 0x72, 0x33, 0x30, 0x33, 0x36, 0x2c, 0x20, 0x25, 0x72, 0x33, 0x30,
  0x33, 0x37, 0x7d, 0x2c, 0x20, 0x00, 0x7b, 0x25, 0x72, 0x31, 0x35, 0x31,
  0x34, 0x2c, 0x20, 0x25, 0x72, 0x31, 0x35, 0x31, 0x35, 0x7d, 0x3b, 0x20,
  0x00, 0x00, 0x00, 0x00, 0x00, 0x6d, 0x6d, 0x61, 0x2e, 0x73, 0x79, 0x6e,
  0x63, 0x2e, 0x61, 0x6c, 0x69, 0x67, 0x6e, 0x65, 0x64, 0x2e, 0x6d, 0x31,
  0x36, 0x6e, 0x38, 0x6b, 0x31, 0x36, 0x2e, 0x72, 0x6f, 0x77, 0x2e, 0x63,
  0x6f, 0x6c, 0x2e, 0x66, 0x31, 0x36, 0x2e, 0x66, 0x31, 0x36, 0x2e, 0x66,
  0x31, 0x36, 0x2e, 0x66, 0x31, 0x36, 0x20, 0x00, 0x7b, 0x25, 0x72, 0x31,
  0x35, 0x32, 0x34, 0x2c, 0x20, 0x25, 0x72, 0x31, 0x35, 0x32, 0x35, 0x7d,
  0x2c, 0x20, 0x00, 0x7b, 0x25, 0x72, 0x31, 0x31, 0x30, 0x37, 0x2c, 0x20,
  0x25, 0x72, 0x31, 0x31, 0x30, 0x38, 0x2c, 0x20, 0x25, 0x72, 0x31, 0x31,
  0x30, 0x39, 0x2c, 0x20, 0x25, 0x72, 0x31, 0x31, 0x31, 0x30, 0x7d, 0x2c,
  0x20, 0x00, 0x7b, 0x25, 0x72, 0x33, 0x30, 0x33, 0x38, 0x2c, 0x20, 0x25,
  0x72, 0x33, 0x30, 0x33, 0x39, 0x7d, 0x2c, 0x20, 0x00, 0x7b, 0x25, 0x72,
  0x31, 0x35, 0x32, 0x34, 0x2c, 0x20, 0x25, 0x72, 0x31, 0x35, 0x32, 0x35,
  0x7d, 0x3b, 0x20, 0x00, 0x00, 0x00, 0x00, 0x00, 0x00, 0x00, 0x6d, 0x75,
  0x6c, 0x2e, 0x66, 0x31, 0x36, 0x78, 0x32, 0x20, 0x25, 0x72, 0x31, 0x37,
  0x37, 0x34, 0x2c, 0x20, 0x25, 0x72, 0x31, 0x34, 0x39, 0x34, 0x2c, 0x20,
  0x25, 0x72, 0x31, 0x33, 0x39, 0x31, 0x3b, 0x00, 0x00, 0x00, 0x00, 0x00,
  0x6d, 0x6f, 0x76, 0x2e, 0x75, 0x33, 0x32, 0x20, 0x09, 0x25, 0x72, 0x31,
  0x38, 0x32, 0x35, 0x2c, 0x20, 0x32, 0x30, 0x38, 0x30, 0x33, 0x34, 0x30,
  0x39, 0x39, 0x31, 0x3b, 0x00, 0x00, 0x6d, 0x69, 0x6e, 0x2e, 0x78, 0x6f,
  0x72, 0x73, 0x69, 0x67, 0x6e, 0x2e, 0x61, 0x62, 0x73, 0x2e, 0x66, 0x31,
  0x36, 0x78, 0x32, 0x20, 0x25, 0x72, 0x31, 0x37, 0x37, 0x37, 0x2c, 0x20,
  0x25, 0x72, 0x31, 0x37, 0x37, 0x34, 0x2c, 0x20, 0x25, 0x72, 0x31, 0x38,
  0x32, 0x35, 0x3b, 0x00, 0x00, 0x00, 0x00, 0x00, 0x6d, 0x75, 0x6c, 0x2e,
  0x66, 0x31, 0x36, 0x78, 0x32, 0x20, 0x25, 0x72, 0x31, 0x37, 0x38, 0x30,
  0x2c, 0x20, 0x25, 0x72, 0x31, 0x34, 0x39, 0x35, 0x2c, 0x20, 0x25, 0x72,
  0x31, 0x33, 0x39, 0x31, 0x3b, 0x00, 0x00, 0x00, 0x00, 0x00, 0x00, 0x6d,
  0x69, 0x6e, 0x2e, 0x78, 0x6f, 0x72, 0x73, 0x69, 0x67, 0x6e, 0x2e, 0x61,
  0x62, 0x73, 0x2e, 0x66, 0x31, 0x36, 0x78, 0x32, 0x20, 0x25, 0x72, 0x31,
  0x37, 0x38, 0x33, 0x2c, 0x20, 0x25, 0x72, 0x31, 0x37, 0x38, 0x30, 0x2c,
  0x20, 0x25, 0x72, 0x31, 0x38, 0x32, 0x35, 0x3b, 0x00, 0x00, 0x00, 0x00,
  0x00, 0x6d, 0x75, 0x6c, 0x2e, 0x66, 0x31, 0x36, 0x78, 0x32, 0x20, 0x25,
  0x72, 0x31, 0x37, 0x38, 0x36, 0x2c, 0x20, 0x25, 0x72, 0x31, 0x35, 0x30,
  0x34, 0x2c, 0x20, 0x25, 0x72, 0x31, 0x33, 0x39, 0x31, 0x3b, 0x00, 0x00,
  0x00, 0x00, 0x00, 0x00, 0x6d, 0x69, 0x6e, 0x2e, 0x78, 0x6f, 0x72, 0x73,
  0x69, 0x67, 0x6e, 0x2e, 0x61, 0x62, 0x73, 0x2e, 0x66, 0x31, 0x36, 0x78,
  0x32, 0x20, 0x25, 0x72, 0x31, 0x37, 0x38, 0x39, 0x2c, 0x20, 0x25, 0x72,
  0x31, 0x37, 0x38, 0x36, 0x2c, 0x20, 0x25, 0x72, 0x31, 0x38, 0x32, 0x35,
  0x3b, 0x00, 0x00, 0x00, 0x00, 0x00, 0x6d, 0x75, 0x6c, 0x2e, 0x66, 0x31,
  0x36, 0x78, 0x32, 0x20, 0x25, 0x72, 0x31, 0x37, 0x39, 0x32, 0x2c, 0x20,
  0x25, 0x72, 0x31, 0x35, 0x30, 0x35, 0x2c, 0x20, 0x25, 0x72, 0x31, 0x33,
  0x39, 0x31, 0x3b, 0x00, 0x00, 0x00, 0x00, 0x00, 0x00, 0x6d, 0x69, 0x6e,
  0x2e, 0x78, 0x6f, 0x72, 0x73, 0x69, 0x67, 0x6e, 0x2e, 0x61, 0x62, 0x73,
  0x2e, 0x66, 0x31, 0x36, 0x78, 0x32, 0x20, 0x25, 0x72, 0x31, 0x37, 0x39,
  0x35, 0x2c, 0x20, 0x25, 0x72, 0x31, 0x37, 0x39, 0x32, 0x2c, 0x20, 0x25,
  0x72, 0x31, 0x38, 0x32, 0x35, 0x3b, 0x00, 0x00, 0x00, 0x00, 0x00, 0x00,
  0x6d, 0x6f, 0x76, 0x2e, 0x62, 0x33, 0x32, 0x20, 0x7b, 0x25, 0x72, 0x73,
  0x32, 0x2c, 0x20, 0x25, 0x72, 0x73, 0x33, 0x7d, 0x2c, 0x20, 0x25, 0x72,
  0x31, 0x37, 0x37, 0x37, 0x3b, 0x00, 0x00, 0x00, 0x00, 0x00, 0x00, 0x63,
  0x76, 0x74, 0x2e, 0x66, 0x33, 0x32, 0x2e, 0x66, 0x31, 0x36, 0x20, 0x25,
  0x66, 0x33, 0x39, 0x30, 0x2c, 0x20, 0x25, 0x72, 0x73, 0x32, 0x3b, 0x00,
  0x00, 0x00, 0x00, 0x00, 0x00, 0x63, 0x76, 0x74, 0x2e, 0x66, 0x33, 0x32,
  0x2e, 0x66, 0x31, 0x36, 0x20, 0x25, 0x66, 0x33, 0x38, 0x39, 0x2c, 0x20,
  0x25, 0x72, 0x73, 0x33, 0x3b, 0x00, 0x00, 0x00, 0x00, 0x00, 0x00, 0x00,
  0x6d, 0x6f, 0x76, 0x2e, 0x62, 0x33, 0x32, 0x20, 0x7b, 0x25, 0x72, 0x73,
  0x36, 0x2c, 0x20, 0x25, 0x72, 0x73, 0x37, 0x7d, 0x2c, 0x20, 0x25, 0x72,
  0x31, 0x37, 0x38, 0x33, 0x3b, 0x00, 0x00, 0x00, 0x00, 0x00, 0x00, 0x63,
  0x76, 0x74, 0x2e, 0x66, 0x33, 0x32, 0x2e, 0x66, 0x31, 0x36, 0x20, 0x25,
  0x66, 0x33, 0x38, 0x32, 0x2c, 0x20, 0x25, 0x72, 0x73, 0x36, 0x3b, 0x00,
  0x00, 0x00, 0x00, 0x00, 0x00, 0x63, 0x76, 0x74, 0x2e, 0x66, 0x33, 0x32,
  0x2e, 0x66, 0x31, 0x36, 0x20, 0x25, 0x66, 0x33, 0x38, 0x31, 0x2c, 0x20,
  0x25, 0x72, 0x73, 0x37, 0x3b, 0x00, 0x00, 0x00, 0x00, 0x00, 0x00, 0x00,
  0x6d, 0x6f, 0x76, 0x2e, 0x62, 0x33, 0x32, 0x20, 0x7b, 0x25, 0x72, 0x73,
  0x31, 0x30, 0x2c, 0x20, 0x25, 0x72, 0x73, 0x31, 0x31, 0x7d, 0x2c, 0x20,
  0x25, 0x72, 0x31, 0x37, 0x38, 0x39, 0x3b, 0x00, 0x00, 0x00, 0x00, 0x00,
  0x00, 0x63, 0x76, 0x74, 0x2e, 0x66, 0x33, 0x32, 0x2e, 0x66, 0x31, 0x36,
  0x20, 0x25, 0x66, 0x33, 0x38, 0x38, 0x2c, 0x20, 0x25, 0x72, 0x73, 0x31,
  0x30, 0x3b, 0x00, 0x00, 0x00, 0x00, 0x00, 0x00, 0x63, 0x76, 0x74, 0x2e,
  0x66, 0x33, 0x32, 0x2e, 0x66, 0x31, 0x36, 0x20, 0x25, 0x66, 0x33, 0x38,
  0x37, 0x2c, 0x20, 0x25, 0x72, 0x73, 0x31, 0x31, 0x3b, 0x00, 0x00, 0x00,
  0x00, 0x00, 0x00, 0x00, 0x6d, 0x6f, 0x76, 0x2e, 0x62, 0x33, 0x32, 0x20,
  0x7b, 0x25, 0x72, 0x73, 0x31, 0x34, 0x2c, 0x20, 0x25, 0x72, 0x73, 0x31,
  0x35, 0x7d, 0x2c, 0x20, 0x25, 0x72, 0x31, 0x37, 0x39, 0x35, 0x3b, 0x00,
  0x00, 0x00, 0x00, 0x00, 0x00, 0x63, 0x76, 0x74, 0x2e, 0x66, 0x33, 0x32,
  0x2e, 0x66, 0x31, 0x36, 0x20, 0x25, 0x66, 0x33, 0x38, 0x30, 0x2c, 0x20,
  0x25, 0x72, 0x73, 0x31, 0x34, 0x3b, 0x00, 0x00, 0x00, 0x00, 0x00, 0x00,
  0x63, 0x76, 0x74, 0x2e, 0x66, 0x33, 0x32, 0x2e, 0x66, 0x31, 0x36, 0x20,
  0x25, 0x66, 0x33, 0x37, 0x39, 0x2c, 0x20, 0x25, 0x72, 0x73, 0x31, 0x35,
  0x3b, 0x00, 0x00, 0x00, 0x00, 0x00, 0x6d, 0x75, 0x6c, 0x2e, 0x66, 0x31,
  0x36, 0x78, 0x32, 0x20, 0x25, 0x72, 0x31, 0x38, 0x30, 0x32, 0x2c, 0x20,
  0x25, 0x72, 0x31, 0x35, 0x31, 0x34, 0x2c, 0x20, 0x25, 0x72, 0x31, 0x33,
  0x39, 0x31, 0x3b, 0x00, 0x00, 0x00, 0x00, 0x00, 0x6d, 0x69, 0x6e, 0x2e,
  0x78, 0x6f, 0x72, 0x73, 0x69, 0x67, 0x6e, 0x2e, 0x61, 0x62, 0x73, 0x2e,
  0x66, 0x31, 0x36, 0x78, 0x32, 0x20, 0x25, 0x72, 0x31, 0x38, 0x30, 0x35,
  0x2c, 0x20, 0x25, 0x72, 0x31, 0x38, 0x30, 0x32, 0x2c, 0x20, 0x25, 0x72,
  0x31, 0x38, 0x32, 0x35, 0x3b, 0x00, 0x00, 0x00, 0x00, 0x6d, 0x75, 0x6c,
  0x2e, 0x66, 0x31, 0x36, 0x78, 0x32, 0x20, 0x25, 0x72, 0x31, 0x38, 0x30,
  0x38, 0x2c, 0x20, 0x25, 0x72, 0x31, 0x35, 0x31, 0x35, 0x2c, 0x20, 0x25,
  0x72, 0x31, 0x33, 0x39, 0x31, 0x3b, 0x00, 0x00, 0x00, 0x00, 0x00, 0x6d,
  0x69, 0x6e, 0x2e, 0x78, 0x6f, 0x72, 0x73, 0x69, 0x67, 0x6e, 0x2e, 0x61,
  0x62, 0x73, 0x2e, 0x66, 0x31, 0x36, 0x78, 0x32, 0x20, 0x25, 0x72, 0x31,
  0x38, 0x31, 0x31, 0x2c, 0x20, 0x25, 0x72, 0x31, 0x38, 0x30, 0x38, 0x2c,
  0x20, 0x25, 0x72, 0x31, 0x38, 0x32, 0x35, 0x3b, 0x00, 0x00, 0x00, 0x00,
  0x6d, 0x75, 0x6c, 0x2e, 0x66, 0x31, 0x36, 0x78, 0x32, 0x20, 0x25, 0x72,
  0x31, 0x38, 0x31, 0x34, 0x2c, 0x20, 0x25, 0x72, 0x31, 0x35, 0x32, 0x34,
  0x2c, 0x20, 0x25, 0x72, 0x31, 0x33, 0x39, 0x31, 0x3b, 0x00, 0x00, 0x00,
  0x00, 0x00, 0x6d, 0x69, 0x6e, 0x2e, 0x78, 0x6f, 0x72, 0x73, 0x69, 0x67,
  0x6e, 0x2e, 0x61, 0x62, 0x73, 0x2e, 0x66, 0x31, 0x36, 0x78, 0x32, 0x20,
  0x25, 0x72, 0x31, 0x38, 0x31, 0x37, 0x2c, 0x20, 0x25, 0x72, 0x31, 0x38,
  0x31, 0x34, 0x2c, 0x20, 0x25, 0x72, 0x31, 0x38, 0x32, 0x35, 0x3b, 0x00,
  0x00, 0x00, 0x00, 0x6d, 0x75, 0x6c, 0x2e, 0x66, 0x31, 0x36, 0x78, 0x32,
  0x20, 0x25, 0x72, 0x31, 0x38, 0x32, 0x30, 0x2c, 0x20, 0x25, 0x72, 0x31,
  0x35, 0x32, 0x35, 0x2c, 0x20, 0x25, 0x72, 0x31, 0x33, 0x39, 0x31, 0x3b,
  0x00, 0x00, 0x00, 0x00, 0x00, 0x6d, 0x69, 0x6e, 0x2e, 0x78, 0x6f, 0x72,
  0x73, 0x69, 0x67, 0x6e, 0x2e, 0x61, 0x62, 0x73, 0x2e, 0x66, 0x31, 0x36,
  0x78, 0x32, 0x20, 0x25, 0x72, 0x31, 0x38, 0x32, 0x33, 0x2c, 0x20, 0x25,
  0x72, 0x31, 0x38, 0x32, 0x30, 0x2c, 0x20, 0x25, 0x72, 0x31, 0x38, 0x32,
  0x35, 0x3b, 0x00, 0x00, 0x00, 0x00, 0x6d, 0x6f, 0x76, 0x2e, 0x62, 0x33,
  0x32, 0x20, 0x7b, 0x25, 0x72, 0x73, 0x31, 0x38, 0x2c, 0x20, 0x25, 0x72,
  0x73, 0x31, 0x39, 0x7d, 0x2c, 0x20, 0x25, 0x72, 0x31, 0x38, 0x30, 0x35,
  0x3b, 0x00, 0x00, 0x00, 0x00, 0x00, 0x63, 0x76, 0x74, 0x2e, 0x66, 0x33,
  0x32, 0x2e, 0x66, 0x31, 0x36, 0x20, 0x25, 0x66, 0x33, 0x38, 0x36, 0x2c,
  0x20, 0x25, 0x72, 0x73, 0x31, 0x38, 0x3b, 0x00, 0x00, 0x00, 0x00, 0x00,
  0x63, 0x76, 0x74, 0x2e, 0x66, 0x33, 0x32, 0x2e, 0x66, 0x31, 0x36, 0x20,
  0x25, 0x66, 0x33, 0x38, 0x35, 0x2c, 0x20, 0x25, 0x72, 0x73, 0x31, 0x39,
  0x3b, 0x00, 0x00, 0x00, 0x00, 0x00, 0x6d, 0x6f, 0x76, 0x2e, 0x62, 0x33,
  0x32, 0x20, 0x7b, 0x25, 0x72, 0x73, 0x32, 0x32, 0x2c, 0x20, 0x25, 0x72,
  0x73, 0x32, 0x33, 0x7d, 0x2c, 0x20, 0x25, 0x72, 0x31, 0x38, 0x31, 0x31,
  0x3b, 0x00, 0x00, 0x00, 0x00, 0x00, 0x63, 0x76, 0x74, 0x2e, 0x66, 0x33,
  0x32, 0x2e, 0x66, 0x31, 0x36, 0x20, 0x25, 0x66, 0x33, 0x37, 0x38, 0x2c,
  0x20, 0x25, 0x72, 0x73, 0x32, 0x32, 0x3b, 0x00, 0x00, 0x00, 0x00, 0x00,
  0x63, 0x76, 0x74, 0x2e, 0x66, 0x33, 0x32, 0x2e, 0x66, 0x31, 0x36, 0x20,
  0x25, 0x66, 0x33, 0x37, 0x37, 0x2c, 0x20, 0x25, 0x72, 0x73, 0x32, 0x33,
  0x3b, 0x00, 0x00, 0x00, 0x00, 0x00, 0x6d, 0x6f, 0x76, 0x2e, 0x62, 0x33,
  0x32, 0x20, 0x7b, 0x25, 0x72, 0x73, 0x32, 0x36, 0x2c, 0x20, 0x25, 0x72,
  0x73, 0x32, 0x37, 0x7d, 0x2c, 0x20, 0x25, 0x72, 0x31, 0x38, 0x31, 0x37,
  0x3b, 0x00, 0x00, 0x00, 0x00, 0x00, 0x63, 0x76, 0x74, 0x2e, 0x66, 0x33,
  0x32, 0x2e, 0x66, 0x31, 0x36, 0x20, 0x25, 0x66, 0x33, 0x38, 0x34, 0x2c,
  0x20, 0x25, 0x72, 0x73, 0x32, 0x36, 0x3b, 0x00, 0x00, 0x00, 0x00, 0x00,
  0x63, 0x76, 0x74, 0x2e, 0x66, 0x33, 0x32, 0x2e, 0x66, 0x31, 0x36, 0x20,
  0x25, 0x66, 0x33, 0x38, 0x33, 0x2c, 0x20, 0x25, 0x72, 0x73, 0x32, 0x37,
  0x3b, 0x00, 0x00, 0x00, 0x00, 0x00, 0x6d, 0x6f, 0x76, 0x2e, 0x62, 0x33,
  0x32, 0x20, 0x7b, 0x25, 0x72, 0x73, 0x33, 0x30, 0x2c, 0x20, 0x25, 0x72,
  0x73, 0x33, 0x31, 0x7d, 0x2c, 0x20, 0x25, 0x72, 0x31, 0x38, 0x32, 0x33,
  0x3b, 0x00, 0x00, 0x00, 0x00, 0x00, 0x63, 0x76, 0x74, 0x2e, 0x66, 0x33,
  0x32, 0x2e, 0x66, 0x31, 0x36, 0x20, 0x25, 0x66, 0x33, 0x37, 0x36, 0x2c,
  0x20, 0x25, 0x72, 0x73, 0x33, 0x30, 0x3b, 0x00, 0x00, 0x00, 0x00, 0x00,
  0x63, 0x76, 0x74, 0x2e, 0x66, 0x33, 0x32, 0x2e, 0x66, 0x31, 0x36, 0x20,
  0x25, 0x66, 0x33, 0x37, 0x35, 0x2c, 0x20, 0x25, 0x72, 0x73, 0x33, 0x31,
  0x3b, 0x00, 0x00, 0x00, 0x73, 0x65, 0x74, 0x70, 0x2e, 0x65, 0x71, 0x2e,
  0x73, 0x31, 0x36, 0x20, 0x09, 0x25, 0x70, 0x33, 0x33, 0x2c, 0x20, 0x25,
  0x72, 0x73, 0x31, 0x2c, 0x20, 0x30, 0x3b, 0x00, 0x00, 0x73, 0x65, 0x74,
  0x70, 0x2e, 0x6c, 0x74, 0x2e, 0x73, 0x33, 0x32, 0x20, 0x09, 0x25, 0x70,
  0x33, 0x34, 0x2c, 0x20, 0x25, 0x72, 0x32, 0x39, 0x33, 0x39, 0x2c, 0x20,
  0x25, 0x72, 0x37, 0x3b, 0x00, 0x00, 0x61, 0x6e, 0x64, 0x2e, 0x70, 0x72,
  0x65, 0x64, 0x20, 0x20, 0x09, 0x25, 0x70, 0x33, 0x35, 0x2c, 0x20, 0x25,
  0x70, 0x33, 0x34, 0x2c, 0x20, 0x25, 0x70, 0x33, 0x33, 0x3b, 0x00, 0x40,
  0x25, 0x70, 0x33, 0x35, 0x20, 0x62, 0x72, 0x61, 0x20, 0x09, 0x24, 0x4c,
  0x5f, 0x5f, 0x42, 0x42, 0x30, 0x5f, 0x31, 0x39, 0x3b, 0x00, 0x00, 0x00,
  0x00, 0x61, 0x64, 0x64, 0x2e, 0x73, 0x33, 0x32, 0x20, 0x09, 0x25, 0x72,
  0x35, 0x36, 0x34, 0x2c, 0x20, 0x25, 0x72, 0x33, 0x39, 0x36, 0x2c, 0x20,
  0x25, 0x72, 0x32, 0x39, 0x33, 0x39, 0x3b, 0x00, 0x00, 0x40, 0x25, 0x70,
  0x33, 0x33, 0x20, 0x62, 0x72, 0x61, 0x20, 0x09, 0x24, 0x4c, 0x5f, 0x5f,
  0x42, 0x42, 0x30, 0x5f, 0x31, 0x38, 0x3b, 0x00, 0x00, 0x00, 0x00, 0x61,
  0x64, 0x64, 0x2e, 0x73, 0x33, 0x32, 0x20, 0x09, 0x25, 0x72, 0x35, 0x36,
  0x35, 0x2c, 0x20, 0x25, 0x72, 0x31, 0x34, 0x30, 0x39, 0x2c, 0x20, 0x25,
  0x72, 0x35, 0x36, 0x34, 0x3b, 0x00, 0x63, 0x76, 0x74, 0x2e, 0x72, 0x6e,
  0x2e, 0x66, 0x33, 0x32, 0x2e, 0x73, 0x33, 0x32, 0x20, 0x09, 0x25, 0x66,
  0x31, 0x37, 0x34, 0x2c, 0x20, 0x25, 0x72, 0x35, 0x36, 0x35, 0x3b, 0x00,
  0x6d, 0x75, 0x6c, 0x2e, 0x66, 0x74, 0x7a, 0x2e, 0x66, 0x33, 0x32, 0x20,
  0x09, 0x25, 0x66, 0x32, 0x35, 0x2c, 0x20, 0x25, 0x66, 0x32, 0x34, 0x2c,
  0x20, 0x25, 0x66, 0x31, 0x37, 0x34, 0x3b, 0x00, 0x66, 0x6d, 0x61, 0x2e,
  0x72, 0x6e, 0x2e, 0x66, 0x74, 0x7a, 0x2e, 0x66, 0x33, 0x32, 0x20, 0x09,
  0x25, 0x66, 0x32, 0x36, 0x2c, 0x20, 0x25, 0x66, 0x33, 0x39, 0x30, 0x2c,
  0x20, 0x25, 0x66, 0x31, 0x35, 0x34, 0x2c, 0x20, 0x25, 0x66, 0x32, 0x35,
  0x3b, 0x00, 0x00, 0x00, 0x73, 0x65, 0x74, 0x70, 0x2e, 0x6c, 0x65, 0x2e,
  0x73, 0x33, 0x32, 0x20, 0x09, 0x25, 0x70, 0x33, 0x37, 0x2c, 0x20, 0x25,
  0x72, 0x33, 0x39, 0x33, 0x2c, 0x20, 0x25, 0x72, 0x35, 0x36, 0x34, 0x3b,
  0x00, 0x6d, 0x6f, 0x76, 0x2e, 0x66, 0x33, 0x32, 0x20, 0x09, 0x25, 0x66,
  0x33, 0x37, 0x34, 0x2c, 0x20, 0x30, 0x66, 0x46, 0x46, 0x37, 0x46, 0x46,
  0x46, 0x46, 0x46, 0x3b, 0x00, 0x00, 0x6d, 0x6f, 0x76, 0x2e, 0x66, 0x33,
  0x32, 0x20, 0x09, 0x25, 0x66, 0x33, 0x37, 0x33, 0x2c, 0x20, 0x25, 0x66,
  0x33, 0x37, 0x34, 0x3b, 0x00, 0x40, 0x25, 0x70, 0x33, 0x37, 0x20, 0x62,
  0x72, 0x61, 0x20, 0x09, 0x24, 0x4c, 0x5f, 0x5f, 0x42, 0x42, 0x30, 0x5f,
  0x31, 0x35, 0x3b, 0x00, 0x00, 0x00, 0x61, 0x64, 0x64, 0x2e, 0x73, 0x33,
  0x32, 0x20, 0x09, 0x25, 0x72, 0x31, 0x38, 0x33, 0x32, 0x2c, 0x20, 0x25,
  0x72, 0x35, 0x36, 0x35, 0x2c, 0x20, 0x31, 0x3b, 0x00, 0x00, 0x63, 0x76,
  0x74, 0x2e, 0x72, 0x6e, 0x2e, 0x66, 0x33, 0x32, 0x2e, 0x73, 0x33, 0x32,
  0x20, 0x09, 0x25, 0x66, 0x31, 0x37, 0x35, 0x2c, 0x20, 0x25, 0x72, 0x31,
  0x38, 0x33, 0x32, 0x3b, 0x00, 0x6d, 0x75, 0x6c, 0x2e, 0x66, 0x74, 0x7a,
  0x2e, 0x66, 0x33, 0x32, 0x20, 0x09, 0x25, 0x66, 0x31, 0x37, 0x36, 0x2c,
  0x20, 0x25, 0x66, 0x32, 0x34, 0x2c, 0x20, 0x25, 0x66, 0x31, 0x37, 0x35,
  0x3b, 0x00, 0x66, 0x6d, 0x61, 0x2e, 0x72, 0x6e, 0x2e, 0x66, 0x74, 0x7a,
  0x2e, 0x66, 0x33, 0x32, 0x20, 0x09, 0x25, 0x66, 0x33, 0x37, 0x33, 0x2c,
  0x20, 0x25, 0x66, 0x33, 0x38, 0x39, 0x2c, 0x20, 0x25, 0x66, 0x31, 0x35,
  0x34, 0x2c, 0x20, 0x25, 0x66, 0x31, 0x37, 0x36, 0x3b, 0x00, 0x00, 0x24,
  0x4c, 0x5f, 0x5f, 0x42, 0x42, 0x30, 0x5f, 0x31, 0x35, 0x3a, 0x00, 0x00,
  0x00, 0x61, 0x64, 0x64, 0x2e, 0x73, 0x33, 0x32, 0x20, 0x09, 0x25, 0x72,
  0x35, 0x36, 0x36, 0x2c, 0x20, 0x25, 0x72, 0x35, 0x36, 0x34, 0x2c, 0x20,
  0x38, 0x3b, 0x00, 0x00, 0x73, 0x65, 0x74, 0x70, 0x2e, 0x6c, 0x74, 0x2e,
  0x73, 0x33, 0x32, 0x20, 0x09, 0x25, 0x70, 0x33, 0x38, 0x2c, 0x20, 0x25,
  0x72, 0x33, 0x39, 0x33, 0x2c, 0x20, 0x25, 0x72, 0x35, 0x36, 0x36, 0x3b,
  0x00, 0x00, 0x61, 0x64, 0x64, 0x2e, 0x73, 0x33, 0x32, 0x20, 0x09, 0x25,
  0x72, 0x31, 0x38, 0x33, 0x33, 0x2c, 0x20, 0x25, 0x72, 0x31, 0x34, 0x30,
  0x39, 0x2c, 0x20, 0x25, 0x72, 0x35, 0x36, 0x36, 0x3b, 0x00, 0x63, 0x76,
  0x74, 0x2e, 0x72, 0x6e, 0x2e, 0x66, 0x33, 0x32, 0x2e, 0x73, 0x33, 0x32,
  0x20, 0x09, 0x25, 0x66, 0x31, 0x37, 0x38, 0x2c, 0x20, 0x25, 0x72, 0x31,
  0x38, 0x33, 0x33, 0x3b, 0x00, 0x6d, 0x75, 0x6c, 0x2e, 0x66, 0x74, 0x7a,
  0x2e, 0x66, 0x33, 0x32, 0x20, 0x09, 0x25, 0x66, 0x32, 0x39, 0x2c, 0x20,
  0x25, 0x66, 0x32, 0x34, 0x2c, 0x20, 0x25, 0x66, 0x31, 0x37, 0x38, 0x3b,
  0x00, 0x66, 0x6d, 0x61, 0x2e, 0x72, 0x6e, 0x2e, 0x66, 0x74, 0x7a, 0x2e,
  0x66, 0x33, 0x32, 0x20, 0x09, 0x25, 0x66, 0x31, 0x37, 0x39, 0x2c, 0x20,
  0x25, 0x66, 0x33, 0x38, 0x38, 0x2c, 0x20, 0x25, 0x66, 0x31, 0x35, 0x34,
  0x2c, 0x20, 0x25, 0x66, 0x32, 0x39, 0x3b, 0x00, 0x00, 0x73, 0x65, 0x6c,
  0x70, 0x2e, 0x66, 0x33, 0x32, 0x20, 0x09, 0x25, 0x66, 0x33, 0x38, 0x38,
  0x2c, 0x20, 0x30, 0x66, 0x46, 0x46, 0x37, 0x46, 0x46, 0x46, 0x46, 0x46,
  0x2c, 0x20, 0x25, 0x66, 0x31, 0x37, 0x39, 0x2c, 0x20, 0x25, 0x70, 0x33,
  0x38, 0x3b, 0x00, 0x00, 0x61, 0x64, 0x64, 0x2e, 0x73, 0x33, 0x32, 0x20,
  0x09, 0x25, 0x72, 0x31, 0x38, 0x33, 0x34, 0x2c, 0x20, 0x25, 0x72, 0x35,
  0x36, 0x34, 0x2c, 0x20, 0x39, 0x3b, 0x00, 0x00, 0x73, 0x65, 0x74, 0x70,
  0x2e, 0x6c, 0x74, 0x2e, 0x73, 0x33, 0x32, 0x20, 0x09, 0x25, 0x70, 0x33,
  0x39, 0x2c, 0x20, 0x25, 0x72, 0x33, 0x39, 0x33, 0x2c, 0x20, 0x25, 0x72,
  0x31, 0x38, 0x33, 0x34, 0x3b, 0x00, 0x00, 0x61, 0x64, 0x64, 0x2e, 0x73,
  0x33, 0x32, 0x20, 0x09, 0x25, 0x72, 0x31, 0x38, 0x33, 0x35, 0x2c, 0x20,
  0x25, 0x72, 0x31, 0x34, 0x30, 0x39, 0x2c, 0x20, 0x25, 0x72, 0x31, 0x38,
  0x33, 0x34, 0x3b, 0x00, 0x63, 0x76, 0x74, 0x2e, 0x72, 0x6e, 0x2e, 0x66,
  0x33, 0x32, 0x2e, 0x73, 0x33, 0x32, 0x20, 0x09, 0x25, 0x66, 0x31, 0x38,
  0x30, 0x2c, 0x20, 0x25, 0x72, 0x31, 0x38, 0x33, 0x35, 0x3b, 0x00, 0x6d,
  0x75, 0x6c, 0x2e, 0x66, 0x74, 0x7a, 0x2e, 0x66, 0x33, 0x32, 0x20, 0x09,
  0x25, 0x66, 0x33, 0x31, 0x2c, 0x20, 0x25, 0x66, 0x32, 0x34, 0x2c, 0x20,
  0x25, 0x66, 0x31, 0x38, 0x30, 0x3b, 0x00, 0x66, 0x6d, 0x61, 0x2e, 0x72,
  0x6e, 0x2e, 0x66, 0x74, 0x7a, 0x2e, 0x66, 0x33, 0x32, 0x20, 0x09, 0x25,
  0x66, 0x31, 0x38, 0x31, 0x2c, 0x20, 0x25, 0x66, 0x33, 0x38, 0x37, 0x2c,
  0x20, 0x25, 0x66, 0x31, 0x35, 0x34, 0x2c, 0x20, 0x25, 0x66, 0x33, 0x31,
  0x3b, 0x00, 0x00, 0x73, 0x65, 0x6c, 0x70, 0x2e, 0x66, 0x33, 0x32, 0x20,
  0x09, 0x25, 0x66, 0x33, 0x38, 0x37, 0x2c, 0x20, 0x30, 0x66, 0x46, 0x46,
  0x37, 0x46, 0x46, 0x46, 0x46, 0x46, 0x2c, 0x20, 0x25, 0x66, 0x31, 0x38,
  0x31, 0x2c, 0x20, 0x25, 0x70, 0x33, 0x39, 0x3b, 0x00, 0x61, 0x64, 0x64,
  0x2e, 0x73, 0x33, 0x32, 0x20, 0x09, 0x25, 0x72, 0x31, 0x38, 0x33, 0x36,
  0x2c, 0x20, 0x25, 0x72, 0x35, 0x36, 0x34, 0x2c, 0x20, 0x31, 0x36, 0x3b,
  0x00, 0x00, 0x73, 0x65, 0x74, 0x70, 0x2e, 0x6c, 0x74, 0x2e, 0x73, 0x33,
  0x32, 0x20, 0x09, 0x25, 0x70, 0x34, 0x30, 0x2c, 0x20, 0x25, 0x72, 0x33,
  0x39, 0x33, 0x2c, 0x20, 0x25, 0x72, 0x31, 0x38, 0x33, 0x36, 0x3b, 0x00,
  0x00, 0x61, 0x64, 0x64, 0x2e, 0x73, 0x33, 0x32, 0x20, 0x09, 0x25, 0x72,
  0x31, 0x38, 0x33, 0x37, 0x2c, 0x20, 0x25, 0x72, 0x31, 0x34, 0x30, 0x39,
  0x2c, 0x20, 0x25, 0x72, 0x31, 0x38, 0x33, 0x36, 0x3b, 0x00, 0x63, 0x76,
  0x74, 0x2e, 0x72, 0x6e, 0x2e, 0x66, 0x33, 0x32, 0x2e, 0x73, 0x33, 0x32,
  0x20, 0x09, 0x25, 0x66, 0x31, 0x38, 0x32, 0x2c, 0x20, 0x25, 0x72, 0x31,
  0x38, 0x33, 0x37, 0x3b, 0x00, 0x6d, 0x75, 0x6c, 0x2e, 0x66, 0x74, 0x7a,
  0x2e, 0x66, 0x33, 0x32, 0x20, 0x09, 0x25, 0x66, 0x33, 0x33, 0x2c, 0x20,
  0x25, 0x66, 0x32, 0x34, 0x2c, 0x20, 0x25, 0x66, 0x31, 0x38, 0x32, 0x3b,
  0x00, 0x66, 0x6d, 0x61, 0x2e, 0x72, 0x6e, 0x2e, 0x66, 0x74, 0x7a, 0x2e,
  0x66, 0x33, 0x32, 0x20, 0x09, 0x25, 0x66, 0x31, 0x38, 0x33, 0x2c, 0x20,
  0x25, 0x66, 0x33, 0x38, 0x36, 0x2c, 0x20, 0x25, 0x66, 0x31, 0x35, 0x34,
  0x2c, 0x20, 0x25, 0x66, 0x33, 0x33, 0x3b, 0x00, 0x00, 0x73, 0x65, 0x6c,
  0x70, 0x2e, 0x66, 0x33, 0x32, 0x20, 0x09, 0x25, 0x66, 0x33, 0x38, 0x36,
  0x2c, 0x20, 0x30, 0x66, 0x46, 0x46, 0x37, 0x46, 0x46, 0x46, 0x46, 0x46,
  0x2c, 0x20, 0x25, 0x66, 0x31, 0x38, 0x33, 0x2c, 0x20, 0x25, 0x70, 0x34,
  0x30, 0x3b, 0x00, 0x00, 0x61, 0x64, 0x64, 0x2e, 0x73, 0x33, 0x32, 0x20,
  0x09, 0x25, 0x72, 0x31, 0x38, 0x33, 0x38, 0x2c, 0x20, 0x25, 0x72, 0x35,
  0x36, 0x34, 0x2c, 0x20, 0x31, 0x37, 0x3b, 0x00, 0x00, 0x73, 0x65, 0x74,
  0x70, 0x2e, 0x6c, 0x74, 0x2e, 0x73, 0x33, 0x32, 0x20, 0x09, 0x25, 0x70,
  0x34, 0x31, 0x2c, 0x20, 0x25, 0x72, 0x33, 0x39, 0x33, 0x2c, 0x20, 0x25,
  0x72, 0x31, 0x38, 0x33, 0x38, 0x3b, 0x00, 0x00, 0x61, 0x64, 0x64, 0x2e,
  0x73, 0x33, 0x32, 0x20, 0x09, 0x25, 0x72, 0x31, 0x38, 0x33, 0x39, 0x2c,
  0x20, 0x25, 0x72, 0x31, 0x34, 0x30, 0x39, 0x2c, 0x20, 0x25, 0x72, 0x31,
  0x38, 0x33, 0x38, 0x3b, 0x00, 0x63, 0x76, 0x74, 0x2e, 0x72, 0x6e, 0x2e,
  0x66, 0x33, 0x32, 0x2e, 0x73, 0x33, 0x32, 0x20, 0x09, 0x25, 0x66, 0x31,
  0x38, 0x34, 0x2c, 0x20, 0x25, 0x72, 0x31, 0x38, 0x33, 0x39, 0x3b, 0x00,
  0x6d, 0x75, 0x6c, 0x2e, 0x66, 0x74, 0x7a, 0x2e, 0x66, 0x33, 0x32, 0x20,
  0x09, 0x25, 0x66, 0x33, 0x35, 0x2c, 0x20, 0x25, 0x66, 0x32, 0x34, 0x2c,
  0x20, 0x25, 0x66, 0x31, 0x38, 0x34, 0x3b, 0x00, 0x66, 0x6d, 0x61, 0x2e,
  0x72, 0x6e, 0x2e, 0x66, 0x74, 0x7a, 0x2e, 0x66, 0x33, 0x32, 0x20, 0x09,
  0x25, 0x66, 0x31, 0x38, 0x35, 0x2c, 0x20, 0x25, 0x66, 0x33, 0x38, 0x35,
  0x2c, 0x20, 0x25, 0x66, 0x31, 0x35, 0x34, 0x2c, 0x20, 0x25, 0x66, 0x33,
  0x35, 0x3b, 0x00, 0x00, 0x73, 0x65, 0x6c, 0x70, 0x2e, 0x66, 0x33, 0x32,
  0x20, 0x09, 0x25, 0x66, 0x33, 0x38, 0x35, 0x2c, 0x20, 0x30, 0x66, 0x46,
  0x46, 0x37, 0x46, 0x46, 0x46, 0x46, 0x46, 0x2c, 0x20, 0x25, 0x66, 0x31,
  0x38, 0x35, 0x2c, 0x20, 0x25, 0x70, 0x34, 0x31, 0x3b, 0x00, 0x00, 0x61,
  0x64, 0x64, 0x2e, 0x73, 0x33, 0x32, 0x20, 0x09, 0x25, 0x72, 0x31, 0x38,
  0x34, 0x30, 0x2c, 0x20, 0x25, 0x72, 0x35, 0x36, 0x34, 0x2c, 0x20, 0x32,
  0x34, 0x3b, 0x00, 0x00, 0x73, 0x65, 0x74, 0x70, 0x2e, 0x6c, 0x74, 0x2e,
  0x73, 0x33, 0x32, 0x20, 0x09, 0x25, 0x70, 0x34, 0x32, 0x2c, 0x20, 0x25,
  0x72, 0x33, 0x39, 0x33, 0x2c, 0x20, 0x25, 0x72, 0x31, 0x38, 0x34, 0x30,
  0x3b, 0x00, 0x00, 0x61, 0x64, 0x64, 0x2e, 0x73, 0x33, 0x32, 0x20, 0x09,
  0x25, 0x72, 0x31, 0x38, 0x34, 0x31, 0x2c, 0x20, 0x25, 0x72, 0x31, 0x34,
  0x30, 0x39, 0x2c, 0x20, 0x25, 0x72, 0x31, 0x38, 0x34, 0x30, 0x3b, 0x00,
  0x63, 0x76, 0x74, 0x2e, 0x72, 0x6e, 0x2e, 0x66, 0x33, 0x32, 0x2e, 0x73,
  0x33, 0x32, 0x20, 0x09, 0x25, 0x66, 0x31, 0x38, 0x36, 0x2c, 0x20, 0x25,
  0x72, 0x31, 0x38, 0x34, 0x31, 0x3b, 0x00, 0x6d, 0x75, 0x6c, 0x2e, 0x66,
  0x74, 0x7a, 0x2e, 0x66, 0x33, 0x32, 0x20, 0x09, 0x25, 0x66, 0x33, 0x37,
  0x2c, 0x20, 0x25, 0x66, 0x32, 0x34, 0x2c, 0x20, 0x25, 0x66, 0x31, 0x38,
  0x36, 0x3b, 0x00, 0x66, 0x6d, 0x61, 0x2e, 0x72, 0x6e, 0x2e, 0x66, 0x74,
  0x7a, 0x2e, 0x66, 0x33, 0x32, 0x20, 0x09, 0x25, 0x66, 0x31, 0x38, 0x37,
  0x2c, 0x20, 0x25, 0x66, 0x33, 0x38, 0x34, 0x2c, 0x20, 0x25, 0x66, 0x31,
  0x35, 0x34, 0x2c, 0x20, 0x25, 0x66, 0x33, 0x37, 0x3b, 0x00, 0x00, 0x73,
  0x65, 0x6c, 0x70, 0x2e, 0x66, 0x33, 0x32, 0x20, 0x09, 0x25, 0x66, 0x33,
  0x38, 0x34, 0x2c, 0x20, 0x30, 0x66, 0x46, 0x46, 0x37, 0x46, 0x46, 0x46,
  0x46, 0x46, 0x2c, 0x20, 0x25, 0x66, 0x31, 0x38, 0x37, 0x2c, 0x20, 0x25,
  0x70, 0x34, 0x32, 0x3b, 0x00, 0x00, 0x61, 0x64, 0x64, 0x2e, 0x73, 0x33,
  0x32, 0x20, 0x09, 0x25, 0x72, 0x31, 0x38, 0x34, 0x32, 0x2c, 0x20, 0x25,
  0x72, 0x35, 0x36, 0x34, 0x2c, 0x20, 0x32, 0x35, 0x3b, 0x00, 0x00, 0x73,
  0x65, 0x74, 0x70, 0x2e, 0x6c, 0x74, 0x2e, 0x73, 0x33, 0x32, 0x20, 0x09,
  0x25, 0x70, 0x34, 0x33, 0x2c, 0x20, 0x25, 0x72, 0x33, 0x39, 0x33, 0x2c,
  0x20, 0x25, 0x72, 0x31, 0x38, 0x34, 0x32, 0x3b, 0x00, 0x00, 0x61, 0x64,
  0x64, 0x2e, 0x73, 0x33, 0x32, 0x20, 0x09, 0x25, 0x72, 0x31, 0x38, 0x34,
  0x33, 0x2c, 0x20, 0x25, 0x72, 0x31, 0x34, 0x30, 0x39, 0x2c, 0x20, 0x25,
  0x72, 0x31, 0x38, 0x34, 0x32, 0x3b, 0x00, 0x63, 0x76, 0x74, 0x2e, 0x72,
  0x6e, 0x2e, 0x66, 0x33, 0x32, 0x2e, 0x73, 0x33, 0x32, 0x20, 0x09, 0x25,
  0x66, 0x31, 0x38, 0x38, 0x2c, 0x20, 0x25, 0x72, 0x31, 0x38, 0x34, 0x33,
  0x3b, 0x00, 0x6d, 0x75, 0x6c, 0x2e, 0x66, 0x74, 0x7a, 0x2e, 0x66, 0x33,
  0x32, 0x20, 0x09, 0x25, 0x66, 0x33, 0x39, 0x2c, 0x20, 0x25, 0x66, 0x32,
  0x34, 0x2c, 0x20, 0x25, 0x66, 0x31, 0x38, 0x38, 0x3b, 0x00, 0x66, 0x6d,
  0x61, 0x2e, 0x72, 0x6e, 0x2e, 0x66, 0x74, 0x7a, 0x2e, 0x66, 0x33, 0x32,
  0x20, 0x09, 0x25, 0x66, 0x31, 0x38, 0x39, 0x2c, 0x20, 0x25, 0x66, 0x33,
  0x38, 0x33, 0x2c, 0x20, 0x25, 0x66, 0x31, 0x35, 0x34, 0x2c, 0x20, 0x25,
  0x66, 0x33, 0x39, 0x3b, 0x00, 0x00, 0x73, 0x65, 0x6c, 0x70, 0x2e, 0x66,
  0x33, 0x32, 0x20, 0x09, 0x25, 0x66, 0x33, 0x38, 0x33, 0x2c, 0x20, 0x30,
  0x66, 0x46, 0x46, 0x37, 0x46, 0x46, 0x46, 0x46, 0x46, 0x2c, 0x20, 0x25,
  0x66, 0x31, 0x38, 0x39, 0x2c, 0x20, 0x25, 0x70, 0x34, 0x33, 0x3b, 0x00,
  0x61, 0x64, 0x64, 0x2e, 0x73, 0x33, 0x32, 0x20, 0x09, 0x25, 0x72, 0x31,
  0x38, 0x34, 0x34, 0x2c, 0x20, 0x25, 0x72, 0x33, 0x39, 0x33, 0x2c, 0x20,
  0x38, 0x3b, 0x00, 0x00, 0x73, 0x65, 0x74, 0x70, 0x2e, 0x6c, 0x74, 0x2e,
  0x73, 0x33, 0x32, 0x20, 0x09, 0x25, 0x70, 0x34, 0x34, 0x2c, 0x20, 0x25,
  0x72, 0x31, 0x38, 0x34, 0x34, 0x2c, 0x20, 0x25, 0x72, 0x35, 0x36, 0x34,
  0x3b, 0x00, 0x00, 0x66, 0x6d, 0x61, 0x2e, 0x72, 0x6e, 0x2e, 0x66, 0x74,
  0x7a, 0x2e, 0x66, 0x33, 0x32, 0x20, 0x09, 0x25, 0x66, 0x31, 0x39, 0x30,
  0x2c, 0x20, 0x25, 0x66, 0x33, 0x38, 0x32, 0x2c, 0x20, 0x25, 0x66, 0x31,
  0x35, 0x34, 0x2c, 0x20, 0x25, 0x66, 0x32, 0x35, 0x3b, 0x00, 0x00, 0x73,
  0x65, 0x6c, 0x70, 0x2e, 0x66, 0x33, 0x32, 0x20, 0x09, 0x25, 0x66, 0x33,
  0x38, 0x32, 0x2c, 0x20, 0x30, 0x66, 0x46, 0x46, 0x37, 0x46, 0x46, 0x46,
  0x46, 0x46, 0x2c, 0x20, 0x25, 0x66, 0x31, 0x39, 0x30, 0x2c, 0x20, 0x25,
  0x70, 0x34, 0x34, 0x3b, 0x00, 0x00, 0x73, 0x65, 0x74, 0x70, 0x2e, 0x6c,
  0x65, 0x2e, 0x73, 0x33, 0x32, 0x20, 0x09, 0x25, 0x70, 0x34, 0x35, 0x2c,
  0x20, 0x25, 0x72, 0x31, 0x38, 0x34, 0x34, 0x2c, 0x20, 0x25, 0x72, 0x35,
  0x36, 0x34, 0x3b, 0x00, 0x73, 0x65, 0x74, 0x70, 0x2e, 0x6c, 0x74, 0x2e,
  0x73, 0x33, 0x32, 0x20, 0x09, 0x25, 0x70, 0x34, 0x36, 0x2c, 0x20, 0x25,
  0x72, 0x33, 0x39, 0x33, 0x2c, 0x20, 0x25, 0x72, 0x35, 0x36, 0x34, 0x3b,
  0x00, 0x00, 0x73, 0x65, 0x6c, 0x70, 0x2e, 0x66, 0x33, 0x32, 0x20, 0x09,
  0x25, 0x66, 0x33, 0x39, 0x30, 0x2c, 0x20, 0x30, 0x66, 0x46, 0x46, 0x37,
  0x46, 0x46, 0x46, 0x46, 0x46, 0x2c, 0x20, 0x25, 0x66, 0x32, 0x36, 0x2c,
  0x20, 0x25, 0x70, 0x34, 0x36, 0x3b, 0x00, 0x40, 0x25, 0x70, 0x34, 0x35,
  0x20, 0x62, 0x72, 0x61, 0x20, 0x09, 0x24, 0x4c, 0x5f, 0x5f, 0x42, 0x42,
  0x30, 0x5f, 0x31, 0x37, 0x3b, 0x00, 0x00, 0x00, 0x61, 0x64, 0x64, 0x2e,
  0x73, 0x33, 0x32, 0x20, 0x09, 0x25, 0x72, 0x31, 0x38, 0x34, 0x35, 0x2c,
  0x20, 0x25, 0x72, 0x35, 0x36, 0x35, 0x2c, 0x20, 0x31, 0x3b, 0x00, 0x00,
  0x63, 0x76, 0x74, 0x2e, 0x72, 0x6e, 0x2e, 0x66, 0x33, 0x32, 0x2e, 0x73,
  0x33, 0x32, 0x20, 0x09, 0x25, 0x66, 0x31, 0x39, 0x31, 0x2c, 0x20, 0x25,
  0x72, 0x31, 0x38, 0x34, 0x35, 0x3b, 0x00, 0x6d, 0x75, 0x6c, 0x2e, 0x66,
  0x74, 0x7a, 0x2e, 0x66, 0x33, 0x32, 0x20, 0x09, 0x25, 0x66, 0x31, 0x39,
  0x32, 0x2c, 0x20, 0x25, 0x66, 0x32, 0x34, 0x2c, 0x20, 0x25, 0x66, 0x31,
  0x39, 0x31, 0x3b, 0x00, 0x66, 0x6d, 0x61, 0x2e, 0x72, 0x6e, 0x2e, 0x66,
  0x74, 0x7a, 0x2e, 0x66, 0x33, 0x32, 0x20, 0x09, 0x25, 0x66, 0x33, 0x37,
  0x34, 0x2c, 0x20, 0x25, 0x66, 0x33, 0x38, 0x31, 0x2c, 0x20, 0x25, 0x66,
  0x31, 0x35, 0x34, 0x2c, 0x20, 0x25, 0x66, 0x31, 0x39, 0x32, 0x3b, 0x00,
  0x00, 0x24, 0x4c, 0x5f, 0x5f, 0x42, 0x42, 0x30, 0x5f, 0x31, 0x37, 0x3a,
  0x00, 0x00, 0x73, 0x65, 0x74, 0x70, 0x2e, 0x6c, 0x74, 0x2e, 0x73, 0x33,
  0x32, 0x20, 0x09, 0x25, 0x70, 0x34, 0x37, 0x2c, 0x20, 0x25, 0x72, 0x31,
  0x38, 0x34, 0x34, 0x2c, 0x20, 0x25, 0x72, 0x35, 0x36, 0x36, 0x3b, 0x00,
  0x00, 0x66, 0x6d, 0x61, 0x2e, 0x72, 0x6e, 0x2e, 0x66, 0x74, 0x7a, 0x2e,
  0x66, 0x33, 0x32, 0x20, 0x09, 0x25, 0x66, 0x31, 0x39, 0x33, 0x2c, 0x20,
  0x25, 0x66, 0x33, 0x38, 0x30, 0x2c, 0x20, 0x25, 0x66, 0x31, 0x35, 0x34,
  0x2c, 0x20, 0x25, 0x66, 0x32, 0x39, 0x3b, 0x00, 0x00, 0x73, 0x65, 0x6c,
  0x70, 0x2e, 0x66, 0x33, 0x32, 0x20, 0x09, 0x25, 0x66, 0x33, 0x38, 0x30,
  0x2c, 0x20, 0x30, 0x66, 0x46, 0x46, 0x37, 0x46, 0x46, 0x46, 0x46, 0x46,
  0x2c, 0x20, 0x25, 0x66, 0x31, 0x39, 0x33, 0x2c, 0x20, 0x25, 0x70, 0x34,
  0x37, 0x3b, 0x00, 0x00, 0x61, 0x64, 0x64, 0x2e, 0x73, 0x33, 0x32, 0x20,
  0x09, 0x25, 0x72, 0x31, 0x38, 0x34, 0x37, 0x2c, 0x20, 0x25, 0x72, 0x35,
  0x36, 0x36, 0x2c, 0x20, 0x31, 0x3b, 0x00, 0x00, 0x73, 0x65, 0x74, 0x70,
  0x2e, 0x6c, 0x74, 0x2e, 0x73, 0x33, 0x32, 0x20, 0x09, 0x25, 0x70, 0x34,
  0x38, 0x2c, 0x20, 0x25, 0x72, 0x31, 0x38, 0x34, 0x34, 0x2c, 0x20, 0x25,
  0x72, 0x31, 0x38, 0x34, 0x37, 0x3b, 0x00, 0x00, 0x66, 0x6d, 0x61, 0x2e,
  0x72, 0x6e, 0x2e, 0x66, 0x74, 0x7a, 0x2e, 0x66, 0x33, 0x32, 0x20, 0x09,
  0x25, 0x66, 0x31, 0x39, 0x34, 0x2c, 0x20, 0x25, 0x66, 0x33, 0x37, 0x39,
  0x2c, 0x20, 0x25, 0x66, 0x31, 0x35, 0x34, 0x2c, 0x20, 0x25, 0x66, 0x33,
  0x31, 0x3b, 0x00, 0x00, 0x73, 0x65, 0x6c, 0x70, 0x2e, 0x66, 0x33, 0x32,
  0x20, 0x09, 0x25, 0x66, 0x33, 0x37, 0x39, 0x2c, 0x20, 0x30, 0x66, 0x46,
  0x46, 0x37, 0x46, 0x46, 0x46, 0x46, 0x46, 0x2c, 0x20, 0x25, 0x66, 0x31,
  0x39, 0x34, 0x2c, 0x20, 0x25, 0x70, 0x34, 0x38, 0x3b, 0x00, 0x61, 0x64,
  0x64, 0x2e, 0x73, 0x33, 0x32, 0x20, 0x09, 0x25, 0x72, 0x31, 0x38, 0x34,
  0x38, 0x2c, 0x20, 0x25, 0x72, 0x35, 0x36, 0x36, 0x2c, 0x20, 0x38, 0x3b,
  0x00, 0x00, 0x73, 0x65, 0x74, 0x70, 0x2e, 0x6c, 0x74, 0x2e, 0x73, 0x33,
  0x32, 0x20, 0x09, 0x25, 0x70, 0x34, 0x39, 0x2c, 0x20, 0x25, 0x72, 0x31,
  0x38, 0x34, 0x34, 0x2c, 0x20, 0x25, 0x72, 0x31, 0x38, 0x34, 0x38, 0x3b,
  0x00, 0x00, 0x66, 0x6d, 0x61, 0x2e, 0x72, 0x6e, 0x2e, 0x66, 0x74, 0x7a,
  0x2e, 0x66, 0x33, 0x32, 0x20, 0x09, 0x25, 0x66, 0x31, 0x39, 0x35, 0x2c,
  0x20, 0x25, 0x66, 0x33, 0x37, 0x38, 0x2c, 0x20, 0x25, 0x66, 0x31, 0x35,
  0x34, 0x2c, 0x20, 0x25, 0x66, 0x33, 0x33, 0x3b, 0x00, 0x00, 0x73, 0x65,
  0x6c, 0x70, 0x2e, 0x66, 0x33, 0x32, 0x20, 0x09, 0x25, 0x66, 0x33, 0x37,
  0x38, 0x2c, 0x20, 0x30, 0x66, 0x46, 0x46, 0x37, 0x46, 0x46, 0x46, 0x46,
  0x46, 0x2c, 0x20, 0x25, 0x66, 0x31, 0x39, 0x35, 0x2c, 0x20, 0x25, 0x70,
  0x34, 0x39, 0x3b, 0x00, 0x00, 0x61, 0x64, 0x64, 0x2e, 0x73, 0x33, 0x32,
  0x20, 0x09, 0x25, 0x72, 0x31, 0x38, 0x34, 0x39, 0x2c, 0x20, 0x25, 0x72,
  0x35, 0x36, 0x36, 0x2c, 0x20, 0x39, 0x3b, 0x00, 0x00, 0x73, 0x65, 0x74,
  0x70, 0x2e, 0x6c, 0x74, 0x2e, 0x73, 0x33, 0x32, 0x20, 0x09, 0x25, 0x70,
  0x35, 0x30, 0x2c, 0x20, 0x25, 0x72, 0x31, 0x38, 0x34, 0x34, 0x2c, 0x20,
  0x25, 0x72, 0x31, 0x38, 0x34, 0x39, 0x3b, 0x00, 0x00, 0x66, 0x6d, 0x61,
  0x2e, 0x72, 0x6e, 0x2e, 0x66, 0x74, 0x7a, 0x2e, 0x66, 0x33, 0x32, 0x20,
  0x09, 0x25, 0x66, 0x31, 0x39, 0x36, 0x2c, 0x20, 0x25, 0x66, 0x33, 0x37,
  0x37, 0x2c, 0x20, 0x25, 0x66, 0x31, 0x35, 0x34, 0x2c, 0x20, 0x25, 0x66,
  0x33, 0x35, 0x3b, 0x00, 0x00, 0x73, 0x65, 0x6c, 0x70, 0x2e, 0x66, 0x33,
  0x32, 0x20, 0x09, 0x25, 0x66, 0x33, 0x37, 0x37, 0x2c, 0x20, 0x30, 0x66,
  0x46, 0x46, 0x37, 0x46, 0x46, 0x46, 0x46, 0x46, 0x2c, 0x20, 0x25, 0x66,
  0x31, 0x39, 0x36, 0x2c, 0x20, 0x25, 0x70, 0x35, 0x30, 0x3b, 0x00, 0x00,
  0x61, 0x64, 0x64, 0x2e, 0x73, 0x33, 0x32, 0x20, 0x09, 0x25, 0x72, 0x31,
  0x38, 0x35, 0x30, 0x2c, 0x20, 0x25, 0x72, 0x35, 0x36, 0x36, 0x2c, 0x20,
  0x31, 0x36, 0x3b, 0x00, 0x00, 0x73, 0x65, 0x74, 0x70, 0x2e, 0x6c, 0x74,
  0x2e, 0x73, 0x33, 0x32, 0x20, 0x09, 0x25, 0x70, 0x35, 0x31, 0x2c, 0x20,
  0x25, 0x72, 0x31, 0x38, 0x34, 0x34, 0x2c, 0x20, 0x25, 0x72, 0x31, 0x38,
  0x35, 0x30, 0x3b, 0x00, 0x00, 0x66, 0x6d, 0x61, 0x2e, 0x72, 0x6e, 0x2e,
  0x66, 0x74, 0x7a, 0x2e, 0x66, 0x33, 0x32, 0x20, 0x09, 0x25, 0x66, 0x31,
  0x39, 0x37, 0x2c, 0x20, 0x25, 0x66, 0x33, 0x37, 0x36, 0x2c, 0x20, 0x25,
  0x66, 0x31, 0x35, 0x34, 0x2c, 0x20, 0x25, 0x66, 0x33, 0x37, 0x3b, 0x00,
  0x00, 0x73, 0x65, 0x6c, 0x70, 0x2e, 0x66, 0x33, 0x32, 0x20, 0x09, 0x25,
  0x66, 0x33, 0x37, 0x36, 0x2c, 0x20, 0x30, 0x66, 0x46, 0x46, 0x37, 0x46,
  0x46, 0x46, 0x46, 0x46, 0x2c, 0x20, 0x25, 0x66, 0x31, 0x39, 0x37, 0x2c,
  0x20, 0x25, 0x70, 0x35, 0x31, 0x3b, 0x00, 0x00, 0x61, 0x64, 0x64, 0x2e,
  0x73, 0x33, 0x32, 0x20, 0x09, 0x25, 0x72, 0x31, 0x38, 0x35, 0x31, 0x2c,
  0x20, 0x25, 0x72, 0x35, 0x36, 0x36, 0x2c, 0x20, 0x31, 0x37, 0x3b, 0x00,
  0x00, 0x73, 0x65, 0x74, 0x70, 0x2e, 0x6c, 0x74, 0x2e, 0x73, 0x33, 0x32,
  0x20, 0x09, 0x25, 0x70, 0x35, 0x32, 0x2c, 0x20, 0x25, 0x72, 0x31, 0x38,
  0x34, 0x34, 0x2c, 0x20, 0x25, 0x72, 0x31, 0x38, 0x35, 0x31, 0x3b, 0x00,
  0x00, 0x66, 0x6d, 0x61, 0x2e, 0x72, 0x6e, 0x2e, 0x66, 0x74, 0x7a, 0x2e,
  0x66, 0x33, 0x32, 0x20, 0x09, 0x25, 0x66, 0x31, 0x39, 0x38, 0x2c, 0x20,
  0x25, 0x66, 0x33, 0x37, 0x35, 0x2c, 0x20, 0x25, 0x66, 0x31, 0x35, 0x34,
  0x2c, 0x20, 0x25, 0x66, 0x33, 0x39, 0x3b, 0x00, 0x00, 0x73, 0x65, 0x6c,
  0x70, 0x2e, 0x66, 0x33, 0x32, 0x20, 0x09, 0x25, 0x66, 0x33, 0x37, 0x35,
  0x2c, 0x20, 0x30, 0x66, 0x46, 0x46, 0x37, 0x46, 0x46, 0x46, 0x46, 0x46,
  0x2c, 0x20, 0x25, 0x66, 0x31, 0x39, 0x38, 0x2c, 0x20, 0x25, 0x70, 0x35,
  0x32, 0x3b, 0x00, 0x6d, 0x6f, 0x76, 0x2e, 0x66, 0x33, 0x32, 0x20, 0x09,
  0x25, 0x66, 0x33, 0x38, 0x31, 0x2c, 0x20, 0x25, 0x66, 0x33, 0x37, 0x34,
  0x3b, 0x00, 0x6d, 0x6f, 0x76, 0x2e, 0x66, 0x33, 0x32, 0x20, 0x09, 0x25,
  0x66, 0x33, 0x38, 0x39, 0x2c, 0x20, 0x25, 0x66, 0x33, 0x37, 0x33, 0x3b,
  0x00, 0x62, 0x72, 0x61, 0x2e, 0x75, 0x6e, 0x69, 0x20, 0x09, 0x24, 0x4c,
  0x5f, 0x5f, 0x42, 0x42, 0x30, 0x5f, 0x31, 0x39, 0x3b, 0x00, 0x00, 0x24,
  0x4c, 0x5f, 0x5f, 0x42, 0x42, 0x30, 0x5f, 0x31, 0x38, 0x3a, 0x00, 0x00,
  0x00, 0x00, 0x00, 0x73, 0x65, 0x74, 0x70, 0x2e, 0x6c, 0x74, 0x2e, 0x73,
  0x33, 0x32, 0x20, 0x09, 0x25, 0x70, 0x35, 0x33, 0x2c, 0x20, 0x25, 0x72,
  0x33, 0x39, 0x33, 0x2c, 0x20, 0x25, 0x72, 0x35, 0x36, 0x34, 0x3b, 0x00,
  0x00, 0x73, 0x65, 0x6c, 0x70, 0x2e, 0x66, 0x33, 0x32, 0x20, 0x09, 0x25,
  0x66, 0x33, 0x39, 0x30, 0x2c, 0x20, 0x30, 0x66, 0x46, 0x46, 0x37, 0x46,
  0x46, 0x46, 0x46, 0x46, 0x2c, 0x20, 0x25, 0x66, 0x33, 0x39, 0x30, 0x2c,
  0x20, 0x25, 0x70, 0x35, 0x33, 0x3b, 0x00, 0x00, 0x73, 0x65, 0x74, 0x70,
  0x2e, 0x67, 0x74, 0x2e, 0x73, 0x33, 0x32, 0x20, 0x09, 0x25, 0x70, 0x35,
  0x34, 0x2c, 0x20, 0x25, 0x72, 0x33, 0x39, 0x33, 0x2c, 0x20, 0x25, 0x72,
  0x35, 0x36, 0x34, 0x3b, 0x00, 0x00, 0x73, 0x65, 0x6c, 0x70, 0x2e, 0x66,
  0x33, 0x32, 0x20, 0x09, 0x25, 0x66, 0x33, 0x38, 0x39, 0x2c, 0x20, 0x25,
  0x66, 0x33, 0x38, 0x39, 0x2c, 0x20, 0x30, 0x66, 0x46, 0x46, 0x37, 0x46,
  0x46, 0x46, 0x46, 0x46, 0x2c, 0x20, 0x25, 0x70, 0x35, 0x34, 0x3b, 0x00,
  0x00, 0x00, 0x61, 0x64, 0x64, 0x2e, 0x73, 0x33, 0x32, 0x20, 0x09, 0x25,
  0x72, 0x31, 0x38, 0x35, 0x32, 0x2c, 0x20, 0x25, 0x72, 0x35, 0x36, 0x34,
  0x2c, 0x20, 0x38, 0x3b, 0x00, 0x00, 0x73, 0x65, 0x74, 0x70, 0x2e, 0x6c,
  0x74, 0x2e, 0x73, 0x33, 0x32, 0x20, 0x09, 0x25, 0x70, 0x35, 0x35, 0x2c,
  0x20, 0x25, 0x72, 0x33, 0x39, 0x33, 0x2c, 0x20, 0x25, 0x72, 0x31, 0x38,
  0x35, 0x32, 0x3b, 0x00, 0x00, 0x73, 0x65, 0x6c, 0x70, 0x2e, 0x66, 0x33,
  0x32, 0x20, 0x09, 0x25, 0x66, 0x33, 0x38, 0x38, 0x2c, 0x20, 0x30, 0x66,
  0x46, 0x46, 0x37, 0x46, 0x46, 0x46, 0x46, 0x46, 0x2c, 0x20, 0x25, 0x66,
  0x33, 0x38, 0x38, 0x2c, 0x20, 0x25, 0x70, 0x35, 0x35, 0x3b, 0x00, 0x00,
  0x61, 0x64, 0x64, 0x2e, 0x73, 0x33, 0x32, 0x20, 0x09, 0x25, 0x72, 0x31,
  0x38, 0x35, 0x33, 0x2c, 0x20, 0x25, 0x72, 0x35, 0x36, 0x34, 0x2c, 0x20,
  0x39, 0x3b, 0x00, 0x00, 0x73, 0x65, 0x74, 0x70, 0x2e, 0x6c, 0x74, 0x2e,
  0x73, 0x33, 0x32, 0x20, 0x09, 0x25, 0x70, 0x35, 0x36, 0x2c, 0x20, 0x25,
  0x72, 0x33, 0x39, 0x33, 0x2c, 0x20, 0x25, 0x72, 0x31, 0x38, 0x35, 0x33,
  0x3b, 0x00, 0x00, 0x73, 0x65, 0x6c, 0x70, 0x2e, 0x66, 0x33, 0x32, 0x20,
  0x09, 0x25, 0x66, 0x33, 0x38, 0x37, 0x2c, 0x20, 0x30, 0x66, 0x46, 0x46,
  0x37, 0x46, 0x46, 0x46, 0x46, 0x46, 0x2c, 0x20, 0x25, 0x66, 0x33, 0x38,
  0x37, 0x2c, 0x20, 0x25, 0x70, 0x35, 0x36, 0x3b, 0x00, 0x61, 0x64, 0x64,
  0x2e, 0x73, 0x33, 0x32, 0x20, 0x09, 0x25, 0x72, 0x31, 0x38, 0x35, 0x34,
  0x2c, 0x20, 0x25, 0x72, 0x35, 0x36, 0x34, 0x2c, 0x20, 0x31, 0x36, 0x3b,
  0x00, 0x00, 0x73, 0x65, 0x74, 0x70, 0x2e, 0x6c, 0x74, 0x2e, 0x73, 0x33,
  0x32, 0x20, 0x09, 0x25, 0x70, 0x35, 0x37, 0x2c, 0x20, 0x25, 0x72, 0x33,
  0x39, 0x33, 0x2c, 0x20, 0x25, 0x72, 0x31, 0x38, 0x35, 0x34, 0x3b, 0x00,
  0x00, 0x73, 0x65, 0x6c, 0x70, 0x2e, 0x66, 0x33, 0x32, 0x20, 0x09, 0x25,
  0x66, 0x33, 0x38, 0x36, 0x2c, 0x20, 0x30, 0x66, 0x46, 0x46, 0x37, 0x46,
  0x46, 0x46, 0x46, 0x46, 0x2c, 0x20, 0x25, 0x66, 0x33, 0x38, 0x36, 0x2c,
  0x20, 0x25, 0x70, 0x35, 0x37, 0x3b, 0x00, 0x00, 0x61, 0x64, 0x64, 0x2e,
  0x73, 0x33, 0x32, 0x20, 0x09, 0x25, 0x72, 0x31, 0x38, 0x35, 0x35, 0x2c,
  0x20, 0x25, 0x72, 0x35, 0x36, 0x34, 0x2c, 0x20, 0x31, 0x37, 0x3b, 0x00,
  0x00, 0x73, 0x65, 0x74, 0x70, 0x2e, 0x6c, 0x74, 0x2e, 0x73, 0x33, 0x32,
  0x20, 0x09, 0x25, 0x70, 0x35, 0x38, 0x2c, 0x20, 0x25, 0x72, 0x33, 0x39,
  0x33, 0x2c, 0x20, 0x25, 0x72, 0x31, 0x38, 0x35, 0x35, 0x3b, 0x00, 0x00,
  0x73, 0x65, 0x6c, 0x70, 0x2e, 0x66, 0x33, 0x32, 0x20, 0x09, 0x25, 0x66,
  0x33, 0x38, 0x35, 0x2c, 0x20, 0x30, 0x66, 0x46, 0x46, 0x37, 0x46, 0x46,
  0x46, 0x46, 0x46, 0x2c, 0x20, 0x25, 0x66, 0x33, 0x38, 0x35, 0x2c, 0x20,
  0x25, 0x70, 0x35, 0x38, 0x3b, 0x00, 0x00, 0x61, 0x64, 0x64, 0x2e, 0x73,
  0x33, 0x32, 0x20, 0x09, 0x25, 0x72, 0x31, 0x38, 0x35, 0x36, 0x2c, 0x20,
  0x25, 0x72, 0x35, 0x36, 0x34, 0x2c, 0x20, 0x32, 0x34, 0x3b, 0x00, 0x00,
  0x73, 0x65, 0x74, 0x70, 0x2e, 0x6c, 0x74, 0x2e, 0x73, 0x33, 0x32, 0x20,
  0x09, 0x25, 0x70, 0x35, 0x39, 0x2c, 0x20, 0x25, 0x72, 0x33, 0x39, 0x33,
  0x2c, 0x20, 0x25, 0x72, 0x31, 0x38, 0x35, 0x36, 0x3b, 0x00, 0x00, 0x73,
  0x65, 0x6c, 0x70, 0x2e, 0x66, 0x33, 0x32, 0x20, 0x09, 0x25, 0x66, 0x33,
  0x38, 0x34, 0x2c, 0x20, 0x30, 0x66, 0x46, 0x46, 0x37, 0x46, 0x46, 0x46,
  0x46, 0x46, 0x2c, 0x20, 0x25, 0x66, 0x33, 0x38, 0x34, 0x2c, 0x20, 0x25,
  0x70, 0x35, 0x39, 0x3b, 0x00, 0x00, 0x61, 0x64, 0x64, 0x2e, 0x73, 0x33,
  0x32, 0x20, 0x09, 0x25, 0x72, 0x31, 0x38, 0x35, 0x37, 0x2c, 0x20, 0x25,
  0x72, 0x35, 0x36, 0x34, 0x2c, 0x20, 0x32, 0x35, 0x3b, 0x00, 0x00, 0x73,
  0x65, 0x74, 0x70, 0x2e, 0x6c, 0x74, 0x2e, 0x73, 0x33, 0x32, 0x20, 0x09,
  0x25, 0x70, 0x36, 0x30, 0x2c, 0x20, 0x25, 0x72, 0x33, 0x39, 0x33, 0x2c,
  0x20, 0x25, 0x72, 0x31, 0x38, 0x35, 0x37, 0x3b, 0x00, 0x00, 0x73, 0x65,
  0x6c, 0x70, 0x2e, 0x66, 0x33, 0x32, 0x20, 0x09, 0x25, 0x66, 0x33, 0x38,
  0x33, 0x2c, 0x20, 0x30, 0x66, 0x46, 0x46, 0x37, 0x46, 0x46, 0x46, 0x46,
  0x46, 0x2c, 0x20, 0x25, 0x66, 0x33, 0x38, 0x33, 0x2c, 0x20, 0x25, 0x70,
  0x36, 0x30, 0x3b, 0x00, 0x61, 0x64, 0x64, 0x2e, 0x73, 0x33, 0x32, 0x20,
  0x09, 0x25, 0x72, 0x31, 0x38, 0x35, 0x38, 0x2c, 0x20, 0x25, 0x72, 0x33,
  0x39, 0x33, 0x2c, 0x20, 0x38, 0x3b, 0x00, 0x00, 0x73, 0x65, 0x74, 0x70,
  0x2e, 0x6c, 0x74, 0x2e, 0x73, 0x33, 0x32, 0x20, 0x09, 0x25, 0x70, 0x36,
  0x31, 0x2c, 0x20, 0x25, 0x72, 0x31, 0x38, 0x35, 0x38, 0x2c, 0x20, 0x25,
  0x72, 0x35, 0x36, 0x34, 0x3b, 0x00, 0x00, 0x73, 0x65, 0x6c, 0x70, 0x2e,
  0x66, 0x33, 0x32, 0x20, 0x09, 0x25, 0x66, 0x33, 0x38, 0x32, 0x2c, 0x20,
  0x30, 0x66, 0x46, 0x46, 0x37, 0x46, 0x46, 0x46, 0x46, 0x46, 0x2c, 0x20,
  0x25, 0x66, 0x33, 0x38, 0x32, 0x2c, 0x20, 0x25, 0x70, 0x36, 0x31, 0x3b,
  0x00, 0x00, 0x73, 0x65, 0x74, 0x70, 0x2e, 0x67, 0x74, 0x2e, 0x73, 0x33,
  0x32, 0x20, 0x09, 0x25, 0x70, 0x36, 0x32, 0x2c, 0x20, 0x25, 0x72, 0x31,
  0x38, 0x35, 0x38, 0x2c, 0x20, 0x25, 0x72, 0x35, 0x36, 0x34, 0x3b, 0x00,
  0x00, 0x73, 0x65, 0x6c, 0x70, 0x2e, 0x66, 0x33, 0x32, 0x20, 0x09, 0x25,
  0x66, 0x33, 0x38, 0x31, 0x2c, 0x20, 0x25, 0x66, 0x33, 0x38, 0x31, 0x2c,
  0x20, 0x30, 0x66, 0x46, 0x46, 0x37, 0x46, 0x46, 0x46, 0x46, 0x46, 0x2c,
  0x20, 0x25, 0x70, 0x36, 0x32, 0x3b, 0x00, 0x00, 0x73, 0x65, 0x74, 0x70,
  0x2e, 0x6c, 0x74, 0x2e, 0x73, 0x33, 0x32, 0x20, 0x09, 0x25, 0x70, 0x36,
  0x33, 0x2c, 0x20, 0x25, 0x72, 0x31, 0x38, 0x35, 0x38, 0x2c, 0x20, 0x25,
  0x72, 0x31, 0x38, 0x35, 0x32, 0x3b, 0x00, 0x00, 0x73, 0x65, 0x6c, 0x70,
  0x2e, 0x66, 0x33, 0x32, 0x20, 0x09, 0x25, 0x66, 0x33, 0x38, 0x30, 0x2c,
  0x20, 0x30, 0x66, 0x46, 0x46, 0x37, 0x46, 0x46, 0x46, 0x46, 0x46, 0x2c,
  0x20, 0x25, 0x66, 0x33, 0x38, 0x30, 0x2c, 0x20, 0x25, 0x70, 0x36, 0x33,
  0x3b, 0x00, 0x00, 0x73, 0x65, 0x74, 0x70, 0x2e, 0x6c, 0x74, 0x2e, 0x73,
  0x33, 0x32, 0x20, 0x09, 0x25, 0x70, 0x36, 0x34, 0x2c, 0x20, 0x25, 0x72,
  0x31, 0x38, 0x35, 0x38, 0x2c, 0x20, 0x25, 0x72, 0x31, 0x38, 0x35, 0x33,
  0x3b, 0x00, 0x00, 0x73, 0x65, 0x6c, 0x70, 0x2e, 0x66, 0x33, 0x32, 0x20,
  0x09, 0x25, 0x66, 0x33, 0x37, 0x39, 0x2c, 0x20, 0x30, 0x66, 0x46, 0x46,
  0x37, 0x46, 0x46, 0x46, 0x46, 0x46, 0x2c, 0x20, 0x25, 0x66, 0x33, 0x37,
  0x39, 0x2c, 0x20, 0x25, 0x70, 0x36, 0x34, 0x3b, 0x00, 0x00, 0x73, 0x65,
  0x74, 0x70, 0x2e, 0x6c, 0x74, 0x2e, 0x73, 0x33, 0x32, 0x20, 0x09, 0x25,
  0x70, 0x36, 0x35, 0x2c, 0x20, 0x25, 0x72, 0x31, 0x38, 0x35, 0x38, 0x2c,
  0x20, 0x25, 0x72, 0x31, 0x38, 0x35, 0x34, 0x3b, 0x00, 0x00, 0x73, 0x65,
  0x6c, 0x70, 0x2e, 0x66, 0x33, 0x32, 0x20, 0x09, 0x25, 0x66, 0x33, 0x37,
  0x38, 0x2c, 0x20, 0x30, 0x66, 0x46, 0x46, 0x37, 0x46, 0x46, 0x46, 0x46,
  0x46, 0x2c, 0x20, 0x25, 0x66, 0x33, 0x37, 0x38, 0x2c, 0x20, 0x25, 0x70,
  0x36, 0x35, 0x3b, 0x00, 0x00, 0x73, 0x65, 0x74, 0x70, 0x2e, 0x6c, 0x74,
  0x2e, 0x73, 0x33, 0x32, 0x20, 0x09, 0x25, 0x70, 0x36, 0x36, 0x2c, 0x20,
  0x25, 0x72, 0x31, 0x38, 0x35, 0x38, 0x2c, 0x20, 0x25, 0x72, 0x31, 0x38,
  0x35, 0x35, 0x3b, 0x00, 0x00, 0x73, 0x65, 0x6c, 0x70, 0x2e, 0x66, 0x33,
  0x32, 0x20, 0x09, 0x25, 0x66, 0x33, 0x37, 0x37, 0x2c, 0x20, 0x30, 0x66,
  0x46, 0x46, 0x37, 0x46, 0x46, 0x46, 0x46, 0x46, 0x2c, 0x20, 0x25, 0x66,
  0x33, 0x37, 0x37, 0x2c, 0x20, 0x25, 0x70, 0x36, 0x36, 0x3b, 0x00, 0x00,
  0x73, 0x65, 0x74, 0x70, 0x2e, 0x6c, 0x74, 0x2e, 0x73, 0x33, 0x32, 0x20,
  0x09, 0x25, 0x70, 0x36, 0x37, 0x2c, 0x20, 0x25, 0x72, 0x31, 0x38, 0x35,
  0x38, 0x2c, 0x20, 0x25, 0x72, 0x31, 0x38, 0x35, 0x36, 0x3b, 0x00, 0x00,
  0x73, 0x65, 0x6c, 0x70, 0x2e, 0x66, 0x33, 0x32, 0x20, 0x09, 0x25, 0x66,
  0x33, 0x37, 0x36, 0x2c, 0x20, 0x30, 0x66, 0x46, 0x46, 0x37, 0x46, 0x46,
  0x46, 0x46, 0x46, 0x2c, 0x20, 0x25, 0x66, 0x33, 0x37, 0x36, 0x2c, 0x20,
  0x25, 0x70, 0x36, 0x37, 0x3b, 0x00, 0x00, 0x73, 0x65, 0x74, 0x70, 0x2e,
  0x6c, 0x74, 0x2e, 0x73, 0x33, 0x32, 0x20, 0x09, 0x25, 0x70, 0x36, 0x38,
  0x2c, 0x20, 0x25, 0x72, 0x31, 0x38, 0x35, 0x38, 0x2c, 0x20, 0x25, 0x72,
  0x31, 0x38, 0x35, 0x37, 0x3b, 0x00, 0x00, 0x73, 0x65, 0x6c, 0x70, 0x2e,
  0x66, 0x33, 0x32, 0x20, 0x09, 0x25, 0x66, 0x33, 0x37, 0x35, 0x2c, 0x20,
  0x30, 0x66, 0x46, 0x46, 0x37, 0x46, 0x46, 0x46, 0x46, 0x46, 0x2c, 0x20,
  0x25, 0x66, 0x33, 0x37, 0x35, 0x2c, 0x20, 0x25, 0x70, 0x36, 0x38, 0x3b,
  0x00, 0x00, 0x24, 0x4c, 0x5f, 0x5f, 0x42, 0x42, 0x30, 0x5f, 0x31, 0x39,
  0x3a, 0x00, 0x00, 0x00, 0x00, 0x00, 0x6d, 0x61, 0x78, 0x2e, 0x66, 0x74,
  0x7a, 0x2e, 0x66, 0x33, 0x32, 0x20, 0x09, 0x25, 0x66, 0x31, 0x39, 0x39,
  0x2c, 0x20, 0x25, 0x66, 0x33, 0x39, 0x30, 0x2c, 0x20, 0x25, 0x66, 0x33,
  0x38, 0x39, 0x3b, 0x00, 0x6d, 0x61, 0x78, 0x2e, 0x66, 0x74, 0x7a, 0x2e,
  0x66, 0x33, 0x32, 0x20, 0x09, 0x25, 0x66, 0x32, 0x30, 0x30, 0x2c, 0x20,
  0x25, 0x66, 0x31, 0x39, 0x39, 0x2c, 0x20, 0x25, 0x66, 0x33, 0x38, 0x38,
  0x3b, 0x00, 0x6d, 0x61, 0x78, 0x2e, 0x66, 0x74, 0x7a, 0x2e, 0x66, 0x33,
  0x32, 0x20, 0x09, 0x25, 0x66, 0x32, 0x30, 0x31, 0x2c, 0x20, 0x25, 0x66,
  0x32, 0x30, 0x30, 0x2c, 0x20, 0x25, 0x66, 0x33, 0x38, 0x37, 0x3b, 0x00,
  0x6d, 0x61, 0x78, 0x2e, 0x66, 0x74, 0x7a, 0x2e, 0x66, 0x33, 0x32, 0x20,
  0x09, 0x25, 0x66, 0x32, 0x30, 0x32, 0x2c, 0x20, 0x25, 0x66, 0x32, 0x30,
  0x31, 0x2c, 0x20, 0x25, 0x66, 0x33, 0x38, 0x36, 0x3b, 0x00, 0x6d, 0x61,
  0x78, 0x2e, 0x66, 0x74, 0x7a, 0x2e, 0x66, 0x33, 0x32, 0x20, 0x09, 0x25,
  0x66, 0x32, 0x30, 0x33, 0x2c, 0x20, 0x25, 0x66, 0x32, 0x30, 0x32, 0x2c,
  0x20, 0x25, 0x66, 0x33, 0x38, 0x35, 0x3b, 0x00, 0x6d, 0x61, 0x78, 0x2e,
  0x66, 0x74, 0x7a, 0x2e, 0x66, 0x33, 0x32, 0x20, 0x09, 0x25, 0x66, 0x32,
  0x30, 0x34, 0x2c, 0x20, 0x25, 0x66, 0x32, 0x30, 0x33, 0x2c, 0x20, 0x25,
  0x66, 0x33, 0x38, 0x34, 0x3b, 0x00, 0x6d, 0x61, 0x78, 0x2e, 0x66, 0x74,
  0x7a, 0x2e, 0x66, 0x33, 0x32, 0x20, 0x09, 0x25, 0x66, 0x38, 0x33, 0x2c,
  0x20, 0x25, 0x66, 0x32, 0x30, 0x34, 0x2c, 0x20, 0x25, 0x66, 0x33, 0x38,
  0x33, 0x3b, 0x00, 0x6d, 0x61, 0x78, 0x2e, 0x66, 0x74, 0x7a, 0x2e, 0x66,
  0x33, 0x32, 0x20, 0x09, 0x25, 0x66, 0x32, 0x30, 0x35, 0x2c, 0x20, 0x25,
  0x66, 0x33, 0x38, 0x32, 0x2c, 0x20, 0x25, 0x66, 0x33, 0x38, 0x31, 0x3b,
  0x00, 0x6d, 0x61, 0x78, 0x2e, 0x66, 0x74, 0x7a, 0x2e, 0x66, 0x33, 0x32,
  0x20, 0x09, 0x25, 0x66, 0x32, 0x30, 0x36, 0x2c, 0x20, 0x25, 0x66, 0x32,
  0x30, 0x35, 0x2c, 0x20, 0x25, 0x66, 0x33, 0x38, 0x30, 0x3b, 0x00, 0x6d,
  0x61, 0x78, 0x2e, 0x66, 0x74, 0x7a, 0x2e, 0x66, 0x33, 0x32, 0x20, 0x09,
  0x25, 0x66, 0x32, 0x30, 0x37, 0x2c, 0x20, 0x25, 0x66, 0x32, 0x30, 0x36,
  0x2c, 0x20, 0x25, 0x66, 0x33, 0x37, 0x39, 0x3b, 0x00, 0x6d, 0x61, 0x78,
  0x2e, 0x66, 0x74, 0x7a, 0x2e, 0x66, 0x33, 0x32, 0x20, 0x09, 0x25, 0x66,
  0x32, 0x30, 0x38, 0x2c, 0x20, 0x25, 0x66, 0x32, 0x30, 0x37, 0x2c, 0x20,
  0x25, 0x66, 0x33, 0x37, 0x38, 0x3b, 0x00, 0x6d, 0x61, 0x78, 0x2e, 0x66,
  0x74, 0x7a, 0x2e, 0x66, 0x33, 0x32, 0x20, 0x09, 0x25, 0x66, 0x32, 0x30,
  0x39, 0x2c, 0x20, 0x25, 0x66, 0x32, 0x30, 0x38, 0x2c, 0x20, 0x25, 0x66,
  0x33, 0x37, 0x37, 0x3b, 0x00, 0x6d, 0x61, 0x78, 0x2e, 0x66, 0x74, 0x7a,
  0x2e, 0x66, 0x33, 0x32, 0x20, 0x09, 0x25, 0x66, 0x32, 0x31, 0x30, 0x2c,
  0x20, 0x25, 0x66, 0x32, 0x30, 0x39, 0x2c, 0x20, 0x25, 0x66, 0x33, 0x37,
  0x36, 0x3b, 0x00, 0x6d, 0x61, 0x78, 0x2e, 0x66, 0x74, 0x7a, 0x2e, 0x66,
  0x33, 0x32, 0x20, 0x09, 0x25, 0x66, 0x38, 0x34, 0x2c, 0x20, 0x25, 0x66,
  0x32, 0x31, 0x30, 0x2c, 0x20, 0x25, 0x66, 0x33, 0x37, 0x35, 0x3b, 0x00,
  0x00, 0x00, 0x6d, 0x6f, 0x76, 0x2e, 0x62, 0x33, 0x32, 0x20, 0x09, 0x25,
  0x72, 0x35, 0x36, 0x37, 0x2c, 0x20, 0x25, 0x66, 0x38, 0x33, 0x3b, 0x00,
  0x00, 0x73, 0x65, 0x74, 0x70, 0x2e, 0x65, 0x71, 0x2e, 0x73, 0x33, 0x32,
  0x20, 0x09, 0x25, 0x70, 0x36, 0x39, 0x2c, 0x20, 0x25, 0x72, 0x32, 0x39,
  0x33, 0x39, 0x2c, 0x20, 0x30, 0x3b, 0x00, 0x00, 0x40, 0x25, 0x70, 0x36,
  0x39, 0x20, 0x62, 0x72, 0x61, 0x20, 0x09, 0x24, 0x4c, 0x5f, 0x5f, 0x42,
  0x42, 0x30, 0x5f, 0x32, 0x31, 0x3b, 0x00, 0x00, 0x00, 0x00, 0x00, 0x00,
  0x6d, 0x6f, 0x76, 0x2e, 0x75, 0x33, 0x32, 0x20, 0x09, 0x25, 0x72, 0x31,
  0x39, 0x35, 0x37, 0x2c, 0x20, 0x33, 0x31, 0x3b, 0x00, 0x6d, 0x6f, 0x76,
  0x2e, 0x75, 0x33, 0x32, 0x20, 0x09, 0x25, 0x72, 0x31, 0x39, 0x35, 0x38,
  0x2c, 0x20, 0x31, 0x3b, 0x00, 0x6d, 0x6f, 0x76, 0x2e, 0x75, 0x33, 0x32,
  0x20, 0x09, 0x25, 0x72, 0x31, 0x39, 0x35, 0x39, 0x2c, 0x20, 0x2d, 0x31,
  0x3b, 0x00, 0x73, 0x68, 0x66, 0x6c, 0x2e, 0x73, 0x79, 0x6e, 0x63, 0x2e,
  0x62, 0x66, 0x6c, 0x79, 0x2e, 0x62, 0x33, 0x32, 0x20, 0x09, 0x25, 0x72,
  0x31, 0x39, 0x36, 0x30, 0x7c, 0x25, 0x70, 0x37, 0x30, 0x2c, 0x20, 0x25,
  0x72, 0x35, 0x36, 0x37, 0x2c, 0x20, 0x25, 0x72, 0x31, 0x39, 0x35, 0x38,
  0x2c, 0x20, 0x25, 0x72, 0x31, 0x39, 0x35, 0x37, 0x2c, 0x20, 0x25, 0x72,
  0x31, 0x39, 0x35, 0x39, 0x3b, 0x00, 0x00, 0x6d, 0x6f, 0x76, 0x2e, 0x62,
  0x33, 0x32, 0x20, 0x09, 0x25, 0x66, 0x32, 0x31, 0x35, 0x2c, 0x20, 0x25,
  0x72, 0x31, 0x39, 0x36, 0x30, 0x3b, 0x00, 0x00, 0x00, 0x6d, 0x61, 0x78,
  0x2e, 0x66, 0x74, 0x7a, 0x2e, 0x66, 0x33, 0x32, 0x20, 0x09, 0x25, 0x66,
  0x32, 0x31, 0x36, 0x2c, 0x20, 0x25, 0x66, 0x38, 0x33, 0x2c, 0x20, 0x25,
  0x66, 0x32, 0x31, 0x35, 0x3b, 0x00, 0x00, 0x00, 0x6d, 0x6f, 0x76, 0x2e,
  0x62, 0x33, 0x32, 0x20, 0x09, 0x25, 0x72, 0x31, 0x39, 0x36, 0x31, 0x2c,
  0x20, 0x25, 0x66, 0x32, 0x31, 0x36, 0x3b, 0x00, 0x6d, 0x6f, 0x76, 0x2e,
  0x75, 0x33, 0x32, 0x20, 0x09, 0x25, 0x72, 0x31, 0x39, 0x36, 0x32, 0x2c,
  0x20, 0x32, 0x3b, 0x00, 0x73, 0x68, 0x66, 0x6c, 0x2e, 0x73, 0x79, 0x6e,
  0x63, 0x2e, 0x62, 0x66, 0x6c, 0x79, 0x2e, 0x62, 0x33, 0x32, 0x20, 0x09,
  0x25, 0x72, 0x31, 0x39, 0x36, 0x33, 0x7c, 0x25, 0x70, 0x37, 0x31, 0x2c,
  0x20, 0x25, 0x72, 0x31, 0x39, 0x36, 0x31, 0x2c, 0x20, 0x25, 0x72, 0x31,
  0x39, 0x36, 0x32, 0x2c, 0x20, 0x25, 0x72, 0x31, 0x39, 0x35, 0x37, 0x2c,
  0x20, 0x25, 0x72, 0x31, 0x39, 0x35, 0x39, 0x3b, 0x00, 0x00, 0x6d, 0x6f,
  0x76, 0x2e, 0x62, 0x33, 0x32, 0x20, 0x09, 0x25, 0x66, 0x32, 0x31, 0x37,
  0x2c, 0x20, 0x25, 0x72, 0x31, 0x39, 0x36, 0x33, 0x3b, 0x00, 0x00, 0x00,
  0x6d, 0x61, 0x78, 0x2e, 0x66, 0x74, 0x7a, 0x2e, 0x66, 0x33, 0x32, 0x20,
  0x09, 0x25, 0x66, 0x32, 0x31, 0x38, 0x2c, 0x20, 0x25, 0x66, 0x32, 0x31,
  0x36, 0x2c, 0x20, 0x25, 0x66, 0x32, 0x31, 0x37, 0x3b, 0x00, 0x00, 0x6d,
  0x6f, 0x76, 0x2e, 0x62, 0x33, 0x32, 0x20, 0x09, 0x25, 0x72, 0x31, 0x39,
  0x36, 0x34, 0x2c, 0x20, 0x25, 0x66, 0x38, 0x34, 0x3b, 0x00, 0x73, 0x68,
  0x66, 0x6c, 0x2e, 0x73, 0x79, 0x6e, 0x63, 0x2e, 0x62, 0x66, 0x6c, 0x79,
  0x2e, 0x62, 0x33, 0x32, 0x20, 0x09, 0x25, 0x72, 0x31, 0x39, 0x36, 0x35,
  0x7c, 0x25, 0x70, 0x37, 0x32, 0x2c, 0x20, 0x25, 0x72, 0x31, 0x39, 0x36,
  0x34, 0x2c, 0x20, 0x25, 0x72, 0x31, 0x39, 0x35, 0x38, 0x2c, 0x20, 0x25,
  0x72, 0x31, 0x39, 0x35, 0x37, 0x2c, 0x20, 0x25, 0x72, 0x31, 0x39, 0x35,
  0x39, 0x3b, 0x00, 0x00, 0x6d, 0x6f, 0x76, 0x2e, 0x62, 0x33, 0x32, 0x20,
  0x09, 0x25, 0x66, 0x32, 0x31, 0x39, 0x2c, 0x20, 0x25, 0x72, 0x31, 0x39,
  0x36, 0x35, 0x3b, 0x00, 0x00, 0x6d, 0x61, 0x78, 0x2e, 0x66, 0x74, 0x7a,
  0x2e, 0x66, 0x33, 0x32, 0x20, 0x09, 0x25, 0x66, 0x32, 0x32, 0x30, 0x2c,
  0x20, 0x25, 0x66, 0x38, 0x34, 0x2c, 0x20, 0x25, 0x66, 0x32, 0x31, 0x39,
  0x3b, 0x00, 0x00, 0x6d, 0x6f, 0x76, 0x2e, 0x62, 0x33, 0x32, 0x20, 0x09,
  0x25, 0x72, 0x31, 0x39, 0x36, 0x36, 0x2c, 0x20, 0x25, 0x66, 0x32, 0x32,
  0x30, 0x3b, 0x00, 0x73, 0x68, 0x66, 0x6c, 0x2e, 0x73, 0x79, 0x6e, 0x63,
  0x2e, 0x62, 0x66, 0x6c, 0x79, 0x2e, 0x62, 0x33, 0x32, 0x20, 0x09, 0x25,
  0x72, 0x31, 0x39, 0x36, 0x37, 0x7c, 0x25, 0x70, 0x37, 0x33, 0x2c, 0x20,
  0x25, 0x72, 0x31, 0x39, 0x36, 0x36, 0x2c, 0x20, 0x25, 0x72, 0x31, 0x39,
  0x36, 0x32, 0x2c, 0x20, 0x25, 0x72, 0x31, 0x39, 0x35, 0x37, 0x2c, 0x20,
  0x25, 0x72, 0x31, 0x39, 0x35, 0x39, 0x3b, 0x00, 0x00, 0x6d, 0x6f, 0x76,
  0x2e, 0x62, 0x33, 0x32, 0x20, 0x09, 0x25, 0x66, 0x32, 0x32, 0x31, 0x2c,
  0x20, 0x25, 0x72, 0x31, 0x39, 0x36, 0x37, 0x3b, 0x00, 0x00, 0x6d, 0x61,
  0x78, 0x2e, 0x66, 0x74, 0x7a, 0x2e, 0x66, 0x33, 0x32, 0x20, 0x09, 0x25,
  0x66, 0x32, 0x32, 0x32, 0x2c, 0x20, 0x25, 0x66, 0x32, 0x32, 0x30, 0x2c,
  0x20, 0x25, 0x66, 0x32, 0x32, 0x31, 0x3b, 0x00, 0x00, 0x00, 0x00, 0x6d,
  0x61, 0x78, 0x2e, 0x66, 0x74, 0x7a, 0x2e, 0x66, 0x33, 0x32, 0x20, 0x09,
  0x25, 0x66, 0x38, 0x35, 0x2c, 0x20, 0x25, 0x66, 0x33, 0x37, 0x30, 0x2c,
  0x20, 0x25, 0x66, 0x32, 0x31, 0x38, 0x3b, 0x00, 0x00, 0x73, 0x75, 0x62,
  0x2e, 0x66, 0x74, 0x7a, 0x2e, 0x66, 0x33, 0x32, 0x20, 0x09, 0x25, 0x66,
  0x32, 0x32, 0x33, 0x2c, 0x20, 0x25, 0x66, 0x33, 0x37, 0x30, 0x2c, 0x20,
  0x25, 0x66, 0x38, 0x35, 0x3b, 0x00, 0x6d, 0x75, 0x6c, 0x2e, 0x66, 0x74,
  0x7a, 0x2e, 0x66, 0x33, 0x32, 0x20, 0x09, 0x25, 0x66, 0x32, 0x32, 0x34,
  0x2c, 0x20, 0x25, 0x66, 0x32, 0x32, 0x33, 0x2c, 0x20, 0x30, 0x66, 0x33,
  0x46, 0x42, 0x38, 0x41, 0x41, 0x33, 0x42, 0x3b, 0x00, 0x65, 0x78, 0x32,
  0x2e, 0x61, 0x70, 0x70, 0x72, 0x6f, 0x78, 0x2e, 0x66, 0x74, 0x7a, 0x2e,
  0x66, 0x33, 0x32, 0x20, 0x09, 0x25, 0x66, 0x32, 0x31, 0x32, 0x2c, 0x20,
  0x25, 0x66, 0x32, 0x32, 0x34, 0x3b, 0x00, 0x00, 0x00, 0x00, 0x63, 0x76,
  0x74, 0x2e, 0x72, 0x6e, 0x2e, 0x66, 0x31, 0x36, 0x78, 0x32, 0x2e, 0x66,
  0x33, 0x32, 0x20, 0x25, 0x72, 0x31, 0x38, 0x35, 0x39, 0x2c, 0x20, 0x25,
  0x66, 0x32, 0x31, 0x32, 0x2c, 0x20, 0x25, 0x66, 0x32, 0x31, 0x32, 0x3b,
  0x00, 0x00, 0x00, 0x00, 0x6d, 0x61, 0x78, 0x2e, 0x66, 0x74, 0x7a, 0x2e,
  0x66, 0x33, 0x32, 0x20, 0x09, 0x25, 0x66, 0x38, 0x36, 0x2c, 0x20, 0x25,
  0x66, 0x33, 0x36, 0x39, 0x2c, 0x20, 0x25, 0x66, 0x32, 0x32, 0x32, 0x3b,
  0x00, 0x00, 0x73, 0x75, 0x62, 0x2e, 0x66, 0x74, 0x7a, 0x2e, 0x66, 0x33,
  0x32, 0x20, 0x09, 0x25, 0x66, 0x32, 0x32, 0x35, 0x2c, 0x20, 0x25, 0x66,
  0x33, 0x36, 0x39, 0x2c, 0x20, 0x25, 0x66, 0x38, 0x36, 0x3b, 0x00, 0x6d,
  0x75, 0x6c, 0x2e, 0x66, 0x74, 0x7a, 0x2e, 0x66, 0x33, 0x32, 0x20, 0x09,
  0x25, 0x66, 0x32, 0x32, 0x36, 0x2c, 0x20, 0x25, 0x66, 0x32, 0x32, 0x35,
  0x2c, 0x20, 0x30, 0x66, 0x33, 0x46, 0x42, 0x38, 0x41, 0x41, 0x33, 0x42,
  0x3b, 0x00, 0x65, 0x78, 0x32, 0x2e, 0x61, 0x70, 0x70, 0x72, 0x6f, 0x78,
  0x2e, 0x66, 0x74, 0x7a, 0x2e, 0x66, 0x33, 0x32, 0x20, 0x09, 0x25, 0x66,
  0x32, 0x31, 0x34, 0x2c, 0x20, 0x25, 0x66, 0x32, 0x32, 0x36, 0x3b, 0x00,
  0x00, 0x00, 0x63, 0x76, 0x74, 0x2e, 0x72, 0x6e, 0x2e, 0x66, 0x31, 0x36,
  0x78, 0x32, 0x2e, 0x66, 0x33, 0x32, 0x20, 0x25, 0x72, 0x31, 0x38, 0x36,
  0x30, 0x2c, 0x20, 0x25, 0x66, 0x32, 0x31, 0x34, 0x2c, 0x20, 0x25, 0x66,
  0x32, 0x31, 0x34, 0x3b, 0x00, 0x00, 0x00, 0x00, 0x00, 0x00, 0x6d, 0x75,
  0x6c, 0x2e, 0x66, 0x31, 0x36, 0x78, 0x32, 0x20, 0x25, 0x72, 0x32, 0x39,
  0x37, 0x35, 0x2c, 0x20, 0x25, 0x72, 0x31, 0x38, 0x35, 0x39, 0x2c, 0x20,
  0x25, 0x72, 0x32, 0x39, 0x37, 0x35, 0x3b, 0x00, 0x00, 0x00, 0x00, 0x6d,
  0x75, 0x6c, 0x2e, 0x66, 0x31, 0x36, 0x78, 0x32, 0x20, 0x25, 0x72, 0x32,
  0x39, 0x37, 0x34, 0x2c, 0x20, 0x25, 0x72, 0x31, 0x38, 0x36, 0x30, 0x2c,
  0x20, 0x25, 0x72, 0x32, 0x39, 0x37, 0x34, 0x3b, 0x00, 0x00, 0x00, 0x00,
  0x6d, 0x75, 0x6c, 0x2e, 0x66, 0x31, 0x36, 0x78, 0x32, 0x20, 0x25, 0x72,
  0x32, 0x39, 0x37, 0x33, 0x2c, 0x20, 0x25, 0x72, 0x31, 0x38, 0x35, 0x39,
  0x2c, 0x20, 0x25, 0x72, 0x32, 0x39, 0x37, 0x33, 0x3b, 0x00, 0x00, 0x00,
  0x00, 0x6d, 0x75, 0x6c, 0x2e, 0x66, 0x31, 0x36, 0x78, 0x32, 0x20, 0x25,
  0x72, 0x32, 0x39, 0x37, 0x32, 0x2c, 0x20, 0x25, 0x72, 0x31, 0x38, 0x36,
  0x30, 0x2c, 0x20, 0x25, 0x72, 0x32, 0x39, 0x37, 0x32, 0x3b, 0x00, 0x00,
  0x00, 0x00, 0x6d, 0x75, 0x6c, 0x2e, 0x66, 0x31, 0x36, 0x78, 0x32, 0x20,
  0x25, 0x72, 0x32, 0x39, 0x37, 0x31, 0x2c, 0x20, 0x25, 0x72, 0x31, 0x38,
  0x35, 0x39, 0x2c, 0x20, 0x25, 0x72, 0x32, 0x39, 0x37, 0x31, 0x3b, 0x00,
  0x00, 0x00, 0x00, 0x6d, 0x75, 0x6c, 0x2e, 0x66, 0x31, 0x36, 0x78, 0x32,
  0x20, 0x25, 0x72, 0x32, 0x39, 0x37, 0x30, 0x2c, 0x20, 0x25, 0x72, 0x31,
  0x38, 0x36, 0x30, 0x2c, 0x20, 0x25, 0x72, 0x32, 0x39, 0x37, 0x30, 0x3b,
  0x00, 0x00, 0x00, 0x00, 0x6d, 0x75, 0x6c, 0x2e, 0x66, 0x31, 0x36, 0x78,
  0x32, 0x20, 0x25, 0x72, 0x32, 0x39, 0x36, 0x39, 0x2c, 0x20, 0x25, 0x72,
  0x31, 0x38, 0x35, 0x39, 0x2c, 0x20, 0x25, 0x72, 0x32, 0x39, 0x36, 0x39,
  0x3b, 0x00, 0x00, 0x00, 0x00, 0x6d, 0x75, 0x6c, 0x2e, 0x66, 0x31, 0x36,
  0x78, 0x32, 0x20, 0x25, 0x72, 0x32, 0x39, 0x36, 0x38, 0x2c, 0x20, 0x25,
  0x72, 0x31, 0x38, 0x36, 0x30, 0x2c, 0x20, 0x25, 0x72, 0x32, 0x39, 0x36,
  0x38, 0x3b, 0x00, 0x00, 0x00, 0x00, 0x6d, 0x75, 0x6c, 0x2e, 0x66, 0x31,
  0x36, 0x78, 0x32, 0x20, 0x25, 0x72, 0x32, 0x39, 0x36, 0x37, 0x2c, 0x20,
  0x25, 0x72, 0x31, 0x38, 0x35, 0x39, 0x2c, 0x20, 0x25, 0x72, 0x32, 0x39,
  0x36, 0x37, 0x3b, 0x00, 0x00, 0x00, 0x00, 0x6d, 0x75, 0x6c, 0x2e, 0x66,
  0x31, 0x36, 0x78, 0x32, 0x20, 0x25, 0x72, 0x32, 0x39, 0x36, 0x36, 0x2c,
  0x20, 0x25, 0x72, 0x31, 0x38, 0x36, 0x30, 0x2c, 0x20, 0x25, 0x72, 0x32,
  0x39, 0x36, 0x36, 0x3b, 0x00, 0x00, 0x00, 0x00, 0x6d, 0x75, 0x6c, 0x2e,
  0x66, 0x31, 0x36, 0x78, 0x32, 0x20, 0x25, 0x72, 0x32, 0x39, 0x36, 0x35,
  0x2c, 0x20, 0x25, 0x72, 0x31, 0x38, 0x35, 0x39, 0x2c, 0x20, 0x25, 0x72,
  0x32, 0x39, 0x36, 0x35, 0x3b, 0x00, 0x00, 0x00, 0x00, 0x6d, 0x75, 0x6c,
  0x2e, 0x66, 0x31, 0x36, 0x78, 0x32, 0x20, 0x25, 0x72, 0x32, 0x39, 0x36,
  0x34, 0x2c, 0x20, 0x25, 0x72, 0x31, 0x38, 0x36, 0x30, 0x2c, 0x20, 0x25,
  0x72, 0x32, 0x39, 0x36, 0x34, 0x3b, 0x00, 0x00, 0x00, 0x00, 0x6d, 0x75,
  0x6c, 0x2e, 0x66, 0x31, 0x36, 0x78, 0x32, 0x20, 0x25, 0x72, 0x32, 0x39,
  0x36, 0x33, 0x2c, 0x20, 0x25, 0x72, 0x31, 0x38, 0x35, 0x39, 0x2c, 0x20,
  0x25, 0x72, 0x32, 0x39, 0x36, 0x33, 0x3b, 0x00, 0x00, 0x00, 0x00, 0x6d,
  0x75, 0x6c, 0x2e, 0x66, 0x31, 0x36, 0x78, 0x32, 0x20, 0x25, 0x72, 0x32,
  0x39, 0x36, 0x32, 0x2c, 0x20, 0x25, 0x72, 0x31, 0x38, 0x36, 0x30, 0x2c,
  0x20, 0x25, 0x72, 0x32, 0x39, 0x36, 0x32, 0x3b, 0x00, 0x00, 0x00, 0x00,
  0x6d, 0x75, 0x6c, 0x2e, 0x66, 0x31, 0x36, 0x78, 0x32, 0x20, 0x25, 0x72,
  0x32, 0x39, 0x36, 0x31, 0x2c, 0x20, 0x25, 0x72, 0x31, 0x38, 0x35, 0x39,
  0x2c, 0x20, 0x25, 0x72, 0x32, 0x39, 0x36, 0x31, 0x3b, 0x00, 0x00, 0x00,
  0x00, 0x6d, 0x75, 0x6c, 0x2e, 0x66, 0x31, 0x36, 0x78, 0x32, 0x20, 0x25,
  0x72, 0x32, 0x39, 0x36, 0x30, 0x2c, 0x20, 0x25, 0x72, 0x31, 0x38, 0x36,
  0x30, 0x2c, 0x20, 0x25, 0x72, 0x32, 0x39, 0x36, 0x30, 0x3b, 0x00, 0x00,
  0x00, 0x00, 0x6d, 0x75, 0x6c, 0x2e, 0x66, 0x31, 0x36, 0x78, 0x32, 0x20,
  0x25, 0x72, 0x32, 0x39, 0x35, 0x39, 0x2c, 0x20, 0x25, 0x72, 0x31, 0x38,
  0x35, 0x39, 0x2c, 0x20, 0x25, 0x72, 0x32, 0x39, 0x35, 0x39, 0x3b, 0x00,
  0x00, 0x00, 0x00, 0x6d, 0x75, 0x6c, 0x2e, 0x66, 0x31, 0x36, 0x78, 0x32,
  0x20, 0x25, 0x72, 0x32, 0x39, 0x35, 0x38, 0x2c, 0x20, 0x25, 0x72, 0x31,
  0x38, 0x36, 0x30, 0x2c, 0x20, 0x25, 0x72, 0x32, 0x39, 0x35, 0x38, 0x3b,
  0x00, 0x00, 0x00, 0x00, 0x6d, 0x75, 0x6c, 0x2e, 0x66, 0x31, 0x36, 0x78,
  0x32, 0x20, 0x25, 0x72, 0x32, 0x39, 0x35, 0x37, 0x2c, 0x20, 0x25, 0x72,
  0x31, 0x38, 0x35, 0x39, 0x2c, 0x20, 0x25, 0x72, 0x32, 0x39, 0x35, 0x37,
  0x3b, 0x00, 0x00, 0x00, 0x00, 0x6d, 0x75, 0x6c, 0x2e, 0x66, 0x31, 0x36,
  0x78, 0x32, 0x20, 0x25, 0x72, 0x32, 0x39, 0x35, 0x36, 0x2c, 0x20, 0x25,
  0x72, 0x31, 0x38, 0x36, 0x30, 0x2c, 0x20, 0x25, 0x72, 0x32, 0x39, 0x35,
  0x36, 0x3b, 0x00, 0x00, 0x00, 0x00, 0x6d, 0x75, 0x6c, 0x2e, 0x66, 0x31,
  0x36, 0x78, 0x32, 0x20, 0x25, 0x72, 0x32, 0x39, 0x35, 0x35, 0x2c, 0x20,
  0x25, 0x72, 0x31, 0x38, 0x35, 0x39, 0x2c, 0x20, 0x25, 0x72, 0x32, 0x39,
  0x35, 0x35, 0x3b, 0x00, 0x00, 0x00, 0x00, 0x6d, 0x75, 0x6c, 0x2e, 0x66,
  0x31, 0x36, 0x78, 0x32, 0x20, 0x25, 0x72, 0x32, 0x39, 0x35, 0x34, 0x2c,
  0x20, 0x25, 0x72, 0x31, 0x38, 0x36, 0x30, 0x2c, 0x20, 0x25, 0x72, 0x32,
  0x39, 0x35, 0x34, 0x3b, 0x00, 0x00, 0x00, 0x00, 0x6d, 0x75, 0x6c, 0x2e,
  0x66, 0x31, 0x36, 0x78, 0x32, 0x20, 0x25, 0x72, 0x32, 0x39, 0x35, 0x33,
  0x2c, 0x20, 0x25, 0x72, 0x31, 0x38, 0x35, 0x39, 0x2c, 0x20, 0x25, 0x72,
  0x32, 0x39, 0x35, 0x33, 0x3b, 0x00, 0x00, 0x00, 0x00, 0x6d, 0x75, 0x6c,
  0x2e, 0x66, 0x31, 0x36, 0x78, 0x32, 0x20, 0x25, 0x72, 0x32, 0x39, 0x35,
  0x32, 0x2c, 0x20, 0x25, 0x72, 0x31, 0x38, 0x36, 0x30, 0x2c, 0x20, 0x25,
  0x72, 0x32, 0x39, 0x35, 0x32, 0x3b, 0x00, 0x00, 0x00, 0x00, 0x6d, 0x75,
  0x6c, 0x2e, 0x66, 0x31, 0x36, 0x78, 0x32, 0x20, 0x25, 0x72, 0x32, 0x39,
  0x35, 0x31, 0x2c, 0x20, 0x25, 0x72, 0x31, 0x38, 0x35, 0x39, 0x2c, 0x20,
  0x25, 0x72, 0x32, 0x39, 0x35, 0x31, 0x3b, 0x00, 0x00, 0x00, 0x00, 0x6d,
  0x75, 0x6c, 0x2e, 0x66, 0x31, 0x36, 0x78, 0x32, 0x20, 0x25, 0x72, 0x32,
  0x39, 0x35, 0x30, 0x2c, 0x20, 0x25, 0x72, 0x31, 0x38, 0x36, 0x30, 0x2c,
  0x20, 0x25, 0x72, 0x32, 0x39, 0x35, 0x30, 0x3b, 0x00, 0x00, 0x00, 0x00,
  0x6d, 0x75, 0x6c, 0x2e, 0x66, 0x31, 0x36, 0x78, 0x32, 0x20, 0x25, 0x72,
  0x32, 0x39, 0x34, 0x39, 0x2c, 0x20, 0x25, 0x72, 0x31, 0x38, 0x35, 0x39,
  0x2c, 0x20, 0x25, 0x72, 0x32, 0x39, 0x34, 0x39, 0x3b, 0x00, 0x00, 0x00,
  0x00, 0x6d, 0x75, 0x6c, 0x2e, 0x66, 0x31, 0x36, 0x78, 0x32, 0x20, 0x25,
  0x72, 0x32, 0x39, 0x34, 0x38, 0x2c, 0x20, 0x25, 0x72, 0x31, 0x38, 0x36,
  0x30, 0x2c, 0x20, 0x25, 0x72, 0x32, 0x39, 0x34, 0x38, 0x3b, 0x00, 0x00,
  0x00, 0x00, 0x6d, 0x75, 0x6c, 0x2e, 0x66, 0x31, 0x36, 0x78, 0x32, 0x20,
  0x25, 0x72, 0x32, 0x39, 0x34, 0x37, 0x2c, 0x20, 0x25, 0x72, 0x31, 0x38,
  0x35, 0x39, 0x2c, 0x20, 0x25, 0x72, 0x32, 0x39, 0x34, 0x37, 0x3b, 0x00,
  0x00, 0x00, 0x00, 0x6d, 0x75, 0x6c, 0x2e, 0x66, 0x31, 0x36, 0x78, 0x32,
  0x20, 0x25, 0x72, 0x32, 0x39, 0x34, 0x36, 0x2c, 0x20, 0x25, 0x72, 0x31,
  0x38, 0x36, 0x30, 0x2c, 0x20, 0x25, 0x72, 0x32, 0x39, 0x34, 0x36, 0x3b,
  0x00, 0x00, 0x00, 0x00, 0x6d, 0x75, 0x6c, 0x2e, 0x66, 0x31, 0x36, 0x78,
  0x32, 0x20, 0x25, 0x72, 0x32, 0x39, 0x34, 0x35, 0x2c, 0x20, 0x25, 0x72,
  0x31, 0x38, 0x35, 0x39, 0x2c, 0x20, 0x25, 0x72, 0x32, 0x39, 0x34, 0x35,
  0x3b, 0x00, 0x00, 0x00, 0x00, 0x6d, 0x75, 0x6c, 0x2e, 0x66, 0x31, 0x36,
  0x78, 0x32, 0x20, 0x25, 0x72, 0x32, 0x39, 0x34, 0x34, 0x2c, 0x20, 0x25,
  0x72, 0x31, 0x38, 0x36, 0x30, 0x2c, 0x20, 0x25, 0x72, 0x32, 0x39, 0x34,
  0x34, 0x3b, 0x00, 0x00, 0x00, 0x00, 0x00, 0x73, 0x75, 0x62, 0x2e, 0x66,
  0x74, 0x7a, 0x2e, 0x66, 0x33, 0x32, 0x20, 0x09, 0x25, 0x66, 0x32, 0x32,
  0x37, 0x2c, 0x20, 0x25, 0x66, 0x33, 0x39, 0x30, 0x2c, 0x20, 0x25, 0x66,
  0x38, 0x35, 0x3b, 0x00, 0x6d, 0x75, 0x6c, 0x2e, 0x66, 0x74, 0x7a, 0x2e,
  0x66, 0x33, 0x32, 0x20, 0x09, 0x25, 0x66, 0x32, 0x32, 0x38, 0x2c, 0x20,
  0x25, 0x66, 0x32, 0x32, 0x37, 0x2c, 0x20, 0x30, 0x66, 0x33, 0x46, 0x42,
  0x38, 0x41, 0x41, 0x33, 0x42, 0x3b, 0x00, 0x65, 0x78, 0x32, 0x2e, 0x61,
  0x70, 0x70, 0x72, 0x6f, 0x78, 0x2e, 0x66, 0x74, 0x7a, 0x2e, 0x66, 0x33,
  0x32, 0x20, 0x09, 0x25, 0x66, 0x34, 0x30, 0x36, 0x2c, 0x20, 0x25, 0x66,
  0x32, 0x32, 0x38, 0x3b, 0x00, 0x73, 0x75, 0x62, 0x2e, 0x66, 0x74, 0x7a,
  0x2e, 0x66, 0x33, 0x32, 0x20, 0x09, 0x25, 0x66, 0x32, 0x32, 0x39, 0x2c,
  0x20, 0x25, 0x66, 0x33, 0x38, 0x39, 0x2c, 0x20, 0x25, 0x66, 0x38, 0x35,
  0x3b, 0x00, 0x6d, 0x75, 0x6c, 0x2e, 0x66, 0x74, 0x7a, 0x2e, 0x66, 0x33,
  0x32, 0x20, 0x09, 0x25, 0x66, 0x32, 0x33, 0x30, 0x2c, 0x20, 0x25, 0x66,
  0x32, 0x32, 0x39, 0x2c, 0x20, 0x30, 0x66, 0x33, 0x46, 0x42, 0x38, 0x41,
  0x41, 0x33, 0x42, 0x3b, 0x00, 0x65, 0x78, 0x32, 0x2e, 0x61, 0x70, 0x70,
  0x72, 0x6f, 0x78, 0x2e, 0x66, 0x74, 0x7a, 0x2e, 0x66, 0x33, 0x32, 0x20,
  0x09, 0x25, 0x66, 0x34, 0x30, 0x35, 0x2c, 0x20, 0x25, 0x66, 0x32, 0x33,
  0x30, 0x3b, 0x00, 0x73, 0x75, 0x62, 0x2e, 0x66, 0x74, 0x7a, 0x2e, 0x66,
  0x33, 0x32, 0x20, 0x09, 0x25, 0x66, 0x32, 0x33, 0x31, 0x2c, 0x20, 0x25,
  0x66, 0x33, 0x38, 0x38, 0x2c, 0x20, 0x25, 0x66, 0x38, 0x35, 0x3b, 0x00,
  0x6d, 0x75, 0x6c, 0x2e, 0x66, 0x74, 0x7a, 0x2e, 0x66, 0x33, 0x32, 0x20,
  0x09, 0x25, 0x66, 0x32, 0x33, 0x32, 0x2c, 0x20, 0x25, 0x66, 0x32, 0x33,
  0x31, 0x2c, 0x20, 0x30, 0x66, 0x33, 0x46, 0x42, 0x38, 0x41, 0x41, 0x33,
  0x42, 0x3b, 0x00, 0x65, 0x78, 0x32, 0x2e, 0x61, 0x70, 0x70, 0x72, 0x6f,
  0x78, 0x2e, 0x66, 0x74, 0x7a, 0x2e, 0x66, 0x33, 0x32, 0x20, 0x09, 0x25,
  0x66, 0x34, 0x30, 0x34, 0x2c, 0x20, 0x25, 0x66, 0x32, 0x33, 0x32, 0x3b,
  0x00, 0x73, 0x75, 0x62, 0x2e, 0x66, 0x74, 0x7a, 0x2e, 0x66, 0x33, 0x32,
  0x20, 0x09, 0x25, 0x66, 0x32, 0x33, 0x33, 0x2c, 0x20, 0x25, 0x66, 0x33,
  0x38, 0x37, 0x2c, 0x20, 0x25, 0x66, 0x38, 0x35, 0x3b, 0x00, 0x6d, 0x75,
  0x6c, 0x2e, 0x66, 0x74, 0x7a, 0x2e, 0x66, 0x33, 0x32, 0x20, 0x09, 0x25,
  0x66, 0x32, 0x33, 0x34, 0x2c, 0x20, 0x25, 0x66, 0x32, 0x33, 0x33, 0x2c,
  0x20, 0x30, 0x66, 0x33, 0x46, 0x42, 0x38, 0x41, 0x41, 0x33, 0x42, 0x3b,
  0x00, 0x65, 0x78, 0x32, 0x2e, 0x61, 0x70, 0x70, 0x72, 0x6f, 0x78, 0x2e,
  0x66, 0x74, 0x7a, 0x2e, 0x66, 0x33, 0x32, 0x20, 0x09, 0x25, 0x66, 0x34,
  0x30, 0x33, 0x2c, 0x20, 0x25, 0x66, 0x32, 0x33, 0x34, 0x3b, 0x00, 0x73,
  0x75, 0x62, 0x2e, 0x66, 0x74, 0x7a, 0x2e, 0x66, 0x33, 0x32, 0x20, 0x09,
  0x25, 0x66, 0x32, 0x33, 0x35, 0x2c, 0x20, 0x25, 0x66, 0x33, 0x38, 0x36,
  0x2c, 0x20, 0x25, 0x66, 0x38, 0x35, 0x3b, 0x00, 0x6d, 0x75, 0x6c, 0x2e,
  0x66, 0x74, 0x7a, 0x2e, 0x66, 0x33, 0x32, 0x20, 0x09, 0x25, 0x66, 0x32,
  0x33, 0x36, 0x2c, 0x20, 0x25, 0x66, 0x32, 0x33, 0x35, 0x2c, 0x20, 0x30,
  0x66, 0x33, 0x46, 0x42, 0x38, 0x41, 0x41, 0x33, 0x42, 0x3b, 0x00, 0x65,
  0x78, 0x32, 0x2e, 0x61, 0x70, 0x70, 0x72, 0x6f, 0x78, 0x2e, 0x66, 0x74,
  0x7a, 0x2e, 0x66, 0x33, 0x32, 0x20, 0x09, 0x25, 0x66, 0x34, 0x30, 0x32,
  0x2c, 0x20, 0x25, 0x66, 0x32, 0x33, 0x36, 0x3b, 0x00, 0x73, 0x75, 0x62,
  0x2e, 0x66, 0x74, 0x7a, 0x2e, 0x66, 0x33, 0x32, 0x20, 0x09, 0x25, 0x66,
  0x32, 0x33, 0x37, 0x2c, 0x20, 0x25, 0x66, 0x33, 0x38, 0x35, 0x2c, 0x20,
  0x25, 0x66, 0x38, 0x35, 0x3b, 0x00, 0x6d, 0x75, 0x6c, 0x2e, 0x66, 0x74,
  0x7a, 0x2e, 0x66, 0x33, 0x32, 0x20, 0x09, 0x25, 0x66, 0x32, 0x33, 0x38,
  0x2c, 0x20, 0x25, 0x66, 0x32, 0x33, 0x37, 0x2c, 0x20, 0x30, 0x66, 0x33,
  0x46, 0x42, 0x38, 0x41, 0x41, 0x33, 0x42, 0x3b, 0x00, 0x65, 0x78, 0x32,
  0x2e, 0x61, 0x70, 0x70, 0x72, 0x6f, 0x78, 0x2e, 0x66, 0x74, 0x7a, 0x2e,
  0x66, 0x33, 0x32, 0x20, 0x09, 0x25, 0x66, 0x34, 0x30, 0x31, 0x2c, 0x20,
  0x25, 0x66, 0x32, 0x33, 0x38, 0x3b, 0x00, 0x73, 0x75, 0x62, 0x2e, 0x66,
  0x74, 0x7a, 0x2e, 0x66, 0x33, 0x32, 0x20, 0x09, 0x25, 0x66, 0x32, 0x33,
  0x39, 0x2c, 0x20, 0x25, 0x66, 0x33, 0x38, 0x34, 0x2c, 0x20, 0x25, 0x66,
  0x38, 0x35, 0x3b, 0x00, 0x6d, 0x75, 0x6c, 0x2e, 0x66, 0x74, 0x7a, 0x2e,
  0x66, 0x33, 0x32, 0x20, 0x09, 0x25, 0x66, 0x32, 0x34, 0x30, 0x2c, 0x20,
  0x25, 0x66, 0x32, 0x33, 0x39, 0x2c, 0x20, 0x30, 0x66, 0x33, 0x46, 0x42,
  0x38, 0x41, 0x41, 0x33, 0x42, 0x3b, 0x00, 0x65, 0x78, 0x32, 0x2e, 0x61,
  0x70, 0x70, 0x72, 0x6f, 0x78, 0x2e, 0x66, 0x74, 0x7a, 0x2e, 0x66, 0x33,
  0x32, 0x20, 0x09, 0x25, 0x66, 0x34, 0x30, 0x30, 0x2c, 0x20, 0x25, 0x66,
  0x32, 0x34, 0x30, 0x3b, 0x00, 0x73, 0x75, 0x62, 0x2e, 0x66, 0x74, 0x7a,
  0x2e, 0x66, 0x33, 0x32, 0x20, 0x09, 0x25, 0x66, 0x32, 0x34, 0x31, 0x2c,
  0x20, 0x25, 0x66, 0x33, 0x38, 0x33, 0x2c, 0x20, 0x25, 0x66, 0x38, 0x35,
  0x3b, 0x00, 0x6d, 0x75, 0x6c, 0x2e, 0x66, 0x74, 0x7a, 0x2e, 0x66, 0x33,
  0x32, 0x20, 0x09, 0x25, 0x66, 0x32, 0x34, 0x32, 0x2c, 0x20, 0x25, 0x66,
  0x32, 0x34, 0x31, 0x2c, 0x20, 0x30, 0x66, 0x33, 0x46, 0x42, 0x38, 0x41,
  0x41, 0x33, 0x42, 0x3b, 0x00, 0x65, 0x78, 0x32, 0x2e, 0x61, 0x70, 0x70,
  0x72, 0x6f, 0x78, 0x2e, 0x66, 0x74, 0x7a, 0x2e, 0x66, 0x33, 0x32, 0x20,
  0x09, 0x25, 0x66, 0x33, 0x39, 0x39, 0x2c, 0x20, 0x25, 0x66, 0x32, 0x34,
  0x32, 0x3b, 0x00, 0x73, 0x75, 0x62, 0x2e, 0x66, 0x74, 0x7a, 0x2e, 0x66,
  0x33, 0x32, 0x20, 0x09, 0x25, 0x66, 0x32, 0x34, 0x33, 0x2c, 0x20, 0x25,
  0x66, 0x33, 0x38, 0x32, 0x2c, 0x20, 0x25, 0x66, 0x38, 0x36, 0x3b, 0x00,
  0x6d, 0x75, 0x6c, 0x2e, 0x66, 0x74, 0x7a, 0x2e, 0x66, 0x33, 0x32, 0x20,
  0x09, 0x25, 0x66, 0x32, 0x34, 0x34, 0x2c, 0x20, 0x25, 0x66, 0x32, 0x34,
  0x33, 0x2c, 0x20, 0x30, 0x66, 0x33, 0x46, 0x42, 0x38, 0x41, 0x41, 0x33,
  0x42, 0x3b, 0x00, 0x65, 0x78, 0x32, 0x2e, 0x61, 0x70, 0x70, 0x72, 0x6f,
  0x78, 0x2e, 0x66, 0x74, 0x7a, 0x2e, 0x66, 0x33, 0x32, 0x20, 0x09, 0x25,
  0x66, 0x33, 0x39, 0x38, 0x2c, 0x20, 0x25, 0x66, 0x32, 0x34, 0x34, 0x3b,
  0x00, 0x73, 0x75, 0x62, 0x2e, 0x66, 0x74, 0x7a, 0x2e, 0x66, 0x33, 0x32,
  0x20, 0x09, 0x25, 0x66, 0x32, 0x34, 0x35, 0x2c, 0x20, 0x25, 0x66, 0x33,
  0x38, 0x31, 0x2c, 0x20, 0x25, 0x66, 0x38, 0x36, 0x3b, 0x00, 0x6d, 0x75,
  0x6c, 0x2e, 0x66, 0x74, 0x7a, 0x2e, 0x66, 0x33, 0x32, 0x20, 0x09, 0x25,
  0x66, 0x32, 0x34, 0x36, 0x2c, 0x20, 0x25, 0x66, 0x32, 0x34, 0x35, 0x2c,
  0x20, 0x30, 0x66, 0x33, 0x46, 0x42, 0x38, 0x41, 0x41, 0x33, 0x42, 0x3b,
  0x00, 0x65, 0x78, 0x32, 0x2e, 0x61, 0x70, 0x70, 0x72, 0x6f, 0x78, 0x2e,
  0x66, 0x74, 0x7a, 0x2e, 0x66, 0x33, 0x32, 0x20, 0x09, 0x25, 0x66, 0x33,
  0x39, 0x37, 0x2c, 0x20, 0x25, 0x66, 0x32, 0x34, 0x36, 0x3b, 0x00, 0x73,
  0x75, 0x62, 0x2e, 0x66, 0x74, 0x7a, 0x2e, 0x66, 0x33, 0x32, 0x20, 0x09,
  0x25, 0x66, 0x32, 0x34, 0x37, 0x2c, 0x20, 0x25, 0x66, 0x33, 0x38, 0x30,
  0x2c, 0x20, 0x25, 0x66, 0x38, 0x36, 0x3b, 0x00, 0x6d, 0x75, 0x6c, 0x2e,
  0x66, 0x74, 0x7a, 0x2e, 0x66, 0x33, 0x32, 0x20, 0x09, 0x25, 0x66, 0x32,
  0x34, 0x38, 0x2c, 0x20, 0x25, 0x66, 0x32, 0x34, 0x37, 0x2c, 0x20, 0x30,
  0x66, 0x33, 0x46, 0x42, 0x38, 0x41, 0x41, 0x33, 0x42, 0x3b, 0x00, 0x65,
  0x78, 0x32, 0x2e, 0x61, 0x70, 0x70, 0x72, 0x6f, 0x78, 0x2e, 0x66, 0x74,
  0x7a, 0x2e, 0x66, 0x33, 0x32, 0x20, 0x09, 0x25, 0x66, 0x33, 0x39, 0x36,
  0x2c, 0x20, 0x25, 0x66, 0x32, 0x34, 0x38, 0x3b, 0x00, 0x73, 0x75, 0x62,
  0x2e, 0x66, 0x74, 0x7a, 0x2e, 0x66, 0x33, 0x32, 0x20, 0x09, 0x25, 0x66,
  0x32, 0x34, 0x39, 0x2c, 0x20, 0x25, 0x66, 0x33, 0x37, 0x39, 0x2c, 0x20,
  0x25, 0x66, 0x38, 0x36, 0x3b, 0x00, 0x6d, 0x75, 0x6c, 0x2e, 0x66, 0x74,
  0x7a, 0x2e, 0x66, 0x33, 0x32, 0x20, 0x09, 0x25, 0x66, 0x32, 0x35, 0x30,
  0x2c, 0x20, 0x25, 0x66, 0x32, 0x34, 0x39, 0x2c, 0x20, 0x30, 0x66, 0x33,
  0x46, 0x42, 0x38, 0x41, 0x41, 0x33, 0x42, 0x3b, 0x00, 0x65, 0x78, 0x32,
  0x2e, 0x61, 0x70, 0x70, 0x72, 0x6f, 0x78, 0x2e, 0x66, 0x74, 0x7a, 0x2e,
  0x66, 0x33, 0x32, 0x20, 0x09, 0x25, 0x66, 0x33, 0x39, 0x35, 0x2c, 0x20,
  0x25, 0x66, 0x32, 0x35, 0x30, 0x3b, 0x00, 0x73, 0x75, 0x62, 0x2e, 0x66,
  0x74, 0x7a, 0x2e, 0x66, 0x33, 0x32, 0x20, 0x09, 0x25, 0x66, 0x32, 0x35,
  0x31, 0x2c, 0x20, 0x25, 0x66, 0x33, 0x37, 0x38, 0x2c, 0x20, 0x25, 0x66,
  0x38, 0x36, 0x3b, 0x00, 0x6d, 0x75, 0x6c, 0x2e, 0x66, 0x74, 0x7a, 0x2e,
  0x66, 0x33, 0x32, 0x20, 0x09, 0x25, 0x66, 0x32, 0x35, 0x32, 0x2c, 0x20,
  0x25, 0x66, 0x32, 0x35, 0x31, 0x2c, 0x20, 0x30, 0x66, 0x33, 0x46, 0x42,
  0x38, 0x41, 0x41, 0x33, 0x42, 0x3b, 0x00, 0x65, 0x78, 0x32, 0x2e, 0x61,
  0x70, 0x70, 0x72, 0x6f, 0x78, 0x2e, 0x66, 0x74, 0x7a, 0x2e, 0x66, 0x33,
  0x32, 0x20, 0x09, 0x25, 0x66, 0x33, 0x39, 0x34, 0x2c, 0x20, 0x25, 0x66,
  0x32, 0x35, 0x32, 0x3b, 0x00, 0x73, 0x75, 0x62, 0x2e, 0x66, 0x74, 0x7a,
  0x2e, 0x66, 0x33, 0x32, 0x20, 0x09, 0x25, 0x66, 0x32, 0x35, 0x33, 0x2c,
  0x20, 0x25, 0x66, 0x33, 0x37, 0x37, 0x2c, 0x20, 0x25, 0x66, 0x38, 0x36,
  0x3b, 0x00, 0x6d, 0x75, 0x6c, 0x2e, 0x66, 0x74, 0x7a, 0x2e, 0x66, 0x33,
  0x32, 0x20, 0x09, 0x25, 0x66, 0x32, 0x35, 0x34, 0x2c, 0x20, 0x25, 0x66,
  0x32, 0x35, 0x33, 0x2c, 0x20, 0x30, 0x66, 0x33, 0x46, 0x42, 0x38, 0x41,
  0x41, 0x33, 0x42, 0x3b, 0x00, 0x65, 0x78, 0x32, 0x2e, 0x61, 0x70, 0x70,
  0x72, 0x6f, 0x78, 0x2e, 0x66, 0x74, 0x7a, 0x2e, 0x66, 0x33, 0x32, 0x20,
  0x09, 0x25, 0x66, 0x33, 0x39, 0x33, 0x2c, 0x20, 0x25, 0x66, 0x32, 0x35,
  0x34, 0x3b, 0x00, 0x73, 0x75, 0x62, 0x2e, 0x66, 0x74, 0x7a, 0x2e, 0x66,
  0x33, 0x32, 0x20, 0x09, 0x25, 0x66, 0x32, 0x35, 0x35, 0x2c, 0x20, 0x25,
  0x66, 0x33, 0x37, 0x36, 0x2c, 0x20, 0x25, 0x66, 0x38, 0x36, 0x3b, 0x00,
  0x6d, 0x75, 0x6c, 0x2e, 0x66, 0x74, 0x7a, 0x2e, 0x66, 0x33, 0x32, 0x20,
  0x09, 0x25, 0x66, 0x32, 0x35, 0x36, 0x2c, 0x20, 0x25, 0x66, 0x32, 0x35,
  0x35, 0x2c, 0x20, 0x30, 0x66, 0x33, 0x46, 0x42, 0x38, 0x41, 0x41, 0x33,
  0x42, 0x3b, 0x00, 0x65, 0x78, 0x32, 0x2e, 0x61, 0x70, 0x70, 0x72, 0x6f,
  0x78, 0x2e, 0x66, 0x74, 0x7a, 0x2e, 0x66, 0x33, 0x32, 0x20, 0x09, 0x25,
  0x66, 0x33, 0x39, 0x32, 0x2c, 0x20, 0x25, 0x66, 0x32, 0x35, 0x36, 0x3b,
  0x00, 0x73, 0x75, 0x62, 0x2e, 0x66, 0x74, 0x7a, 0x2e, 0x66, 0x33, 0x32,
  0x20, 0x09, 0x25, 0x66, 0x32, 0x35, 0x37, 0x2c, 0x20, 0x25, 0x66, 0x33,
  0x37, 0x35, 0x2c, 0x20, 0x25, 0x66, 0x38, 0x36, 0x3b, 0x00, 0x6d, 0x75,
  0x6c, 0x2e, 0x66, 0x74, 0x7a, 0x2e, 0x66, 0x33, 0x32, 0x20, 0x09, 0x25,
  0x66, 0x32, 0x35, 0x38, 0x2c, 0x20, 0x25, 0x66, 0x32, 0x35, 0x37, 0x2c,
  0x20, 0x30, 0x66, 0x33, 0x46, 0x42, 0x38, 0x41, 0x41, 0x33, 0x42, 0x3b,
  0x00, 0x65, 0x78, 0x32, 0x2e, 0x61, 0x70, 0x70, 0x72, 0x6f, 0x78, 0x2e,
  0x66, 0x74, 0x7a, 0x2e, 0x66, 0x33, 0x32, 0x20, 0x09, 0x25, 0x66, 0x33,
  0x39, 0x31, 0x2c, 0x20, 0x25, 0x66, 0x32, 0x35, 0x38, 0x3b, 0x00, 0x00,
  0x00, 0x00, 0x61, 0x64, 0x64, 0x2e, 0x66, 0x74, 0x7a, 0x2e, 0x66, 0x33,
  0x32, 0x20, 0x09, 0x25, 0x66, 0x32, 0x35, 0x39, 0x2c, 0x20, 0x25, 0x66,
  0x34, 0x30, 0x36, 0x2c, 0x20, 0x25, 0x66, 0x34, 0x30, 0x35, 0x3b, 0x00,
  0x61, 0x64, 0x64, 0x2e, 0x66, 0x74, 0x7a, 0x2e, 0x66, 0x33, 0x32, 0x20,
  0x09, 0x25, 0x66, 0x32, 0x36, 0x30, 0x2c, 0x20, 0x25, 0x66, 0x32, 0x35,
  0x39, 0x2c, 0x20, 0x30, 0x66, 0x30, 0x30, 0x30, 0x30, 0x30, 0x30, 0x30,
  0x30, 0x3b, 0x00, 0x00, 0x61, 0x64, 0x64, 0x2e, 0x66, 0x74, 0x7a, 0x2e,
  0x66, 0x33, 0x32, 0x20, 0x09, 0x25, 0x66, 0x32, 0x36, 0x31, 0x2c, 0x20,
  0x25, 0x66, 0x34, 0x30, 0x34, 0x2c, 0x20, 0x25, 0x66, 0x34, 0x30, 0x33,
  0x3b, 0x00, 0x61, 0x64, 0x64, 0x2e, 0x66, 0x74, 0x7a, 0x2e, 0x66, 0x33,
  0x32, 0x20, 0x09, 0x25, 0x66, 0x32, 0x36, 0x32, 0x2c, 0x20, 0x25, 0x66,
  0x32, 0x36, 0x31, 0x2c, 0x20, 0x30, 0x66, 0x30, 0x30, 0x30, 0x30, 0x30,
  0x30, 0x30, 0x30, 0x3b, 0x00, 0x00, 0x61, 0x64, 0x64, 0x2e, 0x66, 0x74,
  0x7a, 0x2e, 0x66, 0x33, 0x32, 0x20, 0x09, 0x25, 0x66, 0x32, 0x36, 0x33,
  0x2c, 0x20, 0x25, 0x66, 0x34, 0x30, 0x32, 0x2c, 0x20, 0x25, 0x66, 0x34,
  0x30, 0x31, 0x3b, 0x00, 0x61, 0x64, 0x64, 0x2e, 0x66, 0x74, 0x7a, 0x2e,
  0x66, 0x33, 0x32, 0x20, 0x09, 0x25, 0x66, 0x32, 0x36, 0x34, 0x2c, 0x20,
  0x25, 0x66, 0x32, 0x36, 0x30, 0x2c, 0x20, 0x25, 0x66, 0x32, 0x36, 0x33,
  0x3b, 0x00, 0x00, 0x61, 0x64, 0x64, 0x2e, 0x66, 0x74, 0x7a, 0x2e, 0x66,
  0x33, 0x32, 0x20, 0x09, 0x25, 0x66, 0x32, 0x36, 0x35, 0x2c, 0x20, 0x25,
  0x66, 0x34, 0x30, 0x30, 0x2c, 0x20, 0x25, 0x66, 0x33, 0x39, 0x39, 0x3b,
  0x00, 0x61, 0x64, 0x64, 0x2e, 0x66, 0x74, 0x7a, 0x2e, 0x66, 0x33, 0x32,
  0x20, 0x09, 0x25, 0x66, 0x32, 0x36, 0x36, 0x2c, 0x20, 0x25, 0x66, 0x32,
  0x36, 0x32, 0x2c, 0x20, 0x25, 0x66, 0x32, 0x36, 0x35, 0x3b, 0x00, 0x00,
  0x61, 0x64, 0x64, 0x2e, 0x66, 0x74, 0x7a, 0x2e, 0x66, 0x33, 0x32, 0x20,
  0x09, 0x25, 0x66, 0x32, 0x36, 0x37, 0x2c, 0x20, 0x25, 0x66, 0x32, 0x36,
  0x34, 0x2c, 0x20, 0x25, 0x66, 0x32, 0x36, 0x36, 0x3b, 0x00, 0x00, 0x61,
  0x64, 0x64, 0x2e, 0x66, 0x74, 0x7a, 0x2e, 0x66, 0x33, 0x32, 0x20, 0x09,
  0x25, 0x66, 0x32, 0x36, 0x38, 0x2c, 0x20, 0x25, 0x66, 0x33, 0x39, 0x38,
  0x2c, 0x20, 0x25, 0x66, 0x33, 0x39, 0x37, 0x3b, 0x00, 0x61, 0x64, 0x64,
  0x2e, 0x66, 0x74, 0x7a, 0x2e, 0x66, 0x33, 0x32, 0x20, 0x09, 0x25, 0x66,
  0x32, 0x36, 0x39, 0x2c, 0x20, 0x25, 0x66, 0x32, 0x36, 0x38, 0x2c, 0x20,
  0x30, 0x66, 0x30, 0x30, 0x30, 0x30, 0x30, 0x30, 0x30, 0x30, 0x3b, 0x00,
  0x00, 0x61, 0x64, 0x64, 0x2e, 0x66, 0x74, 0x7a, 0x2e, 0x66, 0x33, 0x32,
  0x20, 0x09, 0x25, 0x66, 0x32, 0x37, 0x30, 0x2c, 0x20, 0x25, 0x66, 0x33,
  0x39, 0x36, 0x2c, 0x20, 0x25, 0x66, 0x33, 0x39, 0x35, 0x3b, 0x00, 0x61,
  0x64, 0x64, 0x2e, 0x66, 0x74, 0x7a, 0x2e, 0x66, 0x33, 0x32, 0x20, 0x09,
  0x25, 0x66, 0x32, 0x37, 0x31, 0x2c, 0x20, 0x25, 0x66, 0x32, 0x37, 0x30,
  0x2c, 0x20, 0x30, 0x66, 0x30, 0x30, 0x30, 0x30, 0x30, 0x30, 0x30, 0x30,
  0x3b, 0x00, 0x00, 0x61, 0x64, 0x64, 0x2e, 0x66, 0x74, 0x7a, 0x2e, 0x66,
  0x33, 0x32, 0x20, 0x09, 0x25, 0x66, 0x32, 0x37, 0x32, 0x2c, 0x20, 0x25,
  0x66, 0x33, 0x39, 0x34, 0x2c, 0x20, 0x25, 0x66, 0x33, 0x39, 0x33, 0x3b,
  0x00, 0x61, 0x64, 0x64, 0x2e, 0x66, 0x74, 0x7a, 0x2e, 0x66, 0x33, 0x32,
  0x20, 0x09, 0x25, 0x66, 0x32, 0x37, 0x33, 0x2c, 0x20, 0x25, 0x66, 0x32,
  0x36, 0x39, 0x2c, 0x20, 0x25, 0x66, 0x32, 0x37, 0x32, 0x3b, 0x00, 0x00,
  0x61, 0x64, 0x64, 0x2e, 0x66, 0x74, 0x7a, 0x2e, 0x66, 0x33, 0x32, 0x20,
  0x09, 0x25, 0x66, 0x32, 0x37, 0x34, 0x2c, 0x20, 0x25, 0x66, 0x33, 0x39,
  0x32, 0x2c, 0x20, 0x25, 0x66, 0x33, 0x39, 0x31, 0x3b, 0x00, 0x61, 0x64,
  0x64, 0x2e, 0x66, 0x74, 0x7a, 0x2e, 0x66, 0x33, 0x32, 0x20, 0x09, 0x25,
  0x66, 0x32, 0x37, 0x35, 0x2c, 0x20, 0x25, 0x66, 0x32, 0x37, 0x31, 0x2c,
  0x20, 0x25, 0x66, 0x32, 0x37, 0x34, 0x3b, 0x00, 0x00, 0x61, 0x64, 0x64,
  0x2e, 0x66, 0x74, 0x7a, 0x2e, 0x66, 0x33, 0x32, 0x20, 0x09, 0x25, 0x66,
  0x32, 0x37, 0x36, 0x2c, 0x20, 0x25, 0x66, 0x32, 0x37, 0x33, 0x2c, 0x20,
  0x25, 0x66, 0x32, 0x37, 0x35, 0x3b, 0x00, 0x00, 0x00, 0x6d, 0x6f, 0x76,
  0x2e, 0x62, 0x33, 0x32, 0x20, 0x09, 0x25, 0x72, 0x31, 0x39, 0x36, 0x38,
  0x2c, 0x20, 0x25, 0x66, 0x32, 0x36, 0x37, 0x3b, 0x00, 0x73, 0x68, 0x66,
  0x6c, 0x2e, 0x73, 0x79, 0x6e, 0x63, 0x2e, 0x62, 0x66, 0x6c, 0x79, 0x2e,
  0x62, 0x33, 0x32, 0x20, 0x09, 0x25, 0x72, 0x31, 0x39, 0x36, 0x39, 0x7c,
  0x25, 0x70, 0x37, 0x34, 0x2c, 0x20, 0x25, 0x72, 0x31, 0x39, 0x36, 0x38,
  0x2c, 0x20, 0x25, 0x72, 0x31, 0x39, 0x35, 0x38, 0x2c, 0x20, 0x25, 0x72,
  0x31, 0x39, 0x35, 0x37, 0x2c, 0x20, 0x25, 0x72, 0x31, 0x39, 0x35, 0x39,
  0x3b, 0x00, 0x00, 0x6d, 0x6f, 0x76, 0x2e, 0x62, 0x33, 0x32, 0x20, 0x09,
  0x25, 0x66, 0x32, 0x37, 0x37, 0x2c, 0x20, 0x25, 0x72, 0x31, 0x39, 0x36,
  0x39, 0x3b, 0x00, 0x00, 0x00, 0x61, 0x64, 0x64, 0x2e, 0x66, 0x74, 0x7a,
  0x2e, 0x66, 0x33, 0x32, 0x20, 0x09, 0x25, 0x66, 0x32, 0x37, 0x38, 0x2c,
  0x20, 0x25, 0x66, 0x32, 0x36, 0x37, 0x2c, 0x20, 0x25, 0x66, 0x32, 0x37,
  0x37, 0x3b, 0x00, 0x00, 0x00, 0x6d, 0x6f, 0x76, 0x2e, 0x62, 0x33, 0x32,
  0x20, 0x09, 0x25, 0x72, 0x31, 0x39, 0x37, 0x30, 0x2c, 0x20, 0x25, 0x66,
  0x32, 0x37, 0x38, 0x3b, 0x00, 0x73, 0x68, 0x66, 0x6c, 0x2e, 0x73, 0x79,
  0x6e, 0x63, 0x2e, 0x62, 0x66, 0x6c, 0x79, 0x2e, 0x62, 0x33, 0x32, 0x20,
  0x09, 0x25, 0x72, 0x31, 0x39, 0x37, 0x31, 0x7c, 0x25, 0x70, 0x37, 0x35,
  0x2c, 0x20, 0x25, 0x72, 0x31, 0x39, 0x37, 0x30, 0x2c, 0x20, 0x25, 0x72,
  0x31, 0x39, 0x36, 0x32, 0x2c, 0x20, 0x25, 0x72, 0x31, 0x39, 0x35, 0x37,
  0x2c, 0x20, 0x25, 0x72, 0x31, 0x39, 0x35, 0x39, 0x3b, 0x00, 0x00, 0x6d,
  0x6f, 0x76, 0x2e, 0x62, 0x33, 0x32, 0x20, 0x09, 0x25, 0x66, 0x32, 0x37,
  0x39, 0x2c, 0x20, 0x25, 0x72, 0x31, 0x39, 0x37, 0x31, 0x3b, 0x00, 0x00,
  0x00, 0x61, 0x64, 0x64, 0x2e, 0x66, 0x74, 0x7a, 0x2e, 0x66, 0x33, 0x32,
  0x20, 0x09, 0x25, 0x66, 0x32, 0x38, 0x30, 0x2c, 0x20, 0x25, 0x66, 0x32,
  0x37, 0x38, 0x2c, 0x20, 0x25, 0x66, 0x32, 0x37, 0x39, 0x3b, 0x00, 0x00,
  0x6d, 0x6f, 0x76, 0x2e, 0x62, 0x33, 0x32, 0x20, 0x09, 0x25, 0x72, 0x31,
  0x39, 0x37, 0x32, 0x2c, 0x20, 0x25, 0x66, 0x32, 0x37, 0x36, 0x3b, 0x00,
  0x73, 0x68, 0x66, 0x6c, 0x2e, 0x73, 0x79, 0x6e, 0x63, 0x2e, 0x62, 0x66,
  0x6c, 0x79, 0x2e, 0x62, 0x33, 0x32, 0x20, 0x09, 0x25, 0x72, 0x31, 0x39,
  0x37, 0x33, 0x7c, 0x25, 0x70, 0x37, 0x36, 0x2c, 0x20, 0x25, 0x72, 0x31,
  0x39, 0x37, 0x32, 0x2c, 0x20, 0x25, 0x72, 0x31, 0x39, 0x35, 0x38, 0x2c,
  0x20, 0x25, 0x72, 0x31, 0x39, 0x35, 0x37, 0x2c, 0x20, 0x25, 0x72, 0x31,
  0x39, 0x35, 0x39, 0x3b, 0x00, 0x00, 0x6d, 0x6f, 0x76, 0x2e, 0x62, 0x33,
  0x32, 0x20, 0x09, 0x25, 0x66, 0x32, 0x38, 0x31, 0x2c, 0x20, 0x25, 0x72,
  0x31, 0x39, 0x37, 0x33, 0x3b, 0x00, 0x00, 0x61, 0x64, 0x64, 0x2e, 0x66,
  0x74, 0x7a, 0x2e, 0x66, 0x33, 0x32, 0x20, 0x09, 0x25, 0x66, 0x32, 0x38,
  0x32, 0x2c, 0x20, 0x25, 0x66, 0x32, 0x37, 0x36, 0x2c, 0x20, 0x25, 0x66,
  0x32, 0x38, 0x31, 0x3b, 0x00, 0x00, 0x6d, 0x6f, 0x76, 0x2e, 0x62, 0x33,
  0x32, 0x20, 0x09, 0x25, 0x72, 0x31, 0x39, 0x37, 0x34, 0x2c, 0x20, 0x25,
  0x66, 0x32, 0x38, 0x32, 0x3b, 0x00, 0x73, 0x68, 0x66, 0x6c, 0x2e, 0x73,
  0x79, 0x6e, 0x63, 0x2e, 0x62, 0x66, 0x6c, 0x79, 0x2e, 0x62, 0x33, 0x32,
  0x20, 0x09, 0x25, 0x72, 0x31, 0x39, 0x37, 0x35, 0x7c, 0x25, 0x70, 0x37,
  0x37, 0x2c, 0x20, 0x25, 0x72, 0x31, 0x39, 0x37, 0x34, 0x2c, 0x20, 0x25,
  0x72, 0x31, 0x39, 0x36, 0x32, 0x2c, 0x20, 0x25, 0x72, 0x31, 0x39, 0x35,
  0x37, 0x2c, 0x20, 0x25, 0x72, 0x31, 0x39, 0x35, 0x39, 0x3b, 0x00, 0x00,
  0x6d, 0x6f, 0x76, 0x2e, 0x62, 0x33, 0x32, 0x20, 0x09, 0x25, 0x66, 0x32,
  0x38, 0x33, 0x2c, 0x20, 0x25, 0x72, 0x31, 0x39, 0x37, 0x35, 0x3b, 0x00,
  0x00, 0x61, 0x64, 0x64, 0x2e, 0x66, 0x74, 0x7a, 0x2e, 0x66, 0x33, 0x32,
  0x20, 0x09, 0x25, 0x66, 0x32, 0x38, 0x34, 0x2c, 0x20, 0x25, 0x66, 0x32,
  0x38, 0x32, 0x2c, 0x20, 0x25, 0x66, 0x32, 0x38, 0x33, 0x3b, 0x00, 0x00,
  0x66, 0x6d, 0x61, 0x2e, 0x72, 0x6e, 0x2e, 0x66, 0x74, 0x7a, 0x2e, 0x66,
  0x33, 0x32, 0x20, 0x09, 0x25, 0x66, 0x33, 0x37, 0x32, 0x2c, 0x20, 0x25,
  0x66, 0x32, 0x31, 0x32, 0x2c, 0x20, 0x25, 0x66, 0x33, 0x37, 0x32, 0x2c,
  0x20, 0x25, 0x66, 0x32, 0x38, 0x30, 0x3b, 0x00, 0x66, 0x6d, 0x61, 0x2e,
  0x72, 0x6e, 0x2e, 0x66, 0x74, 0x7a, 0x2e, 0x66, 0x33, 0x32, 0x20, 0x09,
  0x25, 0x66, 0x33, 0x37, 0x31, 0x2c, 0x20, 0x25, 0x66, 0x32, 0x31, 0x34,
  0x2c, 0x20, 0x25, 0x66, 0x33, 0x37, 0x31, 0x2c, 0x20, 0x25, 0x66, 0x32,
  0x38, 0x34, 0x3b, 0x00, 0x00, 0x6d, 0x6f, 0x76, 0x2e, 0x66, 0x33, 0x32,
  0x20, 0x09, 0x25, 0x66, 0x33, 0x36, 0x39, 0x2c, 0x20, 0x25, 0x66, 0x38,
  0x36, 0x3b, 0x00, 0x6d, 0x6f, 0x76, 0x2e, 0x66, 0x33, 0x32, 0x20, 0x09,
  0x25, 0x66, 0x33, 0x37, 0x30, 0x2c, 0x20, 0x25, 0x66, 0x38, 0x35, 0x3b,
  0x00, 0x62, 0x72, 0x61, 0x2e, 0x75, 0x6e, 0x69, 0x20, 0x09, 0x24, 0x4c,
  0x5f, 0x5f, 0x42, 0x42, 0x30, 0x5f, 0x32, 0x32, 0x3b, 0x00, 0x00, 0x24,
  0x4c, 0x5f, 0x5f, 0x42, 0x42, 0x30, 0x5f, 0x32, 0x31, 0x3a, 0x00, 0x00,
  0x6d, 0x6f, 0x76, 0x2e, 0x75, 0x33, 0x32, 0x20, 0x09, 0x25, 0x72, 0x31,
  0x39, 0x37, 0x36, 0x2c, 0x20, 0x33, 0x31, 0x3b, 0x00, 0x6d, 0x6f, 0x76,
  0x2e, 0x75, 0x33, 0x32, 0x20, 0x09, 0x25, 0x72, 0x31, 0x39, 0x37, 0x37,
  0x2c, 0x20, 0x31, 0x3b, 0x00, 0x6d, 0x6f, 0x76, 0x2e, 0x75, 0x33, 0x32,
  0x20, 0x09, 0x25, 0x72, 0x31, 0x39, 0x37, 0x38, 0x2c, 0x20, 0x2d, 0x31,
  0x3b, 0x00, 0x73, 0x68, 0x66, 0x6c, 0x2e, 0x73, 0x79, 0x6e, 0x63, 0x2e,
  0x62, 0x66, 0x6c, 0x79, 0x2e, 0x62, 0x33, 0x32, 0x20, 0x09, 0x25, 0x72,
  0x31, 0x39, 0x37, 0x39, 0x7c, 0x25, 0x70, 0x37, 0x38, 0x2c, 0x20, 0x25,
  0x72, 0x35, 0x36, 0x37, 0x2c, 0x20, 0x25, 0x72, 0x31, 0x39, 0x37, 0x37,
  0x2c, 0x20, 0x25, 0x72, 0x31, 0x39, 0x37, 0x36, 0x2c, 0x20, 0x25, 0x72,
  0x31, 0x39, 0x37, 0x38, 0x3b, 0x00, 0x00, 0x6d, 0x6f, 0x76, 0x2e, 0x62,
  0x33, 0x32, 0x20, 0x09, 0x25, 0x66, 0x32, 0x38, 0x35, 0x2c, 0x20, 0x25,
  0x72, 0x31, 0x39, 0x37, 0x39, 0x3b, 0x00, 0x00, 0x00, 0x6d, 0x61, 0x78,
  0x2e, 0x66, 0x74, 0x7a, 0x2e, 0x66, 0x33, 0x32, 0x20, 0x09, 0x25, 0x66,
  0x32, 0x38, 0x36, 0x2c, 0x20, 0x25, 0x66, 0x38, 0x33, 0x2c, 0x20, 0x25,
  0x66, 0x32, 0x38, 0x35, 0x3b, 0x00, 0x00, 0x00, 0x6d, 0x6f, 0x76, 0x2e,
  0x62, 0x33, 0x32, 0x20, 0x09, 0x25, 0x72, 0x31, 0x39, 0x38, 0x30, 0x2c,
  0x20, 0x25, 0x66, 0x32, 0x38, 0x36, 0x3b, 0x00, 0x6d, 0x6f, 0x76, 0x2e,
  0x75, 0x33, 0x32, 0x20, 0x09, 0x25, 0x72, 0x31, 0x39, 0x38, 0x31, 0x2c,
  0x20, 0x32, 0x3b, 0x00, 0x73, 0x68, 0x66, 0x6c, 0x2e, 0x73, 0x79, 0x6e,
  0x63, 0x2e, 0x62, 0x66, 0x6c, 0x79, 0x2e, 0x62, 0x33, 0x32, 0x20, 0x09,
  0x25, 0x72, 0x31, 0x39, 0x38, 0x32, 0x7c, 0x25, 0x70, 0x37, 0x39, 0x2c,
  0x20, 0x25, 0x72, 0x31, 0x39, 0x38, 0x30, 0x2c, 0x20, 0x25, 0x72, 0x31,
  0x39, 0x38, 0x31, 0x2c, 0x20, 0x25, 0x72, 0x31, 0x39, 0x37, 0x36, 0x2c,
  0x20, 0x25, 0x72, 0x31, 0x39, 0x37, 0x38, 0x3b, 0x00, 0x00, 0x6d, 0x6f,
  0x76, 0x2e, 0x62, 0x33, 0x32, 0x20, 0x09, 0x25, 0x66, 0x32, 0x38, 0x37,
  0x2c, 0x20, 0x25, 0x72, 0x31, 0x39, 0x38, 0x32, 0x3b, 0x00, 0x00, 0x00,
  0x6d, 0x61, 0x78, 0x2e, 0x66, 0x74, 0x7a, 0x2e, 0x66, 0x33, 0x32, 0x20,
  0x09, 0x25, 0x66, 0x33, 0x37, 0x30, 0x2c, 0x20, 0x25, 0x66, 0x32, 0x38,
  0x36, 0x2c, 0x20, 0x25, 0x66, 0x32, 0x38, 0x37, 0x3b, 0x00, 0x00, 0x6d,
  0x6f, 0x76, 0x2e, 0x62, 0x33, 0x32, 0x20, 0x09, 0x25, 0x72, 0x31, 0x39,
  0x38, 0x33, 0x2c, 0x20, 0x25, 0x66, 0x38, 0x34, 0x3b, 0x00, 0x73, 0x68,
  0x66, 0x6c, 0x2e, 0x73, 0x79, 0x6e, 0x63, 0x2e, 0x62, 0x66, 0x6c, 0x79,
  0x2e, 0x62, 0x33, 0x32, 0x20, 0x09, 0x25, 0x72, 0x31, 0x39, 0x38, 0x34,
  0x7c, 0x25, 0x70, 0x38, 0x30, 0x2c, 0x20, 0x25, 0x72, 0x31, 0x39, 0x38,
  0x33, 0x2c, 0x20, 0x25, 0x72, 0x31, 0x39, 0x37, 0x37, 0x2c, 0x20, 0x25,
  0x72, 0x31, 0x39, 0x37, 0x36, 0x2c, 0x20, 0x25, 0x72, 0x31, 0x39, 0x37,
  0x38, 0x3b, 0x00, 0x00, 0x6d, 0x6f, 0x76, 0x2e, 0x62, 0x33, 0x32, 0x20,
  0x09, 0x25, 0x66, 0x32, 0x38, 0x38, 0x2c, 0x20, 0x25, 0x72, 0x31, 0x39,
  0x38, 0x34, 0x3b, 0x00, 0x00, 0x6d, 0x61, 0x78, 0x2e, 0x66, 0x74, 0x7a,
  0x2e, 0x66, 0x33, 0x32, 0x20, 0x09, 0x25, 0x66, 0x32, 0x38, 0x39, 0x2c,
  0x20, 0x25, 0x66, 0x38, 0x34, 0x2c, 0x20, 0x25, 0x66, 0x32, 0x38, 0x38,
  0x3b, 0x00, 0x00, 0x6d, 0x6f, 0x76, 0x2e, 0x62, 0x33, 0x32, 0x20, 0x09,
  0x25, 0x72, 0x31, 0x39, 0x38, 0x35, 0x2c, 0x20, 0x25, 0x66, 0x32, 0x38,
  0x39, 0x3b, 0x00, 0x73, 0x68, 0x66, 0x6c, 0x2e, 0x73, 0x79, 0x6e, 0x63,
  0x2e, 0x62, 0x66, 0x6c, 0x79, 0x2e, 0x62, 0x33, 0x32, 0x20, 0x09, 0x25,
  0x72, 0x31, 0x39, 0x38, 0x36, 0x7c, 0x25, 0x70, 0x38, 0x31, 0x2c, 0x20,
  0x25, 0x72, 0x31, 0x39, 0x38, 0x35, 0x2c, 0x20, 0x25, 0x72, 0x31, 0x39,
  0x38, 0x31, 0x2c, 0x20, 0x25, 0x72, 0x31, 0x39, 0x37, 0x36, 0x2c, 0x20,
  0x25, 0x72, 0x31, 0x39, 0x37, 0x38, 0x3b, 0x00, 0x00, 0x6d, 0x6f, 0x76,
  0x2e, 0x62, 0x33, 0x32, 0x20, 0x09, 0x25, 0x66, 0x32, 0x39, 0x30, 0x2c,
  0x20, 0x25, 0x72, 0x31, 0x39, 0x38, 0x36, 0x3b, 0x00, 0x00, 0x6d, 0x61,
  0x78, 0x2e, 0x66, 0x74, 0x7a, 0x2e, 0x66, 0x33, 0x32, 0x20, 0x09, 0x25,
  0x66, 0x33, 0x36, 0x39, 0x2c, 0x20, 0x25, 0x66, 0x32, 0x38, 0x39, 0x2c,
  0x20, 0x25, 0x66, 0x32, 0x39, 0x30, 0x3b, 0x00, 0x00, 0x00, 0x73, 0x75,
  0x62, 0x2e, 0x66, 0x74, 0x7a, 0x2e, 0x66, 0x33, 0x32, 0x20, 0x09, 0x25,
  0x66, 0x32, 0x39, 0x31, 0x2c, 0x20, 0x25, 0x66, 0x33, 0x39, 0x30, 0x2c,
  0x20, 0x25, 0x66, 0x33, 0x37, 0x30, 0x3b, 0x00, 0x6d, 0x75, 0x6c, 0x2e,
  0x66, 0x74, 0x7a, 0x2e, 0x66, 0x33, 0x32, 0x20, 0x09, 0x25, 0x66, 0x32,
  0x39, 0x32, 0x2c, 0x20, 0x25, 0x66, 0x32, 0x39, 0x31, 0x2c, 0x20, 0x30,
  0x66, 0x33, 0x46, 0x42, 0x38, 0x41, 0x41, 0x33, 0x42, 0x3b, 0x00, 0x65,
  0x78, 0x32, 0x2e, 0x61, 0x70, 0x70, 0x72, 0x6f, 0x78, 0x2e, 0x66, 0x74,
  0x7a, 0x2e, 0x66, 0x33, 0x32, 0x20, 0x09, 0x25, 0x66, 0x34, 0x30, 0x36,
  0x2c, 0x20, 0x25, 0x66, 0x32, 0x39, 0x32, 0x3b, 0x00, 0x73, 0x75, 0x62,
  0x2e, 0x66, 0x74, 0x7a, 0x2e, 0x66, 0x33, 0x32, 0x20, 0x09, 0x25, 0x66,
  0x32, 0x39, 0x33, 0x2c, 0x20, 0x25, 0x66, 0x33, 0x38, 0x39, 0x2c, 0x20,
  0x25, 0x66, 0x33, 0x37, 0x30, 0x3b, 0x00, 0x6d, 0x75, 0x6c, 0x2e, 0x66,
  0x74, 0x7a, 0x2e, 0x66, 0x33, 0x32, 0x20, 0x09, 0x25, 0x66, 0x32, 0x39,
  0x34, 0x2c, 0x20, 0x25, 0x66, 0x32, 0x39, 0x33, 0x2c, 0x20, 0x30, 0x66,
  0x33, 0x46, 0x42, 0x38, 0x41, 0x41, 0x33, 0x42, 0x3b, 0x00, 0x65, 0x78,
  0x32, 0x2e, 0x61, 0x70, 0x70, 0x72, 0x6f, 0x78, 0x2e, 0x66, 0x74, 0x7a,
  0x2e, 0x66, 0x33, 0x32, 0x20, 0x09, 0x25, 0x66, 0x34, 0x30, 0x35, 0x2c,
  0x20, 0x25, 0x66, 0x32, 0x39, 0x34, 0x3b, 0x00, 0x73, 0x75, 0x62, 0x2e,
  0x66, 0x74, 0x7a, 0x2e, 0x66, 0x33, 0x32, 0x20, 0x09, 0x25, 0x66, 0x32,
  0x39, 0x35, 0x2c, 0x20, 0x25, 0x66, 0x33, 0x38, 0x38, 0x2c, 0x20, 0x25,
  0x66, 0x33, 0x37, 0x30, 0x3b, 0x00, 0x6d, 0x75, 0x6c, 0x2e, 0x66, 0x74,
  0x7a, 0x2e, 0x66, 0x33, 0x32, 0x20, 0x09, 0x25, 0x66, 0x32, 0x39, 0x36,
  0x2c, 0x20, 0x25, 0x66, 0x32, 0x39, 0x35, 0x2c, 0x20, 0x30, 0x66, 0x33,
  0x46, 0x42, 0x38, 0x41, 0x41, 0x33, 0x42, 0x3b, 0x00, 0x65, 0x78, 0x32,
  0x2e, 0x61, 0x70, 0x70, 0x72, 0x6f, 0x78, 0x2e, 0x66, 0x74, 0x7a, 0x2e,
  0x66, 0x33, 0x32, 0x20, 0x09, 0x25, 0x66, 0x34, 0x30, 0x34, 0x2c, 0x20,
  0x25, 0x66, 0x32, 0x39, 0x36, 0x3b, 0x00, 0x73, 0x75, 0x62, 0x2e, 0x66,
  0x74, 0x7a, 0x2e, 0x66, 0x33, 0x32, 0x20, 0x09, 0x25, 0x66, 0x32, 0x39,
  0x37, 0x2c, 0x20, 0x25, 0x66, 0x33, 0x38, 0x37, 0x2c, 0x20, 0x25, 0x66,
  0x33, 0x37, 0x30, 0x3b, 0x00, 0x6d, 0x75, 0x6c, 0x2e, 0x66, 0x74, 0x7a,
  0x2e, 0x66, 0x33, 0x32, 0x20, 0x09, 0x25, 0x66, 0x32, 0x39, 0x38, 0x2c,
  0x20, 0x25, 0x66, 0x32, 0x39, 0x37, 0x2c, 0x20, 0x30, 0x66, 0x33, 0x46,
  0x42, 0x38, 0x41, 0x41, 0x33, 0x42, 0x3b, 0x00, 0x65, 0x78, 0x32, 0x2e,
  0x61, 0x70, 0x70, 0x72, 0x6f, 0x78, 0x2e, 0x66, 0x74, 0x7a, 0x2e, 0x66,
  0x33, 0x32, 0x20, 0x09, 0x25, 0x66, 0x34, 0x30, 0x33, 0x2c, 0x20, 0x25,
  0x66, 0x32, 0x39, 0x38, 0x3b, 0x00, 0x73, 0x75, 0x62, 0x2e, 0x66, 0x74,
  0x7a, 0x2e, 0x66, 0x33, 0x32, 0x20, 0x09, 0x25, 0x66, 0x32, 0x39, 0x39,
  0x2c, 0x20, 0x25, 0x66, 0x33, 0x38, 0x36, 0x2c, 0x20, 0x25, 0x66, 0x33,
  0x37, 0x30, 0x3b, 0x00, 0x6d, 0x75, 0x6c, 0x2e, 0x66, 0x74, 0x7a, 0x2e,
  0x66, 0x33, 0x32, 0x20, 0x09, 0x25, 0x66, 0x33, 0x30, 0x30, 0x2c, 0x20,
  0x25, 0x66, 0x32, 0x39, 0x39, 0x2c, 0x20, 0x30, 0x66, 0x33, 0x46, 0x42,
  0x38, 0x41, 0x41, 0x33, 0x42, 0x3b, 0x00, 0x65, 0x78, 0x32, 0x2e, 0x61,
  0x70, 0x70, 0x72, 0x6f, 0x78, 0x2e, 0x66, 0x74, 0x7a, 0x2e, 0x66, 0x33,
  0x32, 0x20, 0x09, 0x25, 0x66, 0x34, 0x30, 0x32, 0x2c, 0x20, 0x25, 0x66,
  0x33, 0x30, 0x30, 0x3b, 0x00, 0x73, 0x75, 0x62, 0x2e, 0x66, 0x74, 0x7a,
  0x2e, 0x66, 0x33, 0x32, 0x20, 0x09, 0x25, 0x66, 0x33, 0x30, 0x31, 0x2c,
  0x20, 0x25, 0x66, 0x33, 0x38, 0x35, 0x2c, 0x20, 0x25, 0x66, 0x33, 0x37,
  0x30, 0x3b, 0x00, 0x6d, 0x75, 0x6c, 0x2e, 0x66, 0x74, 0x7a, 0x2e, 0x66,
  0x33, 0x32, 0x20, 0x09, 0x25, 0x66, 0x33, 0x30, 0x32, 0x2c, 0x20, 0x25,
  0x66, 0x33, 0x30, 0x31, 0x2c, 0x20, 0x30, 0x66, 0x33, 0x46, 0x42, 0x38,
  0x41, 0x41, 0x33, 0x42, 0x3b, 0x00, 0x65, 0x78, 0x32, 0x2e, 0x61, 0x70,
  0x70, 0x72, 0x6f, 0x78, 0x2e, 0x66, 0x74, 0x7a, 0x2e, 0x66, 0x33, 0x32,
  0x20, 0x09, 0x25, 0x66, 0x34, 0x30, 0x31, 0x2c, 0x20, 0x25, 0x66, 0x33,
  0x30, 0x32, 0x3b, 0x00, 0x73, 0x75, 0x62, 0x2e, 0x66, 0x74, 0x7a, 0x2e,
  0x66, 0x33, 0x32, 0x20, 0x09, 0x25, 0x66, 0x33, 0x30, 0x33, 0x2c, 0x20,
  0x25, 0x66, 0x33, 0x38, 0x34, 0x2c, 0x20, 0x25, 0x66, 0x33, 0x37, 0x30,
  0x3b, 0x00, 0x6d, 0x75, 0x6c, 0x2e, 0x66, 0x74, 0x7a, 0x2e, 0x66, 0x33,
  0x32, 0x20, 0x09, 0x25, 0x66, 0x33, 0x30, 0x34, 0x2c, 0x20, 0x25, 0x66,
  0x33, 0x30, 0x33, 0x2c, 0x20, 0x30, 0x66, 0x33, 0x46, 0x42, 0x38, 0x41,
  0x41, 0x33, 0x42, 0x3b, 0x00, 0x65, 0x78, 0x32, 0x2e, 0x61, 0x70, 0x70,
  0x72, 0x6f, 0x78, 0x2e, 0x66, 0x74, 0x7a, 0x2e, 0x66, 0x33, 0x32, 0x20,
  0x09, 0x25, 0x66, 0x34, 0x30, 0x30, 0x2c, 0x20, 0x25, 0x66, 0x33, 0x30,
  0x34, 0x3b, 0x00, 0x73, 0x75, 0x62, 0x2e, 0x66, 0x74, 0x7a, 0x2e, 0x66,
  0x33, 0x32, 0x20, 0x09, 0x25, 0x66, 0x33, 0x30, 0x35, 0x2c, 0x20, 0x25,
  0x66, 0x33, 0x38, 0x33, 0x2c, 0x20, 0x25, 0x66, 0x33, 0x37, 0x30, 0x3b,
  0x00, 0x6d, 0x75, 0x6c, 0x2e, 0x66, 0x74, 0x7a, 0x2e, 0x66, 0x33, 0x32,
  0x20, 0x09, 0x25, 0x66, 0x33, 0x30, 0x36, 0x2c, 0x20, 0x25, 0x66, 0x33,
  0x30, 0x35, 0x2c, 0x20, 0x30, 0x66, 0x33, 0x46, 0x42, 0x38, 0x41, 0x41,
  0x33, 0x42, 0x3b, 0x00, 0x65, 0x78, 0x32, 0x2e, 0x61, 0x70, 0x70, 0x72,
  0x6f, 0x78, 0x2e, 0x66, 0x74, 0x7a, 0x2e, 0x66, 0x33, 0x32, 0x20, 0x09,
  0x25, 0x66, 0x33, 0x39, 0x39, 0x2c, 0x20, 0x25, 0x66, 0x33, 0x30, 0x36,
  0x3b, 0x00, 0x73, 0x75, 0x62, 0x2e, 0x66, 0x74, 0x7a, 0x2e, 0x66, 0x33,
  0x32, 0x20, 0x09, 0x25, 0x66, 0x33, 0x30, 0x37, 0x2c, 0x20, 0x25, 0x66,
  0x33, 0x38, 0x32, 0x2c, 0x20, 0x25, 0x66, 0x33, 0x36, 0x39, 0x3b, 0x00,
  0x6d, 0x75, 0x6c, 0x2e, 0x66, 0x74, 0x7a, 0x2e, 0x66, 0x33, 0x32, 0x20,
  0x09, 0x25, 0x66, 0x33, 0x30, 0x38, 0x2c, 0x20, 0x25, 0x66, 0x33, 0x30,
  0x37, 0x2c, 0x20, 0x30, 0x66, 0x33, 0x46, 0x42, 0x38, 0x41, 0x41, 0x33,
  0x42, 0x3b, 0x00, 0x65, 0x78, 0x32, 0x2e, 0x61, 0x70, 0x70, 0x72, 0x6f,
  0x78, 0x2e, 0x66, 0x74, 0x7a, 0x2e, 0x66, 0x33, 0x32, 0x20, 0x09, 0x25,
  0x66, 0x33, 0x39, 0x38, 0x2c, 0x20, 0x25, 0x66, 0x33, 0x30, 0x38, 0x3b,
  0x00, 0x73, 0x75, 0x62, 0x2e, 0x66, 0x74, 0x7a, 0x2e, 0x66, 0x33, 0x32,
  0x20, 0x09, 0x25, 0x66, 0x33, 0x30, 0x39, 0x2c, 0x20, 0x25, 0x66, 0x33,
  0x38, 0x31, 0x2c, 0x20, 0x25, 0x66, 0x33, 0x36, 0x39, 0x3b, 0x00, 0x6d,
  0x75, 0x6c, 0x2e, 0x66, 0x74, 0x7a, 0x2e, 0x66, 0x33, 0x32, 0x20, 0x09,
  0x25, 0x66, 0x33, 0x31, 0x30, 0x2c, 0x20, 0x25, 0x66, 0x33, 0x30, 0x39,
  0x2c, 0x20, 0x30, 0x66, 0x33, 0x46, 0x42, 0x38, 0x41, 0x41, 0x33, 0x42,
  0x3b, 0x00, 0x65, 0x78, 0x32, 0x2e, 0x61, 0x70, 0x70, 0x72, 0x6f, 0x78,
  0x2e, 0x66, 0x74, 0x7a, 0x2e, 0x66, 0x33, 0x32, 0x20, 0x09, 0x25, 0x66,
  0x33, 0x39, 0x37, 0x2c, 0x20, 0x25, 0x66, 0x33, 0x31, 0x30, 0x3b, 0x00,
  0x73, 0x75, 0x62, 0x2e, 0x66, 0x74, 0x7a, 0x2e, 0x66, 0x33, 0x32, 0x20,
  0x09, 0x25, 0x66, 0x33, 0x31, 0x31, 0x2c, 0x20, 0x25, 0x66, 0x33, 0x38,
  0x30, 0x2c, 0x20, 0x25, 0x66, 0x33, 0x36, 0x39, 0x3b, 0x00, 0x6d, 0x75,
  0x6c, 0x2e, 0x66, 0x74, 0x7a, 0x2e, 0x66, 0x33, 0x32, 0x20, 0x09, 0x25,
  0x66, 0x33, 0x31, 0x32, 0x2c, 0x20, 0x25, 0x66, 0x33, 0x31, 0x31, 0x2c,
  0x20, 0x30, 0x66, 0x33, 0x46, 0x42, 0x38, 0x41, 0x41, 0x33, 0x42, 0x3b,
  0x00, 0x65, 0x78, 0x32, 0x2e, 0x61, 0x70, 0x70, 0x72, 0x6f, 0x78, 0x2e,
  0x66, 0x74, 0x7a, 0x2e, 0x66, 0x33, 0x32, 0x20, 0x09, 0x25, 0x66, 0x33,
  0x39, 0x36, 0x2c, 0x20, 0x25, 0x66, 0x33, 0x31, 0x32, 0x3b, 0x00, 0x73,
  0x75, 0x62, 0x2e, 0x66, 0x74, 0x7a, 0x2e, 0x66, 0x33, 0x32, 0x20, 0x09,
  0x25, 0x66, 0x33, 0x31, 0x33, 0x2c, 0x20, 0x25, 0x66, 0x33, 0x37, 0x39,
  0x2c, 0x20, 0x25, 0x66, 0x33, 0x36, 0x39, 0x3b, 0x00, 0x6d, 0x75, 0x6c,
  0x2e, 0x66, 0x74, 0x7a, 0x2e, 0x66, 0x33, 0x32, 0x20, 0x09, 0x25, 0x66,
  0x33, 0x31, 0x34, 0x2c, 0x20, 0x25, 0x66, 0x33, 0x31, 0x33, 0x2c, 0x20,
  0x30, 0x66, 0x33, 0x46, 0x42, 0x38, 0x41, 0x41, 0x33, 0x42, 0x3b, 0x00,
  0x65, 0x78, 0x32, 0x2e, 0x61, 0x70, 0x70, 0x72, 0x6f, 0x78, 0x2e, 0x66,
  0x74, 0x7a, 0x2e, 0x66, 0x33, 0x32, 0x20, 0x09, 0x25, 0x66, 0x33, 0x39,
  0x35, 0x2c, 0x20, 0x25, 0x66, 0x33, 0x31, 0x34, 0x3b, 0x00, 0x73, 0x75,
  0x62, 0x2e, 0x66, 0x74, 0x7a, 0x2e, 0x66, 0x33, 0x32, 0x20, 0x09, 0x25,
  0x66, 0x33, 0x31, 0x35, 0x2c, 0x20, 0x25, 0x66, 0x33, 0x37, 0x38, 0x2c,
  0x20, 0x25, 0x66, 0x33, 0x36, 0x39, 0x3b, 0x00, 0x6d, 0x75, 0x6c, 0x2e,
  0x66, 0x74, 0x7a, 0x2e, 0x66, 0x33, 0x32, 0x20, 0x09, 0x25, 0x66, 0x33,
  0x31, 0x36, 0x2c, 0x20, 0x25, 0x66, 0x33, 0x31, 0x35, 0x2c, 0x20, 0x30,
  0x66, 0x33, 0x46, 0x42, 0x38, 0x41, 0x41, 0x33, 0x42, 0x3b, 0x00, 0x65,
  0x78, 0x32, 0x2e, 0x61, 0x70, 0x70, 0x72, 0x6f, 0x78, 0x2e, 0x66, 0x74,
  0x7a, 0x2e, 0x66, 0x33, 0x32, 0x20, 0x09, 0x25, 0x66, 0x33, 0x39, 0x34,
  0x2c, 0x20, 0x25, 0x66, 0x33, 0x31, 0x36, 0x3b, 0x00, 0x73, 0x75, 0x62,
  0x2e, 0x66, 0x74, 0x7a, 0x2e, 0x66, 0x33, 0x32, 0x20, 0x09, 0x25, 0x66,
  0x33, 0x31, 0x37, 0x2c, 0x20, 0x25, 0x66, 0x33, 0x37, 0x37, 0x2c, 0x20,
  0x25, 0x66, 0x33, 0x36, 0x39, 0x3b, 0x00, 0x6d, 0x75, 0x6c, 0x2e, 0x66,
  0x74, 0x7a, 0x2e, 0x66, 0x33, 0x32, 0x20, 0x09, 0x25, 0x66, 0x33, 0x31,
  0x38, 0x2c, 0x20, 0x25, 0x66, 0x33, 0x31, 0x37, 0x2c, 0x20, 0x30, 0x66,
  0x33, 0x46, 0x42, 0x38, 0x41, 0x41, 0x33, 0x42, 0x3b, 0x00, 0x65, 0x78,
  0x32, 0x2e, 0x61, 0x70, 0x70, 0x72, 0x6f, 0x78, 0x2e, 0x66, 0x74, 0x7a,
  0x2e, 0x66, 0x33, 0x32, 0x20, 0x09, 0x25, 0x66, 0x33, 0x39, 0x33, 0x2c,
  0x20, 0x25, 0x66, 0x33, 0x31, 0x38, 0x3b, 0x00, 0x73, 0x75, 0x62, 0x2e,
  0x66, 0x74, 0x7a, 0x2e, 0x66, 0x33, 0x32, 0x20, 0x09, 0x25, 0x66, 0x33,
  0x31, 0x39, 0x2c, 0x20, 0x25, 0x66, 0x33, 0x37, 0x36, 0x2c, 0x20, 0x25,
  0x66, 0x33, 0x36, 0x39, 0x3b, 0x00, 0x6d, 0x75, 0x6c, 0x2e, 0x66, 0x74,
  0x7a, 0x2e, 0x66, 0x33, 0x32, 0x20, 0x09, 0x25, 0x66, 0x33, 0x32, 0x30,
  0x2c, 0x20, 0x25, 0x66, 0x33, 0x31, 0x39, 0x2c, 0x20, 0x30, 0x66, 0x33,
  0x46, 0x42, 0x38, 0x41, 0x41, 0x33, 0x42, 0x3b, 0x00, 0x65, 0x78, 0x32,
  0x2e, 0x61, 0x70, 0x70, 0x72, 0x6f, 0x78, 0x2e, 0x66, 0x74, 0x7a, 0x2e,
  0x66, 0x33, 0x32, 0x20, 0x09, 0x25, 0x66, 0x33, 0x39, 0x32, 0x2c, 0x20,
  0x25, 0x66, 0x33, 0x32, 0x30, 0x3b, 0x00, 0x73, 0x75, 0x62, 0x2e, 0x66,
  0x74, 0x7a, 0x2e, 0x66, 0x33, 0x32, 0x20, 0x09, 0x25, 0x66, 0x33, 0x32,
  0x31, 0x2c, 0x20, 0x25, 0x66, 0x33, 0x37, 0x35, 0x2c, 0x20, 0x25, 0x66,
  0x33, 0x36, 0x39, 0x3b, 0x00, 0x6d, 0x75, 0x6c, 0x2e, 0x66, 0x74, 0x7a,
  0x2e, 0x66, 0x33, 0x32, 0x20, 0x09, 0x25, 0x66, 0x33, 0x32, 0x32, 0x2c,
  0x20, 0x25, 0x66, 0x33, 0x32, 0x31, 0x2c, 0x20, 0x30, 0x66, 0x33, 0x46,
  0x42, 0x38, 0x41, 0x41, 0x33, 0x42, 0x3b, 0x00, 0x65, 0x78, 0x32, 0x2e,
  0x61, 0x70, 0x70, 0x72, 0x6f, 0x78, 0x2e, 0x66, 0x74, 0x7a, 0x2e, 0x66,
  0x33, 0x32, 0x20, 0x09, 0x25, 0x66, 0x33, 0x39, 0x31, 0x2c, 0x20, 0x25,
  0x66, 0x33, 0x32, 0x32, 0x3b, 0x00, 0x00, 0x00, 0x00, 0x61, 0x64, 0x64,
  0x2e, 0x66, 0x74, 0x7a, 0x2e, 0x66, 0x33, 0x32, 0x20, 0x09, 0x25, 0x66,
  0x33, 0x32, 0x33, 0x2c, 0x20, 0x25, 0x66, 0x34, 0x30, 0x36, 0x2c, 0x20,
  0x25, 0x66, 0x34, 0x30, 0x35, 0x3b, 0x00, 0x61, 0x64, 0x64, 0x2e, 0x66,
  0x74, 0x7a, 0x2e, 0x66, 0x33, 0x32, 0x20, 0x09, 0x25, 0x66, 0x33, 0x32,
  0x34, 0x2c, 0x20, 0x25, 0x66, 0x33, 0x32, 0x33, 0x2c, 0x20, 0x30, 0x66,
  0x30, 0x30, 0x30, 0x30, 0x30, 0x30, 0x30, 0x30, 0x3b, 0x00, 0x00, 0x61,
  0x64, 0x64, 0x2e, 0x66, 0x74, 0x7a, 0x2e, 0x66, 0x33, 0x32, 0x20, 0x09,
  0x25, 0x66, 0x33, 0x32, 0x35, 0x2c, 0x20, 0x25, 0x66, 0x34, 0x30, 0x34,
  0x2c, 0x20, 0x25, 0x66, 0x34, 0x30, 0x33, 0x3b, 0x00, 0x61, 0x64, 0x64,
  0x2e, 0x66, 0x74, 0x7a, 0x2e, 0x66, 0x33, 0x32, 0x20, 0x09, 0x25, 0x66,
  0x33, 0x32, 0x36, 0x2c, 0x20, 0x25, 0x66, 0x33, 0x32, 0x35, 0x2c, 0x20,
  0x30, 0x66, 0x30, 0x30, 0x30, 0x30, 0x30, 0x30, 0x30, 0x30, 0x3b, 0x00,
  0x00, 0x61, 0x64, 0x64, 0x2e, 0x66, 0x74, 0x7a, 0x2e, 0x66, 0x33, 0x32,
  0x20, 0x09, 0x25, 0x66, 0x33, 0x32, 0x37, 0x2c, 0x20, 0x25, 0x66, 0x34,
  0x30, 0x32, 0x2c, 0x20, 0x25, 0x66, 0x34, 0x30, 0x31, 0x3b, 0x00, 0x61,
  0x64, 0x64, 0x2e, 0x66, 0x74, 0x7a, 0x2e, 0x66, 0x33, 0x32, 0x20, 0x09,
  0x25, 0x66, 0x33, 0x32, 0x38, 0x2c, 0x20, 0x25, 0x66, 0x33, 0x32, 0x34,
  0x2c, 0x20, 0x25, 0x66, 0x33, 0x32, 0x37, 0x3b, 0x00, 0x00, 0x61, 0x64,
  0x64, 0x2e, 0x66, 0x74, 0x7a, 0x2e, 0x66, 0x33, 0x32, 0x20, 0x09, 0x25,
  0x66, 0x33, 0x32, 0x39, 0x2c, 0x20, 0x25, 0x66, 0x34, 0x30, 0x30, 0x2c,
  0x20, 0x25, 0x66, 0x33, 0x39, 0x39, 0x3b, 0x00, 0x61, 0x64, 0x64, 0x2e,
  0x66, 0x74, 0x7a, 0x2e, 0x66, 0x33, 0x32, 0x20, 0x09, 0x25, 0x66, 0x33,
  0x33, 0x30, 0x2c, 0x20, 0x25, 0x66, 0x33, 0x32, 0x36, 0x2c, 0x20, 0x25,
  0x66, 0x33, 0x32, 0x39, 0x3b, 0x00, 0x00, 0x61, 0x64, 0x64, 0x2e, 0x66,
  0x74, 0x7a, 0x2e, 0x66, 0x33, 0x32, 0x20, 0x09, 0x25, 0x66, 0x33, 0x33,
  0x31, 0x2c, 0x20, 0x25, 0x66, 0x33, 0x32, 0x38, 0x2c, 0x20, 0x25, 0x66,
  0x33, 0x33, 0x30, 0x3b, 0x00, 0x00, 0x61, 0x64, 0x64, 0x2e, 0x66, 0x74,
  0x7a, 0x2e, 0x66, 0x33, 0x32, 0x20, 0x09, 0x25, 0x66, 0x33, 0x33, 0x32,
  0x2c, 0x20, 0x25, 0x66, 0x33, 0x39, 0x38, 0x2c, 0x20, 0x25, 0x66, 0x33,
  0x39, 0x37, 0x3b, 0x00, 0x61, 0x64, 0x64, 0x2e, 0x66, 0x74, 0x7a, 0x2e,
  0x66, 0x33, 0x32, 0x20, 0x09, 0x25, 0x66, 0x33, 0x33, 0x33, 0x2c, 0x20,
  0x25, 0x66, 0x33, 0x33, 0x32, 0x2c, 0x20, 0x30, 0x66, 0x30, 0x30, 0x30,
  0x30, 0x30, 0x30, 0x30, 0x30, 0x3b, 0x00, 0x00, 0x61, 0x64, 0x64, 0x2e,
  0x66, 0x74, 0x7a, 0x2e, 0x66, 0x33, 0x32, 0x20, 0x09, 0x25, 0x66, 0x33,
  0x33, 0x34, 0x2c, 0x20, 0x25, 0x66, 0x33, 0x39, 0x36, 0x2c, 0x20, 0x25,
  0x66, 0x33, 0x39, 0x35, 0x3b, 0x00, 0x61, 0x64, 0x64, 0x2e, 0x66, 0x74,
  0x7a, 0x2e, 0x66, 0x33, 0x32, 0x20, 0x09, 0x25, 0x66, 0x33, 0x33, 0x35,
  0x2c, 0x20, 0x25, 0x66, 0x33, 0x33, 0x34, 0x2c, 0x20, 0x30, 0x66, 0x30,
  0x30, 0x30, 0x30, 0x30, 0x30, 0x30, 0x30, 0x3b, 0x00, 0x00, 0x61, 0x64,
  0x64, 0x2e, 0x66, 0x74, 0x7a, 0x2e, 0x66, 0x33, 0x32, 0x20, 0x09, 0x25,
  0x66, 0x33, 0x33, 0x36, 0x2c, 0x20, 0x25, 0x66, 0x33, 0x39, 0x34, 0x2c,
  0x20, 0x25, 0x66, 0x33, 0x39, 0x33, 0x3b, 0x00, 0x61, 0x64, 0x64, 0x2e,
  0x66, 0x74, 0x7a, 0x2e, 0x66, 0x33, 0x32, 0x20, 0x09, 0x25, 0x66, 0x33,
  0x33, 0x37, 0x2c, 0x20, 0x25, 0x66, 0x33, 0x33, 0x33, 0x2c, 0x20, 0x25,
  0x66, 0x33, 0x33, 0x36, 0x3b, 0x00, 0x00, 0x61, 0x64, 0x64, 0x2e, 0x66,
  0x74, 0x7a, 0x2e, 0x66, 0x33, 0x32, 0x20, 0x09, 0x25, 0x66, 0x33, 0x33,
  0x38, 0x2c, 0x20, 0x25, 0x66, 0x33, 0x39, 0x32, 0x2c, 0x20, 0x25, 0x66,
  0x33, 0x39, 0x31, 0x3b, 0x00, 0x61, 0x64, 0x64, 0x2e, 0x66, 0x74, 0x7a,
  0x2e, 0x66, 0x33, 0x32, 0x20, 0x09, 0x25, 0x66, 0x33, 0x33, 0x39, 0x2c,
  0x20, 0x25, 0x66, 0x33, 0x33, 0x35, 0x2c, 0x20, 0x25, 0x66, 0x33, 0x33,
  0x38, 0x3b, 0x00, 0x00, 0x61, 0x64, 0x64, 0x2e, 0x66, 0x74, 0x7a, 0x2e,
  0x66, 0x33, 0x32, 0x20, 0x09, 0x25, 0x66, 0x33, 0x34, 0x30, 0x2c, 0x20,
  0x25, 0x66, 0x33, 0x33, 0x37, 0x2c, 0x20, 0x25, 0x66, 0x33, 0x33, 0x39,
  0x3b, 0x00, 0x00, 0x00, 0x6d, 0x6f, 0x76, 0x2e, 0x62, 0x33, 0x32, 0x20,
  0x09, 0x25, 0x72, 0x31, 0x39, 0x38, 0x37, 0x2c, 0x20, 0x25, 0x66, 0x33,
  0x33, 0x31, 0x3b, 0x00, 0x73, 0x68, 0x66, 0x6c, 0x2e, 0x73, 0x79, 0x6e,
  0x63, 0x2e, 0x62, 0x66, 0x6c, 0x79, 0x2e, 0x62, 0x33, 0x32, 0x20, 0x09,
  0x25, 0x72, 0x31, 0x39, 0x38, 0x38, 0x7c, 0x25, 0x70, 0x38, 0x32, 0x2c,
  0x20, 0x25, 0x72, 0x31, 0x39, 0x38, 0x37, 0x2c, 0x20, 0x25, 0x72, 0x31,
  0x39, 0x37, 0x37, 0x2c, 0x20, 0x25, 0x72, 0x31, 0x39, 0x37, 0x36, 0x2c,
  0x20, 0x25, 0x72, 0x31, 0x39, 0x37, 0x38, 0x3b, 0x00, 0x00, 0x6d, 0x6f,
  0x76, 0x2e, 0x62, 0x33, 0x32, 0x20, 0x09, 0x25, 0x66, 0x33, 0x34, 0x31,
  0x2c, 0x20, 0x25, 0x72, 0x31, 0x39, 0x38, 0x38, 0x3b, 0x00, 0x00, 0x00,
  0x61, 0x64, 0x64, 0x2e, 0x66, 0x74, 0x7a, 0x2e, 0x66, 0x33, 0x32, 0x20,
  0x09, 0x25, 0x66, 0x33, 0x34, 0x32, 0x2c, 0x20, 0x25, 0x66, 0x33, 0x33,
  0x31, 0x2c, 0x20, 0x25, 0x66, 0x33, 0x34, 0x31, 0x3b, 0x00, 0x00, 0x00,
  0x6d, 0x6f, 0x76, 0x2e, 0x62, 0x33, 0x32, 0x20, 0x09, 0x25, 0x72, 0x31,
  0x39, 0x38, 0x39, 0x2c, 0x20, 0x25, 0x66, 0x33, 0x34, 0x32, 0x3b, 0x00,
  0x73, 0x68, 0x66, 0x6c, 0x2e, 0x73, 0x79, 0x6e, 0x63, 0x2e, 0x62, 0x66,
  0x6c, 0x79, 0x2e, 0x62, 0x33, 0x32, 0x20, 0x09, 0x25, 0x72, 0x31, 0x39,
  0x39, 0x30, 0x7c, 0x25, 0x70, 0x38, 0x33, 0x2c, 0x20, 0x25, 0x72, 0x31,
  0x39, 0x38, 0x39, 0x2c, 0x20, 0x25, 0x72, 0x31, 0x39, 0x38, 0x31, 0x2c,
  0x20, 0x25, 0x72, 0x31, 0x39, 0x37, 0x36, 0x2c, 0x20, 0x25, 0x72, 0x31,
  0x39, 0x37, 0x38, 0x3b, 0x00, 0x00, 0x6d, 0x6f, 0x76, 0x2e, 0x62, 0x33,
  0x32, 0x20, 0x09, 0x25, 0x66, 0x33, 0x34, 0x33, 0x2c, 0x20, 0x25, 0x72,
  0x31, 0x39, 0x39, 0x30, 0x3b, 0x00, 0x00, 0x00, 0x61, 0x64, 0x64, 0x2e,
  0x66, 0x74, 0x7a, 0x2e, 0x66, 0x33, 0x32, 0x20, 0x09, 0x25, 0x66, 0x33,
  0x37, 0x32, 0x2c, 0x20, 0x25, 0x66, 0x33, 0x34, 0x32, 0x2c, 0x20, 0x25,
  0x66, 0x33, 0x34, 0x33, 0x3b, 0x00, 0x00, 0x6d, 0x6f, 0x76, 0x2e, 0x62,
  0x33, 0x32, 0x20, 0x09, 0x25, 0x72, 0x31, 0x39, 0x39, 0x31, 0x2c, 0x20,
  0x25, 0x66, 0x33, 0x34, 0x30, 0x3b, 0x00, 0x73, 0x68, 0x66, 0x6c, 0x2e,
  0x73, 0x79, 0x6e, 0x63, 0x2e, 0x62, 0x66, 0x6c, 0x79, 0x2e, 0x62, 0x33,
  0x32, 0x20, 0x09, 0x25, 0x72, 0x31, 0x39, 0x39, 0x32, 0x7c, 0x25, 0x70,
  0x38, 0x34, 0x2c, 0x20, 0x25, 0x72, 0x31, 0x39, 0x39, 0x31, 0x2c, 0x20,
  0x25, 0x72, 0x31, 0x39, 0x37, 0x37, 0x2c, 0x20, 0x25, 0x72, 0x31, 0x39,
  0x37, 0x36, 0x2c, 0x20, 0x25, 0x72, 0x31, 0x39, 0x37, 0x38, 0x3b, 0x00,
  0x00, 0x6d, 0x6f, 0x76, 0x2e, 0x62, 0x33, 0x32, 0x20, 0x09, 0x25, 0x66,
  0x33, 0x34, 0x34, 0x2c, 0x20, 0x25, 0x72, 0x31, 0x39, 0x39, 0x32, 0x3b,
  0x00, 0x00, 0x61, 0x64, 0x64, 0x2e, 0x66, 0x74, 0x7a, 0x2e, 0x66, 0x33,
  0x32, 0x20, 0x09, 0x25, 0x66, 0x33, 0x34, 0x35, 0x2c, 0x20, 0x25, 0x66,
  0x33, 0x34, 0x30, 0x2c, 0x20, 0x25, 0x66, 0x33, 0x34, 0x34, 0x3b, 0x00,
  0x00, 0x6d, 0x6f, 0x76, 0x2e, 0x62, 0x33, 0x32, 0x20, 0x09, 0x25, 0x72,
  0x31, 0x39, 0x39, 0x33, 0x2c, 0x20, 0x25, 0x66, 0x33, 0x34, 0x35, 0x3b,
  0x00, 0x73, 0x68, 0x66, 0x6c, 0x2e, 0x73, 0x79, 0x6e, 0x63, 0x2e, 0x62,
  0x66, 0x6c, 0x79, 0x2e, 0x62, 0x33, 0x32, 0x20, 0x09, 0x25, 0x72, 0x31,
  0x39, 0x39, 0x34, 0x7c, 0x25, 0x70, 0x38, 0x35, 0x2c, 0x20, 0x25, 0x72,
  0x31, 0x39, 0x39, 0x33, 0x2c, 0x20, 0x25, 0x72, 0x31, 0x39, 0x38, 0x31,
  0x2c, 0x20, 0x25, 0x72, 0x31, 0x39, 0x37, 0x36, 0x2c, 0x20, 0x25, 0x72,
  0x31, 0x39, 0x37, 0x38, 0x3b, 0x00, 0x00, 0x6d, 0x6f, 0x76, 0x2e, 0x62,
  0x33, 0x32, 0x20, 0x09, 0x25, 0x66, 0x33, 0x34, 0x36, 0x2c, 0x20, 0x25,
  0x72, 0x31, 0x39, 0x39, 0x34, 0x3b, 0x00, 0x00, 0x61, 0x64, 0x64, 0x2e,
  0x66, 0x74, 0x7a, 0x2e, 0x66, 0x33, 0x32, 0x20, 0x09, 0x25, 0x66, 0x33,
  0x37, 0x31, 0x2c, 0x20, 0x25, 0x66, 0x33, 0x34, 0x35, 0x2c, 0x20, 0x25,
  0x66, 0x33, 0x34, 0x36, 0x3b, 0x00, 0x00, 0x24, 0x4c, 0x5f, 0x5f, 0x42,
  0x42, 0x30, 0x5f, 0x32, 0x32, 0x3a, 0x00, 0x00, 0x61, 0x64, 0x64, 0x2e,
  0x73, 0x33, 0x32, 0x20, 0x09, 0x25, 0x72, 0x32, 0x37, 0x36, 0x31, 0x2c,
  0x20, 0x25, 0x72, 0x32, 0x39, 0x33, 0x39, 0x2c, 0x20, 0x33, 0x32, 0x3b,
  0x00, 0x73, 0x65, 0x74, 0x70, 0x2e, 0x67, 0x65, 0x2e, 0x73, 0x33, 0x32,
  0x20, 0x09, 0x25, 0x70, 0x31, 0x30, 0x38, 0x2c, 0x20, 0x25, 0x72, 0x32,
  0x37, 0x36, 0x31, 0x2c, 0x20, 0x25, 0x72, 0x32, 0x37, 0x3b, 0x00, 0x00,
  0x40, 0x25, 0x70, 0x31, 0x30, 0x38, 0x20, 0x62, 0x72, 0x61, 0x20, 0x09,
  0x24, 0x4c, 0x5f, 0x5f, 0x42, 0x42, 0x30, 0x5f, 0x32, 0x34, 0x3b, 0x00,
  0x00, 0x00, 0x00, 0x00, 0x63, 0x70, 0x2e, 0x61, 0x73, 0x79, 0x6e, 0x63,
  0x2e, 0x77, 0x61, 0x69, 0x74, 0x5f, 0x67, 0x72, 0x6f, 0x75, 0x70, 0x20,
  0x30, 0x3b, 0x00, 0x00, 0x00, 0x00, 0x62, 0x61, 0x72, 0x2e, 0x73, 0x79,
  0x6e, 0x63, 0x20, 0x09, 0x30, 0x3b, 0x00, 0x00, 0x00, 0x00, 0x00, 0x6c,
  0x64, 0x6d, 0x61, 0x74, 0x72, 0x69, 0x78, 0x2e, 0x73, 0x79, 0x6e, 0x63,
  0x2e, 0x61, 0x6c, 0x69, 0x67, 0x6e, 0x65, 0x64, 0x2e, 0x6d, 0x38, 0x6e,
  0x38, 0x2e, 0x78, 0x34, 0x2e, 0x73, 0x68, 0x61, 0x72, 0x65, 0x64, 0x2e,
  0x62, 0x31, 0x36, 0x20, 0x7b, 0x25, 0x72, 0x33, 0x30, 0x30, 0x32, 0x2c,
  0x20, 0x25, 0x72, 0x33, 0x30, 0x30, 0x31, 0x2c, 0x20, 0x25, 0x72, 0x33,
  0x30, 0x30, 0x30, 0x2c, 0x20, 0x25, 0x72, 0x32, 0x39, 0x39, 0x39, 0x7d,
  0x2c, 0x20, 0x5b, 0x25, 0x72, 0x31, 0x31, 0x31, 0x36, 0x5d, 0x3b, 0x00,
  0x00, 0x00, 0x00, 0x6c, 0x64, 0x6d, 0x61, 0x74, 0x72, 0x69, 0x78, 0x2e,
  0x73, 0x79, 0x6e, 0x63, 0x2e, 0x61, 0x6c, 0x69, 0x67, 0x6e, 0x65, 0x64,
  0x2e, 0x6d, 0x38, 0x6e, 0x38, 0x2e, 0x78, 0x34, 0x2e, 0x73, 0x68, 0x61,
  0x72, 0x65, 0x64, 0x2e, 0x62, 0x31, 0x36, 0x20, 0x7b, 0x25, 0x72, 0x32,
  0x39, 0x39, 0x38, 0x2c, 0x20, 0x25, 0x72, 0x32, 0x39, 0x39, 0x37, 0x2c,
  0x20, 0x25, 0x72, 0x32, 0x39, 0x39, 0x36, 0x2c, 0x20, 0x25, 0x72, 0x32,
  0x39, 0x39, 0x35, 0x7d, 0x2c, 0x20, 0x5b, 0x25, 0x72, 0x31, 0x31, 0x32,
  0x31, 0x5d, 0x3b, 0x00, 0x00, 0x00, 0x00, 0x6c, 0x64, 0x6d, 0x61, 0x74,
  0x72, 0x69, 0x78, 0x2e, 0x73, 0x79, 0x6e, 0x63, 0x2e, 0x61, 0x6c, 0x69,
  0x67, 0x6e, 0x65, 0x64, 0x2e, 0x6d, 0x38, 0x6e, 0x38, 0x2e, 0x78, 0x34,
  0x2e, 0x73, 0x68, 0x61, 0x72, 0x65, 0x64, 0x2e, 0x62, 0x31, 0x36, 0x20,
  0x7b, 0x25, 0x72, 0x32, 0x39, 0x39, 0x34, 0x2c, 0x20, 0x25, 0x72, 0x32,
  0x39, 0x39, 0x33, 0x2c, 0x20, 0x25, 0x72, 0x32, 0x39, 0x39, 0x32, 0x2c,
  0x20, 0x25, 0x72, 0x32, 0x39, 0x39, 0x31, 0x7d, 0x2c, 0x20, 0x5b, 0x25,
  0x72, 0x31, 0x31, 0x32, 0x36, 0x5d, 0x3b, 0x00, 0x00, 0x00, 0x00, 0x6c,
  0x64, 0x6d, 0x61, 0x74, 0x72, 0x69, 0x78, 0x2e, 0x73, 0x79, 0x6e, 0x63,
  0x2e, 0x61, 0x6c, 0x69, 0x67, 0x6e, 0x65, 0x64, 0x2e, 0x6d, 0x38, 0x6e,
  0x38, 0x2e, 0x78, 0x34, 0x2e, 0x73, 0x68, 0x61, 0x72, 0x65, 0x64, 0x2e,
  0x62, 0x31, 0x36, 0x20, 0x7b, 0x25, 0x72, 0x32, 0x39, 0x39, 0x30, 0x2c,
  0x20, 0x25, 0x72, 0x32, 0x39, 0x38, 0x39, 0x2c, 0x20, 0x25, 0x72, 0x32,
  0x39, 0x38, 0x38, 0x2c, 0x20, 0x25, 0x72, 0x32, 0x39, 0x38, 0x37, 0x7d,
  0x2c, 0x20, 0x5b, 0x25, 0x72, 0x31, 0x31, 0x33, 0x31, 0x5d, 0x3b, 0x00,
  0x00, 0x00, 0x00, 0x6c, 0x64, 0x6d, 0x61, 0x74, 0x72, 0x69, 0x78, 0x2e,
  0x73, 0x79, 0x6e, 0x63, 0x2e, 0x61, 0x6c, 0x69, 0x67, 0x6e, 0x65, 0x64,
  0x2e, 0x6d, 0x38, 0x6e, 0x38, 0x2e, 0x78, 0x34, 0x2e, 0x73, 0x68, 0x61,
  0x72, 0x65, 0x64, 0x2e, 0x62, 0x31, 0x36, 0x20, 0x7b, 0x25, 0x72, 0x32,
  0x39, 0x38, 0x36, 0x2c, 0x20, 0x25, 0x72, 0x32, 0x39, 0x38, 0x35, 0x2c,
  0x20, 0x25, 0x72, 0x32, 0x39, 0x38, 0x34, 0x2c, 0x20, 0x25, 0x72, 0x32,
  0x39, 0x38, 0x33, 0x7d, 0x2c, 0x20, 0x5b, 0x25, 0x72, 0x31, 0x31, 0x33,
  0x36, 0x5d, 0x3b, 0x00, 0x00, 0x00, 0x00, 0x6c, 0x64, 0x6d, 0x61, 0x74,
  0x72, 0x69, 0x78, 0x2e, 0x73, 0x79, 0x6e, 0x63, 0x2e, 0x61, 0x6c, 0x69,
  0x67, 0x6e, 0x65, 0x64, 0x2e, 0x6d, 0x38, 0x6e, 0x38, 0x2e, 0x78, 0x34,
  0x2e, 0x73, 0x68, 0x61, 0x72, 0x65, 0x64, 0x2e, 0x62, 0x31, 0x36, 0x20,
  0x7b, 0x25, 0x72, 0x32, 0x39, 0x38, 0x32, 0x2c, 0x20, 0x25, 0x72, 0x32,
  0x39, 0x38, 0x31, 0x2c, 0x20, 0x25, 0x72, 0x32, 0x39, 0x38, 0x30, 0x2c,
  0x20, 0x25, 0x72, 0x32, 0x39, 0x37, 0x39, 0x7d, 0x2c, 0x20, 0x5b, 0x25,
  0x72, 0x31, 0x31, 0x34, 0x31, 0x5d, 0x3b, 0x00, 0x00, 0x00, 0x00, 0x6c,
  0x64, 0x6d, 0x61, 0x74, 0x72, 0x69, 0x78, 0x2e, 0x73, 0x79, 0x6e, 0x63,
  0x2e, 0x61, 0x6c, 0x69, 0x67, 0x6e, 0x65, 0x64, 0x2e, 0x6d, 0x38, 0x6e,
  0x38, 0x2e, 0x78, 0x34, 0x2e, 0x73, 0x68, 0x61, 0x72, 0x65, 0x64, 0x2e,
  0x62, 0x31, 0x36, 0x20, 0x7b, 0x25, 0x72, 0x32, 0x39, 0x37, 0x38, 0x2c,
  0x20, 0x25, 0x72, 0x32, 0x39, 0x37, 0x37, 0x2c, 0x20, 0x25, 0x72, 0x32,
  0x39, 0x37, 0x36, 0x2c, 0x20, 0x25, 0x72, 0x33, 0x30, 0x30, 0x33, 0x7d,
  0x2c, 0x20, 0x5b, 0x25, 0x72, 0x31, 0x31, 0x34, 0x36, 0x5d, 0x3b, 0x00,
  0x00, 0x00, 0x00, 0x6c, 0x64, 0x6d, 0x61, 0x74, 0x72, 0x69, 0x78, 0x2e,
  0x73, 0x79, 0x6e, 0x63, 0x2e, 0x61, 0x6c, 0x69, 0x67, 0x6e, 0x65, 0x64,
  0x2e, 0x6d, 0x38, 0x6e, 0x38, 0x2e, 0x78, 0x34, 0x2e, 0x73, 0x68, 0x61,
  0x72, 0x65, 0x64, 0x2e, 0x62, 0x31, 0x36, 0x20, 0x7b, 0x25, 0x72, 0x33,
  0x30, 0x30, 0x34, 0x2c, 0x20, 0x25, 0x72, 0x33, 0x30, 0x30, 0x35, 0x2c,
  0x20, 0x25, 0x72, 0x33, 0x30, 0x30, 0x36, 0x2c, 0x20, 0x25, 0x72, 0x33,
  0x30, 0x30, 0x37, 0x7d, 0x2c, 0x20, 0x5b, 0x25, 0x72, 0x31, 0x31, 0x35,
  0x31, 0x5d, 0x3b, 0x00, 0x00, 0x00, 0x00, 0x6c, 0x64, 0x6d, 0x61, 0x74,
  0x72, 0x69, 0x78, 0x2e, 0x73, 0x79, 0x6e, 0x63, 0x2e, 0x61, 0x6c, 0x69,
  0x67, 0x6e, 0x65, 0x64, 0x2e, 0x6d, 0x38, 0x6e, 0x38, 0x2e, 0x78, 0x34,
  0x2e, 0x73, 0x68, 0x61, 0x72, 0x65, 0x64, 0x2e, 0x62, 0x31, 0x36, 0x20,
  0x7b, 0x25, 0x72, 0x33, 0x30, 0x30, 0x38, 0x2c, 0x20, 0x25, 0x72, 0x33,
  0x30, 0x30, 0x39, 0x2c, 0x20, 0x25, 0x72, 0x33, 0x30, 0x31, 0x30, 0x2c,
  0x20, 0x25, 0x72, 0x33, 0x30, 0x31, 0x31, 0x7d, 0x2c, 0x20, 0x5b, 0x25,
  0x72, 0x31, 0x31, 0x35, 0x36, 0x5d, 0x3b, 0x00, 0x00, 0x00, 0x00, 0x6c,
  0x64, 0x6d, 0x61, 0x74, 0x72, 0x69, 0x78, 0x2e, 0x73, 0x79, 0x6e, 0x63,
  0x2e, 0x61, 0x6c, 0x69, 0x67, 0x6e, 0x65, 0x64, 0x2e, 0x6d, 0x38, 0x6e,
  0x38, 0x2e, 0x78, 0x34, 0x2e, 0x73, 0x68, 0x61, 0x72, 0x65, 0x64, 0x2e,
  0x62, 0x31, 0x36, 0x20, 0x7b, 0x25, 0x72, 0x33, 0x30, 0x31, 0x32, 0x2c,
  0x20, 0x25, 0x72, 0x33, 0x30, 0x31, 0x33, 0x2c, 0x20, 0x25, 0x72, 0x33,
  0x30, 0x31, 0x34, 0x2c, 0x20, 0x25, 0x72, 0x33, 0x30, 0x31, 0x35, 0x7d,
  0x2c, 0x20, 0x5b, 0x25, 0x72, 0x31, 0x31, 0x36, 0x31, 0x5d, 0x3b, 0x00,
  0x00, 0x00, 0x00, 0x6c, 0x64, 0x6d, 0x61, 0x74, 0x72, 0x69, 0x78, 0x2e,
  0x73, 0x79, 0x6e, 0x63, 0x2e, 0x61, 0x6c, 0x69, 0x67, 0x6e, 0x65, 0x64,
  0x2e, 0x6d, 0x38, 0x6e, 0x38, 0x2e, 0x78, 0x34, 0x2e, 0x73, 0x68, 0x61,
  0x72, 0x65, 0x64, 0x2e, 0x62, 0x31, 0x36, 0x20, 0x7b, 0x25, 0x72, 0x33,
  0x30, 0x31, 0x36, 0x2c, 0x20, 0x25, 0x72, 0x33, 0x30, 0x31, 0x37, 0x2c,
  0x20, 0x25, 0x72, 0x33, 0x30, 0x31, 0x38, 0x2c, 0x20, 0x25, 0x72, 0x33,
  0x30, 0x31, 0x39, 0x7d, 0x2c, 0x20, 0x5b, 0x25, 0x72, 0x31, 0x31, 0x36,
  0x36, 0x5d, 0x3b, 0x00, 0x00, 0x00, 0x00, 0x6c, 0x64, 0x6d, 0x61, 0x74,
  0x72, 0x69, 0x78, 0x2e, 0x73, 0x79, 0x6e, 0x63, 0x2e, 0x61, 0x6c, 0x69,
  0x67, 0x6e, 0x65, 0x64, 0x2e, 0x6d, 0x38, 0x6e, 0x38, 0x2e, 0x78, 0x34,
  0x2e, 0x73, 0x68, 0x61, 0x72, 0x65, 0x64, 0x2e, 0x62, 0x31, 0x36, 0x20,
  0x7b, 0x25, 0x72, 0x33, 0x30, 0x32, 0x30, 0x2c, 0x20, 0x25, 0x72, 0x33,
  0x30, 0x32, 0x31, 0x2c, 0x20, 0x25, 0x72, 0x33, 0x30, 0x32, 0x32, 0x2c,
  0x20, 0x25, 0x72, 0x33, 0x30, 0x32, 0x33, 0x7d, 0x2c, 0x20, 0x5b, 0x25,
  0x72, 0x31, 0x31, 0x37, 0x31, 0x5d, 0x3b, 0x00, 0x00, 0x00, 0x00, 0x6c,
  0x64, 0x6d, 0x61, 0x74, 0x72, 0x69, 0x78, 0x2e, 0x73, 0x79, 0x6e, 0x63,
  0x2e, 0x61, 0x6c, 0x69, 0x67, 0x6e, 0x65, 0x64, 0x2e, 0x6d, 0x38, 0x6e,
  0x38, 0x2e, 0x78, 0x34, 0x2e, 0x73, 0x68, 0x61, 0x72, 0x65, 0x64, 0x2e,
  0x62, 0x31, 0x36, 0x20, 0x7b, 0x25, 0x72, 0x33, 0x30, 0x32, 0x34, 0x2c,
  0x20, 0x25, 0x72, 0x33, 0x30, 0x32, 0x35, 0x2c, 0x20, 0x25, 0x72, 0x33,
  0x30, 0x32, 0x36, 0x2c, 0x20, 0x25, 0x72, 0x33, 0x30, 0x32, 0x37, 0x7d,
  0x2c, 0x20, 0x5b, 0x25, 0x72, 0x31, 0x31, 0x37, 0x36, 0x5d, 0x3b, 0x00,
  0x00, 0x00, 0x00, 0x6c, 0x64, 0x6d, 0x61, 0x74, 0x72, 0x69, 0x78, 0x2e,
  0x73, 0x79, 0x6e, 0x63, 0x2e, 0x61, 0x6c, 0x69, 0x67, 0x6e, 0x65, 0x64,
  0x2e, 0x6d, 0x38, 0x6e, 0x38, 0x2e, 0x78, 0x34, 0x2e, 0x73, 0x68, 0x61,
  0x72, 0x65, 0x64, 0x2e, 0x62, 0x31, 0x36, 0x20, 0x7b, 0x25, 0x72, 0x33,
  0x30, 0x32, 0x38, 0x2c, 0x20, 0x25, 0x72, 0x33, 0x30, 0x32, 0x39, 0x2c,
  0x20, 0x25, 0x72, 0x33, 0x30, 0x33, 0x30, 0x2c, 0x20, 0x25, 0x72, 0x33,
  0x30, 0x33, 0x31, 0x7d, 0x2c, 0x20, 0x5b, 0x25, 0x72, 0x31, 0x31, 0x38,
  0x31, 0x5d, 0x3b, 0x00, 0x00, 0x00, 0x00, 0x6c, 0x64, 0x6d, 0x61, 0x74,
  0x72, 0x69, 0x78, 0x2e, 0x73, 0x79, 0x6e, 0x63, 0x2e, 0x61, 0x6c, 0x69,
  0x67, 0x6e, 0x65, 0x64, 0x2e, 0x6d, 0x38, 0x6e, 0x38, 0x2e, 0x78, 0x34,
  0x2e, 0x73, 0x68, 0x61, 0x72, 0x65, 0x64, 0x2e, 0x62, 0x31, 0x36, 0x20,
  0x7b, 0x25, 0x72, 0x33, 0x30, 0x33, 0x32, 0x2c, 0x20, 0x25, 0x72, 0x33,
  0x30, 0x33, 0x33, 0x2c, 0x20, 0x25, 0x72, 0x33, 0x30, 0x33, 0x34, 0x2c,
  0x20, 0x25, 0x72, 0x33, 0x30, 0x33, 0x35, 0x7d, 0x2c, 0x20, 0x5b, 0x25,
  0x72, 0x31, 0x31, 0x38, 0x36, 0x5d, 0x3b, 0x00, 0x00, 0x00, 0x00, 0x6c,
  0x64, 0x6d, 0x61, 0x74, 0x72, 0x69, 0x78, 0x2e, 0x73, 0x79, 0x6e, 0x63,
  0x2e, 0x61, 0x6c, 0x69, 0x67, 0x6e, 0x65, 0x64, 0x2e, 0x6d, 0x38, 0x6e,
  0x38, 0x2e, 0x78, 0x34, 0x2e, 0x73, 0x68, 0x61, 0x72, 0x65, 0x64, 0x2e,
  0x62, 0x31, 0x36, 0x20, 0x7b, 0x25, 0x72, 0x33, 0x30, 0x33, 0x36, 0x2c,
  0x20, 0x25, 0x72, 0x33, 0x30, 0x33, 0x37, 0x2c, 0x20, 0x25, 0x72, 0x33,
  0x30, 0x33, 0x38, 0x2c, 0x20, 0x25, 0x72, 0x33, 0x30, 0x33, 0x39, 0x7d,
  0x2c, 0x20, 0x5b, 0x25, 0x72, 0x31, 0x31, 0x39, 0x31, 0x5d, 0x3b, 0x00,
  0x00, 0x00, 0x00, 0x24, 0x4c, 0x5f, 0x5f, 0x42, 0x42, 0x30, 0x5f, 0x32,
  0x34, 0x3a, 0x00, 0x00, 0x61, 0x64, 0x64, 0x2e, 0x73, 0x33, 0x32, 0x20,
  0x09, 0x25, 0x72, 0x32, 0x37, 0x36, 0x32, 0x2c, 0x20, 0x25, 0x72, 0x32,
  0x39, 0x33, 0x39, 0x2c, 0x20, 0x33, 0x32, 0x3b, 0x00, 0x73, 0x65, 0x74,
  0x70, 0x2e, 0x67, 0x65, 0x2e, 0x73, 0x33, 0x32, 0x20, 0x09, 0x25, 0x70,
  0x31, 0x30, 0x39, 0x2c, 0x20, 0x25, 0x72, 0x32, 0x37, 0x36, 0x32, 0x2c,
  0x20, 0x25, 0x72, 0x32, 0x37, 0x3b, 0x00, 0x00, 0x00, 0x00, 0x00, 0x00,
  0x63, 0x76, 0x74, 0x2e, 0x72, 0x6e, 0x2e, 0x66, 0x31, 0x36, 0x78, 0x32,
  0x2e, 0x66, 0x33, 0x32, 0x20, 0x25, 0x72, 0x32, 0x30, 0x39, 0x34, 0x2c,
  0x20, 0x25, 0x66, 0x34, 0x30, 0x35, 0x2c, 0x20, 0x25, 0x66, 0x34, 0x30,
  0x36, 0x3b, 0x00, 0x00, 0x00, 0x00, 0x00, 0x00, 0x00, 0x63, 0x76, 0x74,
  0x2e, 0x72, 0x6e, 0x2e, 0x66, 0x31, 0x36, 0x78, 0x32, 0x2e, 0x66, 0x33,
  0x32, 0x20, 0x25, 0x72, 0x32, 0x30, 0x39, 0x35, 0x2c, 0x20, 0x25, 0x66,
  0x33, 0x39, 0x37, 0x2c, 0x20, 0x25, 0x66, 0x33, 0x39, 0x38, 0x3b, 0x00,
  0x00, 0x00, 0x00, 0x00, 0x00, 0x00, 0x63, 0x76, 0x74, 0x2e, 0x72, 0x6e,
  0x2e, 0x66, 0x31, 0x36, 0x78, 0x32, 0x2e, 0x66, 0x33, 0x32, 0x20, 0x25,
  0x72, 0x32, 0x30, 0x39, 0x36, 0x2c, 0x20, 0x25, 0x66, 0x34, 0x30, 0x33,
  0x2c, 0x20, 0x25, 0x66, 0x34, 0x30, 0x34, 0x3b, 0x00, 0x00, 0x00, 0x00,
  0x00, 0x00, 0x00, 0x63, 0x76, 0x74, 0x2e, 0x72, 0x6e, 0x2e, 0x66, 0x31,
  0x36, 0x78, 0x32, 0x2e, 0x66, 0x33, 0x32, 0x20, 0x25, 0x72, 0x32, 0x30,
  0x39, 0x37, 0x2c, 0x20, 0x25, 0x66, 0x33, 0x39, 0x35, 0x2c, 0x20, 0x25,
  0x66, 0x33, 0x39, 0x36, 0x3b, 0x00, 0x00, 0x00, 0x00, 0x00, 0x63, 0x76,
  0x74, 0x2e, 0x72, 0x6e, 0x2e, 0x66, 0x31, 0x36, 0x78, 0x32, 0x2e, 0x66,
  0x33, 0x32, 0x20, 0x25, 0x72, 0x32, 0x30, 0x39, 0x38, 0x2c, 0x20, 0x25,
  0x66, 0x34, 0x30, 0x31, 0x2c, 0x20, 0x25, 0x66, 0x34, 0x30, 0x32, 0x3b,
  0x00, 0x00, 0x00, 0x00, 0x00, 0x63, 0x76, 0x74, 0x2e, 0x72, 0x6e, 0x2e,
  0x66, 0x31, 0x36, 0x78, 0x32, 0x2e, 0x66, 0x33, 0x32, 0x20, 0x25, 0x72,
  0x32, 0x30, 0x39, 0x39, 0x2c, 0x20, 0x25, 0x66, 0x33, 0x39, 0x33, 0x2c,
  0x20, 0x25, 0x66, 0x33, 0x39, 0x34, 0x3b, 0x00, 0x00, 0x00, 0x00, 0x00,
  0x63, 0x76, 0x74, 0x2e, 0x72, 0x6e, 0x2e, 0x66, 0x31, 0x36, 0x78, 0x32,
  0x2e, 0x66, 0x33, 0x32, 0x20, 0x25, 0x72, 0x32, 0x31, 0x30, 0x30, 0x2c,
  0x20, 0x25, 0x66, 0x33, 0x39, 0x39, 0x2c, 0x20, 0x25, 0x66, 0x34, 0x30,
  0x30, 0x3b, 0x00, 0x00, 0x00, 0x00, 0x00, 0x63, 0x76, 0x74, 0x2e, 0x72,
  0x6e, 0x2e, 0x66, 0x31, 0x36, 0x78, 0x32, 0x2e, 0x66, 0x33, 0x32, 0x20,
  0x25, 0x72, 0x32, 0x31, 0x30, 0x31, 0x2c, 0x20, 0x25, 0x66, 0x33, 0x39,
  0x31, 0x2c, 0x20, 0x25, 0x66, 0x33, 0x39, 0x32, 0x3b, 0x00, 0x00, 0x00,
  0x00, 0x00, 0x00, 0x00, 0x6d, 0x6d, 0x61, 0x2e, 0x73, 0x79, 0x6e, 0x63,
  0x2e, 0x61, 0x6c, 0x69, 0x67, 0x6e, 0x65, 0x64, 0x2e, 0x6d, 0x31, 0x36,
  0x6e, 0x38, 0x6b, 0x31, 0x36, 0x2e, 0x72, 0x6f, 0x77, 0x2e, 0x63, 0x6f,
  0x6c, 0x2e, 0x66, 0x31, 0x36, 0x2e, 0x66, 0x31, 0x36, 0x2e, 0x66, 0x31,
  0x36, 0x2e, 0x66, 0x31, 0x36, 0x20, 0x00, 0x7b, 0x25, 0x72, 0x32, 0x39,
  0x37, 0x35, 0x2c, 0x20, 0x25, 0x72, 0x32, 0x39, 0x37, 0x34, 0x7d, 0x2c,
  0x20, 0x00, 0x7b, 0x25, 0x72, 0x32, 0x30, 0x39, 0x34, 0x2c, 0x20, 0x25,
  0x72, 0x32, 0x30, 0x39, 0x35, 0x2c, 0x20, 0x25, 0x72, 0x32, 0x30, 0x39,
  0x36, 0x2c, 0x20, 0x25, 0x72, 0x32, 0x30, 0x39, 0x37, 0x7d, 0x2c, 0x20,
  0x00, 0x7b, 0x25, 0x72, 0x33, 0x31, 0x30, 0x33, 0x2c, 0x20, 0x25, 0x72,
  0x33, 0x31, 0x30, 0x32, 0x7d, 0x2c, 0x20, 0x00, 0x7b, 0x25, 0x72, 0x32,
  0x39, 0x37, 0x35, 0x2c, 0x20, 0x25, 0x72, 0x32, 0x39, 0x37, 0x34, 0x7d,
  0x3b, 0x20, 0x00, 0x00, 0x00, 0x00, 0x00, 0x6d, 0x6d, 0x61, 0x2e, 0x73,
  0x79, 0x6e, 0x63, 0x2e, 0x61, 0x6c, 0x69, 0x67, 0x6e, 0x65, 0x64, 0x2e,
  0x6d, 0x31, 0x36, 0x6e, 0x38, 0x6b, 0x31, 0x36, 0x2e, 0x72, 0x6f, 0x77,
  0x2e, 0x63, 0x6f, 0x6c, 0x2e, 0x66, 0x31, 0x36, 0x2e, 0x66, 0x31, 0x36,
  0x2e, 0x66, 0x31, 0x36, 0x2e, 0x66, 0x31, 0x36, 0x20, 0x00, 0x7b, 0x25,
  0x72, 0x32, 0x39, 0x37, 0x33, 0x2c, 0x20, 0x25, 0x72, 0x32, 0x39, 0x37,
  0x32, 0x7d, 0x2c, 0x20, 0x00, 0x7b, 0x25, 0x72, 0x32, 0x30, 0x39, 0x34,
  0x2c, 0x20, 0x25, 0x72, 0x32, 0x30, 0x39, 0x35, 0x2c, 0x20, 0x25, 0x72,
  0x32, 0x30, 0x39, 0x36, 0x2c, 0x20, 0x25, 0x72, 0x32, 0x30, 0x39, 0x37,
  0x7d, 0x2c, 0x20, 0x00, 0x7b, 0x25, 0x72, 0x33, 0x31, 0x30, 0x31, 0x2c,
  0x20, 0x25, 0x72, 0x33, 0x31, 0x30, 0x30, 0x7d, 0x2c, 0x20, 0x00, 0x7b,
  0x25, 0x72, 0x32, 0x39, 0x37, 0x33, 0x2c, 0x20, 0x25, 0x72, 0x32, 0x39,
  0x37, 0x32, 0x7d, 0x3b, 0x20, 0x00, 0x00, 0x00, 0x00, 0x00, 0x6d, 0x6d,
  0x61, 0x2e, 0x73, 0x79, 0x6e, 0x63, 0x2e, 0x61, 0x6c, 0x69, 0x67, 0x6e,
  0x65, 0x64, 0x2e, 0x6d, 0x31, 0x36, 0x6e, 0x38, 0x6b, 0x31, 0x36, 0x2e,
  0x72, 0x6f, 0x77, 0x2e, 0x63, 0x6f, 0x6c, 0x2e, 0x66, 0x31, 0x36, 0x2e,
  0x66, 0x31, 0x36, 0x2e, 0x66, 0x31, 0x36, 0x2e, 0x66, 0x31, 0x36, 0x20,
  0x00, 0x7b, 0x25, 0x72, 0x32, 0x39, 0x37, 0x31, 0x2c, 0x20, 0x25, 0x72,
  0x32, 0x39, 0x37, 0x30, 0x7d, 0x2c, 0x20, 0x00, 0x7b, 0x25, 0x72, 0x32,
  0x30, 0x39, 0x34, 0x2c, 0x20, 0x25, 0x72, 0x32, 0x30, 0x39, 0x35, 0x2c,
  0x20, 0x25, 0x72, 0x32, 0x30, 0x39, 0x36, 0x2c, 0x20, 0x25, 0x72, 0x32,
  0x30, 0x39, 0x37, 0x7d, 0x2c, 0x20, 0x00, 0x7b, 0x25, 0x72, 0x33, 0x30,
  0x39, 0x39, 0x2c, 0x20, 0x25, 0x72, 0x33, 0x30, 0x39, 0x38, 0x7d, 0x2c,
  0x20, 0x00, 0x7b, 0x25, 0x72, 0x32, 0x39, 0x37, 0x31, 0x2c, 0x20, 0x25,
  0x72, 0x32, 0x39, 0x37, 0x30, 0x7d, 0x3b, 0x20, 0x00, 0x00, 0x00, 0x00,
  0x00, 0x6d, 0x6d, 0x61, 0x2e, 0x73, 0x79, 0x6e, 0x63, 0x2e, 0x61, 0x6c,
  0x69, 0x67, 0x6e, 0x65, 0x64, 0x2e, 0x6d, 0x31, 0x36, 0x6e, 0x38, 0x6b,
  0x31, 0x36, 0x2e, 0x72, 0x6f, 0x77, 0x2e, 0x63, 0x6f, 0x6c, 0x2e, 0x66,
  0x31, 0x36, 0x2e, 0x66, 0x31, 0x36, 0x2e, 0x66, 0x31, 0x36, 0x2e, 0x66,
  0x31, 0x36, 0x20, 0x00, 0x7b, 0x25, 0x72, 0x32, 0x39, 0x36, 0x39, 0x2c,
  0x20, 0x25, 0x72, 0x32, 0x39, 0x36, 0x38, 0x7d, 0x2c, 0x20, 0x00, 0x7b,
  0x25, 0x72, 0x32, 0x30, 0x39, 0x34, 0x2c, 0x20, 0x25, 0x72, 0x32, 0x30,
  0x39, 0x35, 0x2c, 0x20, 0x25, 0x72, 0x32, 0x30, 0x39, 0x36, 0x2c, 0x20,
  0x25, 0x72, 0x32, 0x30, 0x39, 0x37, 0x7d, 0x2c, 0x20, 0x00, 0x7b, 0x25,
  0x72, 0x33, 0x30, 0x39, 0x37, 0x2c, 0x20, 0x25, 0x72, 0x33, 0x30, 0x39,
  0x36, 0x7d, 0x2c, 0x20, 0x00, 0x7b, 0x25, 0x72, 0x32, 0x39, 0x36, 0x39,
  0x2c, 0x20, 0x25, 0x72, 0x32, 0x39, 0x36, 0x38, 0x7d, 0x3b, 0x20, 0x00,
  0x00, 0x00, 0x00, 0x00, 0x6d, 0x6d, 0x61, 0x2e, 0x73, 0x79, 0x6e, 0x63,
  0x2e, 0x61, 0x6c, 0x69, 0x67, 0x6e, 0x65, 0x64, 0x2e, 0x6d, 0x31, 0x36,
  0x6e, 0x38, 0x6b, 0x31, 0x36, 0x2e, 0x72, 0x6f, 0x77, 0x2e, 0x63, 0x6f,
  0x6c, 0x2e, 0x66, 0x31, 0x36, 0x2e, 0x66, 0x31, 0x36, 0x2e, 0x66, 0x31,
  0x36, 0x2e, 0x66, 0x31, 0x36, 0x20, 0x00, 0x7b, 0x25, 0x72, 0x32, 0x39,
  0x36, 0x37, 0x2c, 0x20, 0x25, 0x72, 0x32, 0x39, 0x36, 0x36, 0x7d, 0x2c,
  0x20, 0x00, 0x7b, 0x25, 0x72, 0x32, 0x30, 0x39, 0x34, 0x2c, 0x20, 0x25,
  0x72, 0x32, 0x30, 0x39, 0x35, 0x2c, 0x20, 0x25, 0x72, 0x32, 0x30, 0x39,
  0x36, 0x2c, 0x20, 0x25, 0x72, 0x32, 0x30, 0x39, 0x37, 0x7d, 0x2c, 0x20,
  0x00, 0x7b, 0x25, 0x72, 0x33, 0x30, 0x39, 0x35, 0x2c, 0x20, 0x25, 0x72,
  0x33, 0x30, 0x39, 0x34, 0x7d, 0x2c, 0x20, 0x00, 0x7b, 0x25, 0x72, 0x32,
  0x39, 0x36, 0x37, 0x2c, 0x20, 0x25, 0x72, 0x32, 0x39, 0x36, 0x36, 0x7d,
  0x3b, 0x20, 0x00, 0x00, 0x00, 0x00, 0x00, 0x6d, 0x6d, 0x61, 0x2e, 0x73,
  0x79, 0x6e, 0x63, 0x2e, 0x61, 0x6c, 0x69, 0x67, 0x6e, 0x65, 0x64, 0x2e,
  0x6d, 0x31, 0x36, 0x6e, 0x38, 0x6b, 0x31, 0x36, 0x2e, 0x72, 0x6f, 0x77,
  0x2e, 0x63, 0x6f, 0x6c, 0x2e, 0x66, 0x31, 0x36, 0x2e, 0x66, 0x31, 0x36,
  0x2e, 0x66, 0x31, 0x36, 0x2e, 0x66, 0x31, 0x36, 0x20, 0x00, 0x7b, 0x25,
  0x72, 0x32, 0x39, 0x36, 0x35, 0x2c, 0x20, 0x25, 0x72, 0x32, 0x39, 0x36,
  0x34, 0x7d, 0x2c, 0x20, 0x00, 0x7b, 0x25, 0x72, 0x32, 0x30, 0x39, 0x34,
  0x2c, 0x20, 0x25, 0x72, 0x32, 0x30, 0x39, 0x35, 0x2c, 0x20, 0x25, 0x72,
  0x32, 0x30, 0x39, 0x36, 0x2c, 0x20, 0x25, 0x72, 0x32, 0x30, 0x39, 0x37,
  0x7d, 0x2c, 0x20, 0x00, 0x7b, 0x25, 0x72, 0x33, 0x30, 0x39, 0x33, 0x2c,
  0x20, 0x25, 0x72, 0x33, 0x30, 0x39, 0x32, 0x7d, 0x2c, 0x20, 0x00, 0x7b,
  0x25, 0x72, 0x32, 0x39, 0x36, 0x35, 0x2c, 0x20, 0x25, 0x72, 0x32, 0x39,
  0x36, 0x34, 0x7d, 0x3b, 0x20, 0x00, 0x00, 0x00, 0x00, 0x00, 0x6d, 0x6d,
  0x61, 0x2e, 0x73, 0x79, 0x6e, 0x63, 0x2e, 0x61, 0x6c, 0x69, 0x67, 0x6e,
  0x65, 0x64, 0x2e, 0x6d, 0x31, 0x36, 0x6e, 0x38, 0x6b, 0x31, 0x36, 0x2e,
  0x72, 0x6f, 0x77, 0x2e, 0x63, 0x6f, 0x6c, 0x2e, 0x66, 0x31, 0x36, 0x2e,
  0x66, 0x31, 0x36, 0x2e, 0x66, 0x31, 0x36, 0x2e, 0x66, 0x31, 0x36, 0x20,
  0x00, 0x7b, 0x25, 0x72, 0x32, 0x39, 0x36, 0x33, 0x2c, 0x20, 0x25, 0x72,
  0x32, 0x39, 0x36, 0x32, 0x7d, 0x2c, 0x20, 0x00, 0x7b, 0x25, 0x72, 0x32,
  0x30, 0x39, 0x34, 0x2c, 0x20, 0x25, 0x72, 0x32, 0x30, 0x39, 0x35, 0x2c,
  0x20, 0x25, 0x72, 0x32, 0x30, 0x39, 0x36, 0x2c, 0x20, 0x25, 0x72, 0x32,
  0x30, 0x39, 0x37, 0x7d, 0x2c, 0x20, 0x00, 0x7b, 0x25, 0x72, 0x33, 0x30,
  0x39, 0x31, 0x2c, 0x20, 0x25, 0x72, 0x33, 0x30, 0x39, 0x30, 0x7d, 0x2c,
  0x20, 0x00, 0x7b, 0x25, 0x72, 0x32, 0x39, 0x36, 0x33, 0x2c, 0x20, 0x25,
  0x72, 0x32, 0x39, 0x36, 0x32, 0x7d, 0x3b, 0x20, 0x00, 0x00, 0x00, 0x00,
  0x00, 0x6d, 0x6d, 0x61, 0x2e, 0x73, 0x79, 0x6e, 0x63, 0x2e, 0x61, 0x6c,
  0x69, 0x67, 0x6e, 0x65, 0x64, 0x2e, 0x6d, 0x31, 0x36, 0x6e, 0x38, 0x6b,
  0x31, 0x36, 0x2e, 0x72, 0x6f, 0x77, 0x2e, 0x63, 0x6f, 0x6c, 0x2e, 0x66,
  0x31, 0x36, 0x2e, 0x66, 0x31, 0x36, 0x2e, 0x66, 0x31, 0x36, 0x2e, 0x66,
  0x31, 0x36, 0x20, 0x00, 0x7b, 0x25, 0x72, 0x32, 0x39, 0x36, 0x31, 0x2c,
  0x20, 0x25, 0x72, 0x32, 0x39, 0x36, 0x30, 0x7d, 0x2c, 0x20, 0x00, 0x7b,
  0x25, 0x72, 0x32, 0x30, 0x39, 0x34, 0x2c, 0x20, 0x25, 0x72, 0x32, 0x30,
  0x39, 0x35, 0x2c, 0x20, 0x25, 0x72, 0x32, 0x30, 0x39, 0x36, 0x2c, 0x20,
  0x25, 0x72, 0x32, 0x30, 0x39, 0x37, 0x7d, 0x2c, 0x20, 0x00, 0x7b, 0x25,
  0x72, 0x33, 0x30, 0x38, 0x39, 0x2c, 0x20, 0x25, 0x72, 0x33, 0x30, 0x38,
  0x38, 0x7d, 0x2c, 0x20, 0x00, 0x7b, 0x25, 0x72, 0x32, 0x39, 0x36, 0x31,
  0x2c, 0x20, 0x25, 0x72, 0x32, 0x39, 0x36, 0x30, 0x7d, 0x3b, 0x20, 0x00,
  0x00, 0x00, 0x00, 0x00, 0x6d, 0x6d, 0x61, 0x2e, 0x73, 0x79, 0x6e, 0x63,
  0x2e, 0x61, 0x6c, 0x69, 0x67, 0x6e, 0x65, 0x64, 0x2e, 0x6d, 0x31, 0x36,
  0x6e, 0x38, 0x6b, 0x31, 0x36, 0x2e, 0x72, 0x6f, 0x77, 0x2e, 0x63, 0x6f,
  0x6c, 0x2e, 0x66, 0x31, 0x36, 0x2e, 0x66, 0x31, 0x36, 0x2e, 0x66, 0x31,
  0x36, 0x2e, 0x66, 0x31, 0x36, 0x20, 0x00, 0x7b, 0x25, 0x72, 0x32, 0x39,
  0x35, 0x39, 0x2c, 0x20, 0x25, 0x72, 0x32, 0x39, 0x35, 0x38, 0x7d, 0x2c,
  0x20, 0x00, 0x7b, 0x25, 0x72, 0x32, 0x30, 0x39, 0x34, 0x2c, 0x20, 0x25,
  0x72, 0x32, 0x30, 0x39, 0x35, 0x2c, 0x20, 0x25, 0x72, 0x32, 0x30, 0x39,
  0x36, 0x2c, 0x20, 0x25, 0x72, 0x32, 0x30, 0x39, 0x37, 0x7d, 0x2c, 0x20,
  0x00, 0x7b, 0x25, 0x72, 0x33, 0x30, 0x38, 0x37, 0x2c, 0x20, 0x25, 0x72,
  0x33, 0x30, 0x38, 0x36, 0x7d, 0x2c, 0x20, 0x00, 0x7b, 0x25, 0x72, 0x32,
  0x39, 0x35, 0x39, 0x2c, 0x20, 0x25, 0x72, 0x32, 0x39, 0x35, 0x38, 0x7d,
  0x3b, 0x20, 0x00, 0x00, 0x00, 0x00, 0x00, 0x6d, 0x6d, 0x61, 0x2e, 0x73,
  0x79, 0x6e, 0x63, 0x2e, 0x61, 0x6c, 0x69, 0x67, 0x6e, 0x65, 0x64, 0x2e,
  0x6d, 0x31, 0x36, 0x6e, 0x38, 0x6b, 0x31, 0x36, 0x2e, 0x72, 0x6f, 0x77,
  0x2e, 0x63, 0x6f, 0x6c, 0x2e, 0x66, 0x31, 0x36, 0x2e, 0x66, 0x31, 0x36,
  0x2e, 0x66, 0x31, 0x36, 0x2e, 0x66, 0x31, 0x36, 0x20, 0x00, 0x7b, 0x25,
  0x72, 0x32, 0x39, 0x35, 0x37, 0x2c, 0x20, 0x25, 0x72, 0x32, 0x39, 0x35,
  0x36, 0x7d, 0x2c, 0x20, 0x00, 0x7b, 0x25, 0x72, 0x32, 0x30, 0x39, 0x34,
  0x2c, 0x20, 0x25, 0x72, 0x32, 0x30, 0x39, 0x35, 0x2c, 0x20, 0x25, 0x72,
  0x32, 0x30, 0x39, 0x36, 0x2c, 0x20, 0x25, 0x72, 0x32, 0x30, 0x39, 0x37,
  0x7d, 0x2c, 0x20, 0x00, 0x7b, 0x25, 0x72, 0x33, 0x30, 0x38, 0x35, 0x2c,
  0x20, 0x25, 0x72, 0x33, 0x30, 0x38, 0x34, 0x7d, 0x2c, 0x20, 0x00, 0x7b,
  0x25, 0x72, 0x32, 0x39, 0x35, 0x37, 0x2c, 0x20, 0x25, 0x72, 0x32, 0x39,
  0x35, 0x36, 0x7d, 0x3b, 0x20, 0x00, 0x00, 0x00, 0x00, 0x00, 0x6d, 0x6d,
  0x61, 0x2e, 0x73, 0x79, 0x6e, 0x63, 0x2e, 0x61, 0x6c, 0x69, 0x67, 0x6e,
  0x65, 0x64, 0x2e, 0x6d, 0x31, 0x36, 0x6e, 0x38, 0x6b, 0x31, 0x36, 0x2e,
  0x72, 0x6f, 0x77, 0x2e, 0x63, 0x6f, 0x6c, 0x2e, 0x66, 0x31, 0x36, 0x2e,
  0x66, 0x31, 0x36, 0x2e, 0x66, 0x31, 0x36, 0x2e, 0x66, 0x31, 0x36, 0x20,
  0x00, 0x7b, 0x25, 0x72, 0x32, 0x39, 0x35, 0x35, 0x2c, 0x20, 0x25, 0x72,
  0x32, 0x39, 0x35, 0x34, 0x7d, 0x2c, 0x20, 0x00, 0x7b, 0x25, 0x72, 0x32,
  0x30, 0x39, 0x34, 0x2c, 0x20, 0x25, 0x72, 0x32, 0x30, 0x39, 0x35, 0x2c,
  0x20, 0x25, 0x72, 0x32, 0x30, 0x39, 0x36, 0x2c, 0x20, 0x25, 0x72, 0x32,
  0x30, 0x39, 0x37, 0x7d, 0x2c, 0x20, 0x00, 0x7b, 0x25, 0x72, 0x33, 0x30,
  0x38, 0x33, 0x2c, 0x20, 0x25, 0x72, 0x33, 0x30, 0x38, 0x32, 0x7d, 0x2c,
  0x20, 0x00, 0x7b, 0x25, 0x72, 0x32, 0x39, 0x35, 0x35, 0x2c, 0x20, 0x25,
  0x72, 0x32, 0x39, 0x35, 0x34, 0x7d, 0x3b, 0x20, 0x00, 0x00, 0x00, 0x00,
  0x00, 0x6d, 0x6d, 0x61, 0x2e, 0x73, 0x79, 0x6e, 0x63, 0x2e, 0x61, 0x6c,
  0x69, 0x67, 0x6e, 0x65, 0x64, 0x2e, 0x6d, 0x31, 0x36, 0x6e, 0x38, 0x6b,
  0x31, 0x36, 0x2e, 0x72, 0x6f, 0x77, 0x2e, 0x63, 0x6f, 0x6c, 0x2e, 0x66,
  0x31, 0x36, 0x2e, 0x66, 0x31, 0x36, 0x2e, 0x66, 0x31, 0x36, 0x2e, 0x66,
  0x31, 0x36, 0x20, 0x00, 0x7b, 0x25, 0x72, 0x32, 0x39, 0x35, 0x33, 0x2c,
  0x20, 0x25, 0x72, 0x32, 0x39, 0x35, 0x32, 0x7d, 0x2c, 0x20, 0x00, 0x7b,
  0x25, 0x72, 0x32, 0x30, 0x39, 0x34, 0x2c, 0x20, 0x25, 0x72, 0x32, 0x30,
  0x39, 0x35, 0x2c, 0x20, 0x25, 0x72, 0x32, 0x30, 0x39, 0x36, 0x2c, 0x20,
  0x25, 0x72, 0x32, 0x30, 0x39, 0x37, 0x7d, 0x2c, 0x20, 0x00, 0x7b, 0x25,
  0x72, 0x33, 0x30, 0x38, 0x31, 0x2c, 0x20, 0x25, 0x72, 0x33, 0x30, 0x38,
  0x30, 0x7d, 0x2c, 0x20, 0x00, 0x7b, 0x25, 0x72, 0x32, 0x39, 0x35, 0x33,
  0x2c, 0x20, 0x25, 0x72, 0x32, 0x39, 0x35, 0x32, 0x7d, 0x3b, 0x20, 0x00,
  0x00, 0x00, 0x00, 0x00, 0x6d, 0x6d, 0x61, 0x2e, 0x73, 0x79, 0x6e, 0x63,
  0x2e, 0x61, 0x6c, 0x69, 0x67, 0x6e, 0x65, 0x64, 0x2e, 0x6d, 0x31, 0x36,
  0x6e, 0x38, 0x6b, 0x31, 0x36, 0x2e, 0x72, 0x6f, 0x77, 0x2e, 0x63, 0x6f,
  0x6c, 0x2e, 0x66, 0x31, 0x36, 0x2e, 0x66, 0x31, 0x36, 0x2e, 0x66, 0x31,
  0x36, 0x2e, 0x66, 0x31, 0x36, 0x20, 0x00, 0x7b, 0x25, 0x72, 0x32, 0x39,
  0x35, 0x31, 0x2c, 0x20, 0x25, 0x72, 0x32, 0x39, 0x35, 0x30, 0x7d, 0x2c,
  0x20, 0x00, 0x7b, 0x25, 0x72, 0x32, 0x30, 0x39, 0x34, 0x2c, 0x20, 0x25,
  0x72, 0x32, 0x30, 0x39, 0x35, 0x2c, 0x20, 0x25, 0x72, 0x32, 0x30, 0x39,
  0x36, 0x2c, 0x20, 0x25, 0x72, 0x32, 0x30, 0x39, 0x37, 0x7d, 0x2c, 0x20,
  0x00, 0x7b, 0x25, 0x72, 0x33, 0x30, 0x37, 0x39, 0x2c, 0x20, 0x25, 0x72,
  0x33, 0x30, 0x37, 0x38, 0x7d, 0x2c, 0x20, 0x00, 0x7b, 0x25, 0x72, 0x32,
  0x39, 0x35, 0x31, 0x2c, 0x20, 0x25, 0x72, 0x32, 0x39, 0x35, 0x30, 0x7d,
  0x3b, 0x20, 0x00, 0x00, 0x00, 0x00, 0x00, 0x6d, 0x6d, 0x61, 0x2e, 0x73,
  0x79, 0x6e, 0x63, 0x2e, 0x61, 0x6c, 0x69, 0x67, 0x6e, 0x65, 0x64, 0x2e,
  0x6d, 0x31, 0x36, 0x6e, 0x38, 0x6b, 0x31, 0x36, 0x2e, 0x72, 0x6f, 0x77,
  0x2e, 0x63, 0x6f, 0x6c, 0x2e, 0x66, 0x31, 0x36, 0x2e, 0x66, 0x31, 0x36,
  0x2e, 0x66, 0x31, 0x36, 0x2e, 0x66, 0x31, 0x36, 0x20, 0x00, 0x7b, 0x25,
  0x72, 0x32, 0x39, 0x34, 0x39, 0x2c, 0x20, 0x25, 0x72, 0x32, 0x39, 0x34,
  0x38, 0x7d, 0x2c, 0x20, 0x00, 0x7b, 0x25, 0x72, 0x32, 0x30, 0x39, 0x34,
  0x2c, 0x20, 0x25, 0x72, 0x32, 0x30, 0x39, 0x35, 0x2c, 0x20, 0x25, 0x72,
  0x32, 0x30, 0x39, 0x36, 0x2c, 0x20, 0x25, 0x72, 0x32, 0x30, 0x39, 0x37,
  0x7d, 0x2c, 0x20, 0x00, 0x7b, 0x25, 0x72, 0x33, 0x30, 0x37, 0x37, 0x2c,
  0x20, 0x25, 0x72, 0x33, 0x30, 0x37, 0x36, 0x7d, 0x2c, 0x20, 0x00, 0x7b,
  0x25, 0x72, 0x32, 0x39, 0x34, 0x39, 0x2c, 0x20, 0x25, 0x72, 0x32, 0x39,
  0x34, 0x38, 0x7d, 0x3b, 0x20, 0x00, 0x00, 0x00, 0x00, 0x00, 0x6d, 0x6d,
  0x61, 0x2e, 0x73, 0x79, 0x6e, 0x63, 0x2e, 0x61, 0x6c, 0x69, 0x67, 0x6e,
  0x65, 0x64, 0x2e, 0x6d, 0x31, 0x36, 0x6e, 0x38, 0x6b, 0x31, 0x36, 0x2e,
  0x72, 0x6f, 0x77, 0x2e, 0x63, 0x6f, 0x6c, 0x2e, 0x66, 0x31, 0x36, 0x2e,
  0x66, 0x31, 0x36, 0x2e, 0x66, 0x31, 0x36, 0x2e, 0x66, 0x31, 0x36, 0x20,
  0x00, 0x7b, 0x25, 0x72, 0x32, 0x39, 0x34, 0x37, 0x2c, 0x20, 0x25, 0x72,
  0x32, 0x39, 0x34, 0x36, 0x7d, 0x2c, 0x20, 0x00, 0x7b, 0x25, 0x72, 0x32,
  0x30, 0x39, 0x34, 0x2c, 0x20, 0x25, 0x72, 0x32, 0x30, 0x39, 0x35, 0x2c,
  0x20, 0x25, 0x72, 0x32, 0x30, 0x39, 0x36, 0x2c, 0x20, 0x25, 0x72, 0x32,
  0x30, 0x39, 0x37, 0x7d, 0x2c, 0x20, 0x00, 0x7b, 0x25, 0x72, 0x33, 0x30,
  0x37, 0x35, 0x2c, 0x20, 0x25, 0x72, 0x33, 0x30, 0x37, 0x34, 0x7d, 0x2c,
  0x20, 0x00, 0x7b, 0x25, 0x72, 0x32, 0x39, 0x34, 0x37, 0x2c, 0x20, 0x25,
  0x72, 0x32, 0x39, 0x34, 0x36, 0x7d, 0x3b, 0x20, 0x00, 0x00, 0x00, 0x00,
  0x00, 0x6d, 0x6d, 0x61, 0x2e, 0x73, 0x79, 0x6e, 0x63, 0x2e, 0x61, 0x6c,
  0x69, 0x67, 0x6e, 0x65, 0x64, 0x2e, 0x6d, 0x31, 0x36, 0x6e, 0x38, 0x6b,
  0x31, 0x36, 0x2e, 0x72, 0x6f, 0x77, 0x2e, 0x63, 0x6f, 0x6c, 0x2e, 0x66,
  0x31, 0x36, 0x2e, 0x66, 0x31, 0x36, 0x2e, 0x66, 0x31, 0x36, 0x2e, 0x66,
  0x31, 0x36, 0x20, 0x00, 0x7b, 0x25, 0x72, 0x32, 0x39, 0x34, 0x35, 0x2c,
  0x20, 0x25, 0x72, 0x32, 0x39, 0x34, 0x34, 0x7d, 0x2c, 0x20, 0x00, 0x7b,
  0x25, 0x72, 0x32, 0x30, 0x39, 0x34, 0x2c, 0x20, 0x25, 0x72, 0x32, 0x30,
  0x39, 0x35, 0x2c, 0x20, 0x25, 0x72, 0x32, 0x30, 0x39, 0x36, 0x2c, 0x20,
  0x25, 0x72, 0x32, 0x30, 0x39, 0x37, 0x7d, 0x2c, 0x20, 0x00, 0x7b, 0x25,
  0x72, 0x33, 0x30, 0x37, 0x33, 0x2c, 0x20, 0x25, 0x72, 0x33, 0x30, 0x37,
  0x32, 0x7d, 0x2c, 0x20, 0x00, 0x7b, 0x25, 0x72, 0x32, 0x39, 0x34, 0x35,
  0x2c, 0x20, 0x25, 0x72, 0x32, 0x39, 0x34, 0x34, 0x7d, 0x3b, 0x20, 0x00,
  0x00, 0x00, 0x00, 0x00, 0x00, 0x00, 0x6d, 0x6d, 0x61, 0x2e, 0x73, 0x79,
  0x6e, 0x63, 0x2e, 0x61, 0x6c, 0x69, 0x67, 0x6e, 0x65, 0x64, 0x2e, 0x6d,
  0x31, 0x36, 0x6e, 0x38, 0x6b, 0x31, 0x36, 0x2e, 0x72, 0x6f, 0x77, 0x2e,
  0x63, 0x6f, 0x6c, 0x2e, 0x66, 0x31, 0x36, 0x2e, 0x66, 0x31, 0x36, 0x2e,
  0x66, 0x31, 0x36, 0x2e, 0x66, 0x31, 0x36, 0x20, 0x00, 0x7b, 0x25, 0x72,
  0x32, 0x39, 0x37, 0x35, 0x2c, 0x20, 0x25, 0x72, 0x32, 0x39, 0x37, 0x34,
  0x7d, 0x2c, 0x20, 0x00, 0x7b, 0x25, 0x72, 0x32, 0x30, 0x39, 0x38, 0x2c,
  0x20, 0x25, 0x72, 0x32, 0x30, 0x39, 0x39, 0x2c, 0x20, 0x25, 0x72, 0x32,
  0x31, 0x30, 0x30, 0x2c, 0x20, 0x25, 0x72, 0x32, 0x31, 0x30, 0x31, 0x7d,
  0x2c, 0x20, 0x00, 0x7b, 0x25, 0x72, 0x33, 0x30, 0x37, 0x31, 0x2c, 0x20,
  0x25, 0x72, 0x33, 0x30, 0x37, 0x30, 0x7d, 0x2c, 0x20, 0x00, 0x7b, 0x25,
  0x72, 0x32, 0x39, 0x37, 0x35, 0x2c, 0x20, 0x25, 0x72, 0x32, 0x39, 0x37,
  0x34, 0x7d, 0x3b, 0x20, 0x00, 0x00, 0x00, 0x00, 0x00, 0x6d, 0x6d, 0x61,
  0x2e, 0x73, 0x79, 0x6e, 0x63, 0x2e, 0x61, 0x6c, 0x69, 0x67, 0x6e, 0x65,
  0x64, 0x2e, 0x6d, 0x31, 0x36, 0x6e, 0x38, 0x6b, 0x31, 0x36, 0x2e, 0x72,
  0x6f, 0x77, 0x2e, 0x63, 0x6f, 0x6c, 0x2e, 0x66, 0x31, 0x36, 0x2e, 0x66,
  0x31, 0x36, 0x2e, 0x66, 0x31, 0x36, 0x2e, 0x66, 0x31, 0x36, 0x20, 0x00,
  0x7b, 0x25, 0x72, 0x32, 0x39, 0x37, 0x33, 0x2c, 0x20, 0x25, 0x72, 0x32,
  0x39, 0x37, 0x32, 0x7d, 0x2c, 0x20, 0x00, 0x7b, 0x25, 0x72, 0x32, 0x30,
  0x39, 0x38, 0x2c, 0x20, 0x25, 0x72, 0x32, 0x30, 0x39, 0x39, 0x2c, 0x20,
  0x25, 0x72, 0x32, 0x31, 0x30, 0x30, 0x2c, 0x20, 0x25, 0x72, 0x32, 0x31,
  0x30, 0x31, 0x7d, 0x2c, 0x20, 0x00, 0x7b, 0x25, 0x72, 0x33, 0x30, 0x36,
  0x39, 0x2c, 0x20, 0x25, 0x72, 0x33, 0x30, 0x36, 0x38, 0x7d, 0x2c, 0x20,
  0x00, 0x7b, 0x25, 0x72, 0x32, 0x39, 0x37, 0x33, 0x2c, 0x20, 0x25, 0x72,
  0x32, 0x39, 0x37, 0x32, 0x7d, 0x3b, 0x20, 0x00, 0x00, 0x00, 0x00, 0x00,
  0x6d, 0x6d, 0x61, 0x2e, 0x73, 0x79, 0x6e, 0x63, 0x2e, 0x61, 0x6c, 0x69,
  0x67, 0x6e, 0x65, 0x64, 0x2e, 0x6d, 0x31, 0x36, 0x6e, 0x38, 0x6b, 0x31,
  0x36, 0x2e, 0x72, 0x6f, 0x77, 0x2e, 0x63, 0x6f, 0x6c, 0x2e, 0x66, 0x31,
  0x36, 0x2e, 0x66, 0x31, 0x36, 0x2e, 0x66, 0x31, 0x36, 0x2e, 0x66, 0x31,
  0x36, 0x20, 0x00, 0x7b, 0x25, 0x72, 0x32, 0x39, 0x37, 0x31, 0x2c, 0x20,
  0x25, 0x72, 0x32, 0x39, 0x37, 0x30, 0x7d, 0x2c, 0x20, 0x00, 0x7b, 0x25,
  0x72, 0x32, 0x30, 0x39, 0x38, 0x2c, 0x20, 0x25, 0x72, 0x32, 0x30, 0x39,
  0x39, 0x2c, 0x20, 0x25, 0x72, 0x32, 0x31, 0x30, 0x30, 0x2c, 0x20, 0x25,
  0x72, 0x32, 0x31, 0x30, 0x31, 0x7d, 0x2c, 0x20, 0x00, 0x7b, 0x25, 0x72,
  0x33, 0x30, 0x36, 0x37, 0x2c, 0x20, 0x25, 0x72, 0x33, 0x30, 0x36, 0x36,
  0x7d, 0x2c, 0x20, 0x00, 0x7b, 0x25, 0x72, 0x32, 0x39, 0x37, 0x31, 0x2c,
  0x20, 0x25, 0x72, 0x32, 0x39, 0x37, 0x30, 0x7d, 0x3b, 0x20, 0x00, 0x00,
  0x00, 0x00, 0x00, 0x6d, 0x6d, 0x61, 0x2e, 0x73, 0x79, 0x6e, 0x63, 0x2e,
  0x61, 0x6c, 0x69, 0x67, 0x6e, 0x65, 0x64, 0x2e, 0x6d, 0x31, 0x36, 0x6e,
  0x38, 0x6b, 0x31, 0x36, 0x2e, 0x72, 0x6f, 0x77, 0x2e, 0x63, 0x6f, 0x6c,
  0x2e, 0x66, 0x31, 0x36, 0x2e, 0x66, 0x31, 0x36, 0x2e, 0x66, 0x31, 0x36,
  0x2e, 0x66, 0x31, 0x36, 0x20, 0x00, 0x7b, 0x25, 0x72, 0x32, 0x39, 0x36,
  0x39, 0x2c, 0x20, 0x25, 0x72, 0x32, 0x39, 0x36, 0x38, 0x7d, 0x2c, 0x20,
  0x00, 0x7b, 0x25, 0x72, 0x32, 0x30, 0x39, 0x38, 0x2c, 0x20, 0x25, 0x72,
  0x32, 0x30, 0x39, 0x39, 0x2c, 0x20, 0x25, 0x72, 0x32, 0x31, 0x30, 0x30,
  0x2c, 0x20, 0x25, 0x72, 0x32, 0x31, 0x30, 0x31, 0x7d, 0x2c, 0x20, 0x00,
  0x7b, 0x25, 0x72, 0x33, 0x30, 0x36, 0x35, 0x2c, 0x20, 0x25, 0x72, 0x33,
  0x30, 0x36, 0x34, 0x7d, 0x2c, 0x20, 0x00, 0x7b, 0x25, 0x72, 0x32, 0x39,
  0x36, 0x39, 0x2c, 0x20, 0x25, 0x72, 0x32, 0x39, 0x36, 0x38, 0x7d, 0x3b,
  0x20, 0x00, 0x00, 0x00, 0x00, 0x00, 0x6d, 0x6d, 0x61, 0x2e, 0x73, 0x79,
  0x6e, 0x63, 0x2e, 0x61, 0x6c, 0x69, 0x67, 0x6e, 0x65, 0x64, 0x2e, 0x6d,
  0x31, 0x36, 0x6e, 0x38, 0x6b, 0x31, 0x36, 0x2e, 0x72, 0x6f, 0x77, 0x2e,
  0x63, 0x6f, 0x6c, 0x2e, 0x66, 0x31, 0x36, 0x2e, 0x66, 0x31, 0x36, 0x2e,
  0x66, 0x31, 0x36, 0x2e, 0x66, 0x31, 0x36, 0x20, 0x00, 0x7b, 0x25, 0x72,
  0x32, 0x39, 0x36, 0x37, 0x2c, 0x20, 0x25, 0x72, 0x32, 0x39, 0x36, 0x36,
  0x7d, 0x2c, 0x20, 0x00, 0x7b, 0x25, 0x72, 0x32, 0x30, 0x39, 0x38, 0x2c,
  0x20, 0x25, 0x72, 0x32, 0x30, 0x39, 0x39, 0x2c, 0x20, 0x25, 0x72, 0x32,
  0x31, 0x30, 0x30, 0x2c, 0x20, 0x25, 0x72, 0x32, 0x31, 0x30, 0x31, 0x7d,
  0x2c, 0x20, 0x00, 0x7b, 0x25, 0x72, 0x33, 0x30, 0x36, 0x33, 0x2c, 0x20,
  0x25, 0x72, 0x33, 0x30, 0x36, 0x32, 0x7d, 0x2c, 0x20, 0x00, 0x7b, 0x25,
  0x72, 0x32, 0x39, 0x36, 0x37, 0x2c, 0x20, 0x25, 0x72, 0x32, 0x39, 0x36,
  0x36, 0x7d, 0x3b, 0x20, 0x00, 0x00, 0x00, 0x00, 0x00, 0x6d, 0x6d, 0x61,
  0x2e, 0x73, 0x79, 0x6e, 0x63, 0x2e, 0x61, 0x6c, 0x69, 0x67, 0x6e, 0x65,
  0x64, 0x2e, 0x6d, 0x31, 0x36, 0x6e, 0x38, 0x6b, 0x31, 0x36, 0x2e, 0x72,
  0x6f, 0x77, 0x2e, 0x63, 0x6f, 0x6c, 0x2e, 0x66, 0x31, 0x36, 0x2e, 0x66,
  0x31, 0x36, 0x2e, 0x66, 0x31, 0x36, 0x2e, 0x66, 0x31, 0x36, 0x20, 0x00,
  0x7b, 0x25, 0x72, 0x32, 0x39, 0x36, 0x35, 0x2c, 0x20, 0x25, 0x72, 0x32,
  0x39, 0x36, 0x34, 0x7d, 0x2c, 0x20, 0x00, 0x7b, 0x25, 0x72, 0x32, 0x30,
  0x39, 0x38, 0x2c, 0x20, 0x25, 0x72, 0x32, 0x30, 0x39, 0x39, 0x2c, 0x20,
  0x25, 0x72, 0x32, 0x31, 0x30, 0x30, 0x2c, 0x20, 0x25, 0x72, 0x32, 0x31,
  0x30, 0x31, 0x7d, 0x2c, 0x20, 0x00, 0x7b, 0x25, 0x72, 0x33, 0x30, 0x36,
  0x31, 0x2c, 0x20, 0x25, 0x72, 0x33, 0x30, 0x36, 0x30, 0x7d, 0x2c, 0x20,
  0x00, 0x7b, 0x25, 0x72, 0x32, 0x39, 0x36, 0x35, 0x2c, 0x20, 0x25, 0x72,
  0x32, 0x39, 0x36, 0x34, 0x7d, 0x3b, 0x20, 0x00, 0x00, 0x00, 0x00, 0x00,
  0x6d, 0x6d, 0x61, 0x2e, 0x73, 0x79, 0x6e, 0x63, 0x2e, 0x61, 0x6c, 0x69,
  0x67, 0x6e, 0x65, 0x64, 0x2e, 0x6d, 0x31, 0x36, 0x6e, 0x38, 0x6b, 0x31,
  0x36, 0x2e, 0x72, 0x6f, 0x77, 0x2e, 0x63, 0x6f, 0x6c, 0x2e, 0x66, 0x31,
  0x36, 0x2e, 0x66, 0x31, 0x36, 0x2e, 0x66, 0x31, 0x36, 0x2e, 0x66, 0x31,
  0x36, 0x20, 0x00, 0x7b, 0x25, 0x72, 0x32, 0x39, 0x36, 0x33, 0x2c, 0x20,
  0x25, 0x72, 0x32, 0x39, 0x36, 0x32, 0x7d, 0x2c, 0x20, 0x00, 0x7b, 0x25,
  0x72, 0x32, 0x30, 0x39, 0x38, 0x2c, 0x20, 0x25, 0x72, 0x32, 0x30, 0x39,
  0x39, 0x2c, 0x20, 0x25, 0x72, 0x32, 0x31, 0x30, 0x30, 0x2c, 0x20, 0x25,
  0x72, 0x32, 0x31, 0x30, 0x31, 0x7d, 0x2c, 0x20, 0x00, 0x7b, 0x25, 0x72,
  0x33, 0x30, 0x35, 0x39, 0x2c, 0x20, 0x25, 0x72, 0x33, 0x30, 0x35, 0x38,
  0x7d, 0x2c, 0x20, 0x00, 0x7b, 0x25, 0x72, 0x32, 0x39, 0x36, 0x33, 0x2c,
  0x20, 0x25, 0x72, 0x32, 0x39, 0x36, 0x32, 0x7d, 0x3b, 0x20, 0x00, 0x00,
  0x00, 0x00, 0x00, 0x6d, 0x6d, 0x61, 0x2e, 0x73, 0x79, 0x6e, 0x63, 0x2e,
  0x61, 0x6c, 0x69, 0x67, 0x6e, 0x65, 0x64, 0x2e, 0x6d, 0x31, 0x36, 0x6e,
  0x38, 0x6b, 0x31, 0x36, 0x2e, 0x72, 0x6f, 0x77, 0x2e, 0x63, 0x6f, 0x6c,
  0x2e, 0x66, 0x31, 0x36, 0x2e, 0x66, 0x31, 0x36, 0x2e, 0x66, 0x31, 0x36,
  0x2e, 0x66, 0x31, 0x36, 0x20, 0x00, 0x7b, 0x25, 0x72, 0x32, 0x39, 0x36,
  0x31, 0x2c, 0x20, 0x25, 0x72, 0x32, 0x39, 0x36, 0x30, 0x7d, 0x2c, 0x20,
  0x00, 0x7b, 0x25, 0x72, 0x32, 0x30, 0x39, 0x38, 0x2c, 0x20, 0x25, 0x72,
  0x32, 0x30, 0x39, 0x39, 0x2c, 0x20, 0x25, 0x72, 0x32, 0x31, 0x30, 0x30,
  0x2c, 0x20, 0x25, 0x72, 0x32, 0x31, 0x30, 0x31, 0x7d, 0x2c, 0x20, 0x00,
  0x7b, 0x25, 0x72, 0x33, 0x30, 0x35, 0x37, 0x2c, 0x20, 0x25, 0x72, 0x33,
  0x30, 0x35, 0x36, 0x7d, 0x2c, 0x20, 0x00, 0x7b, 0x25, 0x72, 0x32, 0x39,
  0x36, 0x31, 0x2c, 0x20, 0x25, 0x72, 0x32, 0x39, 0x36, 0x30, 0x7d, 0x3b,
  0x20, 0x00, 0x00, 0x00, 0x00, 0x00, 0x6d, 0x6d, 0x61, 0x2e, 0x73, 0x79,
  0x6e, 0x63, 0x2e, 0x61, 0x6c, 0x69, 0x67, 0x6e, 0x65, 0x64, 0x2e, 0x6d,
  0x31, 0x36, 0x6e, 0x38, 0x6b, 0x31, 0x36, 0x2e, 0x72, 0x6f, 0x77, 0x2e,
  0x63, 0x6f, 0x6c, 0x2e, 0x66, 0x31, 0x36, 0x2e, 0x66, 0x31, 0x36, 0x2e,
  0x66, 0x31, 0x36, 0x2e, 0x66, 0x31, 0x36, 0x20, 0x00, 0x7b, 0x25, 0x72,
  0x32, 0x39, 0x35, 0x39, 0x2c, 0x20, 0x25, 0x72, 0x32, 0x39, 0x35, 0x38,
  0x7d, 0x2c, 0x20, 0x00, 0x7b, 0x25, 0x72, 0x32, 0x30, 0x39, 0x38, 0x2c,
  0x20, 0x25, 0x72, 0x32, 0x30, 0x39, 0x39, 0x2c, 0x20, 0x25, 0x72, 0x32,
  0x31, 0x30, 0x30, 0x2c, 0x20, 0x25, 0x72, 0x32, 0x31, 0x30, 0x31, 0x7d,
  0x2c, 0x20, 0x00, 0x7b, 0x25, 0x72, 0x33, 0x30, 0x35, 0x35, 0x2c, 0x20,
  0x25, 0x72, 0x33, 0x30, 0x35, 0x34, 0x7d, 0x2c, 0x20, 0x00, 0x7b, 0x25,
  0x72, 0x32, 0x39, 0x35, 0x39, 0x2c, 0x20, 0x25, 0x72, 0x32, 0x39, 0x35,
  0x38, 0x7d, 0x3b, 0x20, 0x00, 0x00, 0x00, 0x00, 0x00, 0x6d, 0x6d, 0x61,
  0x2e, 0x73, 0x79, 0x6e, 0x63, 0x2e, 0x61, 0x6c, 0x69, 0x67, 0x6e, 0x65,
  0x64, 0x2e, 0x6d, 0x31, 0x36, 0x6e, 0x38, 0x6b, 0x31, 0x36, 0x2e, 0x72,
  0x6f, 0x77, 0x2e, 0x63, 0x6f, 0x6c, 0x2e, 0x66, 0x31, 0x36, 0x2e, 0x66,
  0x31, 0x36, 0x2e, 0x66, 0x31, 0x36, 0x2e, 0x66, 0x31, 0x36, 0x20, 0x00,
  0x7b, 0x25, 0x72, 0x32, 0x39, 0x35, 0x37, 0x2c, 0x20, 0x25, 0x72, 0x32,
  0x39, 0x35, 0x36, 0x7d, 0x2c, 0x20, 0x00, 0x7b, 0x25, 0x72, 0x32, 0x30,
  0x39, 0x38, 0x2c, 0x20, 0x25, 0x72, 0x32, 0x30, 0x39, 0x39, 0x2c, 0x20,
  0x25, 0x72, 0x32, 0x31, 0x30, 0x30, 0x2c, 0x20, 0x25, 0x72, 0x32, 0x31,
  0x30, 0x31, 0x7d, 0x2c, 0x20, 0x00, 0x7b, 0x25, 0x72, 0x33, 0x30, 0x35,
  0x33, 0x2c, 0x20, 0x25, 0x72, 0x33, 0x30, 0x35, 0x32, 0x7d, 0x2c, 0x20,
  0x00, 0x7b, 0x25, 0x72, 0x32, 0x39, 0x35, 0x37, 0x2c, 0x20, 0x25, 0x72,
  0x32, 0x39, 0x35, 0x36, 0x7d, 0x3b, 0x20, 0x00, 0x00, 0x00, 0x00, 0x00,
  0x6d, 0x6d, 0x61, 0x2e, 0x73, 0x79, 0x6e, 0x63, 0x2e, 0x61, 0x6c, 0x69,
  0x67, 0x6e, 0x65, 0x64, 0x2e, 0x6d, 0x31, 0x36, 0x6e, 0x38, 0x6b, 0x31,
  0x36, 0x2e, 0x72, 0x6f, 0x77, 0x2e, 0x63, 0x6f, 0x6c, 0x2e, 0x66, 0x31,
  0x36, 0x2e, 0x66, 0x31, 0x36, 0x2e, 0x66, 0x31, 0x36, 0x2e, 0x66, 0x31,
  0x36, 0x20, 0x00, 0x7b, 0x25, 0x72, 0x32, 0x39, 0x35, 0x35, 0x2c, 0x20,
  0x25, 0x72, 0x32, 0x39, 0x35, 0x34, 0x7d, 0x2c, 0x20, 0x00, 0x7b, 0x25,
  0x72, 0x32, 0x30, 0x39, 0x38, 0x2c, 0x20, 0x25, 0x72, 0x32, 0x30, 0x39,
  0x39, 0x2c, 0x20, 0x25, 0x72, 0x32, 0x31, 0x30, 0x30, 0x2c, 0x20, 0x25,
  0x72, 0x32, 0x31, 0x30, 0x31, 0x7d, 0x2c, 0x20, 0x00, 0x7b, 0x25, 0x72,
  0x33, 0x30, 0x35, 0x31, 0x2c, 0x20, 0x25, 0x72, 0x33, 0x30, 0x35, 0x30,
  0x7d, 0x2c, 0x20, 0x00, 0x7b, 0x25, 0x72, 0x32, 0x39, 0x35, 0x35, 0x2c,
  0x20, 0x25, 0x72, 0x32, 0x39, 0x35, 0x34, 0x7d, 0x3b, 0x20, 0x00, 0x00,
  0x00, 0x00, 0x00, 0x6d, 0x6d, 0x61, 0x2e, 0x73, 0x79, 0x6e, 0x63, 0x2e,
  0x61, 0x6c, 0x69, 0x67, 0x6e, 0x65, 0x64, 0x2e, 0x6d, 0x31, 0x36, 0x6e,
  0x38, 0x6b, 0x31, 0x36, 0x2e, 0x72, 0x6f, 0x77, 0x2e, 0x63, 0x6f, 0x6c,
  0x2e, 0x66, 0x31, 0x36, 0x2e, 0x66, 0x31, 0x36, 0x2e, 0x66, 0x31, 0x36,
  0x2e, 0x66, 0x31, 0x36, 0x20, 0x00, 0x7b, 0x25, 0x72, 0x32, 0x39, 0x35,
  0x33, 0x2c, 0x20, 0x25, 0x72, 0x32, 0x39, 0x35, 0x32, 0x7d, 0x2c, 0x20,
  0x00, 0x7b, 0x25, 0x72, 0x32, 0x30, 0x39, 0x38, 0x2c, 0x20, 0x25, 0x72,
  0x32, 0x30, 0x39, 0x39, 0x2c, 0x20, 0x25, 0x72, 0x32, 0x31, 0x30, 0x30,
  0x2c, 0x20, 0x25, 0x72, 0x32, 0x31, 0x30, 0x31, 0x7d, 0x2c, 0x20, 0x00,
  0x7b, 0x25, 0x72, 0x33, 0x30, 0x34, 0x39, 0x2c, 0x20, 0x25, 0x72, 0x33,
  0x30, 0x34, 0x38, 0x7d, 0x2c, 0x20, 0x00, 0x7b, 0x25, 0x72, 0x32, 0x39,
  0x35, 0x33, 0x2c, 0x20, 0x25, 0x72, 0x32, 0x39, 0x35, 0x32, 0x7d, 0x3b,
  0x20, 0x00, 0x00, 0x00, 0x00, 0x00, 0x6d, 0x6d, 0x61, 0x2e, 0x73, 0x79,
  0x6e, 0x63, 0x2e, 0x61, 0x6c, 0x69, 0x67, 0x6e, 0x65, 0x64, 0x2e, 0x6d,
  0x31, 0x36, 0x6e, 0x38, 0x6b, 0x31, 0x36, 0x2e, 0x72, 0x6f, 0x77, 0x2e,
  0x63, 0x6f, 0x6c, 0x2e, 0x66, 0x31, 0x36, 0x2e, 0x66, 0x31, 0x36, 0x2e,
  0x66, 0x31, 0x36, 0x2e, 0x66, 0x31, 0x36, 0x20, 0x00, 0x7b, 0x25, 0x72,
  0x32, 0x39, 0x35, 0x31, 0x2c, 0x20, 0x25, 0x72, 0x32, 0x39, 0x35, 0x30,
  0x7d, 0x2c, 0x20, 0x00, 0x7b, 0x25, 0x72, 0x32, 0x30, 0x39, 0x38, 0x2c,
  0x20, 0x25, 0x72, 0x32, 0x30, 0x39, 0x39, 0x2c, 0x20, 0x25, 0x72, 0x32,
  0x31, 0x30, 0x30, 0x2c, 0x20, 0x25, 0x72, 0x32, 0x31, 0x30, 0x31, 0x7d,
  0x2c, 0x20, 0x00, 0x7b, 0x25, 0x72, 0x33, 0x30, 0x34, 0x37, 0x2c, 0x20,
  0x25, 0x72, 0x33, 0x30, 0x34, 0x36, 0x7d, 0x2c, 0x20, 0x00, 0x7b, 0x25,
  0x72, 0x32, 0x39, 0x35, 0x31, 0x2c, 0x20, 0x25, 0x72, 0x32, 0x39, 0x35,
  0x30, 0x7d, 0x3b, 0x20, 0x00, 0x00, 0x00, 0x00, 0x00, 0x6d, 0x6d, 0x61,
  0x2e, 0x73, 0x79, 0x6e, 0x63, 0x2e, 0x61, 0x6c, 0x69, 0x67, 0x6e, 0x65,
  0x64, 0x2e, 0x6d, 0x31, 0x36, 0x6e, 0x38, 0x6b, 0x31, 0x36, 0x2e, 0x72,
  0x6f, 0x77, 0x2e, 0x63, 0x6f, 0x6c, 0x2e, 0x66, 0x31, 0x36, 0x2e, 0x66,
  0x31, 0x36, 0x2e, 0x66, 0x31, 0x36, 0x2e, 0x66, 0x31, 0x36, 0x20, 0x00,
  0x7b, 0x25, 0x72, 0x32, 0x39, 0x34, 0x39, 0x2c, 0x20, 0x25, 0x72, 0x32,
  0x39, 0x34, 0x38, 0x7d, 0x2c, 0x20, 0x00, 0x7b, 0x25, 0x72, 0x32, 0x30,
  0x39, 0x38, 0x2c, 0x20, 0x25, 0x72, 0x32, 0x30, 0x39, 0x39, 0x2c, 0x20,
  0x25, 0x72, 0x32, 0x31, 0x30, 0x30, 0x2c, 0x20, 0x25, 0x72, 0x32, 0x31,
  0x30, 0x31, 0x7d, 0x2c, 0x20, 0x00, 0x7b, 0x25, 0x72, 0x33, 0x30, 0x34,
  0x35, 0x2c, 0x20, 0x25, 0x72, 0x33, 0x30, 0x34, 0x34, 0x7d, 0x2c, 0x20,
  0x00, 0x7b, 0x25, 0x72, 0x32, 0x39, 0x34, 0x39, 0x2c, 0x20, 0x25, 0x72,
  0x32, 0x39, 0x34, 0x38, 0x7d, 0x3b, 0x20, 0x00, 0x00, 0x00, 0x00, 0x00,
  0x6d, 0x6d, 0x61, 0x2e, 0x73, 0x79, 0x6e, 0x63, 0x2e, 0x61, 0x6c, 0x69,
  0x67, 0x6e, 0x65, 0x64, 0x2e, 0x6d, 0x31, 0x36, 0x6e, 0x38, 0x6b, 0x31,
  0x36, 0x2e, 0x72, 0x6f, 0x77, 0x2e, 0x63, 0x6f, 0x6c, 0x2e, 0x66, 0x31,
  0x36, 0x2e, 0x66, 0x31, 0x36, 0x2e, 0x66, 0x31, 0x36, 0x2e, 0x66, 0x31,
  0x36, 0x20, 0x00, 0x7b, 0x25, 0x72, 0x32, 0x39, 0x34, 0x37, 0x2c, 0x20,
  0x25, 0x72, 0x32, 0x39, 0x34, 0x36, 0x7d, 0x2c, 0x20, 0x00, 0x7b, 0x25,
  0x72, 0x32, 0x30, 0x39, 0x38, 0x2c, 0x20, 0x25, 0x72, 0x32, 0x30, 0x39,
  0x39, 0x2c, 0x20, 0x25, 0x72, 0x32, 0x31, 0x30, 0x30, 0x2c, 0x20, 0x25,
  0x72, 0x32, 0x31, 0x30, 0x31, 0x7d, 0x2c, 0x20, 0x00, 0x7b, 0x25, 0x72,
  0x33, 0x30, 0x34, 0x33, 0x2c, 0x20, 0x25, 0x72, 0x33, 0x30, 0x34, 0x32,
  0x7d, 0x2c, 0x20, 0x00, 0x7b, 0x25, 0x72, 0x32, 0x39, 0x34, 0x37, 0x2c,
  0x20, 0x25, 0x72, 0x32, 0x39, 0x34, 0x36, 0x7d, 0x3b, 0x20, 0x00, 0x00,
  0x00, 0x00, 0x00, 0x6d, 0x6d, 0x61, 0x2e, 0x73, 0x79, 0x6e, 0x63, 0x2e,
  0x61, 0x6c, 0x69, 0x67, 0x6e, 0x65, 0x64, 0x2e, 0x6d, 0x31, 0x36, 0x6e,
  0x38, 0x6b, 0x31, 0x36, 0x2e, 0x72, 0x6f, 0x77, 0x2e, 0x63, 0x6f, 0x6c,
  0x2e, 0x66, 0x31, 0x36, 0x2e, 0x66, 0x31, 0x36, 0x2e, 0x66, 0x31, 0x36,
  0x2e, 0x66, 0x31, 0x36, 0x20, 0x00, 0x7b, 0x25, 0x72, 0x32, 0x39, 0x34,
  0x35, 0x2c, 0x20, 0x25, 0x72, 0x32, 0x39, 0x34, 0x34, 0x7d, 0x2c, 0x20,
  0x00, 0x7b, 0x25, 0x72, 0x32, 0x30, 0x39, 0x38, 0x2c, 0x20, 0x25, 0x72,
  0x32, 0x30, 0x39, 0x39, 0x2c, 0x20, 0x25, 0x72, 0x32, 0x31, 0x30, 0x30,
  0x2c, 0x20, 0x25, 0x72, 0x32, 0x31, 0x30, 0x31, 0x7d, 0x2c, 0x20, 0x00,
  0x7b, 0x25, 0x72, 0x33, 0x30, 0x34, 0x31, 0x2c, 0x20, 0x25, 0x72, 0x33,
  0x30, 0x34, 0x30, 0x7d, 0x2c, 0x20, 0x00, 0x7b, 0x25, 0x72, 0x32, 0x39,
  0x34, 0x35, 0x2c, 0x20, 0x25, 0x72, 0x32, 0x39, 0x34, 0x34, 0x7d, 0x3b,
  0x20, 0x00, 0x00, 0x00, 0x00, 0x40, 0x25, 0x70, 0x31, 0x30, 0x39, 0x20,
  0x62, 0x72, 0x61, 0x20, 0x09, 0x24, 0x4c, 0x5f, 0x5f, 0x42, 0x42, 0x30,
  0x5f, 0x32, 0x36, 0x3b, 0x00, 0x00, 0x00, 0x00, 0x00, 0x00, 0x6c, 0x64,
  0x6d, 0x61, 0x74, 0x72, 0x69, 0x78, 0x2e, 0x73, 0x79, 0x6e, 0x63, 0x2e,
  0x61, 0x6c, 0x69, 0x67, 0x6e, 0x65, 0x64, 0x2e, 0x6d, 0x38, 0x6e, 0x38,
  0x2e, 0x78, 0x34, 0x2e, 0x74, 0x72, 0x61, 0x6e, 0x73, 0x2e, 0x73, 0x68,
  0x61, 0x72, 0x65, 0x64, 0x2e, 0x62, 0x31, 0x36, 0x20, 0x7b, 0x25, 0x72,
  0x33, 0x31, 0x30, 0x33, 0x2c, 0x20, 0x25, 0x72, 0x33, 0x31, 0x30, 0x32,
  0x2c, 0x20, 0x25, 0x72, 0x33, 0x31, 0x30, 0x31, 0x2c, 0x20, 0x25, 0x72,
  0x33, 0x31, 0x30, 0x30, 0x7d, 0x2c, 0x20, 0x5b, 0x25, 0x72, 0x31, 0x31,
  0x39, 0x36, 0x5d, 0x3b, 0x00, 0x00, 0x00, 0x00, 0x6c, 0x64, 0x6d, 0x61,
  0x74, 0x72, 0x69, 0x78, 0x2e, 0x73, 0x79, 0x6e, 0x63, 0x2e, 0x61, 0x6c,
  0x69, 0x67, 0x6e, 0x65, 0x64, 0x2e, 0x6d, 0x38, 0x6e, 0x38, 0x2e, 0x78,
  0x34, 0x2e, 0x74, 0x72, 0x61, 0x6e, 0x73, 0x2e, 0x73, 0x68, 0x61, 0x72,
  0x65, 0x64, 0x2e, 0x62, 0x31, 0x36, 0x20, 0x7b, 0x25, 0x72, 0x33, 0x30,
  0x39, 0x39, 0x2c, 0x20, 0x25, 0x72, 0x33, 0x30, 0x39, 0x38, 0x2c, 0x20,
  0x25, 0x72, 0x33, 0x30, 0x39, 0x37, 0x2c, 0x20, 0x25, 0x72, 0x33, 0x30,
  0x39, 0x36, 0x7d, 0x2c, 0x20, 0x5b, 0x25, 0x72, 0x31, 0x32, 0x30, 0x31,
  0x5d, 0x3b, 0x00, 0x00, 0x00, 0x00, 0x6c, 0x64, 0x6d, 0x61, 0x74, 0x72,
  0x69, 0x78, 0x2e, 0x73, 0x79, 0x6e, 0x63, 0x2e, 0x61, 0x6c, 0x69, 0x67,
  0x6e, 0x65, 0x64, 0x2e, 0x6d, 0x38, 0x6e, 0x38, 0x2e, 0x78, 0x34, 0x2e,
  0x74, 0x72, 0x61, 0x6e, 0x73, 0x2e, 0x73, 0x68, 0x61, 0x72, 0x65, 0x64,
  0x2e, 0x62, 0x31, 0x36, 0x20, 0x7b, 0x25, 0x72, 0x33, 0x30, 0x39, 0x35,
  0x2c, 0x20, 0x25, 0x72, 0x33, 0x30, 0x39, 0x34, 0x2c, 0x20, 0x25, 0x72,
  0x33, 0x30, 0x39, 0x33, 0x2c, 0x20, 0x25, 0x72, 0x33, 0x30, 0x39, 0x32,
  0x7d, 0x2c, 0x20, 0x5b, 0x25, 0x72, 0x31, 0x32, 0x30, 0x36, 0x5d, 0x3b,
  0x00, 0x00, 0x00, 0x00, 0x6c, 0x64, 0x6d, 0x61, 0x74, 0x72, 0x69, 0x78,
  0x2e, 0x73, 0x79, 0x6e, 0x63, 0x2e, 0x61, 0x6c, 0x69, 0x67, 0x6e, 0x65,
  0x64, 0x2e, 0x6d, 0x38, 0x6e, 0x38, 0x2e, 0x78, 0x34, 0x2e, 0x74, 0x72,
  0x61, 0x6e, 0x73, 0x2e, 0x73, 0x68, 0x61, 0x72, 0x65, 0x64, 0x2e, 0x62,
  0x31, 0x36, 0x20, 0x7b, 0x25, 0x72, 0x33, 0x30, 0x39, 0x31, 0x2c, 0x20,
  0x25, 0x72, 0x33, 0x30, 0x39, 0x30, 0x2c, 0x20, 0x25, 0x72, 0x33, 0x30,
  0x38, 0x39, 0x2c, 0x20, 0x25, 0x72, 0x33, 0x30, 0x38, 0x38, 0x7d, 0x2c,
  0x20, 0x5b, 0x25, 0x72, 0x31, 0x32, 0x31, 0x31, 0x5d, 0x3b, 0x00, 0x00,
  0x00, 0x00, 0x6c, 0x64, 0x6d, 0x61, 0x74, 0x72, 0x69, 0x78, 0x2e, 0x73,
  0x79, 0x6e, 0x63, 0x2e, 0x61, 0x6c, 0x69, 0x67, 0x6e, 0x65, 0x64, 0x2e,
  0x6d, 0x38, 0x6e, 0x38, 0x2e, 0x78, 0x34, 0x2e, 0x74, 0x72, 0x61, 0x6e,
  0x73, 0x2e, 0x73, 0x68, 0x61, 0x72, 0x65, 0x64, 0x2e, 0x62, 0x31, 0x36,
  0x20, 0x7b, 0x25, 0x72, 0x33, 0x30, 0x38, 0x37, 0x2c, 0x20, 0x25, 0x72,
  0x33, 0x30, 0x38, 0x36, 0x2c, 0x20, 0x25, 0x72, 0x33, 0x30, 0x38, 0x35,
  0x2c, 0x20, 0x25, 0x72, 0x33, 0x30, 0x38, 0x34, 0x7d, 0x2c, 0x20, 0x5b,
  0x25, 0x72, 0x31, 0x32, 0x31, 0x36, 0x5d, 0x3b, 0x00, 0x00, 0x00, 0x00,
  0x6c, 0x64, 0x6d, 0x61, 0x74, 0x72, 0x69, 0x78, 0x2e, 0x73, 0x79, 0x6e,
  0x63, 0x2e, 0x61, 0x6c, 0x69, 0x67, 0x6e, 0x65, 0x64, 0x2e, 0x6d, 0x38,
  0x6e, 0x38, 0x2e, 0x78, 0x34, 0x2e, 0x74, 0x72, 0x61, 0x6e, 0x73, 0x2e,
  0x73, 0x68, 0x61, 0x72, 0x65, 0x64, 0x2e, 0x62, 0x31, 0x36, 0x20, 0x7b,
  0x25, 0x72, 0x33, 0x30, 0x38, 0x33, 0x2c, 0x20, 0x25, 0x72, 0x33, 0x30,
  0x38, 0x32, 0x2c, 0x20, 0x25, 0x72, 0x33, 0x30, 0x38, 0x31, 0x2c, 0x20,
  0x25, 0x72, 0x33, 0x30, 0x38, 0x30, 0x7d, 0x2c, 0x20, 0x5b, 0x25, 0x72,
  0x31, 0x32, 0x32, 0x31, 0x5d, 0x3b, 0x00, 0x00, 0x00, 0x00, 0x6c, 0x64,
  0x6d, 0x61, 0x74, 0x72, 0x69, 0x78, 0x2e, 0x73, 0x79, 0x6e, 0x63, 0x2e,
  0x61, 0x6c, 0x69, 0x67, 0x6e, 0x65, 0x64, 0x2e, 0x6d, 0x38, 0x6e, 0x38,
  0x2e, 0x78, 0x34, 0x2e, 0x74, 0x72, 0x61, 0x6e, 0x73, 0x2e, 0x73, 0x68,
  0x61, 0x72, 0x65, 0x64, 0x2e, 0x62, 0x31, 0x36, 0x20, 0x7b, 0x25, 0x72,
  0x33, 0x30, 0x37, 0x39, 0x2c, 0x20, 0x25, 0x72, 0x33, 0x30, 0x37, 0x38,
  0x2c, 0x20, 0x25, 0x72, 0x33, 0x30, 0x37, 0x37, 0x2c, 0x20, 0x25, 0x72,
  0x33, 0x30, 0x37, 0x36, 0x7d, 0x2c, 0x20, 0x5b, 0x25, 0x72, 0x31, 0x32,
  0x32, 0x36, 0x5d, 0x3b, 0x00, 0x00, 0x00, 0x00, 0x6c, 0x64, 0x6d, 0x61,
  0x74, 0x72, 0x69, 0x78, 0x2e, 0x73, 0x79, 0x6e, 0x63, 0x2e, 0x61, 0x6c,
  0x69, 0x67, 0x6e, 0x65, 0x64, 0x2e, 0x6d, 0x38, 0x6e, 0x38, 0x2e, 0x78,
  0x34, 0x2e, 0x74, 0x72, 0x61, 0x6e, 0x73, 0x2e, 0x73, 0x68, 0x61, 0x72,
  0x65, 0x64, 0x2e, 0x62, 0x31, 0x36, 0x20, 0x7b, 0x25, 0x72, 0x33, 0x30,
  0x37, 0x35, 0x2c, 0x20, 0x25, 0x72, 0x33, 0x30, 0x37, 0x34, 0x2c, 0x20,
  0x25, 0x72, 0x33, 0x30, 0x37, 0x33, 0x2c, 0x20, 0x25, 0x72, 0x33, 0x30,
  0x37, 0x32, 0x7d, 0x2c, 0x20, 0x5b, 0x25, 0x72, 0x31, 0x32, 0x33, 0x31,
  0x5d, 0x3b, 0x00, 0x00, 0x00, 0x00, 0x6c, 0x64, 0x6d, 0x61, 0x74, 0x72,
  0x69, 0x78, 0x2e, 0x73, 0x79, 0x6e, 0x63, 0x2e, 0x61, 0x6c, 0x69, 0x67,
  0x6e, 0x65, 0x64, 0x2e, 0x6d, 0x38, 0x6e, 0x38, 0x2e, 0x78, 0x34, 0x2e,
  0x74, 0x72, 0x61, 0x6e, 0x73, 0x2e, 0x73, 0x68, 0x61, 0x72, 0x65, 0x64,
  0x2e, 0x62, 0x31, 0x36, 0x20, 0x7b, 0x25, 0x72, 0x33, 0x30, 0x37, 0x31,
  0x2c, 0x20, 0x25, 0x72, 0x33, 0x30, 0x37, 0x30, 0x2c, 0x20, 0x25, 0x72,
  0x33, 0x30, 0x36, 0x39, 0x2c, 0x20, 0x25, 0x72, 0x33, 0x30, 0x36, 0x38,
  0x7d, 0x2c, 0x20, 0x5b, 0x25, 0x72, 0x31, 0x32, 0x33, 0x36, 0x5d, 0x3b,
  0x00, 0x00, 0x00, 0x00, 0x6c, 0x64, 0x6d, 0x61, 0x74, 0x72, 0x69, 0x78,
  0x2e, 0x73, 0x79, 0x6e, 0x63, 0x2e, 0x61, 0x6c, 0x69, 0x67, 0x6e, 0x65,
  0x64, 0x2e, 0x6d, 0x38, 0x6e, 0x38, 0x2e, 0x78, 0x34, 0x2e, 0x74, 0x72,
  0x61, 0x6e, 0x73, 0x2e, 0x73, 0x68, 0x61, 0x72, 0x65, 0x64, 0x2e, 0x62,
  0x31, 0x36, 0x20, 0x7b, 0x25, 0x72, 0x33, 0x30, 0x36, 0x37, 0x2c, 0x20,
  0x25, 0x72, 0x33, 0x30, 0x36, 0x36, 0x2c, 0x20, 0x25, 0x72, 0x33, 0x30,
  0x36, 0x35, 0x2c, 0x20, 0x25, 0x72, 0x33, 0x30, 0x36, 0x34, 0x7d, 0x2c,
  0x20, 0x5b, 0x25, 0x72, 0x31, 0x32, 0x34, 0x31, 0x5d, 0x3b, 0x00, 0x00,
  0x00, 0x00, 0x6c, 0x64, 0x6d, 0x61, 0x74, 0x72, 0x69, 0x78, 0x2e, 0x73,
  0x79, 0x6e, 0x63, 0x2e, 0x61, 0x6c, 0x69, 0x67, 0x6e, 0x65, 0x64, 0x2e,
  0x6d, 0x38, 0x6e, 0x38, 0x2e, 0x78, 0x34, 0x2e, 0x74, 0x72, 0x61, 0x6e,
  0x73, 0x2e, 0x73, 0x68, 0x61, 0x72, 0x65, 0x64, 0x2e, 0x62, 0x31, 0x36,
  0x20, 0x7b, 0x25, 0x72, 0x33, 0x30, 0x36, 0x33, 0x2c, 0x20, 0x25, 0x72,
  0x33, 0x30, 0x36, 0x32, 0x2c, 0x20, 0x25, 0x72, 0x33, 0x30, 0x36, 0x31,
  0x2c, 0x20, 0x25, 0x72, 0x33, 0x30, 0x36, 0x30, 0x7d, 0x2c, 0x20, 0x5b,
  0x25, 0x72, 0x31, 0x32, 0x34, 0x36, 0x5d, 0x3b, 0x00, 0x00, 0x00, 0x00,
  0x6c, 0x64, 0x6d, 0x61, 0x74, 0x72, 0x69, 0x78, 0x2e, 0x73, 0x79, 0x6e,
  0x63, 0x2e, 0x61, 0x6c, 0x69, 0x67, 0x6e, 0x65, 0x64, 0x2e, 0x6d, 0x38,
  0x6e, 0x38, 0x2e, 0x78, 0x34, 0x2e, 0x74, 0x72, 0x61, 0x6e, 0x73, 0x2e,
  0x73, 0x68, 0x61, 0x72, 0x65, 0x64, 0x2e, 0x62, 0x31, 0x36, 0x20, 0x7b,
  0x25, 0x72, 0x33, 0x30, 0x35, 0x39, 0x2c, 0x20, 0x25, 0x72, 0x33, 0x30,
  0x35, 0x38, 0x2c, 0x20, 0x25, 0x72, 0x33, 0x30, 0x35, 0x37, 0x2c, 0x20,
  0x25, 0x72, 0x33, 0x30, 0x35, 0x36, 0x7d, 0x2c, 0x20, 0x5b, 0x25, 0x72,
  0x31, 0x32, 0x35, 0x31, 0x5d, 0x3b, 0x00, 0x00, 0x00, 0x00, 0x6c, 0x64,
  0x6d, 0x61, 0x74, 0x72, 0x69, 0x78, 0x2e, 0x73, 0x79, 0x6e, 0x63, 0x2e,
  0x61, 0x6c, 0x69, 0x67, 0x6e, 0x65, 0x64, 0x2e, 0x6d, 0x38, 0x6e, 0x38,
  0x2e, 0x78, 0x34, 0x2e, 0x74, 0x72, 0x61, 0x6e, 0x73, 0x2e, 0x73, 0x68,
  0x61, 0x72, 0x65, 0x64, 0x2e, 0x62, 0x31, 0x36, 0x20, 0x7b, 0x25, 0x72,
  0x33, 0x30, 0x35, 0x35, 0x2c, 0x20, 0x25, 0x72, 0x33, 0x30, 0x35, 0x34,
  0x2c, 0x20, 0x25, 0x72, 0x33, 0x30, 0x35, 0x33, 0x2c, 0x20, 0x25, 0x72,
  0x33, 0x30, 0x35, 0x32, 0x7d, 0x2c, 0x20, 0x5b, 0x25, 0x72, 0x31, 0x32,
  0x35, 0x36, 0x5d, 0x3b, 0x00, 0x00, 0x00, 0x00, 0x6c, 0x64, 0x6d, 0x61,
  0x74, 0x72, 0x69, 0x78, 0x2e, 0x73, 0x79, 0x6e, 0x63, 0x2e, 0x61, 0x6c,
  0x69, 0x67, 0x6e, 0x65, 0x64, 0x2e, 0x6d, 0x38, 0x6e, 0x38, 0x2e, 0x78,
  0x34, 0x2e, 0x74, 0x72, 0x61, 0x6e, 0x73, 0x2e, 0x73, 0x68, 0x61, 0x72,
  0x65, 0x64, 0x2e, 0x62, 0x31, 0x36, 0x20, 0x7b, 0x25, 0x72, 0x33, 0x30,
  0x35, 0x31, 0x2c, 0x20, 0x25, 0x72, 0x33, 0x30, 0x35, 0x30, 0x2c, 0x20,
  0x25, 0x72, 0x33, 0x30, 0x34, 0x39, 0x2c, 0x20, 0x25, 0x72, 0x33, 0x30,
  0x34, 0x38, 0x7d, 0x2c, 0x20, 0x5b, 0x25, 0x72, 0x31, 0x32, 0x36, 0x31,
  0x5d, 0x3b, 0x00, 0x00, 0x00, 0x00, 0x6c, 0x64, 0x6d, 0x61, 0x74, 0x72,
  0x69, 0x78, 0x2e, 0x73, 0x79, 0x6e, 0x63, 0x2e, 0x61, 0x6c, 0x69, 0x67,
  0x6e, 0x65, 0x64, 0x2e, 0x6d, 0x38, 0x6e, 0x38, 0x2e, 0x78, 0x34, 0x2e,
  0x74, 0x72, 0x61, 0x6e, 0x73, 0x2e, 0x73, 0x68, 0x61, 0x72, 0x65, 0x64,
  0x2e, 0x62, 0x31, 0x36, 0x20, 0x7b, 0x25, 0x72, 0x33, 0x30, 0x34, 0x37,
  0x2c, 0x20, 0x25, 0x72, 0x33, 0x30, 0x34, 0x36, 0x2c, 0x20, 0x25, 0x72,
  0x33, 0x30, 0x34, 0x35, 0x2c, 0x20, 0x25, 0x72, 0x33, 0x30, 0x34, 0x34,
  0x7d, 0x2c, 0x20, 0x5b, 0x25, 0x72, 0x31, 0x32, 0x36, 0x36, 0x5d, 0x3b,
  0x00, 0x00, 0x00, 0x00, 0x6c, 0x64, 0x6d, 0x61, 0x74, 0x72, 0x69, 0x78,
  0x2e, 0x73, 0x79, 0x6e, 0x63, 0x2e, 0x61, 0x6c, 0x69, 0x67, 0x6e, 0x65,
  0x64, 0x2e, 0x6d, 0x38, 0x6e, 0x38, 0x2e, 0x78, 0x34, 0x2e, 0x74, 0x72,
  0x61, 0x6e, 0x73, 0x2e, 0x73, 0x68, 0x61, 0x72, 0x65, 0x64, 0x2e, 0x62,
  0x31, 0x36, 0x20, 0x7b, 0x25, 0x72, 0x33, 0x30, 0x34, 0x33, 0x2c, 0x20,
  0x25, 0x72, 0x33, 0x30, 0x34, 0x32, 0x2c, 0x20, 0x25, 0x72, 0x33, 0x30,
  0x34, 0x31, 0x2c, 0x20, 0x25, 0x72, 0x33, 0x30, 0x34, 0x30, 0x7d, 0x2c,
  0x20, 0x5b, 0x25, 0x72, 0x31, 0x32, 0x37, 0x31, 0x5d, 0x3b, 0x00, 0x00,
  0x00, 0x00, 0x24, 0x4c, 0x5f, 0x5f, 0x42, 0x42, 0x30, 0x5f, 0x32, 0x36,
  0x3a, 0x00, 0x00, 0x61, 0x64, 0x64, 0x2e, 0x73, 0x33, 0x32, 0x20, 0x09,
  0x25, 0x72, 0x32, 0x39, 0x33, 0x39, 0x2c, 0x20, 0x25, 0x72, 0x32, 0x39,
  0x33, 0x39, 0x2c, 0x20, 0x33, 0x32, 0x3b, 0x00, 0x73, 0x65, 0x74, 0x70,
  0x2e, 0x6c, 0x74, 0x2e, 0x73, 0x33, 0x32, 0x20, 0x09, 0x25, 0x70, 0x38,
  0x38, 0x2c, 0x20, 0x25, 0x72, 0x32, 0x39, 0x33, 0x39, 0x2c, 0x20, 0x25,
  0x72, 0x32, 0x37, 0x3b, 0x00, 0x00, 0x40, 0x25, 0x70, 0x38, 0x38, 0x20,
  0x62, 0x72, 0x61, 0x20, 0x09, 0x24, 0x4c, 0x5f, 0x5f, 0x42, 0x42, 0x30,
  0x5f, 0x39, 0x3b, 0x00, 0x00, 0x24, 0x4c, 0x5f, 0x5f, 0x42, 0x42, 0x30,
  0x5f, 0x32, 0x37, 0x3a, 0x00, 0x00, 0x00, 0x73, 0x65, 0x74, 0x70, 0x2e,
  0x65, 0x71, 0x75, 0x2e, 0x66, 0x74, 0x7a, 0x2e, 0x66, 0x33, 0x32, 0x20,
  0x09, 0x25, 0x70, 0x38, 0x39, 0x2c, 0x20, 0x25, 0x66, 0x33, 0x37, 0x32,
  0x2c, 0x20, 0x30, 0x66, 0x30, 0x30, 0x30, 0x30, 0x30, 0x30, 0x30, 0x30,
  0x3b, 0x00, 0x6d, 0x6f, 0x76, 0x2e, 0x66, 0x33, 0x32, 0x20, 0x09, 0x25,
  0x66, 0x34, 0x31, 0x34, 0x2c, 0x20, 0x30, 0x66, 0x33, 0x46, 0x38, 0x30,
  0x30, 0x30, 0x30, 0x30, 0x3b, 0x00, 0x6d, 0x6f, 0x76, 0x2e, 0x66, 0x33,
  0x32, 0x20, 0x09, 0x25, 0x66, 0x34, 0x31, 0x33, 0x2c, 0x20, 0x25, 0x66,
  0x34, 0x31, 0x34, 0x3b, 0x00, 0x40, 0x25, 0x70, 0x38, 0x39, 0x20, 0x62,
  0x72, 0x61, 0x20, 0x09, 0x24, 0x4c, 0x5f, 0x5f, 0x42, 0x42, 0x30, 0x5f,
  0x32, 0x39, 0x3b, 0x00, 0x00, 0x00, 0x72, 0x63, 0x70, 0x2e, 0x61, 0x70,
  0x70, 0x72, 0x6f, 0x78, 0x2e, 0x66, 0x74, 0x7a, 0x2e, 0x66, 0x33, 0x32,
  0x20, 0x09, 0x25, 0x66, 0x34, 0x31, 0x33, 0x2c, 0x20, 0x25, 0x66, 0x33,
  0x37, 0x32, 0x3b, 0x00, 0x00, 0x24, 0x4c, 0x5f, 0x5f, 0x42, 0x42, 0x30,
  0x5f, 0x32, 0x39, 0x3a, 0x00, 0x00, 0x00, 0x00, 0x63, 0x76, 0x74, 0x2e,
  0x72, 0x6e, 0x2e, 0x66, 0x31, 0x36, 0x78, 0x32, 0x2e, 0x66, 0x33, 0x32,
  0x20, 0x25, 0x72, 0x32, 0x35, 0x31, 0x39, 0x2c, 0x20, 0x25, 0x66, 0x34,
  0x31, 0x33, 0x2c, 0x20, 0x25, 0x66, 0x34, 0x31, 0x33, 0x3b, 0x00, 0x00,
  0x00, 0x00, 0x73, 0x65, 0x74, 0x70, 0x2e, 0x65, 0x71, 0x75, 0x2e, 0x66,
  0x74, 0x7a, 0x2e, 0x66, 0x33, 0x32, 0x20, 0x09, 0x25, 0x70, 0x39, 0x30,
  0x2c, 0x20, 0x25, 0x66, 0x33, 0x37, 0x31, 0x2c, 0x20, 0x30, 0x66, 0x30,
  0x30, 0x30, 0x30, 0x30, 0x30, 0x30, 0x30, 0x3b, 0x00, 0x40, 0x25, 0x70,
  0x39, 0x30, 0x20, 0x62, 0x72, 0x61, 0x20, 0x09, 0x24, 0x4c, 0x5f, 0x5f,
  0x42, 0x42, 0x30, 0x5f, 0x33, 0x31, 0x3b, 0x00, 0x00, 0x00, 0x72, 0x63,
  0x70, 0x2e, 0x61, 0x70, 0x70, 0x72, 0x6f, 0x78, 0x2e, 0x66, 0x74, 0x7a,
  0x2e, 0x66, 0x33, 0x32, 0x20, 0x09, 0x25, 0x66, 0x34, 0x31, 0x34, 0x2c,
  0x20, 0x25, 0x66, 0x33, 0x37, 0x31, 0x3b, 0x00, 0x00, 0x24, 0x4c, 0x5f,
  0x5f, 0x42, 0x42, 0x30, 0x5f, 0x33, 0x31, 0x3a, 0x00, 0x00, 0x6d, 0x6f,
  0x76, 0x2e, 0x75, 0x33, 0x32, 0x20, 0x09, 0x25, 0x72, 0x32, 0x37, 0x36,
  0x38, 0x2c, 0x20, 0x25, 0x74, 0x69, 0x64, 0x2e, 0x78, 0x3b, 0x00, 0x6d,
  0x6f, 0x76, 0x2e, 0x62, 0x36, 0x34, 0x20, 0x09, 0x25, 0x72, 0x64, 0x31,
  0x30, 0x33, 0x2c, 0x20, 0x66, 0x6d, 0x68, 0x61, 0x5f, 0x76, 0x32, 0x5f,
  0x66, 0x6c, 0x61, 0x73, 0x68, 0x5f, 0x61, 0x74, 0x74, 0x65, 0x6e, 0x74,
  0x69, 0x6f, 0x6e, 0x5f, 0x66, 0x70, 0x31, 0x36, 0x5f, 0x36, 0x34, 0x5f,
  0x33, 0x32, 0x5f, 0x53, 0x5f, 0x71, 0x6b, 0x76, 0x5f, 0x31, 0x32, 0x38,
  0x5f, 0x63, 0x61, 0x75, 0x73, 0x61, 0x6c, 0x5f, 0x73, 0x6d, 0x38, 0x36,
  0x5f, 0x6b, 0x65, 0x72, 0x6e, 0x65, 0x6c, 0x5f, 0x6e, 0x6c, 0x5f, 0x70,
  0x61, 0x72, 0x61, 0x6d, 0x5f, 0x30, 0x3b, 0x00, 0x00, 0x61, 0x64, 0x64,
  0x2e, 0x73, 0x36, 0x34, 0x20, 0x09, 0x25, 0x72, 0x64, 0x31, 0x30, 0x32,
  0x2c, 0x20, 0x25, 0x72, 0x64, 0x31, 0x30, 0x33, 0x2c, 0x20, 0x39, 0x36,
  0x3b, 0x00, 0x00, 0x6c, 0x64, 0x2e, 0x70, 0x61, 0x72, 0x61, 0x6d, 0x2e,
  0x75, 0x33, 0x32, 0x20, 0x09, 0x25, 0x72, 0x32, 0x37, 0x36, 0x37, 0x2c,
  0x20, 0x5b, 0x25, 0x72, 0x64, 0x31, 0x30, 0x32, 0x2b, 0x34, 0x5d, 0x3b,
  0x00, 0x00, 0x61, 0x6e, 0x64, 0x2e, 0x62, 0x33, 0x32, 0x20, 0x20, 0x09,
  0x25, 0x72, 0x32, 0x37, 0x36, 0x36, 0x2c, 0x20, 0x25, 0x72, 0x32, 0x37,
  0x36, 0x38, 0x2c, 0x20, 0x39, 0x36, 0x3b, 0x00, 0x73, 0x68, 0x72, 0x2e,
  0x75, 0x33, 0x32, 0x20, 0x09, 0x25, 0x72, 0x32, 0x37, 0x36, 0x35, 0x2c,
  0x20, 0x25, 0x72, 0x32, 0x37, 0x36, 0x36, 0x2c, 0x20, 0x31, 0x3b, 0x00,
  0x6d, 0x6f, 0x76, 0x2e, 0x75, 0x33, 0x32, 0x20, 0x09, 0x25, 0x72, 0x32,
  0x37, 0x36, 0x34, 0x2c, 0x20, 0x5f, 0x5a, 0x4e, 0x32, 0x35, 0x66, 0x75,
  0x73, 0x65, 0x64, 0x5f, 0x6d, 0x75, 0x6c, 0x74, 0x69, 0x68, 0x65, 0x61,
  0x64, 0x5f, 0x61, 0x74, 0x74, 0x65, 0x6e, 0x74, 0x69, 0x6f, 0x6e, 0x35,
  0x73, 0x6d, 0x65, 0x6d, 0x5f, 0x45, 0x3b, 0x00, 0x00, 0x00, 0x63, 0x76,
  0x74, 0x2e, 0x72, 0x6e, 0x2e, 0x66, 0x31, 0x36, 0x78, 0x32, 0x2e, 0x66,
  0x33, 0x32, 0x20, 0x25, 0x72, 0x32, 0x35, 0x32, 0x30, 0x2c, 0x20, 0x25,
  0x66, 0x34, 0x31, 0x34, 0x2c, 0x20, 0x25, 0x66, 0x34, 0x31, 0x34, 0x3b,
  0x00, 0x00, 0x00, 0x00, 0x00, 0x00, 0x6d, 0x75, 0x6c, 0x2e, 0x66, 0x31,
  0x36, 0x78, 0x32, 0x20, 0x25, 0x72, 0x32, 0x35, 0x32, 0x31, 0x2c, 0x20,
  0x25, 0x72, 0x32, 0x39, 0x37, 0x35, 0x2c, 0x20, 0x25, 0x72, 0x32, 0x35,
  0x31, 0x39, 0x3b, 0x00, 0x00, 0x00, 0x00, 0x6d, 0x75, 0x6c, 0x2e, 0x66,
  0x31, 0x36, 0x78, 0x32, 0x20, 0x25, 0x72, 0x32, 0x35, 0x32, 0x34, 0x2c,
  0x20, 0x25, 0x72, 0x32, 0x39, 0x37, 0x34, 0x2c, 0x20, 0x25, 0x72, 0x32,
  0x35, 0x32, 0x30, 0x3b, 0x00, 0x00, 0x00, 0x00, 0x6d, 0x75, 0x6c, 0x2e,
  0x66, 0x31, 0x36, 0x78, 0x32, 0x20, 0x25, 0x72, 0x32, 0x35, 0x32, 0x37,
  0x2c, 0x20, 0x25, 0x72, 0x32, 0x39, 0x37, 0x33, 0x2c, 0x20, 0x25, 0x72,
  0x32, 0x35, 0x31, 0x39, 0x3b, 0x00, 0x00, 0x00, 0x00, 0x6d, 0x75, 0x6c,
  0x2e, 0x66, 0x31, 0x36, 0x78, 0x32, 0x20, 0x25, 0x72, 0x32, 0x35, 0x33,
  0x30, 0x2c, 0x20, 0x25, 0x72, 0x32, 0x39, 0x37, 0x32, 0x2c, 0x20, 0x25,
  0x72, 0x32, 0x35, 0x32, 0x30, 0x3b, 0x00, 0x00, 0x00, 0x00, 0x6d, 0x75,
  0x6c, 0x2e, 0x66, 0x31, 0x36, 0x78, 0x32, 0x20, 0x25, 0x72, 0x32, 0x35,
  0x33, 0x33, 0x2c, 0x20, 0x25, 0x72, 0x32, 0x39, 0x37, 0x31, 0x2c, 0x20,
  0x25, 0x72, 0x32, 0x35, 0x31, 0x39, 0x3b, 0x00, 0x00, 0x00, 0x00, 0x6d,
  0x75, 0x6c, 0x2e, 0x66, 0x31, 0x36, 0x78, 0x32, 0x20, 0x25, 0x72, 0x32,
  0x35, 0x33, 0x36, 0x2c, 0x20, 0x25, 0x72, 0x32, 0x39, 0x37, 0x30, 0x2c,
  0x20, 0x25, 0x72, 0x32, 0x35, 0x32, 0x30, 0x3b, 0x00, 0x00, 0x00, 0x00,
  0x6d, 0x75, 0x6c, 0x2e, 0x66, 0x31, 0x36, 0x78, 0x32, 0x20, 0x25, 0x72,
  0x32, 0x35, 0x33, 0x39, 0x2c, 0x20, 0x25, 0x72, 0x32, 0x39, 0x36, 0x39,
  0x2c, 0x20, 0x25, 0x72, 0x32, 0x35, 0x31, 0x39, 0x3b, 0x00, 0x00, 0x00,
  0x00, 0x6d, 0x75, 0x6c, 0x2e, 0x66, 0x31, 0x36, 0x78, 0x32, 0x20, 0x25,
  0x72, 0x32, 0x35, 0x34, 0x32, 0x2c, 0x20, 0x25, 0x72, 0x32, 0x39, 0x36,
  0x38, 0x2c, 0x20, 0x25, 0x72, 0x32, 0x35, 0x32, 0x30, 0x3b, 0x00, 0x00,
  0x00, 0x00, 0x6d, 0x75, 0x6c, 0x2e, 0x66, 0x31, 0x36, 0x78, 0x32, 0x20,
  0x25, 0x72, 0x32, 0x35, 0x34, 0x35, 0x2c, 0x20, 0x25, 0x72, 0x32, 0x39,
  0x36, 0x37, 0x2c, 0x20, 0x25, 0x72, 0x32, 0x35, 0x31, 0x39, 0x3b, 0x00,
  0x00, 0x00, 0x00, 0x6d, 0x75, 0x6c, 0x2e, 0x66, 0x31, 0x36, 0x78, 0x32,
  0x20, 0x25, 0x72, 0x32, 0x35, 0x34, 0x38, 0x2c, 0x20, 0x25, 0x72, 0x32,
  0x39, 0x36, 0x36, 0x2c, 0x20, 0x25, 0x72, 0x32, 0x35, 0x32, 0x30, 0x3b,
  0x00, 0x00, 0x00, 0x00, 0x6d, 0x75, 0x6c, 0x2e, 0x66, 0x31, 0x36, 0x78,
  0x32, 0x20, 0x25, 0x72, 0x32, 0x35, 0x35, 0x31, 0x2c, 0x20, 0x25, 0x72,
  0x32, 0x39, 0x36, 0x35, 0x2c, 0x20, 0x25, 0x72, 0x32, 0x35, 0x31, 0x39,
  0x3b, 0x00, 0x00, 0x00, 0x00, 0x6d, 0x75, 0x6c, 0x2e, 0x66, 0x31, 0x36,
  0x78, 0x32, 0x20, 0x25, 0x72, 0x32, 0x35, 0x35, 0x34, 0x2c, 0x20, 0x25,
  0x72, 0x32, 0x39, 0x36, 0x34, 0x2c, 0x20, 0x25, 0x72, 0x32, 0x35, 0x32,
  0x30, 0x3b, 0x00, 0x00, 0x00, 0x00, 0x6d, 0x75, 0x6c, 0x2e, 0x66, 0x31,
  0x36, 0x78, 0x32, 0x20, 0x25, 0x72, 0x32, 0x35, 0x35, 0x37, 0x2c, 0x20,
  0x25, 0x72, 0x32, 0x39, 0x36, 0x33, 0x2c, 0x20, 0x25, 0x72, 0x32, 0x35,
  0x31, 0x39, 0x3b, 0x00, 0x00, 0x00, 0x00, 0x6d, 0x75, 0x6c, 0x2e, 0x66,
  0x31, 0x36, 0x78, 0x32, 0x20, 0x25, 0x72, 0x32, 0x35, 0x36, 0x30, 0x2c,
  0x20, 0x25, 0x72, 0x32, 0x39, 0x36, 0x32, 0x2c, 0x20, 0x25, 0x72, 0x32,
  0x35, 0x32, 0x30, 0x3b, 0x00, 0x00, 0x00, 0x00, 0x6d, 0x75, 0x6c, 0x2e,
  0x66, 0x31, 0x36, 0x78, 0x32, 0x20, 0x25, 0x72, 0x32, 0x35, 0x36, 0x33,
  0x2c, 0x20, 0x25, 0x72, 0x32, 0x39, 0x36, 0x31, 0x2c, 0x20, 0x25, 0x72,
  0x32, 0x35, 0x31, 0x39, 0x3b, 0x00, 0x00, 0x00, 0x00, 0x6d, 0x75, 0x6c,
  0x2e, 0x66, 0x31, 0x36, 0x78, 0x32, 0x20, 0x25, 0x72, 0x32, 0x35, 0x36,
  0x36, 0x2c, 0x20, 0x25, 0x72, 0x32, 0x39, 0x36, 0x30, 0x2c, 0x20, 0x25,
  0x72, 0x32, 0x35, 0x32, 0x30, 0x3b, 0x00, 0x00, 0x00, 0x00, 0x6d, 0x75,
  0x6c, 0x2e, 0x66, 0x31, 0x36, 0x78, 0x32, 0x20, 0x25, 0x72, 0x32, 0x35,
  0x36, 0x39, 0x2c, 0x20, 0x25, 0x72, 0x32, 0x39, 0x35, 0x39, 0x2c, 0x20,
  0x25, 0x72, 0x32, 0x35, 0x31, 0x39, 0x3b, 0x00, 0x00, 0x00, 0x00, 0x6d,
  0x75, 0x6c, 0x2e, 0x66, 0x31, 0x36, 0x78, 0x32, 0x20, 0x25, 0x72, 0x32,
  0x35, 0x37, 0x32, 0x2c, 0x20, 0x25, 0x72, 0x32, 0x39, 0x35, 0x38, 0x2c,
  0x20, 0x25, 0x72, 0x32, 0x35, 0x32, 0x30, 0x3b, 0x00, 0x00, 0x00, 0x00,
  0x6d, 0x75, 0x6c, 0x2e, 0x66, 0x31, 0x36, 0x78, 0x32, 0x20, 0x25, 0x72,
  0x32, 0x35, 0x37, 0x35, 0x2c, 0x20, 0x25, 0x72, 0x32, 0x39, 0x35, 0x37,
  0x2c, 0x20, 0x25, 0x72, 0x32, 0x35, 0x31, 0x39, 0x3b, 0x00, 0x00, 0x00,
  0x00, 0x6d, 0x75, 0x6c, 0x2e, 0x66, 0x31, 0x36, 0x78, 0x32, 0x20, 0x25,
  0x72, 0x32, 0x35, 0x37, 0x38, 0x2c, 0x20, 0x25, 0x72, 0x32, 0x39, 0x35,
  0x36, 0x2c, 0x20, 0x25, 0x72, 0x32, 0x35, 0x32, 0x30, 0x3b, 0x00, 0x00,
  0x00, 0x00, 0x6d, 0x75, 0x6c, 0x2e, 0x66, 0x31, 0x36, 0x78, 0x32, 0x20,
  0x25, 0x72, 0x32, 0x35, 0x38, 0x31, 0x2c, 0x20, 0x25, 0x72, 0x32, 0x39,
  0x35, 0x35, 0x2c, 0x20, 0x25, 0x72, 0x32, 0x35, 0x31, 0x39, 0x3b, 0x00,
  0x00, 0x00, 0x00, 0x6d, 0x75, 0x6c, 0x2e, 0x66, 0x31, 0x36, 0x78, 0x32,
  0x20, 0x25, 0x72, 0x32, 0x35, 0x38, 0x34, 0x2c, 0x20, 0x25, 0x72, 0x32,
  0x39, 0x35, 0x34, 0x2c, 0x20, 0x25, 0x72, 0x32, 0x35, 0x32, 0x30, 0x3b,
  0x00, 0x00, 0x00, 0x00, 0x6d, 0x75, 0x6c, 0x2e, 0x66, 0x31, 0x36, 0x78,
  0x32, 0x20, 0x25, 0x72, 0x32, 0x35, 0x38, 0x37, 0x2c, 0x20, 0x25, 0x72,
  0x32, 0x39, 0x35, 0x33, 0x2c, 0x20, 0x25, 0x72, 0x32, 0x35, 0x31, 0x39,
  0x3b, 0x00, 0x00, 0x00, 0x00, 0x6d, 0x75, 0x6c, 0x2e, 0x66, 0x31, 0x36,
  0x78, 0x32, 0x20, 0x25, 0x72, 0x32, 0x35, 0x39, 0x30, 0x2c, 0x20, 0x25,
  0x72, 0x32, 0x39, 0x35, 0x32, 0x2c, 0x20, 0x25, 0x72, 0x32, 0x35, 0x32,
  0x30, 0x3b, 0x00, 0x00, 0x00, 0x00, 0x6d, 0x75, 0x6c, 0x2e, 0x66, 0x31,
  0x36, 0x78, 0x32, 0x20, 0x25, 0x72, 0x32, 0x35, 0x39, 0x33, 0x2c, 0x20,
  0x25, 0x72, 0x32, 0x39, 0x35, 0x31, 0x2c, 0x20, 0x25, 0x72, 0x32, 0x35,
  0x31, 0x39, 0x3b, 0x00, 0x00, 0x00, 0x00, 0x6d, 0x75, 0x6c, 0x2e, 0x66,
  0x31, 0x36, 0x78, 0x32, 0x20, 0x25, 0x72, 0x32, 0x35, 0x39, 0x36, 0x2c,
  0x20, 0x25, 0x72, 0x32, 0x39, 0x35, 0x30, 0x2c, 0x20, 0x25, 0x72, 0x32,
  0x35, 0x32, 0x30, 0x3b, 0x00, 0x00, 0x00, 0x00, 0x6d, 0x75, 0x6c, 0x2e,
  0x66, 0x31, 0x36, 0x78, 0x32, 0x20, 0x25, 0x72, 0x32, 0x35, 0x39, 0x39,
  0x2c, 0x20, 0x25, 0x72, 0x32, 0x39, 0x34, 0x39, 0x2c, 0x20, 0x25, 0x72,
  0x32, 0x35, 0x31, 0x39, 0x3b, 0x00, 0x00, 0x00, 0x00, 0x6d, 0x75, 0x6c,
  0x2e, 0x66, 0x31, 0x36, 0x78, 0x32, 0x20, 0x25, 0x72, 0x32, 0x36, 0x30,
  0x32, 0x2c, 0x20, 0x25, 0x72, 0x32, 0x39, 0x34, 0x38, 0x2c, 0x20, 0x25,
  0x72, 0x32, 0x35, 0x32, 0x30, 0x3b, 0x00, 0x00, 0x00, 0x00, 0x6d, 0x75,
  0x6c, 0x2e, 0x66, 0x31, 0x36, 0x78, 0x32, 0x20, 0x25, 0x72, 0x32, 0x36,
  0x30, 0x35, 0x2c, 0x20, 0x25, 0x72, 0x32, 0x39, 0x34, 0x37, 0x2c, 0x20,
  0x25, 0x72, 0x32, 0x35, 0x31, 0x39, 0x3b, 0x00, 0x00, 0x00, 0x00, 0x6d,
  0x75, 0x6c, 0x2e, 0x66, 0x31, 0x36, 0x78, 0x32, 0x20, 0x25, 0x72, 0x32,
  0x36, 0x30, 0x38, 0x2c, 0x20, 0x25, 0x72, 0x32, 0x39, 0x34, 0x36, 0x2c,
  0x20, 0x25, 0x72, 0x32, 0x35, 0x32, 0x30, 0x3b, 0x00, 0x00, 0x00, 0x00,
  0x6d, 0x75, 0x6c, 0x2e, 0x66, 0x31, 0x36, 0x78, 0x32, 0x20, 0x25, 0x72,
  0x32, 0x36, 0x31, 0x31, 0x2c, 0x20, 0x25, 0x72, 0x32, 0x39, 0x34, 0x35,
  0x2c, 0x20, 0x25, 0x72, 0x32, 0x35, 0x31, 0x39, 0x3b, 0x00, 0x00, 0x00,
  0x00, 0x6d, 0x75, 0x6c, 0x2e, 0x66, 0x31, 0x36, 0x78, 0x32, 0x20, 0x25,
  0x72, 0x32, 0x36, 0x31, 0x34, 0x2c, 0x20, 0x25, 0x72, 0x32, 0x39, 0x34,
  0x34, 0x2c, 0x20, 0x25, 0x72, 0x32, 0x35, 0x32, 0x30, 0x3b, 0x00, 0x00,
  0x00, 0x00, 0x62, 0x61, 0x72, 0x2e, 0x73, 0x79, 0x6e, 0x63, 0x20, 0x09,
  0x30, 0x3b, 0x00, 0x00, 0x00, 0x00, 0x73, 0x68, 0x6c, 0x2e, 0x62, 0x33,
  0x32, 0x20, 0x09, 0x25, 0x72, 0x32, 0x37, 0x32, 0x32, 0x2c, 0x20, 0x25,
  0x72, 0x32, 0x37, 0x36, 0x38, 0x2c, 0x20, 0x32, 0x3b, 0x00, 0x61, 0x6e,
  0x64, 0x2e, 0x62, 0x33, 0x32, 0x20, 0x20, 0x09, 0x25, 0x72, 0x32, 0x37,
  0x32, 0x33, 0x2c, 0x20, 0x25, 0x72, 0x32, 0x37, 0x32, 0x32, 0x2c, 0x20,
  0x31, 0x32, 0x34, 0x3b, 0x00, 0x00, 0x61, 0x64, 0x64, 0x2e, 0x73, 0x33,
  0x32, 0x20, 0x09, 0x25, 0x72, 0x32, 0x37, 0x32, 0x35, 0x2c, 0x20, 0x25,
  0x72, 0x32, 0x37, 0x32, 0x33, 0x2c, 0x20, 0x25, 0x72, 0x32, 0x37, 0x36,
  0x34, 0x3b, 0x00, 0x00, 0x61, 0x6e, 0x64, 0x2e, 0x62, 0x33, 0x32, 0x20,
  0x20, 0x09, 0x25, 0x72, 0x32, 0x37, 0x32, 0x38, 0x2c, 0x20, 0x25, 0x72,
  0x32, 0x37, 0x36, 0x38, 0x2c, 0x20, 0x32, 0x38, 0x3b, 0x00, 0x73, 0x68,
  0x72, 0x2e, 0x75, 0x33, 0x32, 0x20, 0x09, 0x25, 0x72, 0x32, 0x37, 0x32,
  0x39, 0x2c, 0x20, 0x25, 0x72, 0x32, 0x37, 0x32, 0x38, 0x2c, 0x20, 0x32,
  0x3b, 0x00, 0x6f, 0x72, 0x2e, 0x62, 0x33, 0x32, 0x20, 0x20, 0x09, 0x25,
  0x72, 0x32, 0x37, 0x33, 0x30, 0x2c, 0x20, 0x25, 0x72, 0x32, 0x37, 0x36,
  0x35, 0x2c, 0x20, 0x25, 0x72, 0x32, 0x37, 0x32, 0x39, 0x3b, 0x00, 0x00,
  0x73, 0x68, 0x6c, 0x2e, 0x62, 0x33, 0x32, 0x20, 0x09, 0x25, 0x72, 0x32,
  0x37, 0x33, 0x31, 0x2c, 0x20, 0x25, 0x72, 0x32, 0x37, 0x33, 0x30, 0x2c,
  0x20, 0x38, 0x3b, 0x00, 0x00, 0x61, 0x64, 0x64, 0x2e, 0x73, 0x33, 0x32,
  0x20, 0x09, 0x25, 0x72, 0x32, 0x36, 0x31, 0x37, 0x2c, 0x20, 0x25, 0x72,
  0x32, 0x37, 0x32, 0x35, 0x2c, 0x20, 0x25, 0x72, 0x32, 0x37, 0x33, 0x31,
  0x3b, 0x00, 0x00, 0x00, 0x00, 0x00, 0x00, 0x73, 0x74, 0x2e, 0x73, 0x68,
  0x61, 0x72, 0x65, 0x64, 0x2e, 0x62, 0x33, 0x32, 0x20, 0x5b, 0x25, 0x72,
  0x32, 0x36, 0x31, 0x37, 0x5d, 0x2c, 0x20, 0x25, 0x72, 0x32, 0x35, 0x32,
  0x31, 0x3b, 0x00, 0x00, 0x00, 0x00, 0x61, 0x64, 0x64, 0x2e, 0x73, 0x33,
  0x32, 0x20, 0x09, 0x25, 0x72, 0x32, 0x36, 0x31, 0x39, 0x2c, 0x20, 0x25,
  0x72, 0x32, 0x36, 0x31, 0x37, 0x2c, 0x20, 0x32, 0x30, 0x34, 0x38, 0x3b,
  0x00, 0x00, 0x00, 0x00, 0x73, 0x74, 0x2e, 0x73, 0x68, 0x61, 0x72, 0x65,
  0x64, 0x2e, 0x62, 0x33, 0x32, 0x20, 0x5b, 0x25, 0x72, 0x32, 0x36, 0x31,
  0x39, 0x5d, 0x2c, 0x20, 0x25, 0x72, 0x32, 0x35, 0x32, 0x34, 0x3b, 0x00,
  0x00, 0x00, 0x00, 0x78, 0x6f, 0x72, 0x2e, 0x62, 0x33, 0x32, 0x20, 0x20,
  0x09, 0x25, 0x72, 0x32, 0x36, 0x32, 0x31, 0x2c, 0x20, 0x25, 0x72, 0x32,
  0x36, 0x31, 0x37, 0x2c, 0x20, 0x31, 0x36, 0x3b, 0x00, 0x00, 0x00, 0x00,
  0x73, 0x74, 0x2e, 0x73, 0x68, 0x61, 0x72, 0x65, 0x64, 0x2e, 0x62, 0x33,
  0x32, 0x20, 0x5b, 0x25, 0x72, 0x32, 0x36, 0x32, 0x31, 0x5d, 0x2c, 0x20,
  0x25, 0x72, 0x32, 0x35, 0x32, 0x37, 0x3b, 0x00, 0x00, 0x00, 0x00, 0x61,
  0x64, 0x64, 0x2e, 0x73, 0x33, 0x32, 0x20, 0x09, 0x25, 0x72, 0x32, 0x36,
  0x32, 0x33, 0x2c, 0x20, 0x25, 0x72, 0x32, 0x36, 0x32, 0x31, 0x2c, 0x20,
  0x32, 0x30, 0x34, 0x38, 0x3b, 0x00, 0x00, 0x00, 0x00, 0x73, 0x74, 0x2e,
  0x73, 0x68, 0x61, 0x72, 0x65, 0x64, 0x2e, 0x62, 0x33, 0x32, 0x20, 0x5b,
  0x25, 0x72, 0x32, 0x36, 0x32, 0x33, 0x5d, 0x2c, 0x20, 0x25, 0x72, 0x32,
  0x35, 0x33, 0x30, 0x3b, 0x00, 0x00, 0x00, 0x00, 0x78, 0x6f, 0x72, 0x2e,
  0x62, 0x33, 0x32, 0x20, 0x20, 0x09, 0x25, 0x72, 0x32, 0x36, 0x32, 0x35,
  0x2c, 0x20, 0x25, 0x72, 0x32, 0x36, 0x31, 0x37, 0x2c, 0x20, 0x33, 0x32,
  0x3b, 0x00, 0x00, 0x00, 0x73, 0x74, 0x2e, 0x73, 0x68, 0x61, 0x72, 0x65,
  0x64, 0x2e, 0x62, 0x33, 0x32, 0x20, 0x5b, 0x25, 0x72, 0x32, 0x36, 0x32,
  0x35, 0x5d, 0x2c, 0x20, 0x25, 0x72, 0x32, 0x35, 0x33, 0x33, 0x3b, 0x00,
  0x00, 0x00, 0x00, 0x61, 0x64, 0x64, 0x2e, 0x73, 0x33, 0x32, 0x20, 0x09,
  0x25, 0x72, 0x32, 0x36, 0x32, 0x37, 0x2c, 0x20, 0x25, 0x72, 0x32, 0x36,
  0x32, 0x35, 0x2c, 0x20, 0x32, 0x30, 0x34, 0x38, 0x3b, 0x00, 0x00, 0x00,
  0x73, 0x74, 0x2e, 0x73, 0x68, 0x61, 0x72, 0x65, 0x64, 0x2e, 0x62, 0x33,
  0x32, 0x20, 0x5b, 0x25, 0x72, 0x32, 0x36, 0x32, 0x37, 0x5d, 0x2c, 0x20,
  0x25, 0x72, 0x32, 0x35, 0x33, 0x36, 0x3b, 0x00, 0x00, 0x00, 0x00, 0x78,
  0x6f, 0x72, 0x2e, 0x62, 0x33, 0x32, 0x20, 0x20, 0x09, 0x25, 0x72, 0x32,
  0x36, 0x32, 0x39, 0x2c, 0x20, 0x25, 0x72, 0x32, 0x36, 0x31, 0x37, 0x2c,
  0x20, 0x34, 0x38, 0x3b, 0x00, 0x00, 0x00, 0x73, 0x74, 0x2e, 0x73, 0x68,
  0x61, 0x72, 0x65, 0x64, 0x2e, 0x62, 0x33, 0x32, 0x20, 0x5b, 0x25, 0x72,
  0x32, 0x36, 0x32, 0x39, 0x5d, 0x2c, 0x20, 0x25, 0x72, 0x32, 0x35, 0x33,
  0x39, 0x3b, 0x00, 0x00, 0x00, 0x00, 0x61, 0x64, 0x64, 0x2e, 0x73, 0x33,
  0x32, 0x20, 0x09, 0x25, 0x72, 0x32, 0x36, 0x33, 0x31, 0x2c, 0x20, 0x25,
  0x72, 0x32, 0x36, 0x32, 0x39, 0x2c, 0x20, 0x32, 0x30, 0x34, 0x38, 0x3b,
  0x00, 0x00, 0x00, 0x73, 0x74, 0x2e, 0x73, 0x68, 0x61, 0x72, 0x65, 0x64,
  0x2e, 0x62, 0x33, 0x32, 0x20, 0x5b, 0x25, 0x72, 0x32, 0x36, 0x33, 0x31,
  0x5d, 0x2c, 0x20, 0x25, 0x72, 0x32, 0x35, 0x34, 0x32, 0x3b, 0x00, 0x00,
  0x00, 0x00, 0x78, 0x6f, 0x72, 0x2e, 0x62, 0x33, 0x32, 0x20, 0x20, 0x09,
  0x25, 0x72, 0x32, 0x36, 0x33, 0x33, 0x2c, 0x20, 0x25, 0x72, 0x32, 0x36,
  0x31, 0x37, 0x2c, 0x20, 0x36, 0x34, 0x3b, 0x00, 0x00, 0x00, 0x73, 0x74,
  0x2e, 0x73, 0x68, 0x61, 0x72, 0x65, 0x64, 0x2e, 0x62, 0x33, 0x32, 0x20,
  0x5b, 0x25, 0x72, 0x32, 0x36, 0x33, 0x33, 0x5d, 0x2c, 0x20, 0x25, 0x72,
  0x32, 0x35, 0x34, 0x35, 0x3b, 0x00, 0x00, 0x00, 0x00, 0x61, 0x64, 0x64,
  0x2e, 0x73, 0x33, 0x32, 0x20, 0x09, 0x25, 0x72, 0x32, 0x36, 0x33, 0x35,
  0x2c, 0x20, 0x25, 0x72, 0x32, 0x36, 0x33, 0x33, 0x2c, 0x20, 0x32, 0x30,
  0x34, 0x38, 0x3b, 0x00, 0x00, 0x00, 0x73, 0x74, 0x2e, 0x73, 0x68, 0x61,
  0x72, 0x65, 0x64, 0x2e, 0x62, 0x33, 0x32, 0x20, 0x5b, 0x25, 0x72, 0x32,
  0x36, 0x33, 0x35, 0x5d, 0x2c, 0x20, 0x25, 0x72, 0x32, 0x35, 0x34, 0x38,
  0x3b, 0x00, 0x00, 0x00, 0x00, 0x78, 0x6f, 0x72, 0x2e, 0x62, 0x33, 0x32,
  0x20, 0x20, 0x09, 0x25, 0x72, 0x32, 0x36, 0x33, 0x37, 0x2c, 0x20, 0x25,
  0x72, 0x32, 0x36, 0x31, 0x37, 0x2c, 0x20, 0x38, 0x30, 0x3b, 0x00, 0x00,
  0x00, 0x73, 0x74, 0x2e, 0x73, 0x68, 0x61, 0x72, 0x65, 0x64, 0x2e, 0x62,
  0x33, 0x32, 0x20, 0x5b, 0x25, 0x72, 0x32, 0x36, 0x33, 0x37, 0x5d, 0x2c,
  0x20, 0x25, 0x72, 0x32, 0x35, 0x35, 0x31, 0x3b, 0x00, 0x00, 0x00, 0x00,
  0x61, 0x64, 0x64, 0x2e, 0x73, 0x33, 0x32, 0x20, 0x09, 0x25, 0x72, 0x32,
  0x36, 0x33, 0x39, 0x2c, 0x20, 0x25, 0x72, 0x32, 0x36, 0x33, 0x37, 0x2c,
  0x20, 0x32, 0x30, 0x34, 0x38, 0x3b, 0x00, 0x00, 0x00, 0x73, 0x74, 0x2e,
  0x73, 0x68, 0x61, 0x72, 0x65, 0x64, 0x2e, 0x62, 0x33, 0x32, 0x20, 0x5b,
  0x25, 0x72, 0x32, 0x36, 0x33, 0x39, 0x5d, 0x2c, 0x20, 0x25, 0x72, 0x32,
  0x35, 0x35, 0x34, 0x3b, 0x00, 0x00, 0x00, 0x00, 0x78, 0x6f, 0x72, 0x2e,
  0x62, 0x33, 0x32, 0x20, 0x20, 0x09, 0x25, 0x72, 0x32, 0x36, 0x34, 0x31,
  0x2c, 0x20, 0x25, 0x72, 0x32, 0x36, 0x31, 0x37, 0x2c, 0x20, 0x39, 0x36,
  0x3b, 0x00, 0x00, 0x00, 0x73, 0x74, 0x2e, 0x73, 0x68, 0x61, 0x72, 0x65,
  0x64, 0x2e, 0x62, 0x33, 0x32, 0x20, 0x5b, 0x25, 0x72, 0x32, 0x36, 0x34,
  0x31, 0x5d, 0x2c, 0x20, 0x25, 0x72, 0x32, 0x35, 0x35, 0x37, 0x3b, 0x00,
  0x00, 0x00, 0x00, 0x61, 0x64, 0x64, 0x2e, 0x73, 0x33, 0x32, 0x20, 0x09,
  0x25, 0x72, 0x32, 0x36, 0x34, 0x33, 0x2c, 0x20, 0x25, 0x72, 0x32, 0x36,
  0x34, 0x31, 0x2c, 0x20, 0x32, 0x30, 0x34, 0x38, 0x3b, 0x00, 0x00, 0x00,
  0x73, 0x74, 0x2e, 0x73, 0x68, 0x61, 0x72, 0x65, 0x64, 0x2e, 0x62, 0x33,
  0x32, 0x20, 0x5b, 0x25, 0x72, 0x32, 0x36, 0x34, 0x33, 0x5d, 0x2c, 0x20,
  0x25, 0x72, 0x32, 0x35, 0x36, 0x30, 0x3b, 0x00, 0x00, 0x00, 0x00, 0x78,
  0x6f, 0x72, 0x2e, 0x62, 0x33, 0x32, 0x20, 0x20, 0x09, 0x25, 0x72, 0x32,
  0x36, 0x34, 0x35, 0x2c, 0x20, 0x25, 0x72, 0x32, 0x36, 0x31, 0x37, 0x2c,
  0x20, 0x31, 0x31, 0x32, 0x3b, 0x00, 0x00, 0x00, 0x73, 0x74, 0x2e, 0x73,
  0x68, 0x61, 0x72, 0x65, 0x64, 0x2e, 0x62, 0x33, 0x32, 0x20, 0x5b, 0x25,
  0x72, 0x32, 0x36, 0x34, 0x35, 0x5d, 0x2c, 0x20, 0x25, 0x72, 0x32, 0x35,
  0x36, 0x33, 0x3b, 0x00, 0x00, 0x00, 0x00, 0x61, 0x64, 0x64, 0x2e, 0x73,
  0x33, 0x32, 0x20, 0x09, 0x25, 0x72, 0x32, 0x36, 0x34, 0x37, 0x2c, 0x20,
  0x25, 0x72, 0x32, 0x36, 0x34, 0x35, 0x2c, 0x20, 0x32, 0x30, 0x34, 0x38,
  0x3b, 0x00, 0x00, 0x00, 0x73, 0x74, 0x2e, 0x73, 0x68, 0x61, 0x72, 0x65,
  0x64, 0x2e, 0x62, 0x33, 0x32, 0x20, 0x5b, 0x25, 0x72, 0x32, 0x36, 0x34,
  0x37, 0x5d, 0x2c, 0x20, 0x25, 0x72, 0x32, 0x35, 0x36, 0x36, 0x3b, 0x00,
  0x00, 0x00, 0x00, 0x78, 0x6f, 0x72, 0x2e, 0x62, 0x33, 0x32, 0x20, 0x20,
  0x09, 0x25, 0x72, 0x32, 0x36, 0x34, 0x39, 0x2c, 0x20, 0x25, 0x72, 0x32,
  0x36, 0x31, 0x37, 0x2c, 0x20, 0x31, 0x32, 0x38, 0x3b, 0x00, 0x00, 0x00,
  0x73, 0x74, 0x2e, 0x73, 0x68, 0x61, 0x72, 0x65, 0x64, 0x2e, 0x62, 0x33,
  0x32, 0x20, 0x5b, 0x25, 0x72, 0x32, 0x36, 0x34, 0x39, 0x5d, 0x2c, 0x20,
  0x25, 0x72, 0x32, 0x35, 0x36, 0x39, 0x3b, 0x00, 0x00, 0x00, 0x00, 0x61,
  0x64, 0x64, 0x2e, 0x73, 0x33, 0x32, 0x20, 0x09, 0x25, 0x72, 0x32, 0x36,
  0x35, 0x31, 0x2c, 0x20, 0x25, 0x72, 0x32, 0x36, 0x34, 0x39, 0x2c, 0x20,
  0x32, 0x30, 0x34, 0x38, 0x3b, 0x00, 0x00, 0x00, 0x73, 0x74, 0x2e, 0x73,
  0x68, 0x61, 0x72, 0x65, 0x64, 0x2e, 0x62, 0x33, 0x32, 0x20, 0x5b, 0x25,
  0x72, 0x32, 0x36, 0x35, 0x31, 0x5d, 0x2c, 0x20, 0x25, 0x72, 0x32, 0x35,
  0x37, 0x32, 0x3b, 0x00, 0x00, 0x00, 0x00, 0x78, 0x6f, 0x72, 0x2e, 0x62,
  0x33, 0x32, 0x20, 0x20, 0x09, 0x25, 0x72, 0x32, 0x36, 0x35, 0x33, 0x2c,
  0x20, 0x25, 0x72, 0x32, 0x36, 0x31, 0x37, 0x2c, 0x20, 0x31, 0x34, 0x34,
  0x3b, 0x00, 0x00, 0x00, 0x73, 0x74, 0x2e, 0x73, 0x68, 0x61, 0x72, 0x65,
  0x64, 0x2e, 0x62, 0x33, 0x32, 0x20, 0x5b, 0x25, 0x72, 0x32, 0x36, 0x35,
  0x33, 0x5d, 0x2c, 0x20, 0x25, 0x72, 0x32, 0x35, 0x37, 0x35, 0x3b, 0x00,
  0x00, 0x00, 0x00, 0x61, 0x64, 0x64, 0x2e, 0x73, 0x33, 0x32, 0x20, 0x09,
  0x25, 0x72, 0x32, 0x36, 0x35, 0x35, 0x2c, 0x20, 0x25, 0x72, 0x32, 0x36,
  0x35, 0x33, 0x2c, 0x20, 0x32, 0x30, 0x34, 0x38, 0x3b, 0x00, 0x00, 0x00,
  0x73, 0x74, 0x2e, 0x73, 0x68, 0x61, 0x72, 0x65, 0x64, 0x2e, 0x62, 0x33,
  0x32, 0x20, 0x5b, 0x25, 0x72, 0x32, 0x36, 0x35, 0x35, 0x5d, 0x2c, 0x20,
  0x25, 0x72, 0x32, 0x35, 0x37, 0x38, 0x3b, 0x00, 0x00, 0x00, 0x00, 0x78,
  0x6f, 0x72, 0x2e, 0x62, 0x33, 0x32, 0x20, 0x20, 0x09, 0x25, 0x72, 0x32,
  0x36, 0x35, 0x37, 0x2c, 0x20, 0x25, 0x72, 0x32, 0x36, 0x31, 0x37, 0x2c,
  0x20, 0x31, 0x36, 0x30, 0x3b, 0x00, 0x00, 0x00, 0x73, 0x74, 0x2e, 0x73,
  0x68, 0x61, 0x72, 0x65, 0x64, 0x2e, 0x62, 0x33, 0x32, 0x20, 0x5b, 0x25,
  0x72, 0x32, 0x36, 0x35, 0x37, 0x5d, 0x2c, 0x20, 0x25, 0x72, 0x32, 0x35,
  0x38, 0x31, 0x3b, 0x00, 0x00, 0x00, 0x00, 0x61, 0x64, 0x64, 0x2e, 0x73,
  0x33, 0x32, 0x20, 0x09, 0x25, 0x72, 0x32, 0x36, 0x35, 0x39, 0x2c, 0x20,
  0x25, 0x72, 0x32, 0x36, 0x35, 0x37, 0x2c, 0x20, 0x32, 0x30, 0x34, 0x38,
  0x3b, 0x00, 0x00, 0x00, 0x73, 0x74, 0x2e, 0x73, 0x68, 0x61, 0x72, 0x65,
  0x64, 0x2e, 0x62, 0x33, 0x32, 0x20, 0x5b, 0x25, 0x72, 0x32, 0x36, 0x35,
  0x39, 0x5d, 0x2c, 0x20, 0x25, 0x72, 0x32, 0x35, 0x38, 0x34, 0x3b, 0x00,
  0x00, 0x00, 0x00, 0x78, 0x6f, 0x72, 0x2e, 0x62, 0x33, 0x32, 0x20, 0x20,
  0x09, 0x25, 0x72, 0x32, 0x36, 0x36, 0x31, 0x2c, 0x20, 0x25, 0x72, 0x32,
  0x36, 0x31, 0x37, 0x2c, 0x20, 0x31, 0x37, 0x36, 0x3b, 0x00, 0x00, 0x00,
  0x73, 0x74, 0x2e, 0x73, 0x68, 0x61, 0x72, 0x65, 0x64, 0x2e, 0x62, 0x33,
  0x32, 0x20, 0x5b, 0x25, 0x72, 0x32, 0x36, 0x36, 0x31, 0x5d, 0x2c, 0x20,
  0x25, 0x72, 0x32, 0x35, 0x38, 0x37, 0x3b, 0x00, 0x00, 0x00, 0x00, 0x61,
  0x64, 0x64, 0x2e, 0x73, 0x33, 0x32, 0x20, 0x09, 0x25, 0x72, 0x32, 0x36,
  0x36, 0x33, 0x2c, 0x20, 0x25, 0x72, 0x32, 0x36, 0x36, 0x31, 0x2c, 0x20,
  0x32, 0x30, 0x34, 0x38, 0x3b, 0x00, 0x00, 0x00, 0x73, 0x74, 0x2e, 0x73,
  0x68, 0x61, 0x72, 0x65, 0x64, 0x2e, 0x62, 0x33, 0x32, 0x20, 0x5b, 0x25,
  0x72, 0x32, 0x36, 0x36, 0x33, 0x5d, 0x2c, 0x20, 0x25, 0x72, 0x32, 0x35,
  0x39, 0x30, 0x3b, 0x00, 0x00, 0x00, 0x00, 0x78, 0x6f, 0x72, 0x2e, 0x62,
  0x33, 0x32, 0x20, 0x20, 0x09, 0x25, 0x72, 0x32, 0x36, 0x36, 0x35, 0x2c,
  0x20, 0x25, 0x72, 0x32, 0x36, 0x31, 0x37, 0x2c, 0x20, 0x31, 0x39, 0x32,
  0x3b, 0x00, 0x00, 0x00, 0x73, 0x74, 0x2e, 0x73, 0x68, 0x61, 0x72, 0x65,
  0x64, 0x2e, 0x62, 0x33, 0x32, 0x20, 0x5b, 0x25, 0x72, 0x32, 0x36, 0x36,
  0x35, 0x5d, 0x2c, 0x20, 0x25, 0x72, 0x32, 0x35, 0x39, 0x33, 0x3b, 0x00,
  0x00, 0x00, 0x00, 0x61, 0x64, 0x64, 0x2e, 0x73, 0x33, 0x32, 0x20, 0x09,
  0x25, 0x72, 0x32, 0x36, 0x36, 0x37, 0x2c, 0x20, 0x25, 0x72, 0x32, 0x36,
  0x36, 0x35, 0x2c, 0x20, 0x32, 0x30, 0x34, 0x38, 0x3b, 0x00, 0x00, 0x00,
  0x73, 0x74, 0x2e, 0x73, 0x68, 0x61, 0x72, 0x65, 0x64, 0x2e, 0x62, 0x33,
  0x32, 0x20, 0x5b, 0x25, 0x72, 0x32, 0x36, 0x36, 0x37, 0x5d, 0x2c, 0x20,
  0x25, 0x72, 0x32, 0x35, 0x39, 0x36, 0x3b, 0x00, 0x00, 0x00, 0x00, 0x78,
  0x6f, 0x72, 0x2e, 0x62, 0x33, 0x32, 0x20, 0x20, 0x09, 0x25, 0x72, 0x32,
  0x36, 0x36, 0x39, 0x2c, 0x20, 0x25, 0x72, 0x32, 0x36, 0x31, 0x37, 0x2c,
  0x20, 0x32, 0x30, 0x38, 0x3b, 0x00, 0x00, 0x00, 0x73, 0x74, 0x2e, 0x73,
  0x68, 0x61, 0x72, 0x65, 0x64, 0x2e, 0x62, 0x33, 0x32, 0x20, 0x5b, 0x25,
  0x72, 0x32, 0x36, 0x36, 0x39, 0x5d, 0x2c, 0x20, 0x25, 0x72, 0x32, 0x35,
  0x39, 0x39, 0x3b, 0x00, 0x00, 0x00, 0x00, 0x61, 0x64, 0x64, 0x2e, 0x73,
  0x33, 0x32, 0x20, 0x09, 0x25, 0x72, 0x32, 0x36, 0x37, 0x31, 0x2c, 0x20,
  0x25, 0x72, 0x32, 0x36, 0x36, 0x39, 0x2c, 0x20, 0x32, 0x30, 0x34, 0x38,
  0x3b, 0x00, 0x00, 0x00, 0x73, 0x74, 0x2e, 0x73, 0x68, 0x61, 0x72, 0x65,
  0x64, 0x2e, 0x62, 0x33, 0x32, 0x20, 0x5b, 0x25, 0x72, 0x32, 0x36, 0x37,
  0x31, 0x5d, 0x2c, 0x20, 0x25, 0x72, 0x32, 0x36, 0x30, 0x32, 0x3b, 0x00,
  0x00, 0x00, 0x00, 0x78, 0x6f, 0x72, 0x2e, 0x62, 0x33, 0x32, 0x20, 0x20,
  0x09, 0x25, 0x72, 0x32, 0x36, 0x37, 0x33, 0x2c, 0x20, 0x25, 0x72, 0x32,
  0x36, 0x31, 0x37, 0x2c, 0x20, 0x32, 0x32, 0x34, 0x3b, 0x00, 0x00, 0x00,
  0x73, 0x74, 0x2e, 0x73, 0x68, 0x61, 0x72, 0x65, 0x64, 0x2e, 0x62, 0x33,
  0x32, 0x20, 0x5b, 0x25, 0x72, 0x32, 0x36, 0x37, 0x33, 0x5d, 0x2c, 0x20,
  0x25, 0x72, 0x32, 0x36, 0x30, 0x35, 0x3b, 0x00, 0x00, 0x00, 0x00, 0x61,
  0x64, 0x64, 0x2e, 0x73, 0x33, 0x32, 0x20, 0x09, 0x25, 0x72, 0x32, 0x36,
  0x37, 0x35, 0x2c, 0x20, 0x25, 0x72, 0x32, 0x36, 0x37, 0x33, 0x2c, 0x20,
  0x32, 0x30, 0x34, 0x38, 0x3b, 0x00, 0x00, 0x00, 0x73, 0x74, 0x2e, 0x73,
  0x68, 0x61, 0x72, 0x65, 0x64, 0x2e, 0x62, 0x33, 0x32, 0x20, 0x5b, 0x25,
  0x72, 0x32, 0x36, 0x37, 0x35, 0x5d, 0x2c, 0x20, 0x25, 0x72, 0x32, 0x36,
  0x30, 0x38, 0x3b, 0x00, 0x00, 0x00, 0x00, 0x78, 0x6f, 0x72, 0x2e, 0x62,
  0x33, 0x32, 0x20, 0x20, 0x09, 0x25, 0x72, 0x32, 0x36, 0x37, 0x37, 0x2c,
  0x20, 0x25, 0x72, 0x32, 0x36, 0x31, 0x37, 0x2c, 0x20, 0x32, 0x34, 0x30,
  0x3b, 0x00, 0x00, 0x00, 0x73, 0x74, 0x2e, 0x73, 0x68, 0x61, 0x72, 0x65,
  0x64, 0x2e, 0x62, 0x33, 0x32, 0x20, 0x5b, 0x25, 0x72, 0x32, 0x36, 0x37,
  0x37, 0x5d, 0x2c, 0x20, 0x25, 0x72, 0x32, 0x36, 0x31, 0x31, 0x3b, 0x00,
  0x00, 0x00, 0x00, 0x61, 0x64, 0x64, 0x2e, 0x73, 0x33, 0x32, 0x20, 0x09,
  0x25, 0x72, 0x32, 0x36, 0x37, 0x39, 0x2c, 0x20, 0x25, 0x72, 0x32, 0x36,
  0x37, 0x37, 0x2c, 0x20, 0x32, 0x30, 0x34, 0x38, 0x3b, 0x00, 0x00, 0x00,
  0x73, 0x74, 0x2e, 0x73, 0x68, 0x61, 0x72, 0x65, 0x64, 0x2e, 0x62, 0x33,
  0x32, 0x20, 0x5b, 0x25, 0x72, 0x32, 0x36, 0x37, 0x39, 0x5d, 0x2c, 0x20,
  0x25, 0x72, 0x32, 0x36, 0x31, 0x34, 0x3b, 0x00, 0x00, 0x00, 0x00, 0x62,
  0x61, 0x72, 0x2e, 0x73, 0x79, 0x6e, 0x63, 0x20, 0x09, 0x30, 0x3b, 0x00,
  0x00, 0x00, 0x00, 0x00, 0x6c, 0x64, 0x2e, 0x73, 0x68, 0x61, 0x72, 0x65,
  0x64, 0x2e, 0x76, 0x34, 0x2e, 0x62, 0x33, 0x32, 0x20, 0x7b, 0x25, 0x72,
  0x32, 0x36, 0x38, 0x31, 0x2c, 0x20, 0x25, 0x72, 0x32, 0x36, 0x38, 0x32,
  0x2c, 0x20, 0x25, 0x72, 0x32, 0x36, 0x38, 0x33, 0x2c, 0x20, 0x25, 0x72,
  0x32, 0x36, 0x38, 0x34, 0x7d, 0x2c, 0x20, 0x5b, 0x25, 0x72, 0x32, 0x38,
  0x5d, 0x3b, 0x00, 0x00, 0x00, 0x00, 0x61, 0x64, 0x64, 0x2e, 0x73, 0x33,
  0x32, 0x20, 0x09, 0x25, 0x72, 0x32, 0x36, 0x39, 0x30, 0x2c, 0x20, 0x25,
  0x72, 0x32, 0x38, 0x2c, 0x20, 0x32, 0x30, 0x34, 0x38, 0x3b, 0x00, 0x00,
  0x00, 0x6c, 0x64, 0x2e, 0x73, 0x68, 0x61, 0x72, 0x65, 0x64, 0x2e, 0x76,
  0x34, 0x2e, 0x62, 0x33, 0x32, 0x20, 0x7b, 0x25, 0x72, 0x32, 0x36, 0x38,
  0x36, 0x2c, 0x20, 0x25, 0x72, 0x32, 0x36, 0x38, 0x37, 0x2c, 0x20, 0x25,
  0x72, 0x32, 0x36, 0x38, 0x38, 0x2c, 0x20, 0x25, 0x72, 0x32, 0x36, 0x38,
  0x39, 0x7d, 0x2c, 0x20, 0x5b, 0x25, 0x72, 0x32, 0x36, 0x39, 0x30, 0x5d,
  0x3b, 0x00, 0x00, 0x00, 0x00, 0x61, 0x64, 0x64, 0x2e, 0x73, 0x33, 0x32,
  0x20, 0x09, 0x25, 0x72, 0x32, 0x36, 0x39, 0x35, 0x2c, 0x20, 0x25, 0x72,
  0x32, 0x38, 0x2c, 0x20, 0x34, 0x30, 0x39, 0x36, 0x3b, 0x00, 0x00, 0x00,
  0x6c, 0x64, 0x2e, 0x73, 0x68, 0x61, 0x72, 0x65, 0x64, 0x2e, 0x76, 0x34,
  0x2e, 0x62, 0x33, 0x32, 0x20, 0x7b, 0x25, 0x72, 0x32, 0x36, 0x39, 0x31,
  0x2c, 0x20, 0x25, 0x72, 0x32, 0x36, 0x39, 0x32, 0x2c, 0x20, 0x25, 0x72,
  0x32, 0x36, 0x39, 0x33, 0x2c, 0x20, 0x25, 0x72, 0x32, 0x36, 0x39, 0x34,
  0x7d, 0x2c, 0x20, 0x5b, 0x25, 0x72, 0x32, 0x36, 0x39, 0x35, 0x5d, 0x3b,
  0x00, 0x00, 0x00, 0x00, 0x61, 0x64, 0x64, 0x2e, 0x73, 0x33, 0x32, 0x20,
  0x09, 0x25, 0x72, 0x32, 0x37, 0x30, 0x30, 0x2c, 0x20, 0x25, 0x72, 0x32,
  0x38, 0x2c, 0x20, 0x36, 0x31, 0x34, 0x34, 0x3b, 0x00, 0x00, 0x00, 0x6c,
  0x64, 0x2e, 0x73, 0x68, 0x61, 0x72, 0x65, 0x64, 0x2e, 0x76, 0x34, 0x2e,
  0x62, 0x33, 0x32, 0x20, 0x7b, 0x25, 0x72, 0x32, 0x36, 0x39, 0x36, 0x2c,
  0x20, 0x25, 0x72, 0x32, 0x36, 0x39, 0x37, 0x2c, 0x20, 0x25, 0x72, 0x32,
  0x36, 0x39, 0x38, 0x2c, 0x20, 0x25, 0x72, 0x32, 0x36, 0x39, 0x39, 0x7d,
  0x2c, 0x20, 0x5b, 0x25, 0x72, 0x32, 0x37, 0x30, 0x30, 0x5d, 0x3b, 0x00,
  0x00, 0x00, 0x00, 0x61, 0x64, 0x64, 0x2e, 0x73, 0x33, 0x32, 0x20, 0x09,
  0x25, 0x72, 0x32, 0x37, 0x30, 0x35, 0x2c, 0x20, 0x25, 0x72, 0x32, 0x38,
  0x2c, 0x20, 0x38, 0x31, 0x39, 0x32, 0x3b, 0x00, 0x00, 0x00, 0x6c, 0x64,
  0x2e, 0x73, 0x68, 0x61, 0x72, 0x65, 0x64, 0x2e, 0x76, 0x34, 0x2e, 0x62,
  0x33, 0x32, 0x20, 0x7b, 0x25, 0x72, 0x32, 0x37, 0x30, 0x31, 0x2c, 0x20,
  0x25, 0x72, 0x32, 0x37, 0x30, 0x32, 0x2c, 0x20, 0x25, 0x72, 0x32, 0x37,
  0x30, 0x33, 0x2c, 0x20, 0x25, 0x72, 0x32, 0x37, 0x30, 0x34, 0x7d, 0x2c,
  0x20, 0x5b, 0x25, 0x72, 0x32, 0x37, 0x30, 0x35, 0x5d, 0x3b, 0x00, 0x00,
  0x00, 0x00, 0x61, 0x64, 0x64, 0x2e, 0x73, 0x33, 0x32, 0x20, 0x09, 0x25,
  0x72, 0x32, 0x37, 0x31, 0x30, 0x2c, 0x20, 0x25, 0x72, 0x32, 0x38, 0x2c,
  0x20, 0x31, 0x30, 0x32, 0x34, 0x30, 0x3b, 0x00, 0x00, 0x00, 0x6c, 0x64,
  0x2e, 0x73, 0x68, 0x61, 0x72, 0x65, 0x64, 0x2e, 0x76, 0x34, 0x2e, 0x62,
  0x33, 0x32, 0x20, 0x7b, 0x25, 0x72, 0x32, 0x37, 0x30, 0x36, 0x2c, 0x20,
  0x25, 0x72, 0x32, 0x37, 0x30, 0x37, 0x2c, 0x20, 0x25, 0x72, 0x32, 0x37,
  0x30, 0x38, 0x2c, 0x20, 0x25, 0x72, 0x32, 0x37, 0x30, 0x39, 0x7d, 0x2c,
  0x20, 0x5b, 0x25, 0x72, 0x32, 0x37, 0x31, 0x30, 0x5d, 0x3b, 0x00, 0x00,
  0x00, 0x00, 0x61, 0x64, 0x64, 0x2e, 0x73, 0x33, 0x32, 0x20, 0x09, 0x25,
  0x72, 0x32, 0x37, 0x31, 0x35, 0x2c, 0x20, 0x25, 0x72, 0x32, 0x38, 0x2c,
  0x20, 0x31, 0x32, 0x32, 0x38, 0x38, 0x3b, 0x00, 0x00, 0x00, 0x6c, 0x64,
  0x2e, 0x73, 0x68, 0x61, 0x72, 0x65, 0x64, 0x2e, 0x76, 0x34, 0x2e, 0x62,
  0x33, 0x32, 0x20, 0x7b, 0x25, 0x72, 0x32, 0x37, 0x31, 0x31, 0x2c, 0x20,
  0x25, 0x72, 0x32, 0x37, 0x31, 0x32, 0x2c, 0x20, 0x25, 0x72, 0x32, 0x37,
  0x31, 0x33, 0x2c, 0x20, 0x25, 0x72, 0x32, 0x37, 0x31, 0x34, 0x7d, 0x2c,
  0x20, 0x5b, 0x25, 0x72, 0x32, 0x37, 0x31, 0x35, 0x5d, 0x3b, 0x00, 0x00,
  0x00, 0x00, 0x61, 0x64, 0x64, 0x2e, 0x73, 0x33, 0x32, 0x20, 0x09, 0x25,
  0x72, 0x32, 0x37, 0x32, 0x30, 0x2c, 0x20, 0x25, 0x72, 0x32, 0x38, 0x2c,
  0x20, 0x31, 0x34, 0x33, 0x33, 0x36, 0x3b, 0x00, 0x00, 0x00, 0x6c, 0x64,
  0x2e, 0x73, 0x68, 0x61, 0x72, 0x65, 0x64, 0x2e, 0x76, 0x34, 0x2e, 0x62,
  0x33, 0x32, 0x20, 0x7b, 0x25, 0x72, 0x32, 0x37, 0x31, 0x36, 0x2c, 0x20,
  0x25, 0x72, 0x32, 0x37, 0x31, 0x37, 0x2c, 0x20, 0x25, 0x72, 0x32, 0x37,
  0x31, 0x38, 0x2c, 0x20, 0x25, 0x72, 0x32, 0x37, 0x31, 0x39, 0x7d, 0x2c,
  0x20, 0x5b, 0x25, 0x72, 0x32, 0x37, 0x32, 0x30, 0x5d, 0x3b, 0x00, 0x00,
  0x00, 0x00, 0x6d, 0x75, 0x6c, 0x2e, 0x6c, 0x6f, 0x2e, 0x73, 0x33, 0x32,
  0x20, 0x09, 0x25, 0x72, 0x32, 0x37, 0x33, 0x36, 0x2c, 0x20, 0x25, 0x72,
  0x32, 0x37, 0x36, 0x37, 0x2c, 0x20, 0x25, 0x72, 0x36, 0x3b, 0x00, 0x73,
  0x68, 0x6c, 0x2e, 0x62, 0x33, 0x32, 0x20, 0x09, 0x25, 0x72, 0x32, 0x37,
  0x33, 0x37, 0x2c, 0x20, 0x25, 0x72, 0x32, 0x37, 0x33, 0x36, 0x2c, 0x20,
  0x31, 0x3b, 0x00, 0x63, 0x76, 0x74, 0x2e, 0x73, 0x36, 0x34, 0x2e, 0x73,
  0x33, 0x32, 0x20, 0x09, 0x25, 0x72, 0x64, 0x36, 0x31, 0x2c, 0x20, 0x25,
  0x72, 0x32, 0x37, 0x33, 0x37, 0x3b, 0x00, 0x00, 0x61, 0x64, 0x64, 0x2e,
  0x73, 0x36, 0x34, 0x20, 0x09, 0x25, 0x72, 0x64, 0x31, 0x35, 0x2c, 0x20,
  0x25, 0x72, 0x64, 0x36, 0x31, 0x2c, 0x20, 0x25, 0x72, 0x64, 0x33, 0x38,
  0x3b, 0x00, 0x63, 0x76, 0x74, 0x2e, 0x75, 0x33, 0x32, 0x2e, 0x75, 0x36,
  0x34, 0x20, 0x09, 0x25, 0x72, 0x32, 0x37, 0x33, 0x38, 0x2c, 0x20, 0x25,
  0x72, 0x64, 0x32, 0x3b, 0x00, 0x00, 0x00, 0x73, 0x65, 0x74, 0x70, 0x2e,
  0x67, 0x65, 0x2e, 0x73, 0x33, 0x32, 0x20, 0x09, 0x25, 0x70, 0x39, 0x31,
  0x2c, 0x20, 0x25, 0x72, 0x32, 0x37, 0x33, 0x38, 0x2c, 0x20, 0x25, 0x72,
  0x38, 0x3b, 0x00, 0x40, 0x25, 0x70, 0x39, 0x31, 0x20, 0x62, 0x72, 0x61,
  0x20, 0x09, 0x24, 0x4c, 0x5f, 0x5f, 0x42, 0x42, 0x30, 0x5f, 0x35, 0x34,
  0x3b, 0x00, 0x00, 0x00, 0x6d, 0x6f, 0x76, 0x2e, 0x75, 0x33, 0x32, 0x20,
  0x09, 0x25, 0x72, 0x32, 0x37, 0x37, 0x36, 0x2c, 0x20, 0x25, 0x74, 0x69,
  0x64, 0x2e, 0x78, 0x3b, 0x00, 0x6d, 0x6f, 0x76, 0x2e, 0x62, 0x36, 0x34,
  0x20, 0x09, 0x25, 0x72, 0x64, 0x31, 0x30, 0x35, 0x2c, 0x20, 0x66, 0x6d,
  0x68, 0x61, 0x5f, 0x76, 0x32, 0x5f, 0x66, 0x6c, 0x61, 0x73, 0x68, 0x5f,
  0x61, 0x74, 0x74, 0x65, 0x6e, 0x74, 0x69, 0x6f, 0x6e, 0x5f, 0x66, 0x70,
  0x31, 0x36, 0x5f, 0x36, 0x34, 0x5f, 0x33, 0x32, 0x5f, 0x53, 0x5f, 0x71,
  0x6b, 0x76, 0x5f, 0x31, 0x32, 0x38, 0x5f, 0x63, 0x61, 0x75, 0x73, 0x61,
  0x6c, 0x5f, 0x73, 0x6d, 0x38, 0x36, 0x5f, 0x6b, 0x65, 0x72, 0x6e, 0x65,
  0x6c, 0x5f, 0x6e, 0x6c, 0x5f, 0x70, 0x61, 0x72, 0x61, 0x6d, 0x5f, 0x30,
  0x3b, 0x00, 0x00, 0x61, 0x64, 0x64, 0x2e, 0x73, 0x36, 0x34, 0x20, 0x09,
  0x25, 0x72, 0x64, 0x31, 0x30, 0x34, 0x2c, 0x20, 0x25, 0x72, 0x64, 0x31,
  0x30, 0x35, 0x2c, 0x20, 0x39, 0x36, 0x3b, 0x00, 0x00, 0x6c, 0x64, 0x2e,
  0x70, 0x61, 0x72, 0x61, 0x6d, 0x2e, 0x75, 0x33, 0x32, 0x20, 0x09, 0x25,
  0x72, 0x32, 0x37, 0x37, 0x35, 0x2c, 0x20, 0x5b, 0x25, 0x72, 0x64, 0x31,
  0x30, 0x34, 0x2b, 0x34, 0x5d, 0x3b, 0x00, 0x00, 0x73, 0x68, 0x72, 0x2e,
  0x73, 0x33, 0x32, 0x20, 0x09, 0x25, 0x72, 0x32, 0x37, 0x37, 0x34, 0x2c,
  0x20, 0x25, 0x72, 0x32, 0x37, 0x37, 0x36, 0x2c, 0x20, 0x33, 0x31, 0x3b,
  0x00, 0x73, 0x68, 0x72, 0x2e, 0x75, 0x33, 0x32, 0x20, 0x09, 0x25, 0x72,
  0x32, 0x37, 0x37, 0x33, 0x2c, 0x20, 0x25, 0x72, 0x32, 0x37, 0x37, 0x34,
  0x2c, 0x20, 0x32, 0x38, 0x3b, 0x00, 0x61, 0x64, 0x64, 0x2e, 0x73, 0x33,
  0x32, 0x20, 0x09, 0x25, 0x72, 0x32, 0x37, 0x37, 0x32, 0x2c, 0x20, 0x25,
  0x72, 0x32, 0x37, 0x37, 0x36, 0x2c, 0x20, 0x25, 0x72, 0x32, 0x37, 0x37,
  0x33, 0x3b, 0x00, 0x61, 0x6e, 0x64, 0x2e, 0x62, 0x33, 0x32, 0x20, 0x20,
  0x09, 0x25, 0x72, 0x32, 0x37, 0x37, 0x31, 0x2c, 0x20, 0x25, 0x72, 0x32,
  0x37, 0x37, 0x32, 0x2c, 0x20, 0x2d, 0x31, 0x36, 0x3b, 0x00, 0x73, 0x75,
  0x62, 0x2e, 0x73, 0x33, 0x32, 0x20, 0x09, 0x25, 0x72, 0x32, 0x37, 0x37,
  0x30, 0x2c, 0x20, 0x25, 0x72, 0x32, 0x37, 0x37, 0x36, 0x2c, 0x20, 0x25,
  0x72, 0x32, 0x37, 0x37, 0x31, 0x3b, 0x00, 0x00, 0x73, 0x68, 0x6c, 0x2e,
  0x62, 0x33, 0x32, 0x20, 0x09, 0x25, 0x72, 0x32, 0x37, 0x36, 0x39, 0x2c,
  0x20, 0x25, 0x72, 0x32, 0x37, 0x37, 0x30, 0x2c, 0x20, 0x34, 0x3b, 0x00,
  0x00, 0x73, 0x68, 0x6c, 0x2e, 0x62, 0x33, 0x32, 0x20, 0x09, 0x25, 0x72,
  0x32, 0x37, 0x33, 0x39, 0x2c, 0x20, 0x25, 0x72, 0x32, 0x37, 0x37, 0x35,
  0x2c, 0x20, 0x31, 0x3b, 0x00, 0x00, 0x73, 0x65, 0x74, 0x70, 0x2e, 0x67,
  0x65, 0x2e, 0x73, 0x33, 0x32, 0x20, 0x09, 0x25, 0x70, 0x39, 0x32, 0x2c,
  0x20, 0x25, 0x72, 0x32, 0x37, 0x36, 0x39, 0x2c, 0x20, 0x25, 0x72, 0x32,
  0x37, 0x33, 0x39, 0x3b, 0x00, 0x00, 0x40, 0x25, 0x70, 0x39, 0x32, 0x20,
  0x62, 0x72, 0x61, 0x20, 0x09, 0x24, 0x4c, 0x5f, 0x5f, 0x42, 0x42, 0x30,
  0x5f, 0x33, 0x34, 0x3b, 0x00, 0x00, 0x00, 0x6d, 0x75, 0x6c, 0x2e, 0x6c,
  0x6f, 0x2e, 0x73, 0x36, 0x34, 0x20, 0x09, 0x25, 0x72, 0x64, 0x36, 0x33,
  0x2c, 0x20, 0x25, 0x72, 0x64, 0x36, 0x2c, 0x20, 0x25, 0x72, 0x64, 0x32,
  0x3b, 0x00, 0x00, 0x61, 0x64, 0x64, 0x2e, 0x73, 0x36, 0x34, 0x20, 0x09,
  0x25, 0x72, 0x64, 0x36, 0x34, 0x2c, 0x20, 0x25, 0x72, 0x64, 0x31, 0x35,
  0x2c, 0x20, 0x25, 0x72, 0x64, 0x36, 0x33, 0x3b, 0x00, 0x00, 0x63, 0x76,
  0x74, 0x61, 0x2e, 0x74, 0x6f, 0x2e, 0x67, 0x6c, 0x6f, 0x62, 0x61, 0x6c,
  0x2e, 0x75, 0x36, 0x34, 0x20, 0x09, 0x25, 0x72, 0x64, 0x36, 0x35, 0x2c,
  0x20, 0x25, 0x72, 0x64, 0x37, 0x3b, 0x00, 0x00, 0x61, 0x64, 0x64, 0x2e,
  0x73, 0x36, 0x34, 0x20, 0x09, 0x25, 0x72, 0x64, 0x36, 0x36, 0x2c, 0x20,
  0x25, 0x72, 0x64, 0x36, 0x35, 0x2c, 0x20, 0x25, 0x72, 0x64, 0x36, 0x34,
  0x3b, 0x00, 0x00, 0x00, 0x73, 0x74, 0x2e, 0x67, 0x6c, 0x6f, 0x62, 0x61,
  0x6c, 0x2e, 0x76, 0x34, 0x2e, 0x75, 0x33, 0x32, 0x20, 0x09, 0x5b, 0x25,
  0x72, 0x64, 0x36, 0x36, 0x5d, 0x2c, 0x20, 0x7b, 0x25, 0x72, 0x32, 0x36,
  0x38, 0x31, 0x2c, 0x20, 0x25, 0x72, 0x32, 0x36, 0x38, 0x32, 0x2c, 0x20,
  0x25, 0x72, 0x32, 0x36, 0x38, 0x33, 0x2c, 0x20, 0x25, 0x72, 0x32, 0x36,
  0x38, 0x34, 0x7d, 0x3b, 0x00, 0x00, 0x24, 0x4c, 0x5f, 0x5f, 0x42, 0x42,
  0x30, 0x5f, 0x33, 0x34, 0x3a, 0x00, 0x00, 0x61, 0x64, 0x64, 0x2e, 0x73,
  0x33, 0x32, 0x20, 0x09, 0x25, 0x72, 0x32, 0x37, 0x34, 0x31, 0x2c, 0x20,
  0x25, 0x72, 0x32, 0x37, 0x33, 0x38, 0x2c, 0x20, 0x38, 0x3b, 0x00, 0x73,
  0x65, 0x74, 0x70, 0x2e, 0x67, 0x65, 0x2e, 0x73, 0x33, 0x32, 0x20, 0x09,
  0x25, 0x70, 0x39, 0x33, 0x2c, 0x20, 0x25, 0x72, 0x32, 0x37, 0x34, 0x31,
  0x2c, 0x20, 0x25, 0x72, 0x38, 0x3b, 0x00, 0x40, 0x25, 0x70, 0x39, 0x33,
  0x20, 0x62, 0x72, 0x61, 0x20, 0x09, 0x24, 0x4c, 0x5f, 0x5f, 0x42, 0x42,
  0x30, 0x5f, 0x35, 0x34, 0x3b, 0x00, 0x00, 0x00, 0x40, 0x25, 0x70, 0x39,
  0x32, 0x20, 0x62, 0x72, 0x61, 0x20, 0x09, 0x24, 0x4c, 0x5f, 0x5f, 0x42,
  0x42, 0x30, 0x5f, 0x33, 0x37, 0x3b, 0x00, 0x00, 0x00, 0x61, 0x64, 0x64,
  0x2e, 0x73, 0x36, 0x34, 0x20, 0x09, 0x25, 0x72, 0x64, 0x36, 0x37, 0x2c,
  0x20, 0x25, 0x72, 0x64, 0x32, 0x2c, 0x20, 0x38, 0x3b, 0x00, 0x6d, 0x75,
  0x6c, 0x2e, 0x6c, 0x6f, 0x2e, 0x73, 0x36, 0x34, 0x20, 0x09, 0x25, 0x72,
  0x64, 0x36, 0x38, 0x2c, 0x20, 0x25, 0x72, 0x64, 0x36, 0x37, 0x2c, 0x20,
  0x25, 0x72, 0x64, 0x36, 0x3b, 0x00, 0x00, 0x61, 0x64, 0x64, 0x2e, 0x73,
  0x36, 0x34, 0x20, 0x09, 0x25, 0x72, 0x64, 0x36, 0x39, 0x2c, 0x20, 0x25,
  0x72, 0x64, 0x31, 0x35, 0x2c, 0x20, 0x25, 0x72, 0x64, 0x36, 0x38, 0x3b,
  0x00, 0x00, 0x63, 0x76, 0x74, 0x61, 0x2e, 0x74, 0x6f, 0x2e, 0x67, 0x6c,
  0x6f, 0x62, 0x61, 0x6c, 0x2e, 0x75, 0x36, 0x34, 0x20, 0x09, 0x25, 0x72,
  0x64, 0x37, 0x30, 0x2c, 0x20, 0x25, 0x72, 0x64, 0x37, 0x3b, 0x00, 0x00,
  0x61, 0x64, 0x64, 0x2e, 0x73, 0x36, 0x34, 0x20, 0x09, 0x25, 0x72, 0x64,
  0x37, 0x31, 0x2c, 0x20, 0x25, 0x72, 0x64, 0x37, 0x30, 0x2c, 0x20, 0x25,
  0x72, 0x64, 0x36, 0x39, 0x3b, 0x00, 0x00, 0x73, 0x74, 0x2e, 0x67, 0x6c,
  0x6f, 0x62, 0x61, 0x6c, 0x2e, 0x76, 0x34, 0x2e, 0x75, 0x33, 0x32, 0x20,
  0x09, 0x5b, 0x25, 0x72, 0x64, 0x37, 0x31, 0x5d, 0x2c, 0x20, 0x7b, 0x25,
  0x72, 0x32, 0x36, 0x38, 0x36, 0x2c, 0x20, 0x25, 0x72, 0x32, 0x36, 0x38,
  0x37, 0x2c, 0x20, 0x25, 0x72, 0x32, 0x36, 0x38, 0x38, 0x2c, 0x20, 0x25,
  0x72, 0x32, 0x36, 0x38, 0x39, 0x7d, 0x3b, 0x00, 0x00, 0x24, 0x4c, 0x5f,
  0x5f, 0x42, 0x42, 0x30, 0x5f, 0x33, 0x37, 0x3a, 0x00, 0x00, 0x61, 0x64,
  0x64, 0x2e, 0x73, 0x33, 0x32, 0x20, 0x09, 0x25, 0x72, 0x32, 0x37, 0x34,
  0x34, 0x2c, 0x20, 0x25, 0x72, 0x32, 0x37, 0x33, 0x38, 0x2c, 0x20, 0x31,
  0x36, 0x3b, 0x00, 0x73, 0x65, 0x74, 0x70, 0x2e, 0x67, 0x65, 0x2e, 0x73,
  0x33, 0x32, 0x20, 0x09, 0x25, 0x70, 0x39, 0x35, 0x2c, 0x20, 0x25, 0x72,
  0x32, 0x37, 0x34, 0x34, 0x2c, 0x20, 0x25, 0x72, 0x38, 0x3b, 0x00, 0x40,
  0x25, 0x70, 0x39, 0x35, 0x20, 0x62, 0x72, 0x61, 0x20, 0x09, 0x24, 0x4c,
  0x5f, 0x5f, 0x42, 0x42, 0x30, 0x5f, 0x35, 0x34, 0x3b, 0x00, 0x00, 0x00,
  0x40, 0x25, 0x70, 0x39, 0x32, 0x20, 0x62, 0x72, 0x61, 0x20, 0x09, 0x24,
  0x4c, 0x5f, 0x5f, 0x42, 0x42, 0x30, 0x5f, 0x34, 0x30, 0x3b, 0x00, 0x00,
  0x00, 0x61, 0x64, 0x64, 0x2e, 0x73, 0x36, 0x34, 0x20, 0x09, 0x25, 0x72,
  0x64, 0x37, 0x32, 0x2c, 0x20, 0x25, 0x72, 0x64, 0x32, 0x2c, 0x20, 0x31,
  0x36, 0x3b, 0x00, 0x6d, 0x75, 0x6c, 0x2e, 0x6c, 0x6f, 0x2e, 0x73, 0x36,
  0x34, 0x20, 0x09, 0x25, 0x72, 0x64, 0x37, 0x33, 0x2c, 0x20, 0x25, 0x72,
  0x64, 0x37, 0x32, 0x2c, 0x20, 0x25, 0x72, 0x64, 0x36, 0x3b, 0x00, 0x00,
  0x61, 0x64, 0x64, 0x2e, 0x73, 0x36, 0x34, 0x20, 0x09, 0x25, 0x72, 0x64,
  0x37, 0x34, 0x2c, 0x20, 0x25, 0x72, 0x64, 0x31, 0x35, 0x2c, 0x20, 0x25,
  0x72, 0x64, 0x37, 0x33, 0x3b, 0x00, 0x00, 0x63, 0x76, 0x74, 0x61, 0x2e,
  0x74, 0x6f, 0x2e, 0x67, 0x6c, 0x6f, 0x62, 0x61, 0x6c, 0x2e, 0x75, 0x36,
  0x34, 0x20, 0x09, 0x25, 0x72, 0x64, 0x37, 0x35, 0x2c, 0x20, 0x25, 0x72,
  0x64, 0x37, 0x3b, 0x00, 0x00, 0x61, 0x64, 0x64, 0x2e, 0x73, 0x36, 0x34,
  0x20, 0x09, 0x25, 0x72, 0x64, 0x37, 0x36, 0x2c, 0x20, 0x25, 0x72, 0x64,
  0x37, 0x35, 0x2c, 0x20, 0x25, 0x72, 0x64, 0x37, 0x34, 0x3b, 0x00, 0x00,
  0x73, 0x74, 0x2e, 0x67, 0x6c, 0x6f, 0x62, 0x61, 0x6c, 0x2e, 0x76, 0x34,
  0x2e, 0x75, 0x33, 0x32, 0x20, 0x09, 0x5b, 0x25, 0x72, 0x64, 0x37, 0x36,
  0x5d, 0x2c, 0x20, 0x7b, 0x25, 0x72, 0x32, 0x36, 0x39, 0x31, 0x2c, 0x20,
  0x25, 0x72, 0x32, 0x36, 0x39, 0x32, 0x2c, 0x20, 0x25, 0x72, 0x32, 0x36,
  0x39, 0x33, 0x2c, 0x20, 0x25, 0x72, 0x32, 0x36, 0x39, 0x34, 0x7d, 0x3b,
  0x00, 0x00, 0x24, 0x4c, 0x5f, 0x5f, 0x42, 0x42, 0x30, 0x5f, 0x34, 0x30,
  0x3a, 0x00, 0x00, 0x61, 0x64, 0x64, 0x2e, 0x73, 0x33, 0x32, 0x20, 0x09,
  0x25, 0x72, 0x32, 0x37, 0x34, 0x37, 0x2c, 0x20, 0x25, 0x72, 0x32, 0x37,
  0x33, 0x38, 0x2c, 0x20, 0x32, 0x34, 0x3b, 0x00, 0x73, 0x65, 0x74, 0x70,
  0x2e, 0x67, 0x65, 0x2e, 0x73, 0x33, 0x32, 0x20, 0x09, 0x25, 0x70, 0x39,
  0x37, 0x2c, 0x20, 0x25, 0x72, 0x32, 0x37, 0x34, 0x37, 0x2c, 0x20, 0x25,
  0x72, 0x38, 0x3b, 0x00, 0x40, 0x25, 0x70, 0x39, 0x37, 0x20, 0x62, 0x72,
  0x61, 0x20, 0x09, 0x24, 0x4c, 0x5f, 0x5f, 0x42, 0x42, 0x30, 0x5f, 0x35,
  0x34, 0x3b, 0x00, 0x00, 0x00, 0x40, 0x25, 0x70, 0x39, 0x32, 0x20, 0x62,
  0x72, 0x61, 0x20, 0x09, 0x24, 0x4c, 0x5f, 0x5f, 0x42, 0x42, 0x30, 0x5f,
  0x34, 0x33, 0x3b, 0x00, 0x00, 0x00, 0x61, 0x64, 0x64, 0x2e, 0x73, 0x36,
  0x34, 0x20, 0x09, 0x25, 0x72, 0x64, 0x37, 0x37, 0x2c, 0x20, 0x25, 0x72,
  0x64, 0x32, 0x2c, 0x20, 0x32, 0x34, 0x3b, 0x00, 0x6d, 0x75, 0x6c, 0x2e,
  0x6c, 0x6f, 0x2e, 0x73, 0x36, 0x34, 0x20, 0x09, 0x25, 0x72, 0x64, 0x37,
  0x38, 0x2c, 0x20, 0x25, 0x72, 0x64, 0x37, 0x37, 0x2c, 0x20, 0x25, 0x72,
  0x64, 0x36, 0x3b, 0x00, 0x00, 0x61, 0x64, 0x64, 0x2e, 0x73, 0x36, 0x34,
  0x20, 0x09, 0x25, 0x72, 0x64, 0x37, 0x39, 0x2c, 0x20, 0x25, 0x72, 0x64,
  0x31, 0x35, 0x2c, 0x20, 0x25, 0x72, 0x64, 0x37, 0x38, 0x3b, 0x00, 0x00,
  0x63, 0x76, 0x74, 0x61, 0x2e, 0x74, 0x6f, 0x2e, 0x67, 0x6c, 0x6f, 0x62,
  0x61, 0x6c, 0x2e, 0x75, 0x36, 0x34, 0x20, 0x09, 0x25, 0x72, 0x64, 0x38,
  0x30, 0x2c, 0x20, 0x25, 0x72, 0x64, 0x37, 0x3b, 0x00, 0x00, 0x61, 0x64,
  0x64, 0x2e, 0x73, 0x36, 0x34, 0x20, 0x09, 0x25, 0x72, 0x64, 0x38, 0x31,
  0x2c, 0x20, 0x25, 0x72, 0x64, 0x38, 0x30, 0x2c, 0x20, 0x25, 0x72, 0x64,
  0x37, 0x39, 0x3b, 0x00, 0x00, 0x73, 0x74, 0x2e, 0x67, 0x6c, 0x6f, 0x62,
  0x61, 0x6c, 0x2e, 0x76, 0x34, 0x2e, 0x75, 0x33, 0x32, 0x20, 0x09, 0x5b,
  0x25, 0x72, 0x64, 0x38, 0x31, 0x5d, 0x2c, 0x20, 0x7b, 0x25, 0x72, 0x32,
  0x36, 0x39, 0x36, 0x2c, 0x20, 0x25, 0x72, 0x32, 0x36, 0x39, 0x37, 0x2c,
  0x20, 0x25, 0x72, 0x32, 0x36, 0x39, 0x38, 0x2c, 0x20, 0x25, 0x72, 0x32,
  0x36, 0x39, 0x39, 0x7d, 0x3b, 0x00, 0x00, 0x24, 0x4c, 0x5f, 0x5f, 0x42,
  0x42, 0x30, 0x5f, 0x34, 0x33, 0x3a, 0x00, 0x00, 0x61, 0x64, 0x64, 0x2e,
  0x73, 0x33, 0x32, 0x20, 0x09, 0x25, 0x72, 0x32, 0x37, 0x35, 0x30, 0x2c,
  0x20, 0x25, 0x72, 0x32, 0x37, 0x33, 0x38, 0x2c, 0x20, 0x33, 0x32, 0x3b,
  0x00, 0x73, 0x65, 0x74, 0x70, 0x2e, 0x67, 0x65, 0x2e, 0x73, 0x33, 0x32,
  0x20, 0x09, 0x25, 0x70, 0x39, 0x39, 0x2c, 0x20, 0x25, 0x72, 0x32, 0x37,
  0x35, 0x30, 0x2c, 0x20, 0x25, 0x72, 0x38, 0x3b, 0x00, 0x40, 0x25, 0x70,
  0x39, 0x39, 0x20, 0x62, 0x72, 0x61, 0x20, 0x09, 0x24, 0x4c, 0x5f, 0x5f,
  0x42, 0x42, 0x30, 0x5f, 0x35, 0x34, 0x3b, 0x00, 0x00, 0x00, 0x40, 0x25,
  0x70, 0x39, 0x32, 0x20, 0x62, 0x72, 0x61, 0x20, 0x09, 0x24, 0x4c, 0x5f,
  0x5f, 0x42, 0x42, 0x30, 0x5f, 0x34, 0x36, 0x3b, 0x00, 0x00, 0x00, 0x61,
  0x64, 0x64, 0x2e, 0x73, 0x36, 0x34, 0x20, 0x09, 0x25, 0x72, 0x64, 0x38,
  0x32, 0x2c, 0x20, 0x25, 0x72, 0x64, 0x32, 0x2c, 0x20, 0x33, 0x32, 0x3b,
  0x00, 0x6d, 0x75, 0x6c, 0x2e, 0x6c, 0x6f, 0x2e, 0x73, 0x36, 0x34, 0x20,
  0x09, 0x25, 0x72, 0x64, 0x38, 0x33, 0x2c, 0x20, 0x25, 0x72, 0x64, 0x38,
  0x32, 0x2c, 0x20, 0x25, 0x72, 0x64, 0x36, 0x3b, 0x00, 0x00, 0x61, 0x64,
  0x64, 0x2e, 0x73, 0x36, 0x34, 0x20, 0x09, 0x25, 0x72, 0x64, 0x38, 0x34,
  0x2c, 0x20, 0x25, 0x72, 0x64, 0x31, 0x35, 0x2c, 0x20, 0x25, 0x72, 0x64,
  0x38, 0x33, 0x3b, 0x00, 0x00, 0x63, 0x76, 0x74, 0x61, 0x2e, 0x74, 0x6f,
  0x2e, 0x67, 0x6c, 0x6f, 0x62, 0x61, 0x6c, 0x2e, 0x75, 0x36, 0x34, 0x20,
  0x09, 0x25, 0x72, 0x64, 0x38, 0x35, 0x2c, 0x20, 0x25, 0x72, 0x64, 0x37,
  0x3b, 0x00, 0x00, 0x61, 0x64, 0x64, 0x2e, 0x73, 0x36, 0x34, 0x20, 0x09,
  0x25, 0x72, 0x64, 0x38, 0x36, 0x2c, 0x20, 0x25, 0x72, 0x64, 0x38, 0x35,
  0x2c, 0x20, 0x25, 0x72, 0x64, 0x38, 0x34, 0x3b, 0x00, 0x00, 0x73, 0x74,
  0x2e, 0x67, 0x6c, 0x6f, 0x62, 0x61, 0x6c, 0x2e, 0x76, 0x34, 0x2e, 0x75,
  0x33, 0x32, 0x20, 0x09, 0x5b, 0x25, 0x72, 0x64, 0x38, 0x36, 0x5d, 0x2c,
  0x20, 0x7b, 0x25, 0x72, 0x32, 0x37, 0x30, 0x31, 0x2c, 0x20, 0x25, 0x72,
  0x32, 0x37, 0x30, 0x32, 0x2c, 0x20, 0x25, 0x72, 0x32, 0x37, 0x30, 0x33,
  0x2c, 0x20, 0x25, 0x72, 0x32, 0x37, 0x30, 0x34, 0x7d, 0x3b, 0x00, 0x00,
  0x24, 0x4c, 0x5f, 0x5f, 0x42, 0x42, 0x30, 0x5f, 0x34, 0x36, 0x3a, 0x00,
  0x00, 0x61, 0x64, 0x64, 0x2e, 0x73, 0x33, 0x32, 0x20, 0x09, 0x25, 0x72,
  0x32, 0x37, 0x35, 0x33, 0x2c, 0x20, 0x25, 0x72, 0x32, 0x37, 0x33, 0x38,
  0x2c, 0x20, 0x34, 0x30, 0x3b, 0x00, 0x73, 0x65, 0x74, 0x70, 0x2e, 0x67,
  0x65, 0x2e, 0x73, 0x33, 0x32, 0x20, 0x09, 0x25, 0x70, 0x31, 0x30, 0x31,
  0x2c, 0x20, 0x25, 0x72, 0x32, 0x37, 0x35, 0x33, 0x2c, 0x20, 0x25, 0x72,
  0x38, 0x3b, 0x00, 0x40, 0x25, 0x70, 0x31, 0x30, 0x31, 0x20, 0x62, 0x72,
  0x61, 0x20, 0x09, 0x24, 0x4c, 0x5f, 0x5f, 0x42, 0x42, 0x30, 0x5f, 0x35,
  0x34, 0x3b, 0x00, 0x00, 0x00, 0x40, 0x25, 0x70, 0x39, 0x32, 0x20, 0x62,
  0x72, 0x61, 0x20, 0x09, 0x24, 0x4c, 0x5f, 0x5f, 0x42, 0x42, 0x30, 0x5f,
  0x34, 0x39, 0x3b, 0x00, 0x00, 0x00, 0x61, 0x64, 0x64, 0x2e, 0x73, 0x36,
  0x34, 0x20, 0x09, 0x25, 0x72, 0x64, 0x38, 0x37, 0x2c, 0x20, 0x25, 0x72,
  0x64, 0x32, 0x2c, 0x20, 0x34, 0x30, 0x3b, 0x00, 0x6d, 0x75, 0x6c, 0x2e,
  0x6c, 0x6f, 0x2e, 0x73, 0x36, 0x34, 0x20, 0x09, 0x25, 0x72, 0x64, 0x38,
  0x38, 0x2c, 0x20, 0x25, 0x72, 0x64, 0x38, 0x37, 0x2c, 0x20, 0x25, 0x72,
  0x64, 0x36, 0x3b, 0x00, 0x00, 0x61, 0x64, 0x64, 0x2e, 0x73, 0x36, 0x34,
  0x20, 0x09, 0x25, 0x72, 0x64, 0x38, 0x39, 0x2c, 0x20, 0x25, 0x72, 0x64,
  0x31, 0x35, 0x2c, 0x20, 0x25, 0x72, 0x64, 0x38, 0x38, 0x3b, 0x00, 0x00,
  0x63, 0x76, 0x74, 0x61, 0x2e, 0x74, 0x6f, 0x2e, 0x67, 0x6c, 0x6f, 0x62,
  0x61, 0x6c, 0x2e, 0x75, 0x36, 0x34, 0x20, 0x09, 0x25, 0x72, 0x64, 0x39,
  0x30, 0x2c, 0x20, 0x25, 0x72, 0x64, 0x37, 0x3b, 0x00, 0x00, 0x61, 0x64,
  0x64, 0x2e, 0x73, 0x36, 0x34, 0x20, 0x09, 0x25, 0x72, 0x64, 0x39, 0x31,
  0x2c, 0x20, 0x25, 0x72, 0x64, 0x39, 0x30, 0x2c, 0x20, 0x25, 0x72, 0x64,
  0x38, 0x39, 0x3b, 0x00, 0x00, 0x73, 0x74, 0x2e, 0x67, 0x6c, 0x6f, 0x62,
  0x61, 0x6c, 0x2e, 0x76, 0x34, 0x2e, 0x75, 0x33, 0x32, 0x20, 0x09, 0x5b,
  0x25, 0x72, 0x64, 0x39, 0x31, 0x5d, 0x2c, 0x20, 0x7b, 0x25, 0x72, 0x32,
  0x37, 0x30, 0x36, 0x2c, 0x20, 0x25, 0x72, 0x32, 0x37, 0x30, 0x37, 0x2c,
  0x20, 0x25, 0x72, 0x32, 0x37, 0x30, 0x38, 0x2c, 0x20, 0x25, 0x72, 0x32,
  0x37, 0x30, 0x39, 0x7d, 0x3b, 0x00, 0x00, 0x24, 0x4c, 0x5f, 0x5f, 0x42,
  0x42, 0x30, 0x5f, 0x34, 0x39, 0x3a, 0x00, 0x00, 0x61, 0x64, 0x64, 0x2e,
  0x73, 0x33, 0x32, 0x20, 0x09, 0x25, 0x72, 0x32, 0x37, 0x35, 0x36, 0x2c,
  0x20, 0x25, 0x72, 0x32, 0x37, 0x33, 0x38, 0x2c, 0x20, 0x34, 0x38, 0x3b,
  0x00, 0x73, 0x65, 0x74, 0x70, 0x2e, 0x67, 0x65, 0x2e, 0x73, 0x33, 0x32,
  0x20, 0x09, 0x25, 0x70, 0x31, 0x30, 0x33, 0x2c, 0x20, 0x25, 0x72, 0x32,
  0x37, 0x35, 0x36, 0x2c, 0x20, 0x25, 0x72, 0x38, 0x3b, 0x00, 0x40, 0x25,
  0x70, 0x31, 0x30, 0x33, 0x20, 0x62, 0x72, 0x61, 0x20, 0x09, 0x24, 0x4c,
  0x5f, 0x5f, 0x42, 0x42, 0x30, 0x5f, 0x35, 0x34, 0x3b, 0x00, 0x00, 0x00,
  0x40, 0x25, 0x70, 0x39, 0x32, 0x20, 0x62, 0x72, 0x61, 0x20, 0x09, 0x24,
  0x4c, 0x5f, 0x5f, 0x42, 0x42, 0x30, 0x5f, 0x35, 0x32, 0x3b, 0x00, 0x00,
  0x00, 0x61, 0x64, 0x64, 0x2e, 0x73, 0x36, 0x34, 0x20, 0x09, 0x25, 0x72,
  0x64, 0x39, 0x32, 0x2c, 0x20, 0x25, 0x72, 0x64, 0x32, 0x2c, 0x20, 0x34,
  0x38, 0x3b, 0x00, 0x6d, 0x75, 0x6c, 0x2e, 0x6c, 0x6f, 0x2e, 0x73, 0x36,
  0x34, 0x20, 0x09, 0x25, 0x72, 0x64, 0x39, 0x33, 0x2c, 0x20, 0x25, 0x72,
  0x64, 0x39, 0x32, 0x2c, 0x20, 0x25, 0x72, 0x64, 0x36, 0x3b, 0x00, 0x00,
  0x61, 0x64, 0x64, 0x2e, 0x73, 0x36, 0x34, 0x20, 0x09, 0x25, 0x72, 0x64,
  0x39, 0x34, 0x2c, 0x20, 0x25, 0x72, 0x64, 0x31, 0x35, 0x2c, 0x20, 0x25,
  0x72, 0x64, 0x39, 0x33, 0x3b, 0x00, 0x00, 0x63, 0x76, 0x74, 0x61, 0x2e,
  0x74, 0x6f, 0x2e, 0x67, 0x6c, 0x6f, 0x62, 0x61, 0x6c, 0x2e, 0x75, 0x36,
  0x34, 0x20, 0x09, 0x25, 0x72, 0x64, 0x39, 0x35, 0x2c, 0x20, 0x25, 0x72,
  0x64, 0x37, 0x3b, 0x00, 0x00, 0x61, 0x64, 0x64, 0x2e, 0x73, 0x36, 0x34,
  0x20, 0x09, 0x25, 0x72, 0x64, 0x39, 0x36, 0x2c, 0x20, 0x25, 0x72, 0x64,
  0x39, 0x35, 0x2c, 0x20, 0x25, 0x72, 0x64, 0x39, 0x34, 0x3b, 0x00, 0x00,
  0x73, 0x74, 0x2e, 0x67, 0x6c, 0x6f, 0x62, 0x61, 0x6c, 0x2e, 0x76, 0x34,
  0x2e, 0x75, 0x33, 0x32, 0x20, 0x09, 0x5b, 0x25, 0x72, 0x64, 0x39, 0x36,
  0x5d, 0x2c, 0x20, 0x7b, 0x25, 0x72, 0x32, 0x37, 0x31, 0x31, 0x2c, 0x20,
  0x25, 0x72, 0x32, 0x37, 0x31, 0x32, 0x2c, 0x20, 0x25, 0x72, 0x32, 0x37,
  0x31, 0x33, 0x2c, 0x20, 0x25, 0x72, 0x32, 0x37, 0x31, 0x34, 0x7d, 0x3b,
  0x00, 0x00, 0x24, 0x4c, 0x5f, 0x5f, 0x42, 0x42, 0x30, 0x5f, 0x35, 0x32,
  0x3a, 0x00, 0x00, 0x61, 0x64, 0x64, 0x2e, 0x73, 0x33, 0x32, 0x20, 0x09,
  0x25, 0x72, 0x32, 0x37, 0x36, 0x30, 0x2c, 0x20, 0x25, 0x72, 0x32, 0x37,
  0x33, 0x38, 0x2c, 0x20, 0x35, 0x36, 0x3b, 0x00, 0x73, 0x65, 0x74, 0x70,
  0x2e, 0x67, 0x65, 0x2e, 0x73, 0x33, 0x32, 0x20, 0x09, 0x25, 0x70, 0x31,
  0x30, 0x35, 0x2c, 0x20, 0x25, 0x72, 0x32, 0x37, 0x36, 0x30, 0x2c, 0x20,
  0x25, 0x72, 0x38, 0x3b, 0x00, 0x6f, 0x72, 0x2e, 0x70, 0x72, 0x65, 0x64,
  0x20, 0x20, 0x09, 0x25, 0x70, 0x31, 0x30, 0x37, 0x2c, 0x20, 0x25, 0x70,
  0x31, 0x30, 0x35, 0x2c, 0x20, 0x25, 0x70, 0x39, 0x32, 0x3b, 0x00, 0x40,
  0x25, 0x70, 0x31, 0x30, 0x37, 0x20, 0x62, 0x72, 0x61, 0x20, 0x09, 0x24,
  0x4c, 0x5f, 0x5f, 0x42, 0x42, 0x30, 0x5f, 0x35, 0x34, 0x3b, 0x00, 0x00,
  0x00, 0x61, 0x64, 0x64, 0x2e, 0x73, 0x36, 0x34, 0x20, 0x09, 0x25, 0x72,
  0x64, 0x39, 0x37, 0x2c, 0x20, 0x25, 0x72, 0x64, 0x32, 0x2c, 0x20, 0x35,
  0x36, 0x3b, 0x00, 0x6d, 0x75, 0x6c, 0x2e, 0x6c, 0x6f, 0x2e, 0x73, 0x36,
  0x34, 0x20, 0x09, 0x25, 0x72, 0x64, 0x39, 0x38, 0x2c, 0x20, 0x25, 0x72,
  0x64, 0x39, 0x37, 0x2c, 0x20, 0x25, 0x72, 0x64, 0x36, 0x3b, 0x00, 0x00,
  0x61, 0x64, 0x64, 0x2e, 0x73, 0x36, 0x34, 0x20, 0x09, 0x25, 0x72, 0x64,
  0x39, 0x39, 0x2c, 0x20, 0x25, 0x72, 0x64, 0x31, 0x35, 0x2c, 0x20, 0x25,
  0x72, 0x64, 0x39, 0x38, 0x3b, 0x00, 0x00, 0x63, 0x76, 0x74, 0x61, 0x2e,
  0x74, 0x6f, 0x2e, 0x67, 0x6c, 0x6f, 0x62, 0x61, 0x6c, 0x2e, 0x75, 0x36,
  0x34, 0x20, 0x09, 0x25, 0x72, 0x64, 0x31, 0x30, 0x30, 0x2c, 0x20, 0x25,
  0x72, 0x64, 0x37, 0x3b, 0x00, 0x00, 0x61, 0x64, 0x64, 0x2e, 0x73, 0x36,
  0x34, 0x20, 0x09, 0x25, 0x72, 0x64, 0x31, 0x30, 0x31, 0x2c, 0x20, 0x25,
  0x72, 0x64, 0x31, 0x30, 0x30, 0x2c, 0x20, 0x25, 0x72, 0x64, 0x39, 0x39,
  0x3b, 0x00, 0x00, 0x73, 0x74, 0x2e, 0x67, 0x6c, 0x6f, 0x62, 0x61, 0x6c,
  0x2e, 0x76, 0x34, 0x2e, 0x75, 0x33, 0x32, 0x20, 0x09, 0x5b, 0x25, 0x72,
  0x64, 0x31, 0x30, 0x31, 0x5d, 0x2c, 0x20, 0x7b, 0x25, 0x72, 0x32, 0x37,
  0x31, 0x36, 0x2c, 0x20, 0x25, 0x72, 0x32, 0x37, 0x31, 0x37, 0x2c, 0x20,
  0x25, 0x72, 0x32, 0x37, 0x31, 0x38, 0x2c, 0x20, 0x25, 0x72, 0x32, 0x37,
  0x31, 0x39, 0x7d, 0x3b, 0x00, 0x00, 0x24, 0x4c, 0x5f, 0x5f, 0x42, 0x42,
  0x30, 0x5f, 0x35, 0x34, 0x3a, 0x00, 0x00, 0x72, 0x65, 0x74, 0x3b, 0x00,
  0x00, 0x7d, 0x00, 0x00, 0x00, 0x00, 0x00, 0x00, 0x00, 0x00, 0x00, 0x00,
  0x00, 0x00, 0x00, 0x00, 0x00, 0x00, 0x2e, 0x73, 0x65, 0x63, 0x74, 0x69,
  0x6f, 0x6e, 0x09, 0x2e, 0x64, 0x65, 0x62, 0x75, 0x67, 0x5f, 0x73, 0x74,
  0x72, 0x00, 0x7b, 0x00, 0x24, 0x4c, 0x5f, 0x5f, 0x69, 0x6e, 0x66, 0x6f,
  0x5f, 0x73, 0x74, 0x72, 0x69, 0x6e, 0x67, 0x30, 0x3a, 0x00, 0x00, 0x00,
  0x00, 0x00, 0x00, 0x00, 0x00, 0x24, 0x4c, 0x5f, 0x5f, 0x69, 0x6e, 0x66,
  0x6f, 0x5f, 0x73, 0x74, 0x72, 0x69, 0x6e, 0x67, 0x31, 0x3a, 0x00, 0x00,
  0x00, 0x00, 0x24, 0x4c, 0x5f, 0x5f, 0x69, 0x6e, 0x66, 0x6f, 0x5f, 0x73,
  0x74, 0x72, 0x69, 0x6e, 0x67, 0x32, 0x3a, 0x00, 0x00, 0x00, 0x24, 0x4c,
  0x5f, 0x5f, 0x69, 0x6e, 0x66, 0x6f, 0x5f, 0x73, 0x74, 0x72, 0x69, 0x6e,
  0x67, 0x33, 0x3a, 0x00, 0x00, 0x00, 0x00, 0x00, 0x00, 0x00, 0x00, 0x24,
  0x4c, 0x5f, 0x5f, 0x69, 0x6e, 0x66, 0x6f, 0x5f, 0x73, 0x74, 0x72, 0x69,
  0x6e, 0x67, 0x34, 0x3a, 0x00, 0x00, 0x00, 0x00, 0x00, 0x00, 0x00, 0x24,
  0x4c, 0x5f, 0x5f, 0x69, 0x6e, 0x66, 0x6f, 0x5f, 0x73, 0x74, 0x72, 0x69,
  0x6e, 0x67, 0x35, 0x3a, 0x00, 0x00, 0x00, 0x00, 0x00, 0x24, 0x4c, 0x5f,
  0x5f, 0x69, 0x6e, 0x66, 0x6f, 0x5f, 0x73, 0x74, 0x72, 0x69, 0x6e, 0x67,
  0x36, 0x3a, 0x00, 0x00, 0x00, 0x00, 0x00, 0x24, 0x4c, 0x5f, 0x5f, 0x69,
  0x6e, 0x66, 0x6f, 0x5f, 0x73, 0x74, 0x72, 0x69, 0x6e, 0x67, 0x37, 0x3a,
  0x00, 0x00, 0x00, 0x00, 0x00, 0x24, 0x4c, 0x5f, 0x5f, 0x69, 0x6e, 0x66,
  0x6f, 0x5f, 0x73, 0x74, 0x72, 0x69, 0x6e, 0x67, 0x38, 0x3a, 0x00, 0x00,
  0x00, 0x00, 0x24, 0x4c, 0x5f, 0x5f, 0x69, 0x6e, 0x66, 0x6f, 0x5f, 0x73,
  0x74, 0x72, 0x69, 0x6e, 0x67, 0x39, 0x3a, 0x00, 0x00, 0x00, 0x00, 0x00,
  0x00, 0x00, 0x00, 0x24, 0x4c, 0x5f, 0x5f, 0x69, 0x6e, 0x66, 0x6f, 0x5f,
  0x73, 0x74, 0x72, 0x69, 0x6e, 0x67, 0x31, 0x30, 0x3a, 0x00, 0x00, 0x00,
  0x00, 0x00, 0x00, 0x00, 0x24, 0x4c, 0x5f, 0x5f, 0x69, 0x6e, 0x66, 0x6f,
  0x5f, 0x73, 0x74, 0x72, 0x69, 0x6e, 0x67, 0x31, 0x31, 0x3a, 0x00, 0x00,
  0x00, 0x00, 0x00, 0x24, 0x4c, 0x5f, 0x5f, 0x69, 0x6e, 0x66, 0x6f, 0x5f,
  0x73, 0x74, 0x72, 0x69, 0x6e, 0x67, 0x31, 0x32, 0x3a, 0x00, 0x00, 0x00,
  0x00, 0x00, 0x24, 0x4c, 0x5f, 0x5f, 0x69, 0x6e, 0x66, 0x6f, 0x5f, 0x73,
  0x74, 0x72, 0x69, 0x6e, 0x67, 0x31, 0x33, 0x3a, 0x00, 0x00, 0x00, 0x00,
  0x00, 0x24, 0x4c, 0x5f, 0x5f, 0x69, 0x6e, 0x66, 0x6f, 0x5f, 0x73, 0x74,
  0x72, 0x69, 0x6e, 0x67, 0x31, 0x34, 0x3a, 0x00, 0x00, 0x00, 0x00, 0x00,
  0x00, 0x00, 0x00, 0x24, 0x4c, 0x5f, 0x5f, 0x69, 0x6e, 0x66, 0x6f, 0x5f,
  0x73, 0x74, 0x72, 0x69, 0x6e, 0x67, 0x31, 0x35, 0x3a, 0x00, 0x00, 0x00,
  0x00, 0x00, 0x00, 0x00, 0x24, 0x4c, 0x5f, 0x5f, 0x69, 0x6e, 0x66, 0x6f,
  0x5f, 0x73, 0x74, 0x72, 0x69, 0x6e, 0x67, 0x31, 0x36, 0x3a, 0x00, 0x00,
  0x00, 0x00, 0x00, 0x00, 0x00, 0x24, 0x4c, 0x5f, 0x5f, 0x69, 0x6e, 0x66,
  0x6f, 0x5f, 0x73, 0x74, 0x72, 0x69, 0x6e, 0x67, 0x31, 0x37, 0x3a, 0x00,
  0x00, 0x00, 0x00, 0x00, 0x00, 0x00, 0x24, 0x4c, 0x5f, 0x5f, 0x69, 0x6e,
  0x66, 0x6f, 0x5f, 0x73, 0x74, 0x72, 0x69, 0x6e, 0x67, 0x31, 0x38, 0x3a,
  0x00, 0x00, 0x00, 0x00, 0x00, 0x00, 0x24, 0x4c, 0x5f, 0x5f, 0x69, 0x6e,
  0x66, 0x6f, 0x5f, 0x73, 0x74, 0x72, 0x69, 0x6e, 0x67, 0x31, 0x39, 0x3a,
  0x00, 0x00, 0x00, 0x00, 0x00, 0x24, 0x4c, 0x5f, 0x5f, 0x69, 0x6e, 0x66,
  0x6f, 0x5f, 0x73, 0x74, 0x72, 0x69, 0x6e, 0x67, 0x32, 0x30, 0x3a, 0x00,
  0x00, 0x00, 0x00, 0x00, 0x24, 0x4c, 0x5f, 0x5f, 0x69, 0x6e, 0x66, 0x6f,
  0x5f, 0x73, 0x74, 0x72, 0x69, 0x6e, 0x67, 0x32, 0x31, 0x3a, 0x00, 0x00,
  0x00, 0x00, 0x00, 0x00, 0x00, 0x24, 0x4c, 0x5f, 0x5f, 0x69, 0x6e, 0x66,
  0x6f, 0x5f, 0x73, 0x74, 0x72, 0x69, 0x6e, 0x67, 0x32, 0x32, 0x3a, 0x00,
  0x00, 0x00, 0x00, 0x00, 0x00, 0x00, 0x00, 0x24, 0x4c, 0x5f, 0x5f, 0x69,
  0x6e, 0x66, 0x6f, 0x5f, 0x73, 0x74, 0x72, 0x69, 0x6e, 0x67, 0x32, 0x33,
  0x3a, 0x00, 0x00, 0x00, 0x00, 0x00, 0x00, 0x00, 0x24, 0x4c, 0x5f, 0x5f,
  0x69, 0x6e, 0x66, 0x6f, 0x5f, 0x73, 0x74, 0x72, 0x69, 0x6e, 0x67, 0x32,
  0x34, 0x3a, 0x00, 0x00, 0x00, 0x00, 0x00, 0x00, 0x00, 0x00, 0x24, 0x4c,
  0x5f, 0x5f, 0x69, 0x6e, 0x66, 0x6f, 0x5f, 0x73, 0x74, 0x72, 0x69, 0x6e,
  0x67, 0x32, 0x35, 0x3a, 0x00, 0x00, 0x00, 0x24, 0x4c, 0x5f, 0x5f, 0x69,
  0x6e, 0x66, 0x6f, 0x5f, 0x73, 0x74, 0x72, 0x69, 0x6e, 0x67, 0x32, 0x36,
  0x3a, 0x00, 0x00, 0x00, 0x00, 0x00, 0x00, 0x24, 0x4c, 0x5f, 0x5f, 0x69,
  0x6e, 0x66, 0x6f, 0x5f, 0x73, 0x74, 0x72, 0x69, 0x6e, 0x67, 0x32, 0x37,
  0x3a, 0x00, 0x00, 0x00, 0x00, 0x00, 0x00, 0x24, 0x4c, 0x5f, 0x5f, 0x69,
  0x6e, 0x66, 0x6f, 0x5f, 0x73, 0x74, 0x72, 0x69, 0x6e, 0x67, 0x32, 0x38,
  0x3a, 0x00, 0x00, 0x00, 0x24, 0x4c, 0x5f, 0x5f, 0x69, 0x6e, 0x66, 0x6f,
  0x5f, 0x73, 0x74, 0x72, 0x69, 0x6e, 0x67, 0x32, 0x39, 0x3a, 0x00, 0x00,
  0x00, 0x24, 0x4c, 0x5f, 0x5f, 0x69, 0x6e, 0x66, 0x6f, 0x5f, 0x73, 0x74,
  0x72, 0x69, 0x6e, 0x67, 0x33, 0x30, 0x3a, 0x00, 0x00, 0x00, 0x24, 0x4c,
  0x5f, 0x5f, 0x69, 0x6e, 0x66, 0x6f, 0x5f, 0x73, 0x74, 0x72, 0x69, 0x6e,
  0x67, 0x33, 0x31, 0x3a, 0x00, 0x00, 0x24, 0x4c, 0x5f, 0x5f, 0x69, 0x6e,
  0x66, 0x6f, 0x5f, 0x73, 0x74, 0x72, 0x69, 0x6e, 0x67, 0x33, 0x32, 0x3a,
  0x00, 0x00, 0x00, 0x00, 0x00, 0x00, 0x00, 0x24, 0x4c, 0x5f, 0x5f, 0x69,
  0x6e, 0x66, 0x6f, 0x5f, 0x73, 0x74, 0x72, 0x69, 0x6e, 0x67, 0x33, 0x33,
  0x3a, 0x00, 0x00, 0x00, 0x00, 0x00, 0x00, 0x00, 0x00, 0x24, 0x4c, 0x5f,
  0x5f, 0x69, 0x6e, 0x66, 0x6f, 0x5f, 0x73, 0x74, 0x72, 0x69, 0x6e, 0x67,
  0x33, 0x34, 0x3a, 0x00, 0x00, 0x00, 0x00, 0x00, 0x00, 0x24, 0x4c, 0x5f,
  0x5f, 0x69, 0x6e, 0x66, 0x6f, 0x5f, 0x73, 0x74, 0x72, 0x69, 0x6e, 0x67,
  0x33, 0x35, 0x3a, 0x00, 0x00, 0x00, 0x00, 0x00, 0x00, 0x24, 0x4c, 0x5f,
  0x5f, 0x69, 0x6e, 0x66, 0x6f, 0x5f, 0x73, 0x74, 0x72, 0x69, 0x6e, 0x67,
  0x33, 0x36, 0x3a, 0x00, 0x00, 0x00, 0x24, 0x4c, 0x5f, 0x5f, 0x69, 0x6e,
  0x66, 0x6f, 0x5f, 0x73, 0x74, 0x72, 0x69, 0x6e, 0x67, 0x33, 0x37, 0x3a,
  0x00, 0x00, 0x00, 0x24, 0x4c, 0x5f, 0x5f, 0x69, 0x6e, 0x66, 0x6f, 0x5f,
  0x73, 0x74, 0x72, 0x69, 0x6e, 0x67, 0x33, 0x38, 0x3a, 0x00, 0x00, 0x00,
  0x24, 0x4c, 0x5f, 0x5f, 0x69, 0x6e, 0x66, 0x6f, 0x5f, 0x73, 0x74, 0x72,
  0x69, 0x6e, 0x67, 0x33, 0x39, 0x3a, 0x00, 0x00, 0x00, 0x00, 0x00, 0x00,
  0x00, 0x24, 0x4c, 0x5f, 0x5f, 0x69, 0x6e, 0x66, 0x6f, 0x5f, 0x73, 0x74,
  0x72, 0x69, 0x6e, 0x67, 0x34, 0x30, 0x3a, 0x00, 0x00, 0x00, 0x00, 0x00,
  0x00, 0x00, 0x00, 0x00, 0x24, 0x4c, 0x5f, 0x5f, 0x69, 0x6e, 0x66, 0x6f,
  0x5f, 0x73, 0x74, 0x72, 0x69, 0x6e, 0x67, 0x34, 0x31, 0x3a, 0x00, 0x00,
  0x00, 0x00, 0x00, 0x00, 0x24, 0x4c, 0x5f, 0x5f, 0x69, 0x6e, 0x66, 0x6f,
  0x5f, 0x73, 0x74, 0x72, 0x69, 0x6e, 0x67, 0x34, 0x32, 0x3a, 0x00, 0x00,
  0x00, 0x00, 0x00, 0x00, 0x24, 0x4c, 0x5f, 0x5f, 0x69, 0x6e, 0x66, 0x6f,
  0x5f, 0x73, 0x74, 0x72, 0x69, 0x6e, 0x67, 0x34, 0x33, 0x3a, 0x00, 0x00,
  0x24, 0x4c, 0x5f, 0x5f, 0x69, 0x6e, 0x66, 0x6f, 0x5f, 0x73, 0x74, 0x72,
  0x69, 0x6e, 0x67, 0x34, 0x34, 0x3a, 0x00, 0x00, 0x24, 0x4c, 0x5f, 0x5f,
  0x69, 0x6e, 0x66, 0x6f, 0x5f, 0x73, 0x74, 0x72, 0x69, 0x6e, 0x67, 0x34,
  0x35, 0x3a, 0x00, 0x00, 0x00, 0x00, 0x00, 0x00, 0x24, 0x4c, 0x5f, 0x5f,
  0x69, 0x6e, 0x66, 0x6f, 0x5f, 0x73, 0x74, 0x72, 0x69, 0x6e, 0x67, 0x34,
  0x36, 0x3a, 0x00, 0x00, 0x24, 0x4c, 0x5f, 0x5f, 0x69, 0x6e, 0x66, 0x6f,
  0x5f, 0x73, 0x74, 0x72, 0x69, 0x6e, 0x67, 0x34, 0x37, 0x3a, 0x00, 0x00,
  0x00, 0x00, 0x00, 0x00, 0x24, 0x4c, 0x5f, 0x5f, 0x69, 0x6e, 0x66, 0x6f,
  0x5f, 0x73, 0x74, 0x72, 0x69, 0x6e, 0x67, 0x34, 0x38, 0x3a, 0x00, 0x00,
  0x00, 0x00, 0x00, 0x00, 0x24, 0x4c, 0x5f, 0x5f, 0x69, 0x6e, 0x66, 0x6f,
  0x5f, 0x73, 0x74, 0x72, 0x69, 0x6e, 0x67, 0x34, 0x39, 0x3a, 0x00, 0x00,
  0x24, 0x4c, 0x5f, 0x5f, 0x69, 0x6e, 0x66, 0x6f, 0x5f, 0x73, 0x74, 0x72,
  0x69, 0x6e, 0x67, 0x35, 0x30, 0x3a, 0x00, 0x00, 0x00, 0x00, 0x00, 0x00,
  0x00, 0x00, 0x00, 0x24, 0x4c, 0x5f, 0x5f, 0x69, 0x6e, 0x66, 0x6f, 0x5f,
  0x73, 0x74, 0x72, 0x69, 0x6e, 0x67, 0x35, 0x31, 0x3a, 0x00, 0x00, 0x00,
  0x00, 0x00, 0x00, 0x00, 0x00, 0x00, 0x24, 0x4c, 0x5f, 0x5f, 0x69, 0x6e,
  0x66, 0x6f, 0x5f, 0x73, 0x74, 0x72, 0x69, 0x6e, 0x67, 0x35, 0x32, 0x3a,
  0x00, 0x00, 0x00, 0x00, 0x00, 0x24, 0x4c, 0x5f, 0x5f, 0x69, 0x6e, 0x66,
  0x6f, 0x5f, 0x73, 0x74, 0x72, 0x69, 0x6e, 0x67, 0x35, 0x33, 0x3a, 0x00,
  0x00, 0x00, 0x00, 0x24, 0x4c, 0x5f, 0x5f, 0x69, 0x6e, 0x66, 0x6f, 0x5f,
  0x73, 0x74, 0x72, 0x69, 0x6e, 0x67, 0x35, 0x34, 0x3a, 0x00, 0x00, 0x00,
  0x00, 0x24, 0x4c, 0x5f, 0x5f, 0x69, 0x6e, 0x66, 0x6f, 0x5f, 0x73, 0x74,
  0x72, 0x69, 0x6e, 0x67, 0x35, 0x35, 0x3a, 0x00, 0x00, 0x00, 0x00, 0x00,
  0x00, 0x24, 0x4c, 0x5f, 0x5f, 0x69, 0x6e, 0x66, 0x6f, 0x5f, 0x73, 0x74,
  0x72, 0x69, 0x6e, 0x67, 0x35, 0x36, 0x3a, 0x00, 0x00, 0x00, 0x00, 0x00,
  0x00, 0x24, 0x4c, 0x5f, 0x5f, 0x69, 0x6e, 0x66, 0x6f, 0x5f, 0x73, 0x74,
  0x72, 0x69, 0x6e, 0x67, 0x35, 0x37, 0x3a, 0x00, 0x00, 0x00, 0x00, 0x00,
  0x24, 0x4c, 0x5f, 0x5f, 0x69, 0x6e, 0x66, 0x6f, 0x5f, 0x73, 0x74, 0x72,
  0x69, 0x6e, 0x67, 0x35, 0x38, 0x3a, 0x00, 0x00, 0x00, 0x00, 0x24, 0x4c,
  0x5f, 0x5f, 0x69, 0x6e, 0x66, 0x6f, 0x5f, 0x73, 0x74, 0x72, 0x69, 0x6e,
  0x67, 0x35, 0x39, 0x3a, 0x00, 0x00, 0x00, 0x00, 0x00, 0x00, 0x24, 0x4c,
  0x5f, 0x5f, 0x69, 0x6e, 0x66, 0x6f, 0x5f, 0x73, 0x74, 0x72, 0x69, 0x6e,
  0x67, 0x36, 0x30, 0x3a, 0x00, 0x00, 0x00, 0x00, 0x00, 0x24, 0x4c, 0x5f,
  0x5f, 0x69, 0x6e, 0x66, 0x6f, 0x5f, 0x73, 0x74, 0x72, 0x69, 0x6e, 0x67,
  0x36, 0x31, 0x3a, 0x00, 0x00, 0x00, 0x00, 0x00, 0x00, 0x00, 0x00, 0x00,
  0x24, 0x4c, 0x5f, 0x5f, 0x69, 0x6e, 0x66, 0x6f, 0x5f, 0x73, 0x74, 0x72,
  0x69, 0x6e, 0x67, 0x36, 0x32, 0x3a, 0x00, 0x00, 0x00, 0x00, 0x24, 0x4c,
  0x5f, 0x5f, 0x69, 0x6e, 0x66, 0x6f, 0x5f, 0x73, 0x74, 0x72, 0x69, 0x6e,
  0x67, 0x36, 0x33, 0x3a, 0x00, 0x00, 0x00, 0x00, 0x24, 0x4c, 0x5f, 0x5f,
  0x69, 0x6e, 0x66, 0x6f, 0x5f, 0x73, 0x74, 0x72, 0x69, 0x6e, 0x67, 0x36,
  0x34, 0x3a, 0x00, 0x00, 0x00, 0x00, 0x24, 0x4c, 0x5f, 0x5f, 0x69, 0x6e,
  0x66, 0x6f, 0x5f, 0x73, 0x74, 0x72, 0x69, 0x6e, 0x67, 0x36, 0x35, 0x3a,
  0x00, 0x00, 0x00, 0x00, 0x24, 0x4c, 0x5f, 0x5f, 0x69, 0x6e, 0x66, 0x6f,
  0x5f, 0x73, 0x74, 0x72, 0x69, 0x6e, 0x67, 0x36, 0x36, 0x3a, 0x00, 0x00,
  0x00, 0x00, 0x24, 0x4c, 0x5f, 0x5f, 0x69, 0x6e, 0x66, 0x6f, 0x5f, 0x73,
  0x74, 0x72, 0x69, 0x6e, 0x67, 0x36, 0x37, 0x3a, 0x00, 0x00, 0x00, 0x00,
  0x00, 0x24, 0x4c, 0x5f, 0x5f, 0x69, 0x6e, 0x66, 0x6f, 0x5f, 0x73, 0x74,
  0x72, 0x69, 0x6e, 0x67, 0x36, 0x38, 0x3a, 0x00, 0x00, 0x00, 0x00, 0x00,
  0x00, 0x00, 0x00, 0x00, 0x24, 0x4c, 0x5f, 0x5f, 0x69, 0x6e, 0x66, 0x6f,
  0x5f, 0x73, 0x74, 0x72, 0x69, 0x6e, 0x67, 0x36, 0x39, 0x3a, 0x00, 0x00,
  0x00, 0x00, 0x00, 0x24, 0x4c, 0x5f, 0x5f, 0x69, 0x6e, 0x66, 0x6f, 0x5f,
  0x73, 0x74, 0x72, 0x69, 0x6e, 0x67, 0x37, 0x30, 0x3a, 0x00, 0x00, 0x00,
  0x00, 0x00, 0x24, 0x4c, 0x5f, 0x5f, 0x69, 0x6e, 0x66, 0x6f, 0x5f, 0x73,
  0x74, 0x72, 0x69, 0x6e, 0x67, 0x37, 0x31, 0x3a, 0x00, 0x00, 0x00, 0x00,
  0x00, 0x00, 0x00, 0x00, 0x24, 0x4c, 0x5f, 0x5f, 0x69, 0x6e, 0x66, 0x6f,
  0x5f, 0x73, 0x74, 0x72, 0x69, 0x6e, 0x67, 0x37, 0x32, 0x3a, 0x00, 0x00,
  0x00, 0x00, 0x00, 0x24, 0x4c, 0x5f, 0x5f, 0x69, 0x6e, 0x66, 0x6f, 0x5f,
  0x73, 0x74, 0x72, 0x69, 0x6e, 0x67, 0x37, 0x33, 0x3a, 0x00, 0x00, 0x00,
  0x00, 0x00, 0x00, 0x00, 0x00, 0x24, 0x4c, 0x5f, 0x5f, 0x69, 0x6e, 0x66,
  0x6f, 0x5f, 0x73, 0x74, 0x72, 0x69, 0x6e, 0x67, 0x37, 0x34, 0x3a, 0x00,
  0x00, 0x00, 0x00, 0x00, 0x00, 0x00, 0x00, 0x24, 0x4c, 0x5f, 0x5f, 0x69,
  0x6e, 0x66, 0x6f, 0x5f, 0x73, 0x74, 0x72, 0x69, 0x6e, 0x67, 0x37, 0x35,
  0x3a, 0x00, 0x00, 0x24, 0x4c, 0x5f, 0x5f, 0x69, 0x6e, 0x66, 0x6f, 0x5f,
  0x73, 0x74, 0x72, 0x69, 0x6e, 0x67, 0x37, 0x36, 0x3a, 0x00, 0x00, 0x00,
  0x00, 0x24, 0x4c, 0x5f, 0x5f, 0x69, 0x6e, 0x66, 0x6f, 0x5f, 0x73, 0x74,
  0x72, 0x69, 0x6e, 0x67, 0x37, 0x37, 0x3a, 0x00, 0x00, 0x00, 0x00, 0x00,
  0x00, 0x24, 0x4c, 0x5f, 0x5f, 0x69, 0x6e, 0x66, 0x6f, 0x5f, 0x73, 0x74,
  0x72, 0x69, 0x6e, 0x67, 0x37, 0x38, 0x3a, 0x00, 0x00, 0x24, 0x4c, 0x5f,
  0x5f, 0x69, 0x6e, 0x66, 0x6f, 0x5f, 0x73, 0x74, 0x72, 0x69, 0x6e, 0x67,
  0x37, 0x39, 0x3a, 0x00, 0x00, 0x00, 0x00, 0x24, 0x4c, 0x5f, 0x5f, 0x69,
  0x6e, 0x66, 0x6f, 0x5f, 0x73, 0x74, 0x72, 0x69, 0x6e, 0x67, 0x38, 0x30,
  0x3a, 0x00, 0x00, 0x00, 0x00, 0x00, 0x00, 0x00, 0x00, 0x24, 0x4c, 0x5f,
  0x5f, 0x69, 0x6e, 0x66, 0x6f, 0x5f, 0x73, 0x74, 0x72, 0x69, 0x6e, 0x67,
  0x38, 0x31, 0x3a, 0x00, 0x00, 0x00, 0x00, 0x00, 0x00, 0x00, 0x00, 0x24,
  0x4c, 0x5f, 0x5f, 0x69, 0x6e, 0x66, 0x6f, 0x5f, 0x73, 0x74, 0x72, 0x69,
  0x6e, 0x67, 0x38, 0x32, 0x3a, 0x00, 0x00, 0x00, 0x00, 0x00, 0x00, 0x00,
  0x00, 0x24, 0x4c, 0x5f, 0x5f, 0x69, 0x6e, 0x66, 0x6f, 0x5f, 0x73, 0x74,
  0x72, 0x69, 0x6e, 0x67, 0x38, 0x33, 0x3a, 0x00, 0x00, 0x24, 0x4c, 0x5f,
  0x5f, 0x69, 0x6e, 0x66, 0x6f, 0x5f, 0x73, 0x74, 0x72, 0x69, 0x6e, 0x67,
  0x38, 0x34, 0x3a, 0x00, 0x00, 0x00, 0x00, 0x00, 0x00, 0x00, 0x00, 0x00,
  0x24, 0x4c, 0x5f, 0x5f, 0x69, 0x6e, 0x66, 0x6f, 0x5f, 0x73, 0x74, 0x72,
  0x69, 0x6e, 0x67, 0x38, 0x35, 0x3a, 0x00, 0x00, 0x24, 0x4c, 0x5f, 0x5f,
  0x69, 0x6e, 0x66, 0x6f, 0x5f, 0x73, 0x74, 0x72, 0x69, 0x6e, 0x67, 0x38,
  0x36, 0x3a, 0x00, 0x00, 0x00, 0x00, 0x00, 0x00, 0x24, 0x4c, 0x5f, 0x5f,
  0x69, 0x6e, 0x66, 0x6f, 0x5f, 0x73, 0x74, 0x72, 0x69, 0x6e, 0x67, 0x38,
  0x37, 0x3a, 0x00, 0x00, 0x00, 0x00, 0x00, 0x00, 0x24, 0x4c, 0x5f, 0x5f,
  0x69, 0x6e, 0x66, 0x6f, 0x5f, 0x73, 0x74, 0x72, 0x69, 0x6e, 0x67, 0x38,
  0x38, 0x3a, 0x00, 0x00, 0x00, 0x00, 0x00, 0x24, 0x4c, 0x5f, 0x5f, 0x69,
  0x6e, 0x66, 0x6f, 0x5f, 0x73, 0x74, 0x72, 0x69, 0x6e, 0x67, 0x38, 0x39,
  0x3a, 0x00, 0x00, 0x00, 0x00, 0x00, 0x24, 0x4c, 0x5f, 0x5f, 0x69, 0x6e,
  0x66, 0x6f, 0x5f, 0x73, 0x74, 0x72, 0x69, 0x6e, 0x67, 0x39, 0x30, 0x3a,
  0x00, 0x00, 0x00, 0x00, 0x00, 0x00, 0x24, 0x4c, 0x5f, 0x5f, 0x69, 0x6e,
  0x66, 0x6f, 0x5f, 0x73, 0x74, 0x72, 0x69, 0x6e, 0x67, 0x39, 0x31, 0x3a,
  0x00, 0x00, 0x00, 0x00, 0x00, 0x00, 0x00, 0x24, 0x4c, 0x5f, 0x5f, 0x69,
  0x6e, 0x66, 0x6f, 0x5f, 0x73, 0x74, 0x72, 0x69, 0x6e, 0x67, 0x39, 0x32,
  0x3a, 0x00, 0x00, 0x24, 0x4c, 0x5f, 0x5f, 0x69, 0x6e, 0x66, 0x6f, 0x5f,
  0x73, 0x74, 0x72, 0x69, 0x6e, 0x67, 0x39, 0x33, 0x3a, 0x00, 0x00, 0x00,
  0x00, 0x00, 0x24, 0x4c, 0x5f, 0x5f, 0x69, 0x6e, 0x66, 0x6f, 0x5f, 0x73,
  0x74, 0x72, 0x69, 0x6e, 0x67, 0x39, 0x34, 0x3a, 0x00, 0x00, 0x24, 0x4c,
  0x5f, 0x5f, 0x69, 0x6e, 0x66, 0x6f, 0x5f, 0x73, 0x74, 0x72, 0x69, 0x6e,
  0x67, 0x39, 0x35, 0x3a, 0x00, 0x00, 0x00, 0x00, 0x00, 0x24, 0x4c, 0x5f,
  0x5f, 0x69, 0x6e, 0x66, 0x6f, 0x5f, 0x73, 0x74, 0x72, 0x69, 0x6e, 0x67,
  0x39, 0x36, 0x3a, 0x00, 0x00, 0x00, 0x7d, 0x00, 0x04, 0x2f, 0x08, 0x00,
  0x0a, 0x00, 0x00, 0x00, 0xfe, 0x00, 0x00, 0x00, 0x04, 0x11, 0x08, 0x00,
  0x0a, 0x00, 0x00, 0x00, 0x00, 0x00, 0x00, 0x00, 0x04, 0x12, 0x08, 0x00,
  0x0a, 0x00, 0x00, 0x00, 0x00, 0x00, 0x00, 0x00, 0x04, 0x37, 0x04, 0x00,
  0x80, 0x00, 0x00, 0x00, 0x01, 0x35, 0x00, 0x00, 0x04, 0x0a, 0x08, 0x00,
  0x02, 0x00, 0x00, 0x00, 0x60, 0x01, 0xb8, 0x00, 0x03, 0x19, 0xb8, 0x00,
  0x04, 0x17, 0x0c, 0x00, 0x00, 0x00, 0x00, 0x00, 0x00, 0x00, 0x00, 0x00,
  0x00, 0xf0, 0xe1, 0x02, 0x03, 0x1b, 0xff, 0x00, 0x04, 0x29, 0x40, 0x00,
  0xff, 0xff, 0xff, 0xff, 0xff, 0xff, 0xff, 0xff, 0xff, 0xff, 0xff, 0xff,
  0xff, 0xff, 0xff, 0xff, 0xff, 0xff, 0xff, 0xff, 0xff, 0xff, 0xff, 0xff,
  0xff, 0xff, 0xff, 0xff, 0xff, 0xff, 0xff, 0xff, 0xff, 0xff, 0xff, 0xff,
  0xff, 0xff, 0xff, 0xff, 0xff, 0xff, 0xff, 0xff, 0xff, 0xff, 0xff, 0xff,
  0xff, 0xff, 0xff, 0xff, 0xff, 0xff, 0xff, 0xff, 0xff, 0xff, 0xff, 0xff,
  0xff, 0xff, 0xff, 0xff, 0x04, 0x28, 0x40, 0x00, 0x30, 0x28, 0x00, 0x00,
  0x50, 0x28, 0x00, 0x00, 0x70, 0x28, 0x00, 0x00, 0xc0, 0x29, 0x00, 0x00,
  0xa0, 0x2b, 0x00, 0x00, 0x20, 0x2c, 0x00, 0x00, 0x50, 0x2d, 0x00, 0x00,
  0xe0, 0x2d, 0x00, 0x00, 0x20, 0x30, 0x00, 0x00, 0x30, 0x30, 0x00, 0x00,
  0x60, 0x30, 0x00, 0x00, 0x70, 0x30, 0x00, 0x00, 0x90, 0x34, 0x00, 0x00,
  0xd0, 0x34, 0x00, 0x00, 0x00, 0x35, 0x00, 0x00, 0x10, 0x35, 0x00, 0x00,
  0x04, 0x1c, 0x28, 0x00, 0xe0, 0x00, 0x00, 0x00, 0xc0, 0x40, 0x00, 0x00,
  0xf0, 0x41, 0x00, 0x00, 0x10, 0x43, 0x00, 0x00, 0x20, 0x44, 0x00, 0x00,
  0x30, 0x45, 0x00, 0x00, 0x40, 0x46, 0x00, 0x00, 0x50, 0x47, 0x00, 0x00,
  0x60, 0x48, 0x00, 0x00, 0x10, 0x49, 0x00, 0x00, 0x01, 0x04, 0x00, 0x00,
  0x04, 0x1e, 0x04, 0x00, 0x00, 0x00, 0x00, 0x00, 0x00, 0x00, 0x00, 0x00,
  0xff, 0xff, 0xff, 0xff, 0x00, 0x00, 0x00, 0x00, 0xfe, 0xff, 0xff, 0xff,
  0x00, 0x00, 0x00, 0x00, 0xfd, 0xff, 0xff, 0xff, 0x00, 0x00, 0x00, 0x00,
  0xfc, 0xff, 0xff, 0xff, 0x73, 0x00, 0x00, 0x00, 0x00, 0x00, 0x00, 0x00,
  0x00, 0x00, 0x00, 0x11, 0x25, 0x00, 0x05, 0x36, 0x6b, 0x02, 0x00, 0x00,
  0x00, 0x00, 0x00, 0x00, 0x02, 0x00, 0x00, 0x00, 0x0a, 0x00, 0x00, 0x00,
  0x1d, 0x00, 0x00, 0x00, 0x00, 0x00, 0x00, 0x00, 0x02, 0x00, 0x00, 0x00,
  0x0a, 0x00, 0x00, 0x00, 0x44, 0x00, 0x00, 0x00, 0x00, 0x00, 0x00, 0x00,
  0x02, 0x00, 0x00, 0x00, 0x0a, 0x00, 0x00, 0x00, 0x00, 0x00, 0x00, 0x00,
  0x00, 0x00, 0x00, 0x00, 0x00, 0x00, 0x00, 0x00, 0x00, 0x00, 0x00, 0x00,
  0x00, 0x00, 0x00, 0x00, 0x00, 0x00, 0x00, 0x00, 0x00, 0x00, 0x00, 0x00,
  0x00, 0x00, 0x00, 0x00, 0x00, 0x00, 0x00, 0x00, 0x00, 0x00, 0x00, 0x00,
  0x00, 0x00, 0x00, 0x00, 0x00, 0x00, 0x00, 0x00, 0x00, 0x00, 0x00, 0x00,
  0x00, 0x00, 0x00, 0x00, 0x00, 0x00, 0x00, 0x00, 0x00, 0x00, 0x00, 0x00,
  0x00, 0x00, 0x00, 0x00, 0x00, 0x00, 0x00, 0x00, 0x00, 0x00, 0x00, 0x00,
  0x00, 0x00, 0x00, 0x00, 0x00, 0x00, 0x00, 0x00, 0x00, 0x00, 0x00, 0x00,
  0x00, 0x00, 0x00, 0x00, 0x00, 0x00, 0x00, 0x00, 0x00, 0x00, 0x00, 0x00,
  0x00, 0x00, 0x00, 0x00, 0x00, 0x00, 0x00, 0x00, 0x00, 0x00, 0x00, 0x00,
  0x00, 0x00, 0x00, 0x00, 0x00, 0x00, 0x00, 0x00, 0x00, 0x00, 0x00, 0x00,
  0x00, 0x00, 0x00, 0x00, 0x00, 0x00, 0x00, 0x00, 0x00, 0x00, 0x00, 0x00,
  0x00, 0x00, 0x00, 0x00, 0x00, 0x00, 0x00, 0x00, 0x00, 0x00, 0x00, 0x00,
  0x00, 0x00, 0x00, 0x00, 0x00, 0x00, 0x00, 0x00, 0x00, 0x00, 0x00, 0x00,
  0x00, 0x00, 0x00, 0x00, 0x00, 0x00, 0x00, 0x00, 0x00, 0x00, 0x00, 0x00,
  0x00, 0x00, 0x00, 0x00, 0x00, 0x00, 0x00, 0x00, 0x00, 0x00, 0x00, 0x00,
  0x00, 0x00, 0x00, 0x00, 0x00, 0x00, 0x00, 0x00, 0x00, 0x00, 0x00, 0x00,
  0x00, 0x00, 0x00, 0x00, 0x00, 0x00, 0x00, 0x00, 0x00, 0x00, 0x00, 0x00,
  0x00, 0x00, 0x00, 0x00, 0x00, 0x00, 0x00, 0x00, 0x00, 0x00, 0x00, 0x00,
  0x00, 0x00, 0x00, 0x00, 0x00, 0x00, 0x00, 0x00, 0x00, 0x00, 0x00, 0x00,
  0x00, 0x00, 0x00, 0x00, 0x00, 0x00, 0x00, 0x00, 0x00, 0x00, 0x00, 0x00,
  0x00, 0x00, 0x00, 0x00, 0x00, 0x00, 0x00, 0x00, 0x00, 0x00, 0x00, 0x00,
  0x00, 0x00, 0x00, 0x00, 0x00, 0x00, 0x00, 0x00, 0x00, 0x00, 0x00, 0x00,
  0x00, 0x00, 0x00, 0x00, 0x00, 0x00, 0x00, 0x00, 0x00, 0x00, 0x00, 0x00,
  0x00, 0x00, 0x00, 0x00, 0x00, 0x00, 0x00, 0x00, 0x00, 0x00, 0x00, 0x00,
  0x00, 0x00, 0x00, 0x00, 0x00, 0x00, 0x00, 0x00, 0x00, 0x00, 0x00, 0x00,
  0x00, 0x00, 0x00, 0x00, 0x00, 0x00, 0x00, 0x00, 0x00, 0x00, 0x00, 0x00,
  0x00, 0x00, 0x00, 0x00, 0x00, 0x00, 0x00, 0x00, 0x00, 0x00, 0x00, 0x00,
  0x00, 0x00, 0x00, 0x00, 0x00, 0x00, 0x00, 0x00, 0x00, 0x00, 0x00, 0x00,
  0x00, 0x00, 0x00, 0x00, 0x00, 0x00, 0x00, 0x00, 0x00, 0x00, 0x00, 0x00,
  0x00, 0x00, 0x00, 0x00, 0x00, 0x00, 0x00, 0x00, 0x00, 0x00, 0x00, 0x00,
  0x00, 0x00, 0x00, 0x00, 0x00, 0x00, 0x00, 0x00, 0x00, 0x00, 0x00, 0x00,
  0x00, 0x00, 0x00, 0x00, 0x00, 0x00, 0x00, 0x00, 0x00, 0x00, 0x00, 0x00,
  0x00, 0x00, 0x00, 0x00, 0x00, 0x00, 0x00, 0x00, 0x00, 0x00, 0x00, 0x00,
  0x00, 0x00, 0x00, 0x00, 0x00, 0x00, 0x00, 0x00, 0x00, 0x00, 0x00, 0x00,
  0x00, 0x00, 0x00, 0x00, 0x00, 0x00, 0x00, 0x00, 0x00, 0x00, 0x00, 0x00,
  0x00, 0x00, 0x00, 0x00, 0x00, 0x00, 0x00, 0x00, 0x00, 0x00, 0x00, 0x00,
  0x00, 0x00, 0x00, 0x00, 0x00, 0x00, 0x00, 0x00, 0x00, 0x00, 0x00, 0x00,
  0x00, 0x00, 0x00, 0x00, 0x00, 0x00, 0x00, 0x00, 0x00, 0x00, 0x00, 0x00,
  0x00, 0x00, 0x00, 0x00, 0x00, 0x00, 0x00, 0x00, 0x00, 0x00, 0x00, 0x00,
  0x00, 0x00, 0x00, 0x00, 0x00, 0x00, 0x00, 0x00, 0x00, 0x00, 0x00, 0x00,
  0x00, 0x00, 0x00, 0x00, 0x00, 0x00, 0x00, 0x00, 0x00, 0x00, 0x00, 0x00,
  0x00, 0x00, 0x00, 0x00, 0x00, 0x00, 0x00, 0x00, 0x00, 0x00, 0x00, 0x00,
  0x00, 0x00, 0x00, 0x00, 0x00, 0x00, 0x00, 0x00, 0x00, 0x00, 0x00, 0x00,
  0x00, 0x00, 0x00, 0x00, 0x00, 0x00, 0x00, 0x00, 0x00, 0x00, 0x00, 0x00,
  0x00, 0x00, 0x00, 0x00, 0x00, 0x00, 0x00, 0x00, 0x00, 0x00, 0x00, 0x00,
  0x00, 0x00, 0x00, 0x00, 0x00, 0x00, 0x00, 0x00, 0x00, 0x00, 0x00, 0x00,
  0x00, 0x00, 0x00, 0x00, 0x00, 0x00, 0x00, 0x00, 0x00, 0x00, 0x00, 0x00,
  0x00, 0x00, 0x00, 0x00, 0x00, 0x00, 0x00, 0x00, 0x00, 0x00, 0x00, 0x00,
  0x00, 0x00, 0x00, 0x00, 0x00, 0x00, 0x00, 0x00, 0x00, 0x00, 0x00, 0x00,
  0x00, 0x00, 0x00, 0x00, 0x00, 0x00, 0x00, 0x00, 0x00, 0x00, 0x00, 0x00,
  0x00, 0x00, 0x00, 0x00, 0x00, 0x00, 0x00, 0x00, 0x00, 0x00, 0x00, 0x00,
  0x00, 0x00, 0x00, 0x00, 0x00, 0x00, 0x00, 0x00, 0x00, 0x00, 0x00, 0x00,
  0x00, 0x00, 0x00, 0x00, 0x24, 0x76, 0x01, 0xff, 0x00, 0x0a, 0x00, 0x00,
  0xff, 0x00, 0x8e, 0x07, 0x00, 0xe4, 0x0f, 0x00, 0xc3, 0x79, 0x09, 0x00,
  0x00, 0x00, 0x00, 0x00, 0x00, 0x27, 0x00, 0x00, 0x00, 0x62, 0x0e, 0x00,
  0x82, 0x78, 0x06, 0x00, 0x04, 0x00, 0x00, 0x00, 0x00, 0x00, 0x00, 0x00,
  0x00, 0xe4, 0x0f, 0x00, 0xb9, 0x7a, 0x04, 0x00, 0x00, 0x7e, 0x00, 0x00,
  0x00, 0x0a, 0x00, 0x00, 0x00, 0xe4, 0x0f, 0x00, 0xb9, 0x7a, 0x0e, 0x00,
  0x00, 0x46, 0x00, 0x00, 0x00, 0x0a, 0x00, 0x00, 0x00, 0xe4, 0x0f, 0x00,
  0xa5, 0x72, 0x04, 0x09, 0x06, 0x00, 0x00, 0x00, 0x04, 0x02, 0x8e, 0x0f,
  0x00, 0xcc, 0x2f, 0x00, 0x24, 0x7e, 0x02, 0xff, 0x04, 0x00, 0x00, 0x00,
  0xff, 0x00, 0x8e, 0x0f, 0x00, 0xe4, 0x0f, 0x00, 0x24, 0x7e, 0x03, 0xff,
  0x05, 0x00, 0x00, 0x00, 0xff, 0x00, 0x8e, 0x0f, 0x00, 0xca, 0x0f, 0x00,
  0x81, 0x79, 0x02, 0x02, 0x0e, 0x00, 0x00, 0x00, 0x00, 0x19, 0x1e, 0x0c,
  0x00, 0xa2, 0x0e, 0x00, 0xc3, 0x79, 0x06, 0x00, 0x00, 0x00, 0x00, 0x00,
  0x00, 0x25, 0x00, 0x00, 0x00, 0x64, 0x0e, 0x00, 0x99, 0x78, 0x06, 0x06,
  0x06, 0x00, 0x00, 0x00, 0x3f, 0x06, 0x00, 0x08, 0x00, 0xcc, 0x2f, 0x00,
  0xc2, 0x73, 0x07, 0x02, 0x00, 0x00, 0x00, 0x00, 0x00, 0x00, 0x0e, 0x00,
  0x00, 0x64, 0x4e, 0x00, 0x8c, 0x72, 0x00, 0x07, 0x06, 0x00, 0x00, 0x00,
  0x70, 0x42, 0xf0, 0x0b, 0x00, 0xcc, 0x2f, 0x00, 0x1c, 0x78, 0x00, 0x00,
  0x00, 0x00, 0x00, 0x00, 0x08, 0xf0, 0xf0, 0x03, 0x00, 0xda, 0x0f, 0x00,
  0x4d, 0x89, 0x00, 0x00, 0x00, 0x00, 0x00, 0x00, 0x00, 0x00, 0x80, 0x03,
  0x00, 0xea, 0x0f, 0x00, 0x19, 0x79, 0x0b, 0x00, 0x00, 0x00, 0x00, 0x00,
  0x00, 0x21, 0x00, 0x00, 0x00, 0x62, 0x0e, 0x00, 0xc3, 0x79, 0x0a, 0x00,
  0x00, 0x00, 0x00, 0x00, 0x00, 0x26, 0x00, 0x00, 0x00, 0xa2, 0x0e, 0x00,
  0x90, 0x72, 0x04, 0x06, 0x07, 0x00, 0x00, 0x00, 0x3f, 0xe1, 0xff, 0x0f,
  0x00, 0xe2, 0x0f, 0x00, 0x24, 0x76, 0x0c, 0xff, 0x00, 0x6e, 0x00, 0x00,
  0xff, 0x00, 0x8e, 0x07, 0x00, 0xe2, 0x0f, 0x00, 0xb9, 0x7a, 0x05, 0x00,
  0x00, 0x70, 0x00, 0x00, 0x00, 0x08, 0x00, 0x00, 0x00, 0xe2, 0x0f, 0x00,
  0x13, 0x7a, 0x0e, 0x00, 0x00, 0x6e, 0x00, 0x00, 0x00, 0x00, 0x00, 0x00,
  0x00, 0xe2, 0x0f, 0x00, 0x8c, 0x78, 0x00, 0x04, 0x40, 0x00, 0x00, 0x00,
  0x70, 0x12, 0xf0, 0x0b, 0x00, 0xe2, 0x0f, 0x00, 0x13, 0x7a, 0x13, 0x00,
  0x00, 0x6d, 0x00, 0x00, 0x00, 0x00, 0x00, 0x00, 0x00, 0xe4, 0x0f, 0x00,
  0x0c, 0x7a, 0x00, 0x0c, 0x00, 0x6d, 0x00, 0x00, 0x70, 0x62, 0xf6, 0x03,
  0x00, 0xe2, 0x0f, 0x00, 0x87, 0x78, 0x08, 0x04, 0x40, 0x00, 0x00, 0x00,
  0x00, 0x00, 0x00, 0x08, 0x00, 0xc4, 0x0f, 0x00, 0xa4, 0x72, 0x04, 0x09,
  0x05, 0x00, 0x00, 0x00, 0x3f, 0x02, 0x8e, 0x0f, 0x00, 0xc6, 0x0f, 0x00,
  0xb9, 0x7a, 0x05, 0x00, 0x00, 0x6d, 0x00, 0x00, 0x00, 0x08, 0x00, 0x00,
  0x00, 0xe4, 0x0f, 0x00, 0x82, 0x78, 0x09, 0x00, 0x03, 0x00, 0x00, 0x00,
  0x00, 0x00, 0x00, 0x00, 0x00, 0xe2, 0x0f, 0x00, 0x12, 0x78, 0x00, 0x0b,
  0x60, 0x00, 0x00, 0x00, 0xff, 0xc0, 0x8e, 0x07, 0x00, 0xe2, 0x2f, 0x04,
  0xa4, 0x72, 0x05, 0x04, 0x05, 0x00, 0x00, 0x00, 0x0a, 0x02, 0x8e, 0x0f,
  0x00, 0xe2, 0x4f, 0x00, 0x12, 0x78, 0x03, 0x0b, 0x0f, 0x00, 0x00, 0x00,
  0xff, 0xc0, 0x8e, 0x07, 0x00, 0xe4, 0x0f, 0x04, 0x12, 0x78, 0x04, 0x0b,
  0x08, 0x00, 0x00, 0x00, 0xff, 0xc0, 0x8e, 0x07, 0x00, 0xe2, 0x0f, 0x04,
  0xa4, 0x78, 0x0b, 0x05, 0x03, 0x00, 0x00, 0x00, 0x3f, 0x02, 0x8e, 0x0f,
  0x00, 0xe2, 0x0f, 0x00, 0x12, 0x78, 0x02, 0x0b, 0x07, 0x00, 0x00, 0x00,
  0xff, 0xc0, 0x8e, 0x07, 0x00, 0xe4, 0x0f, 0x04, 0x12, 0x78, 0x05, 0x0b,
  0x10, 0x00, 0x00, 0x00, 0xff, 0xc0, 0x8e, 0x07, 0x00, 0xc4, 0x0f, 0x00,
  0x11, 0x72, 0x03, 0x00, 0x03, 0x00, 0x00, 0x00, 0xff, 0xf8, 0x8f, 0x07,
  0x00, 0xe2, 0x0f, 0x00, 0x24, 0x78, 0x00, 0x0b, 0x10, 0x00, 0x00, 0x00,
  0xff, 0x00, 0x8e, 0x07, 0x00, 0xe2, 0x0f, 0x00, 0x19, 0x78, 0x04, 0xff,
  0x03, 0x00, 0x00, 0x00, 0x04, 0x16, 0x01, 0x00, 0x00, 0xe4, 0x0f, 0x00,
  0x11, 0x72, 0x05, 0x05, 0x02, 0x00, 0x00, 0x00, 0xff, 0xf8, 0x8f, 0x07,
  0x00, 0xe4, 0x0f, 0x00, 0x19, 0x78, 0xc0, 0xff, 0x1f, 0x00, 0x00, 0x00,
  0x0b, 0x14, 0x01, 0x00, 0x00, 0xe4, 0x0f, 0x10, 0x12, 0x78, 0x04, 0x04,
  0x07, 0x00, 0x00, 0x00, 0x0b, 0x78, 0x8e, 0x07, 0x00, 0xe4, 0x0f, 0x00,
  0x12, 0x78, 0x02, 0x00, 0x70, 0x00, 0x00, 0x00, 0xff, 0xc0, 0x8e, 0x07,
  0x00, 0xc4, 0x0f, 0x00, 0x11, 0x72, 0x00, 0xc0, 0x0b, 0x00, 0x00, 0x00,
  0xff, 0x20, 0x8f, 0x07, 0x00, 0xe2, 0x0f, 0x00, 0x24, 0x78, 0xe7, 0x05,
  0x10, 0x00, 0x00, 0x00, 0x04, 0x02, 0x8e, 0x07, 0x00, 0xe2, 0x0f, 0x00,
  0x12, 0x78, 0x02, 0x02, 0x10, 0x00, 0x00, 0x00, 0x0b, 0x78, 0x8e, 0x07,
  0x00, 0xe2, 0x0f, 0x00, 0x24, 0x78, 0x05, 0x0b, 0x00, 0x01, 0x00, 0x00,
  0xff, 0x00, 0x8e, 0x07, 0x00, 0xe2, 0x0f, 0x00, 0x19, 0x78, 0xe9, 0xff,
  0x04, 0x00, 0x00, 0x00, 0x00, 0x14, 0x01, 0x00, 0x00, 0xe4, 0x0f, 0x00,
  0x12, 0x78, 0x00, 0x00, 0xf0, 0xff, 0xff, 0xff, 0xff, 0xc0, 0x8e, 0x07,
  0x00, 0xe2, 0x0f, 0x00, 0x24, 0x78, 0x16, 0x03, 0x00, 0x01, 0x00, 0x00,
  0x02, 0x02, 0x8e, 0x07, 0x00, 0xe2, 0x0f, 0x00, 0x12, 0x78, 0xe2, 0x02,
  0x00, 0x0f, 0x00, 0x00, 0x05, 0xf8, 0x8e, 0x07, 0x00, 0xe4, 0x0f, 0x00,
  0x10, 0x78, 0x02, 0xe9, 0x28, 0x00, 0x00, 0x00, 0xff, 0xe0, 0xff, 0x07,
  0x00, 0xe2, 0x0f, 0x00, 0x24, 0x78, 0x00, 0x0b, 0x01, 0x00, 0x00, 0x00,
  0x00, 0x0a, 0x8e, 0x07, 0x00, 0xe2, 0x0f, 0x00, 0x19, 0x78, 0x04, 0xff,
  0x1f, 0x00, 0x00, 0x00, 0xe9, 0x14, 0x01, 0x00, 0x00, 0xc4, 0x0f, 0x00,
  0x0c, 0x7c, 0x00, 0x02, 0x08, 0x00, 0x00, 0x00, 0x70, 0x62, 0xf2, 0x0b,
  0x00, 0xe2, 0x0f, 0x00, 0x24, 0x78, 0xee, 0x00, 0x10, 0x00, 0x00, 0x00,
  0xff, 0x00, 0x8e, 0x07, 0x00, 0xe2, 0x0f, 0x00, 0x11, 0x7a, 0x02, 0x0c,
  0x00, 0x6d, 0x00, 0x00, 0xff, 0x08, 0x8e, 0x07, 0x00, 0xe4, 0x0f, 0x00,
  0x10, 0x78, 0x03, 0xe9, 0x20, 0x00, 0x00, 0x00, 0xff, 0xe0, 0xff, 0x07,
  0x00, 0xe4, 0x0f, 0x04, 0x11, 0x72, 0x04, 0x04, 0xe9, 0x00, 0x00, 0x00,
  0xff, 0x18, 0x8f, 0x07, 0x00, 0xe2, 0x0f, 0x00, 0x24, 0x7c, 0x06, 0x02,
  0x04, 0x00, 0x00, 0x00, 0xff, 0x02, 0x8e, 0x0f, 0x00, 0xe2, 0x0f, 0x00,
  0x10, 0x7c, 0xe8, 0xe9, 0x06, 0x00, 0x00, 0x00, 0xff, 0xe0, 0xff, 0x0f,
  0x00, 0xe2, 0x0f, 0x00, 0x24, 0x7e, 0x02, 0xff, 0x0b, 0x00, 0x00, 0x00,
  0xff, 0x00, 0x8e, 0x0f, 0x00, 0xe2, 0x0f, 0x00, 0x0c, 0x7c, 0x00, 0x03,
  0x08, 0x00, 0x00, 0x00, 0x70, 0x62, 0xf0, 0x0b, 0x00, 0xc4, 0x0f, 0x00,
  0x10, 0x78, 0x03, 0xe9, 0x30, 0x00, 0x00, 0x00, 0xff, 0xe0, 0xff, 0x07,
  0x00, 0xe4, 0x0f, 0x00, 0x10, 0x38, 0x0d, 0x02, 0x01, 0x00, 0x00, 0x00,
  0xff, 0xe0, 0xff, 0x07, 0x00, 0xe4, 0x0f, 0x04, 0x10, 0x38, 0x11, 0x02,
  0x02, 0x00, 0x00, 0x00, 0xff, 0xe0, 0xff, 0x07, 0x00, 0xe4, 0x0f, 0x00,
  0x10, 0xbc, 0x02, 0x06, 0x0a, 0x00, 0x00, 0x00, 0xff, 0xe0, 0xff, 0x0f,
  0x00, 0xe4, 0x0f, 0x00, 0x12, 0x78, 0x04, 0x04, 0xf8, 0xff, 0xff, 0x0f,
  0xff, 0xc0, 0x8e, 0x07, 0x00, 0xe4, 0x0f, 0x00, 0x19, 0x78, 0x09, 0xff,
  0x1f, 0x00, 0x00, 0x00, 0xe8, 0x14, 0x01, 0x00, 0x00, 0xc4, 0x0f, 0x00,
  0x0c, 0x7c, 0x00, 0x03, 0x08, 0x00, 0x00, 0x00, 0x70, 0x62, 0xf4, 0x0b,
  0x00, 0xe2, 0x0f, 0x00, 0x25, 0x78, 0x02, 0x02, 0x00, 0x01, 0x00, 0x00,
  0xff, 0x02, 0x8e, 0x07, 0x00, 0xe2, 0x0f, 0x00, 0x19, 0x78, 0x0a, 0xff,
  0x1f, 0x00, 0x00, 0x00, 0xe9, 0x14, 0x01, 0x00, 0x00, 0xc6, 0x0f, 0x00,
  0x24, 0x78, 0x05, 0xe9, 0x01, 0x00, 0x00, 0x00, 0x04, 0x0a, 0x8e, 0x07,
  0x00, 0xe4, 0x0f, 0x00, 0x24, 0x7a, 0x07, 0x09, 0x00, 0x62, 0x00, 0x00,
  0xff, 0x02, 0x8e, 0x07, 0x00, 0xe4, 0x0f, 0x00, 0x25, 0x7a, 0x02, 0xe8,
  0x00, 0x62, 0x00, 0x00, 0x02, 0x00, 0x8e, 0x07, 0x00, 0xe2, 0x0f, 0x00,
  0x12, 0x72, 0x08, 0x05, 0x00, 0x00, 0x00, 0x00, 0xff, 0x3c, 0x8e, 0x07,
  0x00, 0xc6, 0x0f, 0x00, 0x24, 0x7a, 0x0f, 0xe8, 0x00, 0x63, 0x00, 0x00,
  0x07, 0x02, 0x8e, 0x07, 0x00, 0xe2, 0x0f, 0x00, 0x47, 0x39, 0x00, 0x00,
  0x00, 0x03, 0x00, 0x00, 0x00, 0x00, 0x80, 0x03, 0x00, 0xea, 0x0f, 0x00,
  0x06, 0x73, 0x00, 0x00, 0x0e, 0x00, 0x00, 0x00, 0x00, 0x94, 0x20, 0x00,
  0x00, 0x62, 0x0e, 0x00, 0x13, 0x7c, 0x14, 0x00, 0x0a, 0x00, 0x00, 0x00,
  0x00, 0x00, 0x00, 0x08, 0x00, 0xce, 0x0f, 0x00, 0x08, 0x73, 0x00, 0x00,
  0x00, 0x00, 0x00, 0x00, 0x00, 0x10, 0x00, 0x00, 0x00, 0x64, 0x2e, 0x00,
  0x10, 0x78, 0x04, 0x00, 0xfe, 0xff, 0xff, 0x0f, 0xff, 0xe0, 0xff, 0x07,
  0x00, 0xe4, 0x2f, 0x00, 0x12, 0x7a, 0x00, 0x0c, 0x00, 0x6d, 0x00, 0x00,
  0xff, 0x3c, 0x8e, 0x07, 0x00, 0xc8, 0x0f, 0x00, 0x05, 0x73, 0x05, 0x00,
  0x04, 0x00, 0x00, 0x00, 0x00, 0xf0, 0x21, 0x00, 0x00, 0xa2, 0x02, 0x00,
  0x0c, 0x72, 0x00, 0x00, 0xff, 0x00, 0x00, 0x00, 0x70, 0x62, 0xfa, 0x03,
  0x00, 0xe2, 0x0f, 0x00, 0x24, 0x72, 0x04, 0xff, 0xff, 0x00, 0x00, 0x00,
  0xff, 0x00, 0x8e, 0x07, 0x00, 0xe4, 0x2f, 0x00, 0x24, 0x72, 0x07, 0xff,
  0xff, 0x00, 0x00, 0x00, 0x05, 0x0a, 0x8e, 0x07, 0x00, 0xc8, 0x4f, 0x00,
  0x24, 0x72, 0x07, 0x07, 0x0e, 0x00, 0x00, 0x00, 0xff, 0x02, 0x8e, 0x07,
  0x00, 0xc8, 0x0f, 0x00, 0x27, 0x72, 0x05, 0x05, 0x07, 0x00, 0x00, 0x00,
  0x04, 0x00, 0x8e, 0x07, 0x00, 0xcc, 0x0f, 0x00, 0x27, 0x72, 0x05, 0x05,
  0x13, 0x00, 0x00, 0x00, 0xff, 0x00, 0x8e, 0x07, 0x00, 0xc8, 0x0f, 0x00,
  0x24, 0x72, 0x07, 0xff, 0xff, 0x00, 0x00, 0x00, 0x05, 0x0a, 0x8e, 0x07,
  0x00, 0xc8, 0x0f, 0x00, 0x24, 0x72, 0x07, 0x0e, 0x07, 0x00, 0x00, 0x00,
  0x13, 0x02, 0x8e, 0x07, 0x00, 0xca, 0x0f, 0x00, 0x0c, 0x72, 0x00, 0x0e,
  0x07, 0x00, 0x00, 0x00, 0x70, 0x40, 0xfc, 0x03, 0x00, 0xda, 0x0f, 0x00,
  0x24, 0xe8, 0x07, 0x07, 0x01, 0x00, 0x00, 0x00, 0x0e, 0x0a, 0x8e, 0x07,
  0x00, 0xe2, 0x0f, 0x00, 0x10, 0xe8, 0x05, 0x05, 0x01, 0x00, 0x00, 0x00,
  0xff, 0xe0, 0xff, 0x07, 0x00, 0xe4, 0x0f, 0x00, 0x0c, 0x7a, 0x00, 0xff,
  0x00, 0x6e, 0x00, 0x00, 0x70, 0x52, 0xfc, 0x03, 0x00, 0xe4, 0x0f, 0x00,
  0x0c, 0x72, 0x00, 0x07, 0x0e, 0x00, 0x00, 0x00, 0x70, 0x60, 0xf8, 0x03,
  0x00, 0xda, 0x0f, 0x00, 0x10, 0x48, 0x05, 0x05, 0x01, 0x00, 0x00, 0x00,
  0xff, 0xe0, 0xff, 0x07, 0x00, 0xca, 0x0f, 0x00, 0x24, 0x72, 0x12, 0xff,
  0xff, 0x00, 0x00, 0x00, 0x05, 0x00, 0x8e, 0x07, 0x00, 0xc8, 0x0f, 0x00,
  0x24, 0xd2, 0x12, 0xff, 0xff, 0x00, 0x00, 0x00, 0x12, 0x0a, 0x8e, 0x07,
  0x00, 0xe2, 0x0f, 0x00, 0x12, 0xea, 0x12, 0xff, 0x00, 0x6e, 0x00, 0x00,
  0xff, 0x33, 0x8e, 0x07, 0x00, 0xc8, 0x0f, 0x00, 0x13, 0x72, 0x07, 0x00,
  0x12, 0x00, 0x00, 0x00, 0x00, 0x00, 0x00, 0x00, 0x00, 0xe4, 0x0f, 0x08,
  0x13, 0x72, 0x15, 0x00, 0x12, 0x00, 0x00, 0x00, 0x00, 0x00, 0x00, 0x00,
  0x00, 0xe4, 0x0f, 0x00, 0x06, 0x73, 0x00, 0x00, 0x07, 0x00, 0x00, 0x00,
  0x00, 0x94, 0x20, 0x00, 0x00, 0x70, 0x0e, 0x00, 0x08, 0x73, 0x00, 0x00,
  0x00, 0x00, 0x00, 0x00, 0x00, 0x10, 0x00, 0x00, 0x00, 0x64, 0x2e, 0x00,
  0x10, 0x78, 0x04, 0x00, 0xfe, 0xff, 0xff, 0x0f, 0xff, 0xe0, 0xff, 0x07,
  0x00, 0xe2, 0x2f, 0x00, 0x24, 0x72, 0x00, 0xff, 0xff, 0x00, 0x00, 0x00,
  0x15, 0x0a, 0x8e, 0x07, 0x00, 0xca, 0x0f, 0x00, 0x05, 0x73, 0x05, 0x00,
  0x04, 0x00, 0x00, 0x00, 0x00, 0xf0, 0x21, 0x00, 0x00, 0xa4, 0x02, 0x00,
  0x24, 0x72, 0x04, 0xff, 0xff, 0x00, 0x00, 0x00, 0xff, 0x00, 0x8e, 0x07,
  0x00, 0xe4, 0x2f, 0x00, 0x24, 0x72, 0x10, 0xff, 0xff, 0x00, 0x00, 0x00,
  0x05, 0x0a, 0x8e, 0x07, 0x00, 0xc8, 0x4f, 0x00, 0x24, 0x72, 0x0d, 0x10,
  0x07, 0x00, 0x00, 0x00, 0xff, 0x02, 0x8e, 0x07, 0x00, 0xe4, 0x0f, 0x00,
  0x24, 0x72, 0x10, 0xff, 0xff, 0x00, 0x00, 0x00, 0x14, 0x00, 0x8e, 0x07,
  0x00, 0xe4, 0x0f, 0x00, 0x27, 0x72, 0x05, 0x05, 0x0d, 0x00, 0x00, 0x00,
  0x04, 0x00, 0x8e, 0x07, 0x00, 0xcc, 0x0f, 0x00, 0x27, 0x72, 0x05, 0x05,
  0x10, 0x00, 0x00, 0x00, 0xff, 0x00, 0x8e, 0x07, 0x00, 0xc8, 0x0f, 0x00,
  0x24, 0x72, 0x00, 0x05, 0x00, 0x00, 0x00, 0x00, 0x10, 0x02, 0x8e, 0x07,
  0x00, 0xca, 0x0f, 0x00, 0x0c, 0x72, 0x00, 0x07, 0x00, 0x00, 0x00, 0x00,
  0x70, 0x40, 0xfc, 0x03, 0x00, 0xda, 0x0f, 0x00, 0x24, 0xe8, 0x00, 0x00,
  0x01, 0x00, 0x00, 0x00, 0x07, 0x0a, 0x8e, 0x07, 0x00, 0xe2, 0x0f, 0x00,
  0x10, 0xe8, 0x05, 0x05, 0x01, 0x00, 0x00, 0x00, 0xff, 0xe0, 0xff, 0x07,
  0x00, 0xe4, 0x0f, 0x00, 0x0c, 0x72, 0x00, 0x12, 0xff, 0x00, 0x00, 0x00,
  0x70, 0x52, 0xfc, 0x03, 0x00, 0xe4, 0x0f, 0x00, 0x0c, 0x72, 0x00, 0x00,
  0x07, 0x00, 0x00, 0x00, 0x70, 0x60, 0xf8, 0x03, 0x00, 0xe4, 0x0f, 0x00,
  0x12, 0x7c, 0x00, 0x12, 0x0a, 0x00, 0x00, 0x00, 0xff, 0x3c, 0x8e, 0x0f,
  0x00, 0xc8, 0x0f, 0x00, 0x0c, 0x72, 0x00, 0x00, 0xff, 0x00, 0x00, 0x00,
  0x70, 0x62, 0xfa, 0x03, 0x00, 0xce, 0x0f, 0x00, 0x10, 0x48, 0x05, 0x05,
  0x01, 0x00, 0x00, 0x00, 0xff, 0xe0, 0xff, 0x07, 0x00, 0xcc, 0x0f, 0x00,
  0x24, 0xd2, 0x05, 0xff, 0xff, 0x00, 0x00, 0x00, 0x05, 0x0a, 0x8e, 0x07,
  0x00, 0xe2, 0x0f, 0x00, 0x12, 0xe2, 0x05, 0xff, 0x12, 0x00, 0x00, 0x00,
  0xff, 0x33, 0x8e, 0x07, 0x00, 0xc8, 0x0f, 0x00, 0x10, 0x7a, 0x0d, 0x05,
  0x00, 0x6d, 0x00, 0x00, 0x06, 0xe0, 0xff, 0x07, 0x00, 0xe4, 0x0f, 0x00,
  0x47, 0x39, 0x00, 0x00, 0x20, 0x03, 0x00, 0x00, 0x00, 0x00, 0x80, 0x03,
  0x00, 0xea, 0x0f, 0x00, 0x06, 0x73, 0x07, 0x00, 0x0e, 0x00, 0x00, 0x00,
  0x00, 0x94, 0x20, 0x00, 0x00, 0x62, 0x0e, 0x00, 0x24, 0x72, 0x04, 0xff,
  0xff, 0x00, 0x00, 0x00, 0xff, 0x00, 0x8e, 0x07, 0x00, 0xe2, 0x0f, 0x00,
  0x12, 0x7a, 0x0c, 0x0c, 0x00, 0x6d, 0x00, 0x00, 0xff, 0x3c, 0x8e, 0x07,
  0x00, 0xe4, 0x0f, 0x00, 0x13, 0x7c, 0x10, 0x00, 0x0a, 0x00, 0x00, 0x00,
  0x00, 0x00, 0x00, 0x08, 0x00, 0xe4, 0x0f, 0x00, 0x0c, 0x72, 0x00, 0x0c,
  0xff, 0x00, 0x00, 0x00, 0x70, 0x62, 0xfa, 0x03, 0x00, 0xe4, 0x0f, 0x00,
  0x08, 0x73, 0x07, 0x00, 0x07, 0x00, 0x00, 0x00, 0x00, 0x10, 0x00, 0x00,
  0x00, 0x64, 0x2e, 0x00, 0x10, 0x78, 0x05, 0x07, 0xfe, 0xff, 0xff, 0x0f,
  0xff, 0xe0, 0xff, 0x07, 0x00, 0xcc, 0x2f, 0x00, 0x05, 0x73, 0x05, 0x00,
  0x05, 0x00, 0x00, 0x00, 0x00, 0xf0, 0x21, 0x00, 0x00, 0x64, 0x0e, 0x00,
  0x24, 0x72, 0x11, 0xff, 0xff, 0x00, 0x00, 0x00, 0x05, 0x0a, 0x8e, 0x07,
  0x00, 0xc8, 0x2f, 0x00, 0x24, 0x72, 0x11, 0x11, 0x0e, 0x00, 0x00, 0x00,
  0xff, 0x02, 0x8e, 0x07, 0x00, 0xc8, 0x0f, 0x00, 0x27, 0x72, 0x00, 0x05,
  0x11, 0x00, 0x00, 0x00, 0x04, 0x00, 0x8e, 0x07, 0x00, 0xcc, 0x0f, 0x00,
  0x27, 0x72, 0x00, 0x00, 0x13, 0x00, 0x00, 0x00, 0xff, 0x00, 0x8e, 0x07,
  0x00, 0xc8, 0x0f, 0x00, 0x24, 0x72, 0x04, 0xff, 0xff, 0x00, 0x00, 0x00,
  0x00, 0x0a, 0x8e, 0x07, 0x00, 0xc8, 0x0f, 0x00, 0x24, 0x72, 0x13, 0x0e,
  0x04, 0x00, 0x00, 0x00, 0x13, 0x02, 0x8e, 0x07, 0x00, 0xca, 0x0f, 0x00,
  0x0c, 0x72, 0x00, 0x0e, 0x13, 0x00, 0x00, 0x00, 0x70, 0x40, 0xf6, 0x03,
  0x00, 0xda, 0x0f, 0x00, 0x24, 0xb8, 0x13, 0x13, 0x01, 0x00, 0x00, 0x00,
  0x0e, 0x0a, 0x8e, 0x07, 0x00, 0xe2, 0x0f, 0x00, 0x10, 0xb8, 0x00, 0x00,
  0x01, 0x00, 0x00, 0x00, 0xff, 0xe0, 0xff, 0x07, 0x00, 0xe4, 0x0f, 0x00,
  0x0c, 0x7a, 0x00, 0xff, 0x00, 0x6e, 0x00, 0x00, 0x70, 0x52, 0xf6, 0x03,
  0x00, 0xe4, 0x0f, 0x00, 0x0c, 0x72, 0x00, 0x13, 0x0e, 0x00, 0x00, 0x00,
  0x70, 0x60, 0xf8, 0x03, 0x00, 0xda, 0x0f, 0x00, 0x10, 0x48, 0x00, 0x00,
  0x01, 0x00, 0x00, 0x00, 0xff, 0xe0, 0xff, 0x07, 0x00, 0xca, 0x0f, 0x00,
  0x24, 0x72, 0x0c, 0xff, 0xff, 0x00, 0x00, 0x00, 0x00, 0x00, 0x8e, 0x07,
  0x00, 0xc8, 0x0f, 0x00, 0x24, 0xd2, 0x0c, 0xff, 0xff, 0x00, 0x00, 0x00,
  0x0c, 0x0a, 0x8e, 0x07, 0x00, 0xe2, 0x0f, 0x00, 0x12, 0xba, 0x0c, 0xff,
  0x00, 0x6e, 0x00, 0x00, 0xff, 0x33, 0x8e, 0x07, 0x00, 0xc8, 0x0f, 0x00,
  0x13, 0x72, 0x07, 0x00, 0x0c, 0x00, 0x00, 0x00, 0x00, 0x00, 0x00, 0x00,
  0x00, 0xe4, 0x0f, 0x08, 0x13, 0x72, 0x12, 0x00, 0x0c, 0x00, 0x00, 0x00,
  0x00, 0x00, 0x00, 0x00, 0x00, 0xe4, 0x0f, 0x00, 0x06, 0x73, 0x00, 0x00,
  0x07, 0x00, 0x00, 0x00, 0x00, 0x94, 0x20, 0x00, 0x00, 0x70, 0x0e, 0x00,
  0x08, 0x73, 0x00, 0x00, 0x00, 0x00, 0x00, 0x00, 0x00, 0x10, 0x00, 0x00,
  0x00, 0x64, 0x2e, 0x00, 0x10, 0x78, 0x04, 0x00, 0xfe, 0xff, 0xff, 0x0f,
  0xff, 0xe0, 0xff, 0x07, 0x00, 0xe2, 0x2f, 0x00, 0x24, 0x72, 0x00, 0xff,
  0xff, 0x00, 0x00, 0x00, 0x12, 0x0a, 0x8e, 0x07, 0x00, 0xca, 0x0f, 0x00,
  0x05, 0x73, 0x05, 0x00, 0x04, 0x00, 0x00, 0x00, 0x00, 0xf0, 0x21, 0x00,
  0x00, 0xa4, 0x02, 0x00, 0x24, 0x72, 0x04, 0xff, 0xff, 0x00, 0x00, 0x00,
  0xff, 0x00, 0x8e, 0x07, 0x00, 0xe4, 0x2f, 0x00, 0x24, 0x72, 0x0e, 0xff,
  0xff, 0x00, 0x00, 0x00, 0x05, 0x0a, 0x8e, 0x07, 0x00, 0xc8, 0x4f, 0x00,
  0x24, 0x72, 0x11, 0x0e, 0x07, 0x00, 0x00, 0x00, 0xff, 0x02, 0x8e, 0x07,
  0x00, 0xe4, 0x0f, 0x00, 0x24, 0x72, 0x0e, 0xff, 0xff, 0x00, 0x00, 0x00,
  0x10, 0x00, 0x8e, 0x07, 0x00, 0xe4, 0x0f, 0x00, 0x27, 0x72, 0x05, 0x05,
  0x11, 0x00, 0x00, 0x00, 0x04, 0x00, 0x8e, 0x07, 0x00, 0xcc, 0x0f, 0x00,
  0x27, 0x72, 0x05, 0x05, 0x0e, 0x00, 0x00, 0x00, 0xff, 0x00, 0x8e, 0x07,
  0x00, 0xc8, 0x0f, 0x00, 0x24, 0x72, 0x00, 0x05, 0x00, 0x00, 0x00, 0x00,
  0x0e, 0x02, 0x8e, 0x07, 0x00, 0xca, 0x0f, 0x00, 0x0c, 0x72, 0x00, 0x07,
  0x00, 0x00, 0x00, 0x00, 0x70, 0x40, 0xf8, 0x03, 0x00, 0xda, 0x0f, 0x00,
  0x24, 0xc8, 0x00, 0x00, 0x01, 0x00, 0x00, 0x00, 0x07, 0x0a, 0x8e, 0x07,
  0x00, 0xe2, 0x0f, 0x00, 0x10, 0xc8, 0x05, 0x05, 0x01, 0x00, 0x00, 0x00,
  0xff, 0xe0, 0xff, 0x07, 0x00, 0xe4, 0x0f, 0x00, 0x0c, 0x72, 0x00, 0x0c,
  0xff, 0x00, 0x00, 0x00, 0x70, 0x52, 0xf8, 0x03, 0x00, 0xe4, 0x0f, 0x00,
  0x0c, 0x72, 0x00, 0x00, 0x07, 0x00, 0x00, 0x00, 0x70, 0x60, 0xf6, 0x03,
  0x00, 0xe2, 0x0f, 0x00, 0x24, 0x76, 0x07, 0xff, 0x00, 0x6d, 0x00, 0x00,
  0xff, 0x00, 0x8e, 0x07, 0x00, 0xe2, 0x0f, 0x00, 0x12, 0x7c, 0x00, 0x0c,
  0x0a, 0x00, 0x00, 0x00, 0xff, 0x3c, 0x8e, 0x0f, 0x00, 0xc8, 0x0f, 0x00,
  0x0c, 0x72, 0x00, 0x00, 0xff, 0x00, 0x00, 0x00, 0x70, 0x62, 0xfa, 0x03,
  0x00, 0xe4, 0x0f, 0x00, 0x10, 0x7a, 0x06, 0x06, 0x00, 0x6e, 0x00, 0x00,
  0x07, 0xe0, 0xff, 0x07, 0x00, 0xca, 0x0f, 0x00, 0x10, 0x38, 0x05, 0x05,
  0x01, 0x00, 0x00, 0x00, 0xff, 0xe0, 0xff, 0x07, 0x00, 0xcc, 0x0f, 0x00,
  0x24, 0xd2, 0x05, 0xff, 0xff, 0x00, 0x00, 0x00, 0x05, 0x0a, 0x8e, 0x07,
  0x00, 0xe2, 0x0f, 0x00, 0x12, 0xc2, 0x05, 0xff, 0x0c, 0x00, 0x00, 0x00,
  0xff, 0x33, 0x8e, 0x07, 0x00, 0xca, 0x0f, 0x00, 0x24, 0x78, 0x11, 0x06,
  0x01, 0x00, 0x00, 0x00, 0x05, 0x02, 0x8e, 0x07, 0x00, 0xe4, 0x0f, 0x00,
  0x19, 0x78, 0xef, 0xff, 0x1f, 0x00, 0x00, 0x00, 0xee, 0x14, 0x01, 0x00,
  0x00, 0xe2, 0x0f, 0x10, 0x24, 0x7a, 0x0a, 0x0a, 0x00, 0x62, 0x00, 0x00,
  0xff, 0x02, 0x8e, 0x07, 0x00, 0xe2, 0x0f, 0x00, 0xb9, 0x7a, 0x0c, 0x00,
  0x00, 0x62, 0x00, 0x00, 0x00, 0x0a, 0x00, 0x00, 0x00, 0xe2, 0x0f, 0x00,
  0x24, 0x78, 0x05, 0x03, 0x01, 0x00, 0x00, 0x00, 0x0f, 0x02, 0x8e, 0x07,
  0x00, 0xe2, 0x0f, 0x00, 0x10, 0x7a, 0x06, 0x02, 0x00, 0x58, 0x00, 0x00,
  0xee, 0xe0, 0xeb, 0x07, 0x00, 0xe2, 0x0f, 0x00, 0x99, 0x72, 0x0d, 0x0c,
  0x09, 0x00, 0x00, 0x00, 0x0d, 0x02, 0x01, 0x08, 0x00, 0xe2, 0x0f, 0x00,
  0x24, 0x7a, 0x07, 0xe9, 0x00, 0x63, 0x00, 0x00, 0x0a, 0x02, 0x8e, 0x07,
  0x00, 0xe2, 0x0f, 0x04, 0x99, 0x78, 0x0c, 0x0c, 0x03, 0x00, 0x00, 0x00,
  0x3f, 0x06, 0x00, 0x08, 0x00, 0xe2, 0x0f, 0x00, 0x25, 0x7a, 0x02, 0xe9,
  0x00, 0x62, 0x00, 0x00, 0xee, 0x00, 0x8e, 0x07, 0x00, 0xe2, 0x0f, 0x04,
  0x10, 0x78, 0xe5, 0xe9, 0x08, 0x00, 0x00, 0x00, 0xff, 0xe0, 0xff, 0x07,
  0x00, 0xe2, 0x0f, 0x04, 0x8c, 0x78, 0x00, 0x07, 0x20, 0x00, 0x00, 0x00,
  0x70, 0x12, 0xf0, 0x0b, 0x00, 0xe2, 0x0f, 0x00, 0x0c, 0x7c, 0x00, 0xe9,
  0x08, 0x00, 0x00, 0x00, 0x70, 0x62, 0xf6, 0x0b, 0x00, 0xe2, 0x0f, 0x00,
  0x24, 0x78, 0x03, 0x03, 0x01, 0x00, 0x00, 0x00, 0x07, 0x02, 0x8e, 0x07,
  0x00, 0xe2, 0x0f, 0x00, 0x10, 0x78, 0xe4, 0xe9, 0x10, 0x00, 0x00, 0x00,
  0xff, 0xe0, 0xff, 0x07, 0x00, 0xe2, 0x0f, 0x04, 0x24, 0x78, 0x08, 0xe9,
  0x10, 0x00, 0x00, 0x00, 0x08, 0x02, 0x8e, 0x07, 0x00, 0xe2, 0x0f, 0x00,
  0x10, 0x7a, 0x07, 0x05, 0x00, 0x59, 0x00, 0x00, 0xef, 0xc4, 0xfe, 0x02,
  0x00, 0xe2, 0x0f, 0x00, 0x25, 0x78, 0x04, 0x0d, 0x00, 0x01, 0x00, 0x00,
  0x02, 0x02, 0x8e, 0x07, 0x00, 0xe2, 0x0f, 0x10, 0x0c, 0x7c, 0x00, 0xe5,
  0x08, 0x00, 0x00, 0x00, 0x70, 0x62, 0xf8, 0x0b, 0x00, 0xe2, 0x0f, 0x00,
  0x87, 0x78, 0x04, 0x07, 0x20, 0x00, 0x00, 0x00, 0x00, 0x00, 0x00, 0x08,
  0x00, 0xe2, 0x0f, 0x00, 0x10, 0x7c, 0x0e, 0x06, 0x0c, 0x00, 0x00, 0x00,
  0xff, 0xe0, 0xfd, 0x0f, 0x00, 0xe2, 0x0f, 0x00, 0x24, 0x78, 0xe6, 0x08,
  0x10, 0x00, 0x00, 0x00, 0xff, 0x00, 0x8e, 0x07, 0x00, 0xe2, 0x0f, 0x00,
  0x0c, 0x7c, 0x00, 0xe4, 0x08, 0x00, 0x00, 0x00, 0x70, 0x62, 0xfa, 0x0b,
  0x00, 0xe2, 0x0f, 0x00, 0x25, 0x78, 0x02, 0x11, 0x00, 0x01, 0x00, 0x00,
  0x02, 0x02, 0x8e, 0x07, 0x00, 0xe2, 0x0f, 0x00, 0x10, 0x7c, 0x0f, 0x07,
  0x0d, 0x00, 0x00, 0x00, 0xff, 0xe4, 0x7f, 0x0b, 0x00, 0xe2, 0x0f, 0x00,
  0x05, 0x78, 0xce, 0x00, 0x00, 0x00, 0x00, 0x00, 0x00, 0xff, 0x01, 0x00,
  0x00, 0xe2, 0x0f, 0x00, 0x10, 0x7c, 0x10, 0x0e, 0x0c, 0x00, 0x00, 0x00,
  0xff, 0xe0, 0xfd, 0x0f, 0x00, 0xe2, 0x0f, 0x00, 0x84, 0xf9, 0xff, 0xff,
  0x00, 0x00, 0x00, 0x00, 0x00, 0x08, 0x00, 0x00, 0x00, 0xe2, 0x0f, 0x00,
  0x84, 0xf9, 0xff, 0xff, 0x00, 0x00, 0x00, 0x00, 0x00, 0x08, 0x00, 0x00,
  0x00, 0xe2, 0x0f, 0x00, 0x84, 0xf9, 0xff, 0xff, 0x00, 0x00, 0x00, 0x00,
  0x00, 0x08, 0x00, 0x00, 0x00, 0xe2, 0x0f, 0x00, 0xae, 0x7f, 0xe6, 0x06,
  0x00, 0x00, 0x00, 0x00, 0x4e, 0x1c, 0x90, 0x0d, 0x00, 0xe2, 0x03, 0x00,
  0x10, 0x78, 0xe3, 0xe9, 0x18, 0x00, 0x00, 0x00, 0xff, 0xe0, 0xff, 0x07,
  0x00, 0xe2, 0x0f, 0x00, 0x24, 0x78, 0xe7, 0xe7, 0x10, 0x00, 0x00, 0x00,
  0xff, 0x00, 0x8e, 0x07, 0x00, 0xe2, 0x0f, 0x00, 0x10, 0x7c, 0x11, 0x0f,
  0x0d, 0x00, 0x00, 0x00, 0xff, 0xe4, 0x7f, 0x0b, 0x00, 0xe2, 0x0f, 0x00,
  0xae, 0x7f, 0xe6, 0x0e, 0x00, 0x00, 0x80, 0x00, 0x4e, 0x1c, 0x10, 0x0e,
  0x00, 0xe2, 0x05, 0x00, 0x10, 0x7c, 0x12, 0x10, 0x0c, 0x00, 0x00, 0x00,
  0xff, 0xe0, 0xf7, 0x0f, 0x00, 0xe2, 0x0f, 0x00, 0x05, 0x78, 0xcc, 0x00,
  0x00, 0x00, 0x00, 0x00, 0x00, 0xff, 0x01, 0x00, 0x00, 0xe2, 0x0f, 0x00,
  0x0c, 0x7c, 0x00, 0xe3, 0x08, 0x00, 0x00, 0x00, 0x70, 0x62, 0xf8, 0x0b,
  0x00, 0xe2, 0x0f, 0x00, 0xae, 0x7f, 0xe6, 0x10, 0x00, 0x00, 0x00, 0x01,
  0x4e, 0x1c, 0x90, 0x0e, 0x00, 0xe2, 0x07, 0x00, 0x10, 0x7c, 0x13, 0x11,
  0x0d, 0x00, 0x00, 0x00, 0xff, 0xe4, 0xff, 0x09, 0x00, 0xe2, 0x0f, 0x00,
  0x05, 0x78, 0xca, 0x00, 0x00, 0x00, 0x00, 0x00, 0x00, 0xff, 0x01, 0x00,
  0x00, 0xe2, 0x0f, 0x00, 0x10, 0x7c, 0x14, 0x12, 0x0c, 0x00, 0x00, 0x00,
  0xff, 0xe0, 0xfd, 0x0f, 0x00, 0xe2, 0x0f, 0x00, 0x05, 0x78, 0xc8, 0x00,
  0x00, 0x00, 0x00, 0x00, 0x00, 0xff, 0x01, 0x00, 0x00, 0xe2, 0x0f, 0x00,
  0x10, 0x7a, 0x0c, 0x04, 0x00, 0x58, 0x00, 0x00, 0xff, 0xe0, 0xfb, 0x07,
  0x00, 0xe2, 0x0f, 0x00, 0x05, 0x78, 0xc6, 0x00, 0x00, 0x00, 0x00, 0x00,
  0x00, 0xff, 0x01, 0x00, 0x00, 0xe2, 0x0f, 0x00, 0x10, 0x7c, 0x15, 0x13,
  0x0d, 0x00, 0x00, 0x00, 0xff, 0xe4, 0x7f, 0x0b, 0x00, 0xe2, 0x0f, 0x00,
  0x05, 0x78, 0xc4, 0x00, 0x00, 0x00, 0x00, 0x00, 0x00, 0xff, 0x01, 0x00,
  0x00, 0xe2, 0x0f, 0x00, 0x10, 0x7a, 0xd2, 0x02, 0x00, 0x58, 0x00, 0x00,
  0xff, 0xe0, 0xfd, 0x07, 0x00, 0xe2, 0x0f, 0x00, 0x05, 0x78, 0x1e, 0x00,
  0x00, 0x00, 0x00, 0x00, 0x00, 0xff, 0x01, 0x00, 0x00, 0xe2, 0x0f, 0x00,
  0x10, 0x7a, 0x0d, 0x05, 0x00, 0x59, 0x00, 0x00, 0xff, 0xe4, 0xff, 0x02,
  0x00, 0xe2, 0x0f, 0x00, 0xae, 0x7f, 0xe6, 0x12, 0x00, 0x00, 0x80, 0x01,
  0x4e, 0x1c, 0x10, 0x0e, 0x00, 0xe2, 0x09, 0x00, 0x10, 0x7c, 0x02, 0x14,
  0x0c, 0x00, 0x00, 0x00, 0xff, 0xe0, 0xfb, 0x0f, 0x00, 0xe2, 0x0f, 0x00,
  0x05, 0x78, 0x1c, 0x00, 0x00, 0x00, 0x00, 0x00, 0x00, 0xff, 0x01, 0x00,
  0x00, 0xe2, 0x0f, 0x00, 0x10, 0x78, 0x00, 0xe9, 0x38, 0x00, 0x00, 0x00,
  0xff, 0xe0, 0xff, 0x07, 0x00, 0xe2, 0x0f, 0x00, 0xae, 0x7f, 0xe6, 0x14,
  0x00, 0x00, 0x00, 0x02, 0x4e, 0x1c, 0x10, 0x0c, 0x00, 0xe2, 0x0b, 0x00,
  0x10, 0x7a, 0xd3, 0x03, 0x00, 0x59, 0x00, 0x00, 0xff, 0xe4, 0x7f, 0x03,
  0x00, 0xe2, 0x0f, 0x00, 0x05, 0x78, 0x1a, 0x00, 0x00, 0x00, 0x00, 0x00,
  0x00, 0xff, 0x01, 0x00, 0x00, 0xe2, 0x0f, 0x00, 0x10, 0x7c, 0x03, 0x15,
  0x0d, 0x00, 0x00, 0x00, 0xff, 0xe4, 0xff, 0x0a, 0x00, 0xe2, 0x0f, 0x00,
  0x05, 0x78, 0x18, 0x00, 0x00, 0x00, 0x00, 0x00, 0x00, 0xff, 0x01, 0x00,
  0x00, 0xe2, 0x0f, 0x00, 0x10, 0x7c, 0x04, 0x02, 0x0c, 0x00, 0x00, 0x00,
  0xff, 0xe0, 0xfb, 0x0f, 0x00, 0xe2, 0x0f, 0x00, 0x05, 0x78, 0xd0, 0x00,
  0x00, 0x00, 0x00, 0x00, 0x00, 0xff, 0x01, 0x00, 0x00, 0xe2, 0x0f, 0x00,
  0x0c, 0x7c, 0x00, 0x00, 0x08, 0x00, 0x00, 0x00, 0x70, 0x62, 0xf6, 0x0b,
  0x00, 0xe2, 0x0f, 0x00, 0xae, 0x7f, 0xe6, 0x02, 0x00, 0x00, 0x80, 0x02,
  0x4e, 0x1c, 0x90, 0x0c, 0x00, 0xe2, 0x07, 0x00, 0x10, 0x7c, 0x05, 0x03,
  0x0d, 0x00, 0x00, 0x00, 0xff, 0xe4, 0xff, 0x0a, 0x00, 0xc4, 0x0f, 0x00,
  0x10, 0x7c, 0x06, 0x04, 0x0c, 0x00, 0x00, 0x00, 0xff, 0xe0, 0xf9, 0x0f,
  0x00, 0xe2, 0x2f, 0x00, 0x05, 0x78, 0x14, 0x00, 0x00, 0x00, 0x00, 0x00,
  0x00, 0xff, 0x01, 0x00, 0x00, 0xe2, 0x0f, 0x02, 0x0c, 0x7c, 0x00, 0xe9,
  0x04, 0x00, 0x00, 0x00, 0x70, 0x62, 0xf0, 0x0b, 0x00, 0xe2, 0x0f, 0x00,
  0xae, 0x7f, 0xe6, 0x04, 0x00, 0x00, 0x00, 0x03, 0x4e, 0x1c, 0x10, 0x0d,
  0x00, 0xe2, 0x03, 0x00, 0x10, 0x7c, 0x07, 0x05, 0x0d, 0x00, 0x00, 0x00,
  0xff, 0xe4, 0x7f, 0x0a, 0x00, 0xe4, 0x0f, 0x00, 0x10, 0x7c, 0x0e, 0x0c,
  0x0c, 0x00, 0x00, 0x00, 0xff, 0xe0, 0xf9, 0x0f, 0x00, 0xe4, 0x4f, 0x00,
  0x0c, 0x7c, 0x00, 0xe5, 0x04, 0x00, 0x00, 0x00, 0x70, 0x62, 0xf2, 0x0b,
  0x00, 0xe2, 0x0f, 0x00, 0xae, 0x7f, 0xe6, 0x06, 0x00, 0x00, 0x80, 0x03,
  0x4e, 0x1c, 0x90, 0x0d, 0x00, 0xe2, 0x05, 0x00, 0x10, 0x7c, 0x0f, 0x0d,
  0x0d, 0x00, 0x00, 0x00, 0xff, 0xe4, 0x7f, 0x0a, 0x00, 0xc4, 0x0f, 0x00,
  0x10, 0x7c, 0x10, 0x0e, 0x0c, 0x00, 0x00, 0x00, 0xff, 0xe0, 0xf9, 0x0f,
  0x00, 0xe4, 0x8f, 0x00, 0x0c, 0x7c, 0x00, 0xe4, 0x04, 0x00, 0x00, 0x00,
  0x70, 0x62, 0xf4, 0x0b, 0x00, 0xe2, 0x0f, 0x00, 0xae, 0x7f, 0xe6, 0x0c,
  0x00, 0x00, 0x00, 0x04, 0x4e, 0x1c, 0x10, 0x0c, 0x00, 0xe2, 0x07, 0x00,
  0x10, 0x7c, 0x12, 0xd2, 0x0c, 0x00, 0x00, 0x00, 0xff, 0xe0, 0xfb, 0x0f,
  0x00, 0xe4, 0x0f, 0x01, 0x0c, 0x7c, 0x00, 0xe3, 0x04, 0x00, 0x00, 0x00,
  0x70, 0x62, 0xf6, 0x0b, 0x00, 0xe2, 0x0f, 0x00, 0x90, 0x78, 0x04, 0x06,
  0x40, 0x00, 0x00, 0x00, 0x3f, 0xe0, 0xff, 0x0f, 0x00, 0xe2, 0x0f, 0x00,
  0x10, 0x7c, 0x11, 0x0f, 0x0d, 0x00, 0x00, 0x00, 0xff, 0xe4, 0x7f, 0x0a,
  0x00, 0xe2, 0x0f, 0x00, 0xae, 0x7f, 0xe6, 0x0e, 0x00, 0x00, 0x80, 0x04,
  0x4e, 0x1c, 0x90, 0x0c, 0x00, 0xe2, 0x09, 0x00, 0x10, 0x7c, 0x02, 0x10,
  0x0c, 0x00, 0x00, 0x00, 0xff, 0xe0, 0xf9, 0x0f, 0x00, 0xe2, 0x0f, 0x00,
  0x8c, 0x72, 0x00, 0x07, 0x04, 0x00, 0x00, 0x00, 0x70, 0x12, 0xf0, 0x0b,
  0x00, 0xe2, 0x0f, 0x00, 0x10, 0x7c, 0x13, 0xd3, 0x0d, 0x00, 0x00, 0x00,
  0xff, 0xe4, 0xff, 0x0a, 0x00, 0xc4, 0x0f, 0x00, 0x10, 0x7c, 0x04, 0x12,
  0x0c, 0x00, 0x00, 0x00, 0xff, 0xe0, 0xfb, 0x0f, 0x00, 0xe2, 0x2f, 0x00,
  0xae, 0x7f, 0xe6, 0x10, 0x00, 0x00, 0x00, 0x05, 0x4e, 0x1c, 0x10, 0x0d,
  0x00, 0xe2, 0x03, 0x00, 0x10, 0x7c, 0x03, 0x11, 0x0d, 0x00, 0x00, 0x00,
  0xff, 0xe4, 0x7f, 0x0a, 0x00, 0xe2, 0x0f, 0x00, 0x87, 0x72, 0x04, 0x07,
  0x04, 0x00, 0x00, 0x00, 0x00, 0x00, 0x00, 0x08, 0x00, 0xe2, 0x0f, 0x00,
  0x10, 0x7c, 0x05, 0x13, 0x0d, 0x00, 0x00, 0x00, 0xff, 0xe4, 0xff, 0x0a,
  0x00, 0xe4, 0x0f, 0x00, 0x10, 0x7c, 0x06, 0x04, 0x0c, 0x00, 0x00, 0x00,
  0xff, 0xe0, 0xf9, 0x0f, 0x00, 0xe2, 0x4f, 0x00, 0xae, 0x7f, 0xe6, 0x02,
  0x00, 0x00, 0x80, 0x05, 0x4e, 0x1c, 0x90, 0x0d, 0x00, 0xe2, 0x05, 0x00,
  0x8c, 0x78, 0x00, 0x04, 0x01, 0x00, 0x00, 0x00, 0x70, 0x62, 0xf0, 0x0b,
  0x00, 0xe2, 0x0f, 0x00, 0x12, 0x78, 0x20, 0x16, 0x20, 0x00, 0x00, 0x00,
  0xff, 0x3c, 0x8e, 0x07, 0x00, 0xe2, 0x0f, 0x04, 0x90, 0x78, 0x08, 0x04,
  0x1f, 0x00, 0x00, 0x00, 0x3f, 0xe0, 0xff, 0x0f, 0x00, 0xe2, 0x0f, 0x00,
  0x10, 0x7c, 0x07, 0x05, 0x0d, 0x00, 0x00, 0x00, 0xff, 0xe4, 0x7f, 0x0a,
  0x00, 0xe2, 0x0f, 0x00, 0xae, 0x7f, 0xe6, 0xd2, 0x00, 0x00, 0x00, 0x06,
  0x4e, 0x1c, 0x10, 0x0c, 0x00, 0xe2, 0x07, 0x00, 0x12, 0x78, 0x24, 0x16,
  0x40, 0x00, 0x00, 0x00, 0xff, 0x3c, 0x8e, 0x07, 0x00, 0xe2, 0x0f, 0x04,
  0x99, 0x78, 0x04, 0x3f, 0x1f, 0x00, 0x00, 0x00, 0x08, 0x14, 0x01, 0x08,
  0x00, 0xe2, 0x0f, 0x00, 0x1c, 0x78, 0x00, 0x00, 0x00, 0x00, 0x00, 0x00,
  0x08, 0xf0, 0xf0, 0x03, 0x00, 0xe2, 0x0f, 0x00, 0xae, 0x7f, 0xe6, 0x12,
  0x00, 0x00, 0x80, 0x06, 0x4e, 0x1c, 0x90, 0x0c, 0x00, 0xe2, 0x0b, 0x00,
  0x12, 0x78, 0x28, 0x16, 0x60, 0x00, 0x00, 0x00, 0xff, 0x3c, 0x8e, 0x07,
  0x00, 0xe2, 0x0f, 0x04, 0x91, 0x72, 0x08, 0x04, 0x08, 0x00, 0x00, 0x00,
  0x3f, 0x28, 0x8f, 0x0f, 0x00, 0xe2, 0x0f, 0x00, 0x12, 0x78, 0x34, 0x16,
  0xa0, 0x00, 0x00, 0x00, 0xff, 0x3c, 0x8e, 0x07, 0x00, 0xe2, 0x0f, 0x04,
  0xae, 0x7f, 0xe6, 0x04, 0x00, 0x00, 0x00, 0x07, 0x4e, 0x1c, 0x10, 0x0d,
  0x00, 0xe2, 0x07, 0x00, 0x12, 0x78, 0x38, 0x16, 0xc0, 0x00, 0x00, 0x00,
  0xff, 0x3c, 0x8e, 0x07, 0x00, 0xe2, 0x0f, 0x04, 0x05, 0x78, 0x10, 0x00,
  0x00, 0x00, 0x00, 0x00, 0x00, 0xff, 0x01, 0x00, 0x00, 0xe2, 0x2f, 0x00,
  0x12, 0x78, 0x3c, 0x16, 0xe0, 0x00, 0x00, 0x00, 0xff, 0x3c, 0x8e, 0x07,
  0x00, 0xe2, 0x0f, 0x00, 0xae, 0x7f, 0xe6, 0x06, 0x00, 0x00, 0x80, 0x07,
  0x4e, 0x1c, 0x90, 0x0d, 0x00, 0xe2, 0x03, 0x00, 0x12, 0x78, 0x03, 0xe2,
  0xa0, 0x00, 0x00, 0x00, 0xff, 0x3c, 0x8e, 0x07, 0x00, 0xe2, 0x4f, 0x04,
  0x05, 0x78, 0x0e, 0x00, 0x00, 0x00, 0x00, 0x00, 0x00, 0xff, 0x01, 0x00,
  0x00, 0xe2, 0x0f, 0x01, 0x12, 0x78, 0x02, 0xe2, 0xc0, 0x00, 0x00, 0x00,
  0xff, 0x3c, 0x8e, 0x07, 0x00, 0xe2, 0x0f, 0x04, 0xaf, 0x79, 0x00, 0x00,
  0x00, 0x00, 0x00, 0x00, 0x00, 0x00, 0x00, 0x00, 0x00, 0x22, 0x0e, 0x00,
  0x12, 0x78, 0x00, 0xe2, 0xe0, 0x00, 0x00, 0x00, 0xff, 0x3c, 0x8e, 0x07,
  0x00, 0xe2, 0x0f, 0x00, 0x05, 0x78, 0x12, 0x00, 0x00, 0x00, 0x00, 0x00,
  0x00, 0xff, 0x01, 0x00, 0x00, 0xe2, 0x0f, 0x02, 0x12, 0x78, 0xdd, 0xe7,
  0x20, 0x00, 0x00, 0x00, 0xff, 0x3c, 0x8e, 0x07, 0x00, 0xc4, 0x0f, 0x00,
  0x12, 0x78, 0x05, 0xe2, 0x60, 0x00, 0x00, 0x00, 0xff, 0x3c, 0x8e, 0x07,
  0x00, 0xe4, 0x8f, 0x04, 0x12, 0x78, 0x04, 0xe2, 0x80, 0x00, 0x00, 0x00,
  0xff, 0xfc, 0x8e, 0x07, 0x00, 0xe4, 0x0f, 0x04, 0x12, 0x78, 0x07, 0xe2,
  0x20, 0x00, 0x00, 0x00, 0xff, 0x3c, 0x8e, 0x07, 0x00, 0xe4, 0x2f, 0x04,
  0x12, 0x78, 0x06, 0xe2, 0x40, 0x00, 0x00, 0x00, 0xff, 0x3c, 0x8e, 0x07,
  0x00, 0xe4, 0x0f, 0x00, 0x12, 0x78, 0xdc, 0xe7, 0x40, 0x00, 0x00, 0x00,
  0xff, 0x3c, 0x8e, 0x07, 0x00, 0xe4, 0x0f, 0x04, 0x12, 0x78, 0xdb, 0xe7,
  0x60, 0x00, 0x00, 0x00, 0xff, 0x3c, 0x8e, 0x07, 0x00, 0xc4, 0x0f, 0x00,
  0x12, 0x78, 0xda, 0xe7, 0xa0, 0x00, 0x00, 0x00, 0xff, 0x3c, 0x8e, 0x07,
  0x00, 0xe4, 0x0f, 0x04, 0x12, 0x78, 0xd9, 0xe7, 0xc0, 0x00, 0x00, 0x00,
  0xff, 0x3c, 0x8e, 0x07, 0x00, 0xe4, 0x0f, 0x04, 0x12, 0x78, 0x0a, 0xe7,
  0xe0, 0x00, 0x00, 0x00, 0xff, 0x3c, 0x8e, 0x07, 0x00, 0xe2, 0x0f, 0x00,
  0x1a, 0x79, 0x00, 0x00, 0x00, 0x80, 0x00, 0x00, 0x00, 0x00, 0x00, 0x00,
  0x00, 0xc8, 0x0f, 0x00, 0x1d, 0x7b, 0x00, 0x00, 0x00, 0x00, 0x00, 0x00,
  0x00, 0x00, 0x01, 0x00, 0x00, 0xec, 0x0f, 0x00, 0x3b, 0x78, 0x20, 0x20,
  0x00, 0x00, 0x00, 0x00, 0x00, 0x02, 0x00, 0x00, 0x00, 0x68, 0x0e, 0x00,
  0x3b, 0x78, 0x24, 0x24, 0x00, 0x00, 0x00, 0x00, 0x00, 0x02, 0x00, 0x00,
  0x00, 0xa8, 0x0e, 0x00, 0x3b, 0x78, 0x28, 0x28, 0x00, 0x00, 0x00, 0x00,
  0x00, 0x02, 0x00, 0x00, 0x00, 0xe8, 0x0e, 0x00, 0x3b, 0x78, 0x2c, 0x16,
  0x00, 0x00, 0x00, 0x00, 0x00, 0x02, 0x00, 0x00, 0x00, 0x28, 0x0f, 0x00,
  0x3b, 0x78, 0x30, 0x16, 0x00, 0x80, 0x00, 0x00, 0x00, 0x02, 0x00, 0x00,
  0x00, 0x68, 0x0a, 0x00, 0x3b, 0x78, 0x34, 0x34, 0x00, 0x00, 0x00, 0x00,
  0x00, 0x02, 0x00, 0x00, 0x00, 0x68, 0x0e, 0x00, 0x3b, 0x78, 0x38, 0x38,
  0x00, 0x00, 0x00, 0x00, 0x00, 0x02, 0x00, 0x00, 0x00, 0x62, 0x0e, 0x00,
  0x05, 0x78, 0x16, 0x00, 0x00, 0x00, 0x00, 0x00, 0x00, 0xff, 0x01, 0x00,
  0x00, 0xc6, 0x0f, 0x02, 0x3b, 0x78, 0x3c, 0x3c, 0x00, 0x00, 0x00, 0x00,
  0x00, 0x02, 0x00, 0x00, 0x00, 0x68, 0x0e, 0x00, 0x3b, 0x78, 0x40, 0xe7,
  0x00, 0x00, 0x40, 0x00, 0x00, 0x02, 0x00, 0x00, 0x00, 0x68, 0x02, 0x00,
  0x3b, 0x78, 0x44, 0xe7, 0x00, 0x00, 0x50, 0x00, 0x00, 0x02, 0x00, 0x00,
  0x00, 0x68, 0x02, 0x00, 0x3b, 0x78, 0x48, 0xdd, 0x00, 0x00, 0x40, 0x00,
  0x00, 0x02, 0x00, 0x00, 0x00, 0x68, 0x02, 0x00, 0x3b, 0x78, 0x4c, 0xdd,
  0x00, 0x00, 0x50, 0x00, 0x00, 0x02, 0x00, 0x00, 0x00, 0x68, 0x02, 0x00,
  0x3b, 0x78, 0x50, 0xdc, 0x00, 0x00, 0x40, 0x00, 0x00, 0x02, 0x00, 0x00,
  0x00, 0x68, 0x02, 0x00, 0x3b, 0x78, 0x54, 0xdc, 0x00, 0x00, 0x50, 0x00,
  0x00, 0x02, 0x00, 0x00, 0x00, 0x68, 0x02, 0x00, 0x3b, 0x78, 0x58, 0xdb,
  0x00, 0x00, 0x40, 0x00, 0x00, 0x02, 0x00, 0x00, 0x00, 0x68, 0x02, 0x00,
  0x3b, 0x78, 0x5c, 0xdb, 0x00, 0x00, 0x50, 0x00, 0x00, 0x02, 0x00, 0x00,
  0x00, 0x68, 0x02, 0x00, 0x3b, 0x78, 0x60, 0xe7, 0x00, 0x80, 0x40, 0x00,
  0x00, 0x02, 0x00, 0x00, 0x00, 0x68, 0x02, 0x00, 0x3b, 0x78, 0x64, 0xe7,
  0x00, 0x80, 0x50, 0x00, 0x00, 0x02, 0x00, 0x00, 0x00, 0x68, 0x02, 0x00,
  0x3b, 0x78, 0x68, 0xda, 0x00, 0x00, 0x40, 0x00, 0x00, 0x02, 0x00, 0x00,
  0x00, 0x68, 0x02, 0x00, 0x3b, 0x78, 0x6c, 0xda, 0x00, 0x00, 0x50, 0x00,
  0x00, 0x02, 0x00, 0x00, 0x00, 0x68, 0x02, 0x00, 0x3b, 0x78, 0x70, 0xd9,
  0x00, 0x00, 0x40, 0x00, 0x00, 0x02, 0x00, 0x00, 0x00, 0x68, 0x02, 0x00,
  0x3b, 0x78, 0x74, 0xd9, 0x00, 0x00, 0x50, 0x00, 0x00, 0x02, 0x00, 0x00,
  0x00, 0x68, 0x02, 0x00, 0x3b, 0x78, 0x78, 0x0a, 0x00, 0x00, 0x40, 0x00,
  0x00, 0x02, 0x00, 0x00, 0x00, 0x68, 0x02, 0x00, 0x3b, 0x78, 0x7c, 0x0a,
  0x00, 0x00, 0x50, 0x00, 0x00, 0x02, 0x00, 0x00, 0x00, 0x68, 0x02, 0x00,
  0x3b, 0x78, 0x80, 0xe2, 0x00, 0x00, 0x60, 0x00, 0x00, 0x42, 0x00, 0x00,
  0x00, 0x68, 0x02, 0x00, 0x3b, 0x78, 0x84, 0x07, 0x00, 0x00, 0x60, 0x00,
  0x00, 0x42, 0x00, 0x00, 0x00, 0x68, 0x02, 0x00, 0x3b, 0x78, 0x88, 0x06,
  0x00, 0x00, 0x60, 0x00, 0x00, 0x42, 0x00, 0x00, 0x00, 0x68, 0x02, 0x00,
  0x3b, 0x78, 0x8c, 0x05, 0x00, 0x00, 0x60, 0x00, 0x00, 0x42, 0x00, 0x00,
  0x00, 0x68, 0x02, 0x00, 0x3b, 0x78, 0x90, 0x04, 0x00, 0x00, 0x60, 0x00,
  0x00, 0x42, 0x00, 0x00, 0x00, 0x68, 0x02, 0x00, 0x3b, 0x78, 0x94, 0x03,
  0x00, 0x00, 0x60, 0x00, 0x00, 0x42, 0x00, 0x00, 0x00, 0x68, 0x02, 0x00,
  0x3b, 0x78, 0x98, 0x02, 0x00, 0x00, 0x60, 0x00, 0x00, 0x42, 0x00, 0x00,
  0x00, 0x68, 0x02, 0x00, 0x3b, 0x78, 0x9c, 0x00, 0x00, 0x00, 0x60, 0x00,
  0x00, 0x42, 0x00, 0x00, 0x00, 0x68, 0x02, 0x00, 0x3b, 0x78, 0xa0, 0xe2,
  0x00, 0x00, 0x70, 0x00, 0x00, 0x42, 0x00, 0x00, 0x00, 0x68, 0x02, 0x00,
  0x3b, 0x78, 0xa4, 0x07, 0x00, 0x00, 0x70, 0x00, 0x00, 0x42, 0x00, 0x00,
  0x00, 0x68, 0x02, 0x00, 0x3b, 0x78, 0xa8, 0x06, 0x00, 0x00, 0x70, 0x00,
  0x00, 0x42, 0x00, 0x00, 0x00, 0x68, 0x02, 0x00, 0x3b, 0x78, 0xac, 0x05,
  0x00, 0x00, 0x70, 0x00, 0x00, 0x42, 0x00, 0x00, 0x00, 0x68, 0x02, 0x00,
  0x3b, 0x78, 0xb0, 0x04, 0x00, 0x00, 0x70, 0x00, 0x00, 0x42, 0x00, 0x00,
  0x00, 0x68, 0x02, 0x00, 0x3b, 0x78, 0xb4, 0x03, 0x00, 0x00, 0x70, 0x00,
  0x00, 0x42, 0x00, 0x00, 0x00, 0x68, 0x02, 0x00, 0x3b, 0x78, 0xb8, 0x02,
  0x00, 0x00, 0x70, 0x00, 0x00, 0x42, 0x00, 0x00, 0x00, 0x68, 0x02, 0x00,
  0x3b, 0x78, 0xbc, 0x00, 0x00, 0x00, 0x70, 0x00, 0x00, 0x42, 0x00, 0x00,
  0x00, 0x62, 0x02, 0x00, 0x47, 0x89, 0x00, 0x00, 0xe0, 0x24, 0x00, 0x00,
  0x00, 0x00, 0x80, 0x03, 0x00, 0xea, 0x0f, 0x00, 0xb9, 0x7a, 0x04, 0x00,
  0x00, 0x84, 0x00, 0x00, 0x00, 0x08, 0x00, 0x00, 0x00, 0xe4, 0xcf, 0x01,
  0x90, 0x72, 0x04, 0x0a, 0x04, 0x00, 0x00, 0x00, 0x3f, 0xe0, 0xff, 0x0f,
  0x00, 0xc4, 0x0f, 0x00, 0xb9, 0x7a, 0x09, 0x00, 0x00, 0x81, 0x00, 0x00,
  0x00, 0x08, 0x00, 0x00, 0x00, 0xe4, 0x0f, 0x00, 0x8c, 0x72, 0x00, 0x04,
  0x09, 0x00, 0x00, 0x00, 0x70, 0x62, 0xf0, 0x0b, 0x00, 0xe4, 0x0f, 0x00,
  0x92, 0x78, 0x08, 0x08, 0xe0, 0xff, 0xff, 0xff, 0x3f, 0xc0, 0x8e, 0x0f,
  0x00, 0xe4, 0x0f, 0x00, 0x87, 0x72, 0x09, 0x3f, 0x09, 0x00, 0x00, 0x00,
  0x00, 0x00, 0x00, 0x0c, 0x00, 0xe4, 0x0f, 0x00, 0xb9, 0x7a, 0x15, 0x00,
  0x00, 0x80, 0x00, 0x00, 0x00, 0x00, 0x00, 0x00, 0x00, 0xe4, 0x0f, 0x00,
  0x90, 0x72, 0x09, 0x04, 0x09, 0x00, 0x00, 0x80, 0x3f, 0xe0, 0xff, 0x0f,
  0x00, 0xc4, 0x0f, 0x00, 0x82, 0x7c, 0x0a, 0x00, 0x07, 0x00, 0x00, 0x00,
  0x00, 0x00, 0x00, 0x08, 0x00, 0xe4, 0x0f, 0x00, 0x99, 0x78, 0x04, 0x09,
  0x01, 0x00, 0x00, 0x00, 0x3f, 0x06, 0x00, 0x08, 0x00, 0xe4, 0x0f, 0x00,
  0x91, 0x78, 0x09, 0x09, 0x02, 0x00, 0x00, 0x00, 0x3f, 0x08, 0x8e, 0x0f,
  0x00, 0xe4, 0x0f, 0x00, 0x90, 0x08, 0x09, 0x04, 0x01, 0x00, 0x00, 0x00,
  0x3f, 0xe0, 0xff, 0x0f, 0x00, 0xc6, 0x0f, 0x00, 0x82, 0x7c, 0x04, 0x00,
  0x3f, 0x00, 0x00, 0x00, 0x00, 0x00, 0x00, 0x08, 0x00, 0xc6, 0x0f, 0x00,
  0x45, 0x7c, 0xc1, 0x00, 0x09, 0x00, 0x00, 0x00, 0x00, 0x14, 0x20, 0x08,
  0x00, 0xe2, 0x0f, 0x00, 0x82, 0x7c, 0x09, 0x00, 0x07, 0x00, 0x00, 0x00,
  0x00, 0x00, 0x00, 0x08, 0x00, 0xc8, 0x0f, 0x00, 0x20, 0x7a, 0xd5, 0xc1,
  0x00, 0x82, 0x00, 0x00, 0x00, 0x00, 0x41, 0x00, 0x00, 0xe2, 0x0f, 0x00,
  0x11, 0x72, 0xc1, 0xc0, 0x0b, 0x00, 0x00, 0x00, 0xff, 0x28, 0x8f, 0x07,
  0x00, 0xe4, 0x0f, 0x0c, 0x11, 0x72, 0xc0, 0xc0, 0x0b, 0x00, 0x00, 0x00,
  0xff, 0x38, 0x8f, 0x07, 0x00, 0xe4, 0x0f, 0x00, 0x12, 0x78, 0xc2, 0xc1,
  0xe0, 0xff, 0xff, 0xff, 0xff, 0xc0, 0x8e, 0x07, 0x00, 0xe2, 0x0f, 0x00,
  0x08, 0x73, 0xd5, 0x00, 0xd5, 0x00, 0x00, 0x00, 0x00, 0x08, 0x00, 0x00,
  0x00, 0xa2, 0x0e, 0x00, 0x19, 0x78, 0xc3, 0xff, 0x05, 0x00, 0x00, 0x00,
  0xc1, 0x14, 0x01, 0x00, 0x00, 0xe4, 0x0f, 0x10, 0x19, 0x78, 0xd4, 0xff,
  0x1f, 0x00, 0x00, 0x00, 0xc1, 0x14, 0x01, 0x00, 0x00, 0xe2, 0x0f, 0x00,
  0x24, 0x78, 0xc2, 0x0b, 0x01, 0x00, 0x00, 0x00, 0xc2, 0x0a, 0x8e, 0x07,
  0x00, 0xe2, 0x0f, 0x00, 0x19, 0x78, 0xc0, 0xff, 0x07, 0x00, 0x00, 0x00,
  0xc0, 0x14, 0x01, 0x00, 0x00, 0xc4, 0x0f, 0x00, 0x11, 0x72, 0xd4, 0xd4,
  0xc3, 0x00, 0x00, 0x00, 0xff, 0x10, 0x8f, 0x07, 0x00, 0xe4, 0x0f, 0x00,
  0x19, 0x78, 0xc1, 0xff, 0x1f, 0x00, 0x00, 0x00, 0xc2, 0x14, 0x01, 0x00,
  0x00, 0xe4, 0x0f, 0x00, 0x12, 0x78, 0xd4, 0xd4, 0xfc, 0xff, 0xff, 0x0f,
  0xff, 0xc0, 0x8e, 0x07, 0x00, 0xe4, 0x0f, 0x00, 0x11, 0x72, 0xc1, 0xc1,
  0xc2, 0x00, 0x00, 0x00, 0xff, 0x10, 0x8f, 0x07, 0x00, 0xe2, 0x0f, 0x00,
  0x20, 0x7a, 0xd6, 0xd5, 0x00, 0x83, 0x00, 0x00, 0x00, 0x00, 0x41, 0x00,
  0x00, 0xc6, 0x4f, 0x00, 0x12, 0x78, 0xd7, 0xc1, 0xfc, 0xff, 0xff, 0x7f,
  0xff, 0xc0, 0x8e, 0x07, 0x00, 0xe2, 0x0f, 0x00, 0x24, 0x78, 0xd4, 0xc3,
  0x01, 0x00, 0x00, 0x00, 0xd4, 0x0a, 0x8e, 0x07, 0x00, 0xe2, 0x0f, 0x00,
  0x19, 0x78, 0xc1, 0xff, 0x02, 0x00, 0x00, 0x00, 0xc1, 0x14, 0x01, 0x00,
  0x00, 0xe2, 0x0f, 0x00, 0xc2, 0x73, 0x16, 0xd6, 0x00, 0x00, 0x00, 0x00,
  0x00, 0x00, 0x0e, 0x00, 0x00, 0xe4, 0x04, 0x00, 0x24, 0x78, 0x0b, 0xc2,
  0x01, 0x00, 0x00, 0x00, 0xd7, 0x0a, 0x8e, 0x07, 0x00, 0xe4, 0x0f, 0x00,
  0x24, 0x78, 0xd4, 0xd4, 0x10, 0x00, 0x00, 0x00, 0xc1, 0x02, 0x8e, 0x07,
  0x00, 0xe4, 0x0f, 0x00, 0x24, 0x78, 0x0b, 0xc0, 0x08, 0x00, 0x00, 0x00,
  0x0b, 0x02, 0x8e, 0x07, 0x00, 0xc6, 0x0f, 0x00, 0x10, 0x7c, 0xd4, 0xd4,
  0x06, 0x00, 0x00, 0x00, 0xff, 0xe0, 0xff, 0x0f, 0x00, 0xe4, 0xcf, 0x00,
  0x90, 0x78, 0x10, 0x04, 0x20, 0x00, 0x00, 0x00, 0x3f, 0xe0, 0xff, 0x0f,
  0x00, 0xc8, 0x0f, 0x00, 0x8c, 0x72, 0x00, 0x10, 0x08, 0x00, 0x00, 0x00,
  0x70, 0x62, 0xf0, 0x0b, 0x00, 0xcc, 0x0f, 0x00, 0x1c, 0x78, 0x00, 0x00,
  0x00, 0x00, 0x00, 0x00, 0x08, 0xf0, 0xf0, 0x03, 0x00, 0xda, 0x0f, 0x00,
  0x47, 0x09, 0x00, 0x00, 0xf0, 0x02, 0x00, 0x00, 0x00, 0x00, 0x80, 0x03,
  0x00, 0xea, 0x6f, 0x00, 0x90, 0x78, 0x09, 0x09, 0xe0, 0xff, 0xff, 0xff,
  0x3f, 0xe0, 0xff, 0x0f, 0x00, 0xe2, 0x0f, 0x00, 0x1d, 0x7b, 0x00, 0x00,
  0x00, 0x00, 0x00, 0x00, 0x00, 0x00, 0x01, 0x00, 0x00, 0xe2, 0x0f, 0x00,
  0x90, 0x78, 0x0a, 0x0a, 0xe0, 0xff, 0xff, 0xff, 0x3f, 0xe0, 0xff, 0x0f,
  0x00, 0xe4, 0x0f, 0x00, 0x8c, 0x78, 0x00, 0x09, 0x20, 0x00, 0x00, 0x00,
  0x70, 0x12, 0xf0, 0x0b, 0x00, 0xc6, 0x0f, 0x00, 0xb9, 0x7a, 0x12, 0x00,
  0x00, 0x62, 0x00, 0x00, 0x00, 0x0a, 0x00, 0x00, 0x00, 0xe4, 0x0f, 0x00,
  0x87, 0x78, 0x11, 0x09, 0x20, 0x00, 0x00, 0x00, 0x00, 0x00, 0x00, 0x08,
  0x00, 0xe4, 0x0f, 0x00, 0x99, 0x78, 0x14, 0x12, 0x05, 0x00, 0x00, 0x00,
  0x3f, 0x06, 0x00, 0x08, 0x00, 0xe4, 0x0f, 0x00, 0x82, 0x78, 0x0b, 0x00,
  0x05, 0x00, 0x00, 0x00, 0x00, 0x00, 0x00, 0x00, 0x00, 0xe4, 0x0f, 0x00,
  0x99, 0x72, 0x0b, 0x12, 0x0b, 0x00, 0x00, 0x00, 0x13, 0x02, 0x01, 0x08,
  0x00, 0xe2, 0x0f, 0x00, 0x0c, 0x7c, 0x00, 0xe9, 0x11, 0x00, 0x00, 0x00,
  0x70, 0x62, 0xf2, 0x0b, 0x00, 0xe2, 0x0f, 0x00, 0x8c, 0x78, 0x00, 0x0a,
  0x20, 0x00, 0x00, 0x00, 0x70, 0x12, 0xf0, 0x0b, 0x00, 0xe2, 0x0f, 0x00,
  0x10, 0x7c, 0x0c, 0x0c, 0x14, 0x00, 0x00, 0x00, 0xff, 0xe0, 0xf5, 0x0f,
  0x00, 0xc4, 0x0f, 0x00, 0x0c, 0x7c, 0x00, 0xe5, 0x11, 0x00, 0x00, 0x00,
  0x70, 0x62, 0xf6, 0x0b, 0x00, 0xe2, 0x0f, 0x00, 0x87, 0x78, 0x12, 0x0a,
  0x20, 0x00, 0x00, 0x00, 0x00, 0x00, 0x00, 0x08, 0x00, 0xe2, 0x0f, 0x00,
  0x10, 0x7c, 0x0d, 0x0d, 0x0b, 0x00, 0x00, 0x00, 0xff, 0xe4, 0x7f, 0x09,
  0x00, 0xe4, 0x0f, 0x00, 0x10, 0x7c, 0xc0, 0x0c, 0x0c, 0x00, 0x00, 0x00,
  0xff, 0xe0, 0xf5, 0x0f, 0x00, 0xe4, 0x0f, 0x00, 0x10, 0x7c, 0xd2, 0xd2,
  0x14, 0x00, 0x00, 0x00, 0xff, 0xe0, 0xf9, 0x0f, 0x00, 0xe4, 0x0f, 0x00,
  0x10, 0x7c, 0xc1, 0x0d, 0x0d, 0x00, 0x00, 0x00, 0xff, 0xe4, 0x7f, 0x09,
  0x00, 0xe2, 0x0f, 0x00, 0x84, 0xf9, 0xff, 0xff, 0x00, 0x00, 0x00, 0x00,
  0x00, 0x08, 0x00, 0x00, 0x00, 0xe2, 0x0f, 0x00, 0x84, 0xf9, 0xff, 0xff,
  0x00, 0x00, 0x00, 0x00, 0x00, 0x08, 0x00, 0x00, 0x00, 0xe2, 0x0f, 0x00,
  0x84, 0xf9, 0xff, 0xff, 0x00, 0x00, 0x00, 0x00, 0x00, 0x08, 0x00, 0x00,
  0x00, 0xe2, 0x0f, 0x00, 0xae, 0x7f, 0xe6, 0x0c, 0x00, 0x00, 0x00, 0x04,
  0x4e, 0x1c, 0x90, 0x0c, 0x00, 0xe2, 0x05, 0x00, 0x0c, 0x7c, 0x00, 0xe4,
  0x11, 0x00, 0x00, 0x00, 0x70, 0x62, 0xf4, 0x0b, 0x00, 0xc4, 0x0f, 0x00,
  0x10, 0x7c, 0xea, 0xc0, 0x0c, 0x00, 0x00, 0x00, 0xff, 0xe0, 0xf3, 0x0f,
  0x00, 0xe2, 0x0f, 0x00, 0xae, 0x7f, 0xe6, 0xc0, 0x00, 0x00, 0x80, 0x04,
  0x4e, 0x1c, 0x90, 0x0d, 0x00, 0xe2, 0x07, 0x00, 0x0c, 0x7c, 0x00, 0xe3,
  0x11, 0x00, 0x00, 0x00, 0x70, 0x62, 0xf6, 0x0b, 0x00, 0xe4, 0x0f, 0x00,
  0x10, 0x7c, 0xd3, 0xd3, 0x0b, 0x00, 0x00, 0x00, 0xff, 0xe4, 0x7f, 0x0a,
  0x00, 0xe4, 0x0f, 0x00, 0x10, 0x7c, 0xeb, 0xc1, 0x0d, 0x00, 0x00, 0x00,
  0xff, 0xe4, 0xff, 0x08, 0x00, 0xe4, 0x0f, 0x00, 0x10, 0x7c, 0xe0, 0xea,
  0x0c, 0x00, 0x00, 0x00, 0xff, 0xe0, 0xf9, 0x0f, 0x00, 0xe4, 0x0f, 0x00,
  0x10, 0x7c, 0xde, 0xd2, 0x0c, 0x00, 0x00, 0x00, 0xff, 0xe0, 0xfb, 0x0f,
  0x00, 0xe2, 0x0f, 0x00, 0xae, 0x7f, 0xe6, 0xea, 0x00, 0x00, 0x00, 0x05,
  0x4e, 0x1c, 0x10, 0x0d, 0x00, 0xe2, 0x05, 0x00, 0x10, 0x7c, 0xe1, 0xeb,
  0x0d, 0x00, 0x00, 0x00, 0xff, 0xe4, 0x7f, 0x0a, 0x00, 0xc4, 0x0f, 0x00,
  0x0c, 0x7c, 0x00, 0xe9, 0x12, 0x00, 0x00, 0x00, 0x70, 0x62, 0xf2, 0x0b,
  0x00, 0xe4, 0x0f, 0x00, 0x0c, 0x7c, 0x00, 0xe5, 0x12, 0x00, 0x00, 0x00,
  0x70, 0x62, 0xf4, 0x0b, 0x00, 0xe2, 0x0f, 0x00, 0xae, 0x7f, 0xe6, 0xe0,
  0x00, 0x00, 0x80, 0x05, 0x4e, 0x1c, 0x90, 0x0d, 0x00, 0xe2, 0x05, 0x00,
  0x10, 0x7c, 0xdf, 0xd3, 0x0d, 0x00, 0x00, 0x00, 0xff, 0xe4, 0xff, 0x0a,
  0x00, 0xe4, 0x0f, 0x00, 0x10, 0x7c, 0xc2, 0xde, 0x0c, 0x00, 0x00, 0x00,
  0xff, 0xe0, 0xfb, 0x0f, 0x00, 0xe4, 0x0f, 0x00, 0x0c, 0x7c, 0x00, 0xe4,
  0x12, 0x00, 0x00, 0x00, 0x70, 0x62, 0xf6, 0x0b, 0x00, 0xe4, 0x0f, 0x00,
  0x0c, 0x7c, 0x00, 0xe3, 0x12, 0x00, 0x00, 0x00, 0x70, 0x62, 0xf8, 0x0b,
  0x00, 0xc4, 0x0f, 0x00, 0x10, 0x7c, 0xc3, 0xdf, 0x0d, 0x00, 0x00, 0x00,
  0xff, 0xe4, 0xff, 0x0a, 0x00, 0xe2, 0x0f, 0x00, 0xae, 0x7f, 0xe6, 0xd2,
  0x00, 0x00, 0x00, 0x06, 0x4e, 0x1c, 0x90, 0x0c, 0x00, 0xe2, 0x05, 0x00,
  0x10, 0x7c, 0xc0, 0xc2, 0x0c, 0x00, 0x00, 0x00, 0xff, 0xe0, 0xfb, 0x0f,
  0x00, 0xc6, 0x8f, 0x00, 0xae, 0x7f, 0xe6, 0xde, 0x00, 0x00, 0x80, 0x06,
  0x4e, 0x1c, 0x10, 0x0d, 0x00, 0xe2, 0x05, 0x00, 0x10, 0x7c, 0xc1, 0xc3,
  0x0d, 0x00, 0x00, 0x00, 0xff, 0xe4, 0xff, 0x0a, 0x00, 0xc6, 0x0f, 0x00,
  0xae, 0x7f, 0xe6, 0xc2, 0x00, 0x00, 0x00, 0x07, 0x4e, 0x1c, 0x90, 0x0d,
  0x00, 0xe8, 0x05, 0x00, 0xae, 0x7f, 0xe6, 0xc0, 0x00, 0x00, 0x80, 0x07,
  0x4e, 0x1c, 0x10, 0x0e, 0x00, 0xe8, 0x05, 0x00, 0xaf, 0x79, 0x00, 0x00,
  0x00, 0x00, 0x00, 0x00, 0x00, 0x00, 0x00, 0x00, 0x00, 0x24, 0x0e, 0x00,
  0x3c, 0x72, 0xde, 0x2c, 0x40, 0x00, 0x00, 0x00, 0xff, 0x08, 0x00, 0x00,
  0x00, 0xe2, 0x6f, 0x00, 0x24, 0x7e, 0xea, 0xff, 0x06, 0x00, 0x00, 0x00,
  0xff, 0x00, 0x8e, 0x0f, 0x00, 0xe2, 0x0f, 0x00, 0x0c, 0x7c, 0x00, 0xff,
  0x15, 0x00, 0x00, 0x00, 0x70, 0x52, 0xf2, 0x0b, 0x00, 0xc8, 0x0f, 0x00,
  0x0c, 0x7c, 0x00, 0xea, 0x04, 0x00, 0x00, 0x00, 0x70, 0x42, 0xf4, 0x0b,
  0x00, 0xe4, 0x0f, 0x00, 0x3c, 0x72, 0xe0, 0x2c, 0x42, 0x00, 0x00, 0x00,
  0xff, 0x08, 0x00, 0x00, 0x00, 0xf0, 0x0f, 0x04, 0x3c, 0x72, 0xc0, 0x2c,
  0x44, 0x00, 0x00, 0x00, 0xff, 0x08, 0x00, 0x00, 0x00, 0xf0, 0x0f, 0x04,
  0x3c, 0x72, 0xc2, 0x2c, 0x46, 0x00, 0x00, 0x00, 0xff, 0x08, 0x00, 0x00,
  0x00, 0xf0, 0x0f, 0x00, 0x3c, 0x72, 0xde, 0x20, 0x48, 0x00, 0x00, 0x00,
  0xde, 0x08, 0x00, 0x00, 0x00, 0xf0, 0x0f, 0x04, 0x3c, 0x72, 0xe0, 0x20,
  0x4a, 0x00, 0x00, 0x00, 0xe0, 0x08, 0x00, 0x00, 0x00, 0xf0, 0x0f, 0x04,
  0x3c, 0x72, 0xc0, 0x20, 0x4c, 0x00, 0x00, 0x00, 0xc0, 0x08, 0x00, 0x00,
  0x00, 0xf0, 0x0f, 0x04, 0x3c, 0x72, 0xc2, 0x20, 0x4e, 0x00, 0x00, 0x00,
  0xc2, 0x08, 0x00, 0x00, 0x00, 0xf0, 0x0f, 0x00, 0x3c, 0x72, 0xde, 0x24,
  0x50, 0x00, 0x00, 0x00, 0xde, 0x08, 0x00, 0x00, 0x00, 0xf0, 0x0f, 0x04,
  0x3c, 0x72, 0xe0, 0x24, 0x52, 0x00, 0x00, 0x00, 0xe0, 0x08, 0x00, 0x00,
  0x00, 0xf0, 0x0f, 0x04, 0x3c, 0x72, 0xc0, 0x24, 0x54, 0x00, 0x00, 0x00,
  0xc0, 0x08, 0x00, 0x00, 0x00, 0xf0, 0x0f, 0x04, 0x3c, 0x72, 0xc2, 0x24,
  0x56, 0x00, 0x00, 0x00, 0xc2, 0x08, 0x00, 0x00, 0x00, 0xf0, 0x0f, 0x00,
  0x3c, 0x72, 0xde, 0x28, 0x58, 0x00, 0x00, 0x00, 0xde, 0x08, 0x00, 0x00,
  0x00, 0xf0, 0x0f, 0x04, 0x3c, 0x72, 0xe0, 0x28, 0x5a, 0x00, 0x00, 0x00,
  0xe0, 0x08, 0x00, 0x00, 0x00, 0xf0, 0x0f, 0x04, 0x3c, 0x72, 0xc0, 0x28,
  0x5c, 0x00, 0x00, 0x00, 0xc0, 0x08, 0x00, 0x00, 0x00, 0xf0, 0x0f, 0x04,
  0x3c, 0x72, 0xc2, 0x28, 0x5e, 0x00, 0x00, 0x00, 0xc2, 0x08, 0x00, 0x00,
  0x00, 0xf0, 0x0f, 0x00, 0x3c, 0x72, 0xde, 0x30, 0x60, 0x00, 0x00, 0x00,
  0xde, 0x08, 0x00, 0x00, 0x00, 0xf0, 0x0f, 0x04, 0x3c, 0x72, 0xe0, 0x30,
  0x62, 0x00, 0x00, 0x00, 0xe0, 0x08, 0x00, 0x00, 0x00, 0xf0, 0x0f, 0x04,
  0x3c, 0x72, 0xc0, 0x30, 0x64, 0x00, 0x00, 0x00, 0xc0, 0x08, 0x00, 0x00,
  0x00, 0xf0, 0x0f, 0x04, 0x3c, 0x72, 0xc2, 0x30, 0x66, 0x00, 0x00, 0x00,
  0xc2, 0x08, 0x00, 0x00, 0x00, 0xf0, 0x0f, 0x00, 0x3c, 0x72, 0xde, 0x34,
  0x68, 0x00, 0x00, 0x00, 0xde, 0x08, 0x00, 0x00, 0x00, 0xf0, 0x0f, 0x04,
  0x3c, 0x72, 0xe0, 0x34, 0x6a, 0x00, 0x00, 0x00, 0xe0, 0x08, 0x00, 0x00,
  0x00, 0xf0, 0x0f, 0x04, 0x3c, 0x72, 0xc0, 0x34, 0x6c, 0x00, 0x00, 0x00,
  0xc0, 0x08, 0x00, 0x00, 0x00, 0xf0, 0x0f, 0x04, 0x3c, 0x72, 0xc2, 0x34,
  0x6e, 0x00, 0x00, 0x00, 0xc2, 0x08, 0x00, 0x00, 0x00, 0xf0, 0x0f, 0x00,
  0x3c, 0x72, 0xde, 0x38, 0x70, 0x00, 0x00, 0x00, 0xde, 0x08, 0x00, 0x00,
  0x00, 0xf0, 0x0f, 0x04, 0x3c, 0x72, 0xe0, 0x38, 0x72, 0x00, 0x00, 0x00,
  0xe0, 0x08, 0x00, 0x00, 0x00, 0xf0, 0x0f, 0x04, 0x3c, 0x72, 0xc0, 0x38,
  0x74, 0x00, 0x00, 0x00, 0xc0, 0x08, 0x00, 0x00, 0x00, 0xf0, 0x0f, 0x04,
  0x3c, 0x72, 0xc2, 0x38, 0x76, 0x00, 0x00, 0x00, 0xc2, 0x08, 0x00, 0x00,
  0x00, 0xf0, 0x0f, 0x00, 0x3c, 0x72, 0xde, 0x3c, 0x78, 0x00, 0x00, 0x00,
  0xde, 0x08, 0x00, 0x00, 0x00, 0xf0, 0x0f, 0x04, 0x3c, 0x72, 0xe0, 0x3c,
  0x7a, 0x00, 0x00, 0x00, 0xe0, 0x08, 0x00, 0x00, 0x00, 0xf0, 0x0f, 0x04,
  0x3c, 0x72, 0xc0, 0x3c, 0x7c, 0x00, 0x00, 0x00, 0xc0, 0x08, 0x00, 0x00,
  0x00, 0xf0, 0x0f, 0x04, 0x3c, 0x72, 0xc2, 0x3c, 0x7e, 0x00, 0x00, 0x00,
  0xc2, 0x08, 0x00, 0x00, 0x00, 0xe2, 0x0f, 0x00, 0x32, 0x7a, 0xde, 0xde,
  0x00, 0x73, 0x00, 0x00, 0x00, 0x00, 0x00, 0x00, 0x00, 0xc4, 0x0f, 0x00,
  0x32, 0x7a, 0xdf, 0xdf, 0x00, 0x73, 0x00, 0x00, 0x00, 0x00, 0x00, 0x00,
  0x00, 0xc6, 0x0f, 0x00, 0x40, 0x78, 0xde, 0xde, 0xff, 0x7b, 0xff, 0x7b,
  0x00, 0x02, 0x84, 0x03, 0x00, 0xe4, 0x0f, 0x00, 0x32, 0x7a, 0xe0, 0xe0,
  0x00, 0x73, 0x00, 0x00, 0x00, 0x00, 0x00, 0x00, 0x00, 0xe2, 0x0f, 0x00,
  0x40, 0x78, 0xdf, 0xdf, 0xff, 0x7b, 0xff, 0x7b, 0x00, 0x02, 0x84, 0x03,
  0x00, 0xe2, 0x0f, 0x00, 0x32, 0x7a, 0xe1, 0xe1, 0x00, 0x73, 0x00, 0x00,
  0x00, 0x00, 0x00, 0x00, 0x00, 0xe2, 0x0f, 0x00, 0x30, 0x72, 0xf0, 0xff,
  0xde, 0x00, 0x00, 0x20, 0x00, 0x41, 0x00, 0x00, 0x00, 0xe4, 0x0f, 0x10,
  0x40, 0x78, 0xe0, 0xe0, 0xff, 0x7b, 0xff, 0x7b, 0x00, 0x02, 0x84, 0x03,
  0x00, 0xe2, 0x0f, 0x00, 0x30, 0x72, 0xea, 0xff, 0xde, 0x00, 0x00, 0x30,
  0x00, 0x41, 0x00, 0x00, 0x00, 0xe2, 0x0f, 0x00, 0x40, 0x78, 0xe1, 0xe1,
  0xff, 0x7b, 0xff, 0x7b, 0x00, 0x02, 0x84, 0x03, 0x00, 0xe2, 0x0f, 0x00,
  0x32, 0x7a, 0xc0, 0xc0, 0x00, 0x73, 0x00, 0x00, 0x00, 0x00, 0x00, 0x00,
  0x00, 0xe2, 0x0f, 0x00, 0x30, 0x72, 0xeb, 0xff, 0xdf, 0x00, 0x00, 0x20,
  0x00, 0x41, 0x00, 0x00, 0x00, 0xe2, 0x0f, 0x10, 0x32, 0x7a, 0xc1, 0xc1,
  0x00, 0x73, 0x00, 0x00, 0x00, 0x00, 0x00, 0x00, 0x00, 0xe2, 0x0f, 0x00,
  0x30, 0x72, 0xf1, 0xff, 0xdf, 0x00, 0x00, 0x30, 0x00, 0x41, 0x00, 0x00,
  0x00, 0xc4, 0x0f, 0x00, 0x40, 0x78, 0xc0, 0xc0, 0xff, 0x7b, 0xff, 0x7b,
  0x00, 0x02, 0x84, 0x03, 0x00, 0xe2, 0x0f, 0x00, 0x30, 0x72, 0xf6, 0xff,
  0xe0, 0x00, 0x00, 0x20, 0x00, 0x41, 0x00, 0x00, 0x00, 0xe2, 0x0f, 0x10,
  0x40, 0x78, 0xc1, 0xc1, 0xff, 0x7b, 0xff, 0x7b, 0x00, 0x02, 0x84, 0x03,
  0x00, 0xe2, 0x0f, 0x00, 0x32, 0x7a, 0xc2, 0xc2, 0x00, 0x73, 0x00, 0x00,
  0x00, 0x00, 0x00, 0x00, 0x00, 0xe2, 0x0f, 0x00, 0x30, 0x72, 0xf4, 0xff,
  0xe0, 0x00, 0x00, 0x30, 0x00, 0x41, 0x00, 0x00, 0x00, 0xe2, 0x0f, 0x00,
  0x32, 0x7a, 0xc3, 0xc3, 0x00, 0x73, 0x00, 0x00, 0x00, 0x00, 0x00, 0x00,
  0x00, 0xe2, 0x0f, 0x00, 0x30, 0x72, 0xfa, 0xff, 0xc0, 0x00, 0x00, 0x20,
  0x00, 0x41, 0x00, 0x00, 0x00, 0xe4, 0x0f, 0x10, 0x40, 0x78, 0xc2, 0xc2,
  0xff, 0x7b, 0xff, 0x7b, 0x00, 0x02, 0x84, 0x03, 0x00, 0xe2, 0x0f, 0x00,
  0x30, 0x72, 0xf8, 0xff, 0xc0, 0x00, 0x00, 0x30, 0x00, 0x41, 0x00, 0x00,
  0x00, 0xe2, 0x0f, 0x00, 0x40, 0x78, 0xc3, 0xc3, 0xff, 0x7b, 0xff, 0x7b,
  0x00, 0x02, 0x84, 0x03, 0x00, 0xe2, 0x0f, 0x00, 0x30, 0x72, 0xfb, 0xff,
  0xc1, 0x00, 0x00, 0x20, 0x00, 0x41, 0x00, 0x00, 0x00, 0xc4, 0x0f, 0x00,
  0x30, 0x72, 0xf9, 0xff, 0xc1, 0x00, 0x00, 0x30, 0x00, 0x41, 0x00, 0x00,
  0x00, 0xe4, 0x0f, 0x00, 0x30, 0x72, 0xf5, 0xff, 0xe1, 0x00, 0x00, 0x20,
  0x00, 0x41, 0x00, 0x00, 0x00, 0xe4, 0x0f, 0x10, 0x30, 0x72, 0xde, 0xff,
  0xe1, 0x00, 0x00, 0x30, 0x00, 0x41, 0x00, 0x00, 0x00, 0xe4, 0x0f, 0x00,
  0x30, 0x72, 0xec, 0xff, 0xc2, 0x00, 0x00, 0x20, 0x00, 0x41, 0x00, 0x00,
  0x00, 0xe4, 0x0f, 0x10, 0x30, 0x72, 0xe0, 0xff, 0xc2, 0x00, 0x00, 0x30,
  0x00, 0x41, 0x00, 0x00, 0x00, 0xe4, 0x0f, 0x00, 0x30, 0x72, 0xf7, 0xff,
  0xc3, 0x00, 0x00, 0x20, 0x00, 0x41, 0x00, 0x00, 0x00, 0xc4, 0x0f, 0x00,
  0x30, 0x72, 0xdf, 0xff, 0xc3, 0x00, 0x00, 0x30, 0x00, 0x41, 0x00, 0x00,
  0x00, 0xe4, 0x0f, 0x00, 0x24, 0x72, 0xc0, 0xff, 0xff, 0x00, 0x00, 0x00,
  0xd5, 0x00, 0x8e, 0x07, 0x00, 0xe4, 0x0f, 0x00, 0x24, 0x72, 0xc1, 0xff,
  0xff, 0x00, 0x00, 0x00, 0xd6, 0x00, 0x8e, 0x07, 0x00, 0xe2, 0x0f, 0x00,
  0x47, 0x99, 0x00, 0x00, 0xe0, 0x07, 0x00, 0x00, 0x00, 0x00, 0x00, 0x01,
  0x00, 0xea, 0x0f, 0x00, 0x11, 0x7c, 0xe1, 0x0b, 0x04, 0x00, 0x00, 0x00,
  0xff, 0x08, 0x8e, 0x0f, 0x00, 0xe2, 0x0f, 0x00, 0x47, 0x99, 0x00, 0x00,
  0x50, 0x05, 0x00, 0x00, 0x00, 0x00, 0x80, 0x03, 0x00, 0xea, 0x0f, 0x00,
  0x0c, 0x72, 0x00, 0xd4, 0xe1, 0x00, 0x00, 0x00, 0x70, 0x42, 0xf2, 0x03,
  0x00, 0xe2, 0x0f, 0x04, 0x24, 0x74, 0xd6, 0xff, 0xff, 0xff, 0x7f, 0xff,
  0xff, 0x00, 0x8e, 0x07, 0x00, 0xe2, 0x0f, 0x00, 0x10, 0x78, 0xc3, 0xd4,
  0x08, 0x00, 0x00, 0x00, 0xff, 0xe0, 0xff, 0x07, 0x00, 0xe4, 0x0f, 0x00,
  0x10, 0x7a, 0xd5, 0xe1, 0x00, 0x85, 0x00, 0x00, 0xff, 0xe0, 0xff, 0x07,
  0x00, 0xc4, 0x0f, 0x00, 0x0c, 0x72, 0x00, 0xc3, 0xe1, 0x00, 0x00, 0x00,
  0x70, 0x42, 0xf4, 0x03, 0x00, 0xce, 0x0f, 0x00, 0x10, 0x18, 0xc2, 0xd5,
  0x01, 0x00, 0x00, 0x00, 0xff, 0xe0, 0xff, 0x07, 0x00, 0xc8, 0x0f, 0x00,
  0x45, 0x12, 0xc2, 0x00, 0xc2, 0x00, 0x00, 0x00, 0x00, 0x14, 0x20, 0x00,
  0x00, 0xca, 0x0f, 0x00, 0x20, 0x1c, 0xed, 0xc2, 0x16, 0x00, 0x00, 0x00,
  0x00, 0x00, 0x41, 0x08, 0x00, 0xe2, 0x0f, 0x00, 0x10, 0x28, 0xc2, 0xd5,
  0x01, 0x00, 0x00, 0x00, 0xff, 0xe0, 0xff, 0x07, 0x00, 0xe4, 0x0f, 0x00,
  0x45, 0x72, 0xd5, 0x00, 0xd5, 0x00, 0x00, 0x00, 0x00, 0x14, 0x20, 0x00,
  0x00, 0xe2, 0x0f, 0x00, 0x23, 0x1a, 0xd6, 0xea, 0x00, 0x83, 0x00, 0x00,
  0xed, 0x00, 0x01, 0x00, 0x00, 0xe2, 0x0f, 0x00, 0x45, 0x22, 0xc2, 0x00,
  0xc2, 0x00, 0x00, 0x00, 0x00, 0x14, 0x20, 0x00, 0x00, 0xe4, 0x0f, 0x00,
  0x10, 0x78, 0xed, 0xe1, 0x08, 0x00, 0x00, 0x00, 0xff, 0xe0, 0xff, 0x07,
  0x00, 0xe2, 0x0f, 0x00, 0x20, 0x7c, 0xd5, 0xd5, 0x16, 0x00, 0x00, 0x00,
  0x00, 0x00, 0x41, 0x08, 0x00, 0xe4, 0x0f, 0x00, 0x20, 0x2c, 0xea, 0xc2,
  0x16, 0x00, 0x00, 0x00, 0x00, 0x00, 0x41, 0x08, 0x00, 0xe2, 0x0f, 0x00,
  0x24, 0x74, 0xc2, 0xff, 0xff, 0xff, 0x7f, 0xff, 0xff, 0x00, 0x8e, 0x07,
  0x00, 0xe2, 0x0f, 0x00, 0x0c, 0x72, 0x00, 0xd4, 0xed, 0x00, 0x00, 0x00,
  0x70, 0x62, 0xf6, 0x03, 0x00, 0xe2, 0x0f, 0x08, 0x23, 0x7a, 0xeb, 0xeb,
  0x00, 0x83, 0x00, 0x00, 0xd5, 0x00, 0x01, 0x00, 0x00, 0xe2, 0x0f, 0x10,
  0x23, 0x2a, 0xc2, 0xf1, 0x00, 0x83, 0x00, 0x00, 0xea, 0x00, 0x01, 0x00,
  0x00, 0xe2, 0x0f, 0x00, 0x10, 0x7a, 0xea, 0xed, 0x00, 0x85, 0x00, 0x00,
  0xff, 0xe0, 0xff, 0x07, 0x00, 0xe2, 0x0f, 0x00, 0x23, 0x7a, 0xf0, 0xf0,
  0x00, 0x83, 0x00, 0x00, 0xd5, 0x00, 0x01, 0x00, 0x00, 0xe2, 0x0f, 0x00,
  0x0c, 0x72, 0x00, 0xc3, 0xed, 0x00, 0x00, 0x00, 0x70, 0x62, 0xf8, 0x03,
  0x00, 0xc4, 0x0f, 0x00, 0x45, 0x72, 0xea, 0x00, 0xea, 0x00, 0x00, 0x00,
  0x00, 0x14, 0x20, 0x00, 0x00, 0xe4, 0x0f, 0x00, 0x10, 0x78, 0xed, 0xe1,
  0x10, 0x00, 0x00, 0x00, 0xff, 0xe0, 0xff, 0x07, 0x00, 0xc6, 0x0f, 0x00,
  0x20, 0x7c, 0xea, 0xea, 0x16, 0x00, 0x00, 0x00, 0x00, 0x00, 0x41, 0x08,
  0x00, 0xe2, 0x0f, 0x00, 0x0c, 0x72, 0x00, 0xd4, 0xed, 0x00, 0x00, 0x00,
  0x70, 0x62, 0xf2, 0x03, 0x00, 0xe4, 0x0f, 0x08, 0x0c, 0x72, 0x00, 0xc3,
  0xed, 0x00, 0x00, 0x00, 0x70, 0x62, 0xf4, 0x03, 0x00, 0xe2, 0x0f, 0x00,
  0x23, 0x7a, 0xf6, 0xf6, 0x00, 0x83, 0x00, 0x00, 0xea, 0x00, 0x01, 0x00,
  0x00, 0xe2, 0x0f, 0x10, 0x23, 0x7a, 0xf5, 0xf5, 0x00, 0x83, 0x00, 0x00,
  0xea, 0x00, 0x01, 0x00, 0x00, 0xe2, 0x0f, 0x00, 0x10, 0x78, 0xea, 0xe1,
  0x09, 0x00, 0x00, 0x00, 0xff, 0xe0, 0xff, 0x07, 0x00, 0xe4, 0x0f, 0x00,
  0x10, 0x7a, 0xed, 0xed, 0x00, 0x85, 0x00, 0x00, 0xff, 0xe0, 0xff, 0x07,
  0x00, 0xe4, 0x0f, 0x00, 0x0c, 0x72, 0x00, 0xd4, 0xea, 0x00, 0x00, 0x00,
  0x70, 0x62, 0xfa, 0x03, 0x00, 0xc4, 0x0f, 0x00, 0x0c, 0x72, 0x00, 0xc3,
  0xea, 0x00, 0x00, 0x00, 0x70, 0x62, 0xfc, 0x03, 0x00, 0xe4, 0x0f, 0x00,
  0x10, 0x7a, 0xea, 0xea, 0x00, 0x85, 0x00, 0x00, 0xff, 0xe0, 0xff, 0x07,
  0x00, 0xe4, 0x0f, 0x00, 0x45, 0x72, 0xed, 0x00, 0xed, 0x00, 0x00, 0x00,
  0x00, 0x14, 0x20, 0x00, 0x00, 0xe4, 0x0f, 0x00, 0x45, 0x72, 0xea, 0x00,
  0xea, 0x00, 0x00, 0x00, 0x00, 0x14, 0x20, 0x00, 0x00, 0xe4, 0x0f, 0x00,
  0x08, 0x78, 0xf6, 0xf6, 0xff, 0xff, 0x7f, 0xff, 0x00, 0x00, 0x80, 0x01,
  0x00, 0xe2, 0x0f, 0x00, 0x20, 0x7c, 0xed, 0xed, 0x16, 0x00, 0x00, 0x00,
  0x00, 0x00, 0x41, 0x08, 0x00, 0xe2, 0x0f, 0x00, 0x08, 0x78, 0xf5, 0xf5,
  0xff, 0xff, 0x7f, 0xff, 0x00, 0x00, 0x00, 0x02, 0x00, 0xe2, 0x0f, 0x00,
  0x20, 0x7c, 0xf1, 0xea, 0x16, 0x00, 0x00, 0x00, 0x00, 0x00, 0x41, 0x08,
  0x00, 0xe2, 0x0f, 0x00, 0x0c, 0x72, 0x00, 0xd4, 0xe1, 0x00, 0x00, 0x00,
  0x70, 0x62, 0xf6, 0x03, 0x00, 0xe2, 0x0f, 0x08, 0x23, 0x7a, 0xfa, 0xfa,
  0x00, 0x83, 0x00, 0x00, 0xed, 0x00, 0x01, 0x00, 0x00, 0xe2, 0x0f, 0x10,
  0x23, 0x7a, 0xfb, 0xfb, 0x00, 0x83, 0x00, 0x00, 0xed, 0x00, 0x01, 0x00,
  0x00, 0xe2, 0x0f, 0x00, 0x23, 0x7a, 0xf4, 0xf4, 0x00, 0x83, 0x00, 0x00,
  0xf1, 0x00, 0x01, 0x00, 0x00, 0xe2, 0x0f, 0x10, 0x23, 0x7a, 0xde, 0xde,
  0x00, 0x83, 0x00, 0x00, 0xf1, 0x00, 0x01, 0x00, 0x00, 0xe2, 0x0f, 0x00,
  0x10, 0x78, 0xed, 0xe1, 0x11, 0x00, 0x00, 0x00, 0xff, 0xe0, 0xff, 0x07,
  0x00, 0xe2, 0x0f, 0x00, 0x24, 0x72, 0xf1, 0xff, 0xff, 0x00, 0x00, 0x00,
  0xc2, 0x00, 0x8e, 0x07, 0x00, 0xe2, 0x0f, 0x00, 0x0c, 0x72, 0x00, 0xc3,
  0xe1, 0x00, 0x00, 0x00, 0x70, 0x62, 0xf8, 0x03, 0x00, 0xc4, 0x0f, 0x00,
  0x08, 0x78, 0xf4, 0xf4, 0xff, 0xff, 0x7f, 0xff, 0x00, 0x00, 0x80, 0x02,
  0x00, 0xe4, 0x0f, 0x00, 0x08, 0x78, 0xde, 0xde, 0xff, 0xff, 0x7f, 0xff,
  0x00, 0x00, 0x00, 0x03, 0x00, 0xe4, 0x0f, 0x00, 0x0c, 0x72, 0x00, 0xd4,
  0xed, 0x00, 0x00, 0x00, 0x70, 0x62, 0xfa, 0x03, 0x00, 0xe4, 0x0f, 0x08,
  0x0c, 0x72, 0x00, 0xc3, 0xed, 0x00, 0x00, 0x00, 0x70, 0x62, 0xfc, 0x03,
  0x00, 0xe4, 0x0f, 0x00, 0x10, 0x7a, 0xed, 0xed, 0x00, 0x85, 0x00, 0x00,
  0xff, 0xe0, 0xff, 0x07, 0x00, 0xe4, 0x0f, 0x00, 0x10, 0x78, 0xea, 0xe1,
  0x18, 0x00, 0x00, 0x00, 0xff, 0xe0, 0xff, 0x07, 0x00, 0xc4, 0x0f, 0x00,
  0x45, 0x72, 0xed, 0x00, 0xed, 0x00, 0x00, 0x00, 0x00, 0x14, 0x20, 0x00,
  0x00, 0xe4, 0x0f, 0x00, 0x10, 0x78, 0xe1, 0xe1, 0x19, 0x00, 0x00, 0x00,
  0xff, 0xe0, 0xff, 0x07, 0x00, 0xe4, 0x0f, 0x00, 0x08, 0x78, 0xfa, 0xfa,
  0xff, 0xff, 0x7f, 0xff, 0x00, 0x00, 0x80, 0x00, 0x00, 0xe2, 0x0f, 0x00,
  0x20, 0x7c, 0xed, 0xed, 0x16, 0x00, 0x00, 0x00, 0x00, 0x00, 0x41, 0x08,
  0x00, 0xe2, 0x0f, 0x00, 0x08, 0x78, 0xfb, 0xfb, 0xff, 0xff, 0x7f, 0xff,
  0x00, 0x00, 0x00, 0x01, 0x00, 0xe4, 0x0f, 0x00, 0x08, 0x78, 0xeb, 0xeb,
  0xff, 0xff, 0x7f, 0xff, 0x00, 0x00, 0x00, 0x02, 0x00, 0xe2, 0x0f, 0x00,
  0x23, 0x7a, 0xf8, 0xf8, 0x00, 0x83, 0x00, 0x00, 0xed, 0x00, 0x01, 0x00,
  0x00, 0xe2, 0x0f, 0x10, 0x0c, 0x72, 0x00, 0xc3, 0xea, 0x00, 0x00, 0x00,
  0x70, 0x62, 0xf2, 0x03, 0x00, 0xe2, 0x0f, 0x00, 0x23, 0x7a, 0xf9, 0xf9,
  0x00, 0x83, 0x00, 0x00, 0xed, 0x00, 0x01, 0x00, 0x00, 0xe2, 0x0f, 0x00,
  0x0c, 0x72, 0x00, 0xc3, 0xe1, 0x00, 0x00, 0x00, 0x70, 0x62, 0xf4, 0x03,
  0x00, 0xc4, 0x0f, 0x00, 0x08, 0x78, 0xf8, 0xf8, 0xff, 0xff, 0x7f, 0xff,
  0x00, 0x00, 0x80, 0x02, 0x00, 0xe4, 0x0f, 0x00, 0x0c, 0x72, 0x00, 0xd4,
  0xea, 0x00, 0x00, 0x00, 0x70, 0x62, 0xfa, 0x03, 0x00, 0xe4, 0x0f, 0x04,
  0x0c, 0x72, 0x00, 0xd4, 0xe1, 0x00, 0x00, 0x00, 0x70, 0x62, 0xf8, 0x03,
  0x00, 0xe4, 0x0f, 0x00, 0x10, 0x7a, 0xea, 0xea, 0x00, 0x85, 0x00, 0x00,
  0xff, 0xe0, 0xff, 0x07, 0x00, 0xe4, 0x0f, 0x00, 0x10, 0x7a, 0xe1, 0xe1,
  0x00, 0x85, 0x00, 0x00, 0xff, 0xe0, 0xff, 0x07, 0x00, 0xe4, 0x0f, 0x00,
  0x45, 0x72, 0xea, 0x00, 0xea, 0x00, 0x00, 0x00, 0x00, 0x14, 0x20, 0x00,
  0x00, 0xc4, 0x0f, 0x00, 0x45, 0x72, 0xe1, 0x00, 0xe1, 0x00, 0x00, 0x00,
  0x00, 0x14, 0x20, 0x00, 0x00, 0xe4, 0x0f, 0x00, 0x08, 0x78, 0xf0, 0xf0,
  0xff, 0xff, 0x7f, 0xff, 0x00, 0x00, 0x80, 0x01, 0x00, 0xe2, 0x0f, 0x00,
  0x20, 0x7c, 0xea, 0xea, 0x16, 0x00, 0x00, 0x00, 0x00, 0x00, 0x41, 0x08,
  0x00, 0xe2, 0x0f, 0x00, 0x08, 0x78, 0xf9, 0xf9, 0xff, 0xff, 0x7f, 0xff,
  0x00, 0x00, 0x00, 0x03, 0x00, 0xe2, 0x0f, 0x00, 0x20, 0x7c, 0xe1, 0xe1,
  0x16, 0x00, 0x00, 0x00, 0x00, 0x00, 0x41, 0x08, 0x00, 0xe4, 0x0f, 0x00,
  0x23, 0x7a, 0xec, 0xec, 0x00, 0x83, 0x00, 0x00, 0xea, 0x00, 0x01, 0x00,
  0x00, 0xe2, 0x0f, 0x10, 0x23, 0x7a, 0xf7, 0xf7, 0x00, 0x83, 0x00, 0x00,
  0xea, 0x00, 0x01, 0x00, 0x00, 0xe2, 0x0f, 0x00, 0x23, 0x7a, 0xe0, 0xe0,
  0x00, 0x83, 0x00, 0x00, 0xe1, 0x00, 0x01, 0x00, 0x00, 0xe2, 0x0f, 0x10,
  0x23, 0x7a, 0xdf, 0xdf, 0x00, 0x83, 0x00, 0x00, 0xe1, 0x00, 0x01, 0x00,
  0x00, 0xe2, 0x0f, 0x00, 0x24, 0x72, 0xea, 0xff, 0xff, 0x00, 0x00, 0x00,
  0xd6, 0x00, 0x8e, 0x07, 0x00, 0xe2, 0x0f, 0x00, 0x08, 0x78, 0xec, 0xec,
  0xff, 0xff, 0x7f, 0xff, 0x00, 0x00, 0x80, 0x02, 0x00, 0xc4, 0x0f, 0x00,
  0x08, 0x78, 0xf7, 0xf7, 0xff, 0xff, 0x7f, 0xff, 0x00, 0x00, 0x80, 0x00,
  0x00, 0xe4, 0x0f, 0x00, 0x08, 0x78, 0xe0, 0xe0, 0xff, 0xff, 0x7f, 0xff,
  0x00, 0x00, 0x00, 0x02, 0x00, 0xe4, 0x0f, 0x00, 0x08, 0x78, 0xdf, 0xdf,
  0xff, 0xff, 0x7f, 0xff, 0x00, 0x00, 0x00, 0x01, 0x00, 0xe2, 0x0f, 0x00,
  0x47, 0x79, 0x00, 0x00, 0x70, 0x02, 0x00, 0x00, 0x00, 0x00, 0x80, 0x03,
  0x00, 0xea, 0x0f, 0x00, 0x10, 0x78, 0xc3, 0xe1, 0x08, 0x00, 0x00, 0x00,
  0xff, 0xe0, 0xff, 0x07, 0x00, 0xe4, 0x0f, 0x00, 0x10, 0x78, 0xc2, 0xd4,
  0x08, 0x00, 0x00, 0x00, 0xff, 0xe0, 0xff, 0x07, 0x00, 0xe4, 0x0f, 0x04,
  0x0c, 0x72, 0x00, 0xd4, 0xc3, 0x00, 0x00, 0x00, 0x70, 0x62, 0xf4, 0x03,
  0x00, 0xe4, 0x0f, 0x08, 0x0c, 0x72, 0x00, 0xc2, 0xc3, 0x00, 0x00, 0x00,
  0x70, 0x62, 0xf6, 0x03, 0x00, 0xc4, 0x0f, 0x00, 0x10, 0x78, 0xc3, 0xe1,
  0x09, 0x00, 0x00, 0x00, 0xff, 0xe0, 0xff, 0x07, 0x00, 0xe4, 0x0f, 0x04,
  0x08, 0x78, 0xf6, 0xf6, 0xff, 0xff, 0x7f, 0xff, 0x00, 0x00, 0x00, 0x01,
  0x00, 0xe4, 0x0f, 0x00, 0x0c, 0x72, 0x00, 0xd4, 0xc3, 0x00, 0x00, 0x00,
  0x70, 0x62, 0xf8, 0x03, 0x00, 0xe4, 0x0f, 0x08, 0x0c, 0x72, 0x00, 0xc2,
  0xc3, 0x00, 0x00, 0x00, 0x70, 0x62, 0xfa, 0x03, 0x00, 0xe4, 0x0f, 0x00,
  0x10, 0x78, 0xc3, 0xe1, 0x10, 0x00, 0x00, 0x00, 0xff, 0xe0, 0xff, 0x07,
  0x00, 0xe4, 0x0f, 0x00, 0x08, 0x78, 0xf5, 0xf5, 0xff, 0xff, 0x7f, 0xff,
  0x00, 0x00, 0x80, 0x01, 0x00, 0xc4, 0x0f, 0x00, 0x0c, 0x72, 0x00, 0xd4,
  0xc3, 0x00, 0x00, 0x00, 0x70, 0x62, 0xfc, 0x03, 0x00, 0xe4, 0x0f, 0x08,
  0x0c, 0x72, 0x00, 0xc2, 0xc3, 0x00, 0x00, 0x00, 0x70, 0x62, 0xf2, 0x03,
  0x00, 0xe4, 0x0f, 0x00, 0x10, 0x78, 0xc3, 0xe1, 0x11, 0x00, 0x00, 0x00,
  0xff, 0xe0, 0xff, 0x07, 0x00, 0xe4, 0x0f, 0x00, 0x08, 0x78, 0xf4, 0xf4,
  0xff, 0xff, 0x7f, 0xff, 0x00, 0x00, 0x00, 0x02, 0x00, 0xe4, 0x0f, 0x00,
  0x0c, 0x72, 0x00, 0xd4, 0xc3, 0x00, 0x00, 0x00, 0x70, 0x62, 0xf4, 0x03,
  0x00, 0xe4, 0x0f, 0x08, 0x0c, 0x72, 0x00, 0xc2, 0xc3, 0x00, 0x00, 0x00,
  0x70, 0x62, 0xf6, 0x03, 0x00, 0xc4, 0x0f, 0x00, 0x10, 0x78, 0xc3, 0xe1,
  0x18, 0x00, 0x00, 0x00, 0xff, 0xe0, 0xff, 0x07, 0x00, 0xe4, 0x0f, 0x00,
  0x08, 0x78, 0xde, 0xde, 0xff, 0xff, 0x7f, 0xff, 0x00, 0x00, 0x80, 0x02,
  0x00, 0xe4, 0x0f, 0x00, 0x08, 0x78, 0xfa, 0xfa, 0xff, 0xff, 0x7f, 0xff,
  0x00, 0x00, 0x00, 0x03, 0x00, 0xe4, 0x0f, 0x00, 0x0c, 0x72, 0x00, 0xd4,
  0xc3, 0x00, 0x00, 0x00, 0x70, 0x62, 0xf8, 0x03, 0x00, 0xe4, 0x0f, 0x08,
  0x0c, 0x72, 0x00, 0xc2, 0xc3, 0x00, 0x00, 0x00, 0x70, 0x62, 0xfa, 0x03,
  0x00, 0xe4, 0x0f, 0x00, 0x0c, 0x72, 0x00, 0xd4, 0xe1, 0x00, 0x00, 0x00,
  0x70, 0x62, 0xfc, 0x03, 0x00, 0xc4, 0x0f, 0x00, 0x10, 0x78, 0xc3, 0xe1,
  0x19, 0x00, 0x00, 0x00, 0xff, 0xe0, 0xff, 0x07, 0x00, 0xe4, 0x0f, 0x00,
  0x08, 0x78, 0xfb, 0xfb, 0xff, 0xff, 0x7f, 0xff, 0x00, 0x00, 0x80, 0x00,
  0x00, 0xe4, 0x0f, 0x00, 0x08, 0x78, 0xf8, 0xf8, 0xff, 0xff, 0x7f, 0xff,
  0x00, 0x00, 0x00, 0x01, 0x00, 0xe4, 0x0f, 0x00, 0x08, 0x78, 0xf9, 0xf9,
  0xff, 0xff, 0x7f, 0xff, 0x00, 0x00, 0x80, 0x01, 0x00, 0xe4, 0x0f, 0x00,
  0x08, 0x78, 0xec, 0xec, 0xff, 0xff, 0x7f, 0xff, 0x00, 0x00, 0x00, 0x02,
  0x00, 0xe4, 0x0f, 0x00, 0x08, 0x78, 0xf0, 0xf0, 0xff, 0xff, 0x7f, 0xff,
  0x00, 0x00, 0x00, 0x03, 0x00, 0xc4, 0x0f, 0x00, 0x0c, 0x72, 0x00, 0xd4,
  0xe1, 0x00, 0x00, 0x00, 0x70, 0x42, 0xf2, 0x03, 0x00, 0xe4, 0x0f, 0x08,
  0x0c, 0x72, 0x00, 0xc2, 0xe1, 0x00, 0x00, 0x00, 0x70, 0x62, 0xf4, 0x03,
  0x00, 0xe4, 0x0f, 0x0c, 0x0c, 0x72, 0x00, 0xc2, 0xe1, 0x00, 0x00, 0x00,
  0x70, 0x42, 0xf6, 0x03, 0x00, 0xe4, 0x0f, 0x04, 0x0c, 0x72, 0x00, 0xc2,
  0xc3, 0x00, 0x00, 0x00, 0x70, 0x62, 0xf8, 0x03, 0x00, 0xe4, 0x0f, 0x08,
  0x0c, 0x72, 0x00, 0xd4, 0xc3, 0x00, 0x00, 0x00, 0x70, 0x62, 0xfc, 0x03,
  0x00, 0xe4, 0x0f, 0x00, 0x08, 0x78, 0xea, 0xea, 0xff, 0xff, 0x7f, 0xff,
  0x00, 0x00, 0x80, 0x00, 0x00, 0xc4, 0x0f, 0x00, 0x08, 0x78, 0xf7, 0xf7,
  0xff, 0xff, 0x7f, 0xff, 0x00, 0x00, 0x80, 0x02, 0x00, 0xe4, 0x0f, 0x00,
  0x08, 0x78, 0xeb, 0xeb, 0xff, 0xff, 0x7f, 0xff, 0x00, 0x00, 0x00, 0x01,
  0x00, 0xe4, 0x0f, 0x00, 0x08, 0x78, 0xf1, 0xf1, 0xff, 0xff, 0x7f, 0xff,
  0x00, 0x00, 0x80, 0x01, 0x00, 0xe4, 0x0f, 0x00, 0x08, 0x78, 0xe0, 0xe0,
  0xff, 0xff, 0x7f, 0xff, 0x00, 0x00, 0x00, 0x03, 0x00, 0xe4, 0x0f, 0x00,
  0x08, 0x78, 0xdf, 0xdf, 0xff, 0xff, 0x7f, 0xff, 0x00, 0x00, 0x00, 0x02,
  0x00, 0xe4, 0x0f, 0x00, 0x09, 0x72, 0xc3, 0xea, 0xf0, 0x00, 0x00, 0x00,
  0x00, 0x00, 0x81, 0x07, 0x00, 0xe4, 0x0f, 0x00, 0x09, 0x72, 0xc2, 0xf1,
  0xeb, 0x00, 0x00, 0x00, 0x00, 0x00, 0x81, 0x07, 0x00, 0xc4, 0x0f, 0x00,
  0x09, 0x72, 0xc3, 0xc3, 0xf6, 0x00, 0x00, 0x00, 0x00, 0x00, 0x81, 0x07,
  0x00, 0xe4, 0x0f, 0x00, 0x09, 0x72, 0xd5, 0xc2, 0xf5, 0x00, 0x00, 0x00,
  0x00, 0x00, 0x81, 0x07, 0x00, 0xe4, 0x0f, 0x00, 0x09, 0x72, 0xc3, 0xc3,
  0xf4, 0x00, 0x00, 0x00, 0x00, 0x00, 0x81, 0x07, 0x00, 0xe4, 0x0f, 0x00,
  0x09, 0x72, 0xc2, 0xd5, 0xde, 0x00, 0x00, 0x00, 0x00, 0x00, 0x81, 0x07,
  0x00, 0xe4, 0x0f, 0x00, 0x0c, 0x7c, 0x00, 0xff, 0x04, 0x00, 0x00, 0x00,
  0x70, 0x52, 0xf2, 0x0b, 0x00, 0xe4, 0x0f, 0x00, 0x09, 0x72, 0xc3, 0xc3,
  0xfa, 0x00, 0x00, 0x00, 0x00, 0x00, 0x81, 0x07, 0x00, 0xc4, 0x0f, 0x00,
  0x09, 0x72, 0xc2, 0xc2, 0xfb, 0x00, 0x00, 0x00, 0x00, 0x00, 0x81, 0x07,
  0x00, 0xe4, 0x0f, 0x00, 0x09, 0x72, 0xc3, 0xc3, 0xf8, 0x00, 0x00, 0x00,
  0x00, 0x00, 0x81, 0x07, 0x00, 0xe4, 0x0f, 0x00, 0x09, 0x72, 0xc2, 0xc2,
  0xf9, 0x00, 0x00, 0x00, 0x00, 0x00, 0x81, 0x07, 0x00, 0xe4, 0x0f, 0x00,
  0x09, 0x72, 0xc3, 0xc3, 0xec, 0x00, 0x00, 0x00, 0x00, 0x00, 0x81, 0x07,
  0x00, 0xe4, 0x0f, 0x00, 0x09, 0x72, 0xc2, 0xc2, 0xf7, 0x00, 0x00, 0x00,
  0x00, 0x00, 0x81, 0x07, 0x00, 0xe4, 0x0f, 0x00, 0x09, 0x72, 0xe1, 0xc3,
  0xe0, 0x00, 0x00, 0x00, 0x00, 0x00, 0x81, 0x07, 0x00, 0xc4, 0x0f, 0x00,
  0x09, 0x72, 0xc2, 0xc2, 0xdf, 0x00, 0x00, 0x00, 0x00, 0x00, 0x81, 0x07,
  0x00, 0xe2, 0x0f, 0x00, 0x47, 0x99, 0x00, 0x00, 0xf0, 0x07, 0x00, 0x00,
  0x00, 0x00, 0x80, 0x03, 0x00, 0xea, 0x0f, 0x00, 0x89, 0x7f, 0xc3, 0xe1,
  0x00, 0x1f, 0x20, 0x0c, 0x00, 0x00, 0x0e, 0x00, 0x00, 0x64, 0x0e, 0x00,
  0x09, 0x72, 0xd6, 0xe1, 0xc3, 0x00, 0x00, 0x00, 0x00, 0x00, 0x81, 0x07,
  0x00, 0xca, 0x2f, 0x00, 0x89, 0x7f, 0xc3, 0xd6, 0x00, 0x1f, 0x40, 0x0c,
  0x00, 0x00, 0x0e, 0x00, 0x00, 0x64, 0x0e, 0x00, 0x09, 0x72, 0xd5, 0xd6,
  0xc3, 0x00, 0x00, 0x00, 0x00, 0x00, 0x81, 0x07, 0x00, 0xe4, 0x2f, 0x00,
  0x89, 0x7f, 0xc3, 0xc2, 0x00, 0x1f, 0x20, 0x0c, 0x00, 0x00, 0x0e, 0x00,
  0x00, 0x64, 0x0e, 0x00, 0x09, 0x72, 0xd5, 0xd5, 0xc0, 0x00, 0x00, 0x00,
  0x00, 0x00, 0x81, 0x07, 0x00, 0xca, 0x0f, 0x00, 0x21, 0x72, 0xea, 0xd5,
  0xea, 0x00, 0x00, 0x00, 0x00, 0x01, 0x01, 0x00, 0x00, 0xe2, 0x0f, 0x04,
  0x21, 0x72, 0xf0, 0xd5, 0xf0, 0x00, 0x00, 0x00, 0x00, 0x01, 0x01, 0x00,
  0x00, 0xe2, 0x0f, 0x04, 0x21, 0x72, 0xfa, 0xd5, 0xfa, 0x00, 0x00, 0x00,
  0x00, 0x01, 0x01, 0x00, 0x00, 0xe2, 0x0f, 0x04, 0x21, 0x72, 0xf8, 0xd5,
  0xf8, 0x00, 0x00, 0x00, 0x00, 0x01, 0x01, 0x00, 0x00, 0xe2, 0x0f, 0x04,
  0x20, 0x78, 0xf3, 0xea, 0x3b, 0xaa, 0xb8, 0x3f, 0x00, 0x00, 0x41, 0x00,
  0x00, 0xe2, 0x0f, 0x00, 0x20, 0x78, 0xf0, 0xf0, 0x3b, 0xaa, 0xb8, 0x3f,
  0x00, 0x00, 0x41, 0x00, 0x00, 0xe2, 0x0f, 0x00, 0x20, 0x78, 0xfa, 0xfa,
  0x3b, 0xaa, 0xb8, 0x3f, 0x00, 0x00, 0x41, 0x00, 0x00, 0xe2, 0x0f, 0x00,
  0x20, 0x78, 0xf8, 0xf8, 0x3b, 0xaa, 0xb8, 0x3f, 0x00, 0x00, 0x41, 0x00,
  0x00, 0xe2, 0x0f, 0x00, 0x21, 0x72, 0xf6, 0xd5, 0xf6, 0x00, 0x00, 0x00,
  0x00, 0x01, 0x01, 0x00, 0x00, 0xe2, 0x0f, 0x04, 0x08, 0x73, 0xf2, 0x00,
  0xf0, 0x00, 0x00, 0x00, 0x00, 0x08, 0x00, 0x00, 0x00, 0xe2, 0x0f, 0x00,
  0x21, 0x72, 0xf4, 0xd5, 0xf4, 0x00, 0x00, 0x00, 0x00, 0x01, 0x01, 0x00,
  0x00, 0xe2, 0x0f, 0x04, 0x21, 0x72, 0xe1, 0xd5, 0xec, 0x00, 0x00, 0x00,
  0x00, 0x01, 0x01, 0x00, 0x00, 0xe2, 0x0f, 0x04, 0x21, 0x72, 0xe0, 0xd5,
  0xe0, 0x00, 0x00, 0x00, 0x00, 0x01, 0x01, 0x00, 0x00, 0xe2, 0x0f, 0x00,
  0x20, 0x78, 0xf6, 0xf6, 0x3b, 0xaa, 0xb8, 0x3f, 0x00, 0x00, 0x41, 0x00,
  0x00, 0xe2, 0x0f, 0x00, 0x20, 0x78, 0xf4, 0xf4, 0x3b, 0xaa, 0xb8, 0x3f,
  0x00, 0x00, 0x41, 0x00, 0x00, 0xe2, 0x0f, 0x00, 0x20, 0x78, 0xe1, 0xe1,
  0x3b, 0xaa, 0xb8, 0x3f, 0x00, 0x00, 0x41, 0x00, 0x00, 0xe2, 0x0f, 0x00,
  0x20, 0x78, 0xe0, 0xe0, 0x3b, 0xaa, 0xb8, 0x3f, 0x00, 0x00, 0x41, 0x00,
  0x00, 0xe2, 0x0f, 0x00, 0x09, 0x72, 0xd6, 0xc2, 0xc3, 0x00, 0x00, 0x00,
  0x00, 0x00, 0x81, 0x07, 0x00, 0xe2, 0x2f, 0x00, 0x08, 0x73, 0xf3, 0x00,
  0xf3, 0x00, 0x00, 0x00, 0x00, 0x08, 0x00, 0x00, 0x00, 0x68, 0x0e, 0x00,
  0x89, 0x7f, 0xea, 0xd6, 0x00, 0x1f, 0x40, 0x0c, 0x00, 0x00, 0x0e, 0x00,
  0x00, 0xa8, 0x0e, 0x00, 0x08, 0x73, 0xed, 0x00, 0xfa, 0x00, 0x00, 0x00,
  0x00, 0x08, 0x00, 0x00, 0x00, 0xf0, 0x0f, 0x00, 0x08, 0x73, 0xec, 0x00,
  0xf8, 0x00, 0x00, 0x00, 0x00, 0x08, 0x00, 0x00, 0x00, 0xf0, 0x0e, 0x00,
  0x08, 0x73, 0xc2, 0x00, 0xf6, 0x00, 0x00, 0x00, 0x00, 0x08, 0x00, 0x00,
  0x00, 0xe2, 0x0f, 0x00, 0x09, 0x72, 0xd6, 0xd6, 0xea, 0x00, 0x00, 0x00,
  0x00, 0x00, 0x81, 0x07, 0x00, 0xe2, 0x4f, 0x00, 0x21, 0x72, 0xea, 0xf2,
  0xf3, 0x00, 0x00, 0x00, 0x00, 0x00, 0x01, 0x00, 0x00, 0xcc, 0x2f, 0x00,
  0x08, 0x73, 0xc3, 0x00, 0xf4, 0x00, 0x00, 0x00, 0x00, 0x08, 0x00, 0x00,
  0x00, 0x62, 0x0e, 0x00, 0x21, 0x72, 0xea, 0xff, 0xea, 0x00, 0x00, 0x00,
  0x00, 0x00, 0x01, 0x00, 0x00, 0xe2, 0x0f, 0x00, 0x21, 0x72, 0xf0, 0xed,
  0xec, 0x00, 0x00, 0x00, 0x00, 0x00, 0x01, 0x00, 0x00, 0xe2, 0x8f, 0x00,
  0x09, 0x72, 0xd6, 0xd6, 0xc1, 0x00, 0x00, 0x00, 0x00, 0x00, 0x81, 0x07,
  0x00, 0xc6, 0x0f, 0x00, 0x21, 0x72, 0xf0, 0xea, 0xf0, 0x00, 0x00, 0x00,
  0x00, 0x00, 0x01, 0x00, 0x00, 0xe4, 0x0f, 0x00, 0x08, 0x73, 0xe1, 0x00,
  0xe1, 0x00, 0x00, 0x00, 0x00, 0x08, 0x00, 0x00, 0x00, 0xe2, 0x0f, 0x00,
  0x21, 0x72, 0xeb, 0xd6, 0xeb, 0x00, 0x00, 0x00, 0x00, 0x01, 0x01, 0x00,
  0x00, 0xe2, 0x0f, 0x04, 0x21, 0x72, 0xf1, 0xd6, 0xf1, 0x00, 0x00, 0x00,
  0x00, 0x01, 0x01, 0x00, 0x00, 0xe2, 0x0f, 0x04, 0x21, 0x72, 0xf9, 0xd6,
  0xf9, 0x00, 0x00, 0x00, 0x00, 0x01, 0x01, 0x00, 0x00, 0xe2, 0x0f, 0x04,
  0x21, 0x72, 0xfb, 0xd6, 0xfb, 0x00, 0x00, 0x00, 0x00, 0x01, 0x01, 0x00,
  0x00, 0xe2, 0x0f, 0x04, 0x20, 0x78, 0xeb, 0xeb, 0x3b, 0xaa, 0xb8, 0x3f,
  0x00, 0x00, 0x41, 0x00, 0x00, 0xe2, 0x0f, 0x00, 0x20, 0x78, 0xfa, 0xf1,
  0x3b, 0xaa, 0xb8, 0x3f, 0x00, 0x00, 0x41, 0x00, 0x00, 0xe2, 0x0f, 0x00,
  0x21, 0x72, 0xde, 0xd6, 0xde, 0x00, 0x00, 0x00, 0x00, 0x01, 0x01, 0x00,
  0x00, 0xe2, 0x0f, 0x00, 0x08, 0x73, 0xe0, 0x00, 0xe0, 0x00, 0x00, 0x00,
  0x00, 0x08, 0x00, 0x00, 0x00, 0xa2, 0x0e, 0x00, 0x21, 0x72, 0xea, 0xc2,
  0xc3, 0x00, 0x00, 0x00, 0x00, 0x00, 0x01, 0x00, 0x00, 0xe2, 0x2f, 0x00,
  0x20, 0x78, 0xfb, 0xfb, 0x3b, 0xaa, 0xb8, 0x3f, 0x00, 0x00, 0x41, 0x00,
  0x00, 0xe2, 0x0f, 0x00, 0x20, 0x78, 0xde, 0xde, 0x3b, 0xaa, 0xb8, 0x3f,
  0x00, 0x00, 0x41, 0x00, 0x00, 0xc4, 0x0f, 0x00, 0x21, 0x72, 0xea, 0xff,
  0xea, 0x00, 0x00, 0x00, 0x00, 0x00, 0x01, 0x00, 0x00, 0xc6, 0x0f, 0x00,
  0x08, 0x73, 0xf1, 0x00, 0xde, 0x00, 0x00, 0x00, 0x00, 0x08, 0x00, 0x00,
  0x00, 0xe2, 0x0f, 0x00, 0x21, 0x72, 0xf4, 0xe1, 0xe0, 0x00, 0x00, 0x00,
  0x00, 0x00, 0x01, 0x00, 0x00, 0xc8, 0x4f, 0x00, 0x21, 0x72, 0xea, 0xea,
  0xf4, 0x00, 0x00, 0x00, 0x00, 0x00, 0x01, 0x00, 0x00, 0xc6, 0x0f, 0x00,
  0x08, 0x73, 0xf4, 0x00, 0xeb, 0x00, 0x00, 0x00, 0x00, 0x08, 0x00, 0x00,
  0x00, 0xe2, 0x0f, 0x00, 0x21, 0x72, 0xea, 0xf0, 0xea, 0x00, 0x00, 0x00,
  0x00, 0x00, 0x01, 0x00, 0x00, 0xe2, 0x0f, 0x00, 0x21, 0x72, 0xf0, 0xd6,
  0xf5, 0x00, 0x00, 0x00, 0x00, 0x01, 0x01, 0x00, 0x00, 0xc8, 0x0f, 0x00,
  0x89, 0x7f, 0xf6, 0xea, 0x00, 0x1f, 0x20, 0x0c, 0x00, 0x00, 0x0e, 0x00,
  0x00, 0x64, 0x0e, 0x00, 0x08, 0x73, 0xf5, 0x00, 0xfa, 0x00, 0x00, 0x00,
  0x00, 0x08, 0x00, 0x00, 0x00, 0xe2, 0x04, 0x00, 0x20, 0x78, 0xf0, 0xf0,
  0x3b, 0xaa, 0xb8, 0x3f, 0x00, 0x00, 0x41, 0x00, 0x00, 0xce, 0x0f, 0x00,
  0x08, 0x73, 0xeb, 0x00, 0xfb, 0x00, 0x00, 0x00, 0x00, 0x08, 0x00, 0x00,
  0x00, 0xf0, 0x0f, 0x00, 0x08, 0x73, 0xf0, 0x00, 0xf0, 0x00, 0x00, 0x00,
  0x00, 0x08, 0x00, 0x00, 0x00, 0xe2, 0x0f, 0x00, 0x21, 0x72, 0xf8, 0xea,
  0xf6, 0x00, 0x00, 0x00, 0x00, 0x00, 0x01, 0x00, 0x00, 0xe2, 0x2f, 0x00,
  0x20, 0x78, 0xea, 0xf9, 0x3b, 0xaa, 0xb8, 0x3f, 0x00, 0x00, 0x41, 0x00,
  0x00, 0xe2, 0x0f, 0x00, 0x21, 0x72, 0xf6, 0xd6, 0xf7, 0x00, 0x00, 0x00,
  0x00, 0x01, 0x01, 0x00, 0x00, 0xc6, 0x0f, 0x00, 0x89, 0x7f, 0xf7, 0xf8,
  0x00, 0x1f, 0x40, 0x0c, 0x00, 0x00, 0x0e, 0x00, 0x00, 0x62, 0x0e, 0x00,
  0x20, 0x78, 0xfa, 0xf6, 0x3b, 0xaa, 0xb8, 0x3f, 0x00, 0x00, 0x41, 0x00,
  0x00, 0xe2, 0x4f, 0x00, 0x08, 0x73, 0xea, 0x00, 0xea, 0x00, 0x00, 0x00,
  0x00, 0x08, 0x00, 0x00, 0x00, 0xa2, 0x0e, 0x00, 0x21, 0x72, 0xf6, 0xd6,
  0xdf, 0x00, 0x00, 0x00, 0x00, 0x01, 0x01, 0x00, 0x00, 0xc8, 0x0f, 0x00,
  0x20, 0x78, 0xde, 0xf6, 0x3b, 0xaa, 0xb8, 0x3f, 0x00, 0x00, 0x41, 0x00,
  0x00, 0xe2, 0x0f, 0x00, 0x21, 0x72, 0xf6, 0xf4, 0xf5, 0x00, 0x00, 0x00,
  0x00, 0x00, 0x01, 0x00, 0x00, 0xe4, 0x8f, 0x00, 0x08, 0x73, 0xdf, 0x00,
  0xfa, 0x00, 0x00, 0x00, 0x00, 0x08, 0x00, 0x00, 0x00, 0xe4, 0x0f, 0x00,
  0x21, 0x72, 0xf6, 0xff, 0xf6, 0x00, 0x00, 0x00, 0x00, 0x00, 0x01, 0x00,
  0x00, 0xcc, 0x0f, 0x00, 0x08, 0x73, 0xde, 0x00, 0xde, 0x00, 0x00, 0x00,
  0x00, 0x08, 0x00, 0x00, 0x00, 0xe2, 0x0e, 0x00, 0x21, 0x72, 0xf9, 0xeb,
  0xea, 0x00, 0x00, 0x00, 0x00, 0x00, 0x01, 0x00, 0x00, 0xc8, 0x4f, 0x00,
  0x21, 0x72, 0xf9, 0xf6, 0xf9, 0x00, 0x00, 0x00, 0x00, 0x00, 0x01, 0x00,
  0x00, 0xe2, 0x0f, 0x00, 0x21, 0x72, 0xf6, 0xf8, 0xf7, 0x00, 0x00, 0x00,
  0x00, 0x00, 0x01, 0x00, 0x00, 0xe2, 0x2f, 0x00, 0x21, 0x72, 0xf7, 0xf0,
  0xf1, 0x00, 0x00, 0x00, 0x00, 0x00, 0x01, 0x00, 0x00, 0xc8, 0x0f, 0x00,
  0x21, 0x72, 0xf7, 0xff, 0xf7, 0x00, 0x00, 0x00, 0x00, 0x00, 0x01, 0x00,
  0x00, 0xe2, 0x0f, 0x00, 0x21, 0x72, 0xf8, 0xdf, 0xde, 0x00, 0x00, 0x00,
  0x00, 0x00, 0x01, 0x00, 0x00, 0xc8, 0x8f, 0x00, 0x21, 0x72, 0xf8, 0xf7,
  0xf8, 0x00, 0x00, 0x00, 0x00, 0x00, 0x01, 0x00, 0x00, 0xc8, 0x0f, 0x00,
  0x21, 0x72, 0xfa, 0xf9, 0xf8, 0x00, 0x00, 0x00, 0x00, 0x00, 0x01, 0x00,
  0x00, 0xe2, 0x0f, 0x00, 0x21, 0x72, 0xf8, 0xd5, 0xc0, 0x00, 0x00, 0x00,
  0x00, 0x01, 0x01, 0x00, 0x00, 0xe2, 0x0f, 0x00, 0x21, 0x72, 0xf9, 0xd6,
  0xc1, 0x00, 0x00, 0x00, 0x00, 0x01, 0x01, 0x00, 0x00, 0xc6, 0x0f, 0x00,
  0x89, 0x7f, 0xf7, 0xfa, 0x00, 0x1f, 0x20, 0x0c, 0x00, 0x00, 0x0e, 0x00,
  0x00, 0x62, 0x0e, 0x00, 0x20, 0x78, 0xf9, 0xf9, 0x3b, 0xaa, 0xb8, 0x3f,
  0x00, 0x00, 0x41, 0x00, 0x00, 0xe2, 0x0f, 0x00, 0x20, 0x78, 0xf8, 0xf8,
  0x3b, 0xaa, 0xb8, 0x3f, 0x00, 0x00, 0x41, 0x00, 0x00, 0xc8, 0x0f, 0x00,
  0x08, 0x73, 0xc1, 0x00, 0xf8, 0x00, 0x00, 0x00, 0x00, 0x08, 0x00, 0x00,
  0x00, 0xb0, 0x0e, 0x00, 0x08, 0x73, 0xf9, 0x00, 0xf9, 0x00, 0x00, 0x00,
  0x00, 0x08, 0x00, 0x00, 0x00, 0xe2, 0x0e, 0x00, 0x23, 0x72, 0xd7, 0xc1,
  0xd7, 0x00, 0x00, 0x00, 0xf6, 0x00, 0x01, 0x00, 0x00, 0xe2, 0x4f, 0x04,
  0x3e, 0x72, 0xc1, 0xc1, 0xc1, 0x00, 0x00, 0x00, 0xff, 0x00, 0x00, 0x00,
  0x00, 0xe2, 0x0f, 0x00, 0x21, 0x72, 0xf7, 0xfa, 0xf7, 0x00, 0x00, 0x00,
  0x00, 0x00, 0x01, 0x00, 0x00, 0xc8, 0x2f, 0x00, 0x32, 0x72, 0xce, 0xc1,
  0xce, 0x00, 0x00, 0x00, 0x00, 0x00, 0x00, 0x00, 0x00, 0xe2, 0x0f, 0x04,
  0x89, 0x7f, 0xc0, 0xf7, 0x00, 0x1f, 0x40, 0x0c, 0x00, 0x00, 0x0e, 0x00,
  0x00, 0x62, 0x0e, 0x00, 0x32, 0x72, 0xcc, 0xc1, 0xcc, 0x00, 0x00, 0x00,
  0x00, 0x00, 0x00, 0x00, 0x00, 0xe4, 0x0f, 0x04, 0x32, 0x72, 0xca, 0xc1,
  0xca, 0x00, 0x00, 0x00, 0x00, 0x00, 0x00, 0x00, 0x00, 0xe4, 0x0f, 0x04,
  0x32, 0x72, 0xc8, 0xc1, 0xc8, 0x00, 0x00, 0x00, 0x00, 0x00, 0x00, 0x00,
  0x00, 0xe4, 0x0f, 0x04, 0x32, 0x72, 0xc6, 0xc1, 0xc6, 0x00, 0x00, 0x00,
  0x00, 0x00, 0x00, 0x00, 0x00, 0xe4, 0x0f, 0x04, 0x32, 0x72, 0xc4, 0xc1,
  0xc4, 0x00, 0x00, 0x00, 0x00, 0x00, 0x00, 0x00, 0x00, 0xc4, 0x0f, 0x00,
  0x32, 0x72, 0x1e, 0xc1, 0x1e, 0x00, 0x00, 0x00, 0x00, 0x00, 0x00, 0x00,
  0x00, 0xe4, 0x0f, 0x04, 0x32, 0x72, 0x1c, 0xc1, 0x1c, 0x00, 0x00, 0x00,
  0x00, 0x00, 0x00, 0x00, 0x00, 0xe4, 0x0f, 0x04, 0x32, 0x72, 0x1a, 0xc1,
  0x1a, 0x00, 0x00, 0x00, 0x00, 0x00, 0x00, 0x00, 0x00, 0xe4, 0x0f, 0x04,
  0x32, 0x72, 0x18, 0xc1, 0x18, 0x00, 0x00, 0x00, 0x00, 0x00, 0x00, 0x00,
  0x00, 0xe4, 0x0f, 0x04, 0x32, 0x72, 0x16, 0xc1, 0x16, 0x00, 0x00, 0x00,
  0x00, 0x00, 0x00, 0x00, 0x00, 0xe4, 0x0f, 0x04, 0x32, 0x72, 0x14, 0xc1,
  0x14, 0x00, 0x00, 0x00, 0x00, 0x00, 0x00, 0x00, 0x00, 0xc4, 0x0f, 0x00,
  0x32, 0x72, 0x12, 0xc1, 0x12, 0x00, 0x00, 0x00, 0x00, 0x00, 0x00, 0x00,
  0x00, 0xe2, 0x0f, 0x04, 0x21, 0x72, 0xc0, 0xf7, 0xc0, 0x00, 0x00, 0x00,
  0x00, 0x00, 0x01, 0x00, 0x00, 0xe2, 0x2f, 0x00, 0x32, 0x72, 0x10, 0xc1,
  0x10, 0x00, 0x00, 0x00, 0x00, 0x00, 0x00, 0x00, 0x00, 0xe4, 0x0f, 0x04,
  0x32, 0x72, 0x0e, 0xc1, 0x0e, 0x00, 0x00, 0x00, 0x00, 0x00, 0x00, 0x00,
  0x00, 0xe2, 0x0f, 0x04, 0x23, 0x72, 0xd8, 0xf9, 0xd8, 0x00, 0x00, 0x00,
  0xc0, 0x00, 0x01, 0x00, 0x00, 0xe2, 0x8f, 0x04, 0x3e, 0x72, 0xc0, 0xf9,
  0xf9, 0x00, 0x00, 0x00, 0xff, 0x00, 0x00, 0x00, 0x00, 0xe2, 0x0f, 0x00,
  0x32, 0x72, 0xd0, 0xc1, 0xd0, 0x00, 0x00, 0x00, 0x00, 0x00, 0x00, 0x00,
  0x00, 0xc8, 0x0f, 0x00, 0x32, 0x72, 0xcf, 0xc0, 0xcf, 0x00, 0x00, 0x00,
  0x00, 0x00, 0x00, 0x00, 0x00, 0xe4, 0x0f, 0x04, 0x32, 0x72, 0xcd, 0xc0,
  0xcd, 0x00, 0x00, 0x00, 0x00, 0x00, 0x00, 0x00, 0x00, 0xe4, 0x0f, 0x04,
  0x32, 0x72, 0xcb, 0xc0, 0xcb, 0x00, 0x00, 0x00, 0x00, 0x00, 0x00, 0x00,
  0x00, 0xe4, 0x0f, 0x04, 0x32, 0x72, 0xc9, 0xc0, 0xc9, 0x00, 0x00, 0x00,
  0x00, 0x00, 0x00, 0x00, 0x00, 0xe4, 0x0f, 0x04, 0x32, 0x72, 0xc7, 0xc0,
  0xc7, 0x00, 0x00, 0x00, 0x00, 0x00, 0x00, 0x00, 0x00, 0xe4, 0x0f, 0x04,
  0x32, 0x72, 0xc5, 0xc0, 0xc5, 0x00, 0x00, 0x00, 0x00, 0x00, 0x00, 0x00,
  0x00, 0xc4, 0x0f, 0x00, 0x32, 0x72, 0x1f, 0xc0, 0x1f, 0x00, 0x00, 0x00,
  0x00, 0x00, 0x00, 0x00, 0x00, 0xe4, 0x0f, 0x04, 0x32, 0x72, 0x1d, 0xc0,
  0x1d, 0x00, 0x00, 0x00, 0x00, 0x00, 0x00, 0x00, 0x00, 0xe4, 0x0f, 0x04,
  0x32, 0x72, 0x1b, 0xc0, 0x1b, 0x00, 0x00, 0x00, 0x00, 0x00, 0x00, 0x00,
  0x00, 0xe4, 0x0f, 0x04, 0x32, 0x72, 0x19, 0xc0, 0x19, 0x00, 0x00, 0x00,
  0x00, 0x00, 0x00, 0x00, 0x00, 0xe4, 0x0f, 0x04, 0x32, 0x72, 0x17, 0xc0,
  0x17, 0x00, 0x00, 0x00, 0x00, 0x00, 0x00, 0x00, 0x00, 0xe4, 0x0f, 0x04,
  0x32, 0x72, 0x15, 0xc0, 0x15, 0x00, 0x00, 0x00, 0x00, 0x00, 0x00, 0x00,
  0x00, 0xc4, 0x0f, 0x00, 0x32, 0x72, 0x13, 0xc0, 0x13, 0x00, 0x00, 0x00,
  0x00, 0x00, 0x00, 0x00, 0x00, 0xe4, 0x0f, 0x04, 0x32, 0x72, 0x11, 0xc0,
  0x11, 0x00, 0x00, 0x00, 0x00, 0x00, 0x00, 0x00, 0x00, 0xe4, 0x0f, 0x04,
  0x32, 0x72, 0x0f, 0xc0, 0x0f, 0x00, 0x00, 0x00, 0x00, 0x00, 0x00, 0x00,
  0x00, 0xe4, 0x0f, 0x04, 0x32, 0x72, 0xd1, 0xc0, 0xd1, 0x00, 0x00, 0x00,
  0x00, 0x00, 0x00, 0x00, 0x00, 0xe2, 0x0f, 0x00, 0x47, 0x79, 0x00, 0x00,
  0x20, 0x05, 0x00, 0x00, 0x00, 0x00, 0x80, 0x03, 0x00, 0xea, 0x0f, 0x00,
  0x89, 0x7f, 0xc0, 0xe1, 0x00, 0x1f, 0x20, 0x0c, 0x00, 0x00, 0x0e, 0x00,
  0x00, 0x68, 0x0e, 0x00, 0x89, 0x7f, 0xc1, 0xc2, 0x00, 0x1f, 0x20, 0x0c,
  0x00, 0x00, 0x0e, 0x00, 0x00, 0xa2, 0x0e, 0x00, 0x09, 0x72, 0xc0, 0xe1,
  0xc0, 0x00, 0x00, 0x00, 0x00, 0x00, 0x81, 0x07, 0x00, 0xc4, 0x2f, 0x00,
  0x09, 0x72, 0xd6, 0xc2, 0xc1, 0x00, 0x00, 0x00, 0x00, 0x00, 0x81, 0x07,
  0x00, 0xc6, 0x4f, 0x00, 0x89, 0x7f, 0xd5, 0xc0, 0x00, 0x1f, 0x40, 0x0c,
  0x00, 0x00, 0x0e, 0x00, 0x00, 0x68, 0x0e, 0x00, 0x89, 0x7f, 0xc1, 0xd6,
  0x00, 0x1f, 0x40, 0x0c, 0x00, 0x00, 0x0e, 0x00, 0x00, 0xa2, 0x0e, 0x00,
  0x09, 0x72, 0xd5, 0xc0, 0xd5, 0x00, 0x00, 0x00, 0x00, 0x00, 0x81, 0x07,
  0x00, 0xe4, 0x2f, 0x00, 0x09, 0x72, 0xd6, 0xd6, 0xc1, 0x00, 0x00, 0x00,
  0x00, 0x00, 0x81, 0x07, 0x00, 0xc6, 0x4f, 0x00, 0x21, 0x72, 0xf0, 0xd5,
  0xf0, 0x00, 0x00, 0x00, 0x00, 0x01, 0x01, 0x00, 0x00, 0xe2, 0x0f, 0x04,
  0x21, 0x72, 0xea, 0xd5, 0xea, 0x00, 0x00, 0x00, 0x00, 0x01, 0x01, 0x00,
  0x00, 0xe2, 0x0f, 0x04, 0x21, 0x72, 0xfa, 0xd5, 0xfa, 0x00, 0x00, 0x00,
  0x00, 0x01, 0x01, 0x00, 0x00, 0xe2, 0x0f, 0x04, 0x21, 0x72, 0xf8, 0xd5,
  0xf8, 0x00, 0x00, 0x00, 0x00, 0x01, 0x01, 0x00, 0x00, 0xe2, 0x0f, 0x04,
  0x20, 0x78, 0xf0, 0xf0, 0x3b, 0xaa, 0xb8, 0x3f, 0x00, 0x00, 0x41, 0x00,
  0x00, 0xe2, 0x0f, 0x00, 0x20, 0x78, 0xea, 0xea, 0x3b, 0xaa, 0xb8, 0x3f,
  0x00, 0x00, 0x41, 0x00, 0x00, 0xe2, 0x0f, 0x00, 0x20, 0x78, 0xfa, 0xfa,
  0x3b, 0xaa, 0xb8, 0x3f, 0x00, 0x00, 0x41, 0x00, 0x00, 0xe2, 0x0f, 0x00,
  0x20, 0x78, 0xf8, 0xf8, 0x3b, 0xaa, 0xb8, 0x3f, 0x00, 0x00, 0x41, 0x00,
  0x00, 0xe2, 0x0f, 0x00, 0x08, 0x73, 0xf2, 0x00, 0xf0, 0x00, 0x00, 0x00,
  0x00, 0x08, 0x00, 0x00, 0x00, 0xe2, 0x0f, 0x00, 0x21, 0x72, 0xf6, 0xd5,
  0xf6, 0x00, 0x00, 0x00, 0x00, 0x01, 0x01, 0x00, 0x00, 0xe2, 0x0f, 0x04,
  0x21, 0x72, 0xf4, 0xd5, 0xf4, 0x00, 0x00, 0x00, 0x00, 0x01, 0x01, 0x00,
  0x00, 0xe2, 0x0f, 0x04, 0x21, 0x72, 0xc0, 0xd5, 0xec, 0x00, 0x00, 0x00,
  0x00, 0x01, 0x01, 0x00, 0x00, 0xe2, 0x0f, 0x04, 0x21, 0x72, 0xe0, 0xd5,
  0xe0, 0x00, 0x00, 0x00, 0x00, 0x01, 0x01, 0x00, 0x00, 0xe2, 0x0f, 0x00,
  0x20, 0x78, 0xf6, 0xf6, 0x3b, 0xaa, 0xb8, 0x3f, 0x00, 0x00, 0x41, 0x00,
  0x00, 0xe2, 0x0f, 0x00, 0x20, 0x78, 0xf4, 0xf4, 0x3b, 0xaa, 0xb8, 0x3f,
  0x00, 0x00, 0x41, 0x00, 0x00, 0xe2, 0x0f, 0x00, 0x20, 0x78, 0xc0, 0xc0,
  0x3b, 0xaa, 0xb8, 0x3f, 0x00, 0x00, 0x41, 0x00, 0x00, 0xe2, 0x0f, 0x00,
  0x08, 0x73, 0xf3, 0x00, 0xea, 0x00, 0x00, 0x00, 0x00, 0x08, 0x00, 0x00,
  0x00, 0x62, 0x0e, 0x00, 0x20, 0x78, 0xe0, 0xe0, 0x3b, 0xaa, 0xb8, 0x3f,
  0x00, 0x00, 0x41, 0x00, 0x00, 0xe2, 0x0f, 0x00, 0x21, 0x72, 0xf1, 0xd6,
  0xf1, 0x00, 0x00, 0x00, 0x00, 0x01, 0x01, 0x00, 0x00, 0xe2, 0x0f, 0x04,
  0x21, 0x72, 0xeb, 0xd6, 0xeb, 0x00, 0x00, 0x00, 0x00, 0x01, 0x01, 0x00,
  0x00, 0xe2, 0x0f, 0x04, 0x21, 0x72, 0xfb, 0xd6, 0xfb, 0x00, 0x00, 0x00,
  0x00, 0x01, 0x01, 0x00, 0x00, 0xe2, 0x0f, 0x04, 0x21, 0x72, 0xf9, 0xd6,
  0xf9, 0x00, 0x00, 0x00, 0x00, 0x01, 0x01, 0x00, 0x00, 0xe2, 0x0f, 0x04,
  0x20, 0x78, 0xc1, 0xf1, 0x3b, 0xaa, 0xb8, 0x3f, 0x00, 0x00, 0x41, 0x00,
  0x00, 0xe2, 0x0f, 0x00, 0x20, 0x78, 0xeb, 0xeb, 0x3b, 0xaa, 0xb8, 0x3f,
  0x00, 0x00, 0x41, 0x00, 0x00, 0xe2, 0x0f, 0x00, 0x08, 0x73, 0xed, 0x00,
  0xfa, 0x00, 0x00, 0x00, 0x00, 0x08, 0x00, 0x00, 0x00, 0xe2, 0x0f, 0x00,
  0x21, 0x72, 0xd7, 0xd6, 0xf5, 0x00, 0x00, 0x00, 0x00, 0x01, 0x01, 0x00,
  0x00, 0xe2, 0x0f, 0x04, 0x20, 0x78, 0xfb, 0xfb, 0x3b, 0xaa, 0xb8, 0x3f,
  0x00, 0x00, 0x41, 0x00, 0x00, 0xe2, 0x0f, 0x00, 0x20, 0x78, 0xf9, 0xf9,
  0x3b, 0xaa, 0xb8, 0x3f, 0x00, 0x00, 0x41, 0x00, 0x00, 0xe2, 0x0f, 0x00,
  0x21, 0x72, 0xde, 0xd6, 0xde, 0x00, 0x00, 0x00, 0x00, 0x01, 0x01, 0x00,
  0x00, 0xe2, 0x0f, 0x04, 0x20, 0x78, 0xd7, 0xd7, 0x3b, 0xaa, 0xb8, 0x3f,
  0x00, 0x00, 0x41, 0x00, 0x00, 0xe2, 0x0f, 0x00, 0x21, 0x72, 0xf7, 0xd6,
  0xf7, 0x00, 0x00, 0x00, 0x00, 0x01, 0x01, 0x00, 0x00, 0xc4, 0x0f, 0x00,
  0x08, 0x73, 0xec, 0x00, 0xf8, 0x00, 0x00, 0x00, 0x00, 0x08, 0x00, 0x00,
  0x00, 0xa2, 0x0e, 0x00, 0x20, 0x78, 0xde, 0xde, 0x3b, 0xaa, 0xb8, 0x3f,
  0x00, 0x00, 0x41, 0x00, 0x00, 0xe2, 0x0f, 0x00, 0x20, 0x78, 0xf7, 0xf7,
  0x3b, 0xaa, 0xb8, 0x3f, 0x00, 0x00, 0x41, 0x00, 0x00, 0xcc, 0x0f, 0x00,
  0x08, 0x73, 0xc2, 0x00, 0xf6, 0x00, 0x00, 0x00, 0x00, 0x08, 0x00, 0x00,
  0x00, 0xf0, 0x0f, 0x00, 0x08, 0x73, 0xc3, 0x00, 0xf4, 0x00, 0x00, 0x00,
  0x00, 0x08, 0x00, 0x00, 0x00, 0xf0, 0x0f, 0x00, 0x08, 0x73, 0xe1, 0x00,
  0xc0, 0x00, 0x00, 0x00, 0x00, 0x08, 0x00, 0x00, 0x00, 0xf0, 0x03, 0x00,
  0x08, 0x73, 0xe0, 0x00, 0xe0, 0x00, 0x00, 0x00, 0x00, 0x08, 0x00, 0x00,
  0x00, 0xe2, 0x0e, 0x00, 0x21, 0x72, 0xc0, 0xf2, 0xf3, 0x00, 0x00, 0x00,
  0x00, 0x00, 0x01, 0x00, 0x00, 0xc8, 0x2f, 0x00, 0x21, 0x72, 0xc0, 0xff,
  0xc0, 0x00, 0x00, 0x00, 0x00, 0x00, 0x01, 0x00, 0x00, 0xc6, 0x0f, 0x00,
  0x08, 0x73, 0xf5, 0x00, 0xc1, 0x00, 0x00, 0x00, 0x00, 0x08, 0x00, 0x00,
  0x00, 0xf0, 0x05, 0x00, 0x08, 0x73, 0xf4, 0x00, 0xeb, 0x00, 0x00, 0x00,
  0x00, 0x08, 0x00, 0x00, 0x00, 0xe2, 0x0f, 0x00, 0x21, 0x72, 0xc1, 0xed,
  0xec, 0x00, 0x00, 0x00, 0x00, 0x00, 0x01, 0x00, 0x00, 0xe2, 0x4f, 0x00,
  0x21, 0x72, 0xd8, 0xe1, 0xe0, 0x00, 0x00, 0x00, 0x00, 0x00, 0x01, 0x00,
  0x00, 0xc6, 0x8f, 0x00, 0x21, 0x72, 0xc0, 0xc0, 0xc1, 0x00, 0x00, 0x00,
  0x00, 0x00, 0x01, 0x00, 0x00, 0xe2, 0x0f, 0x00, 0x21, 0x72, 0xc1, 0xd6,
  0xdf, 0x00, 0x00, 0x00, 0x00, 0x01, 0x01, 0x00, 0x00, 0xe4, 0x0f, 0x00,
  0x08, 0x73, 0xeb, 0x00, 0xfb, 0x00, 0x00, 0x00, 0x00, 0x08, 0x00, 0x00,
  0x00, 0xe4, 0x0f, 0x00, 0x20, 0x78, 0xc1, 0xc1, 0x3b, 0xaa, 0xb8, 0x3f,
  0x00, 0x00, 0x41, 0x00, 0x00, 0xcc, 0x0f, 0x00, 0x08, 0x73, 0xea, 0x00,
  0xf9, 0x00, 0x00, 0x00, 0x00, 0x08, 0x00, 0x00, 0x00, 0x70, 0x0e, 0x00,
  0x08, 0x73, 0xf0, 0x00, 0xd7, 0x00, 0x00, 0x00, 0x00, 0x08, 0x00, 0x00,
  0x00, 0xf0, 0x05, 0x00, 0x08, 0x73, 0xf1, 0x00, 0xde, 0x00, 0x00, 0x00,
  0x00, 0x08, 0x00, 0x00, 0x00, 0xe2, 0x0e, 0x00, 0x21, 0x72, 0xd7, 0xc2,
  0xc3, 0x00, 0x00, 0x00, 0x00, 0x00, 0x01, 0x00, 0x00, 0xe2, 0x4f, 0x00,
  0x21, 0x72, 0xf9, 0xeb, 0xea, 0x00, 0x00, 0x00, 0x00, 0x00, 0x01, 0x00,
  0x00, 0xc6, 0x2f, 0x00, 0x21, 0x72, 0xd7, 0xff, 0xd7, 0x00, 0x00, 0x00,
  0x00, 0x00, 0x01, 0x00, 0x00, 0xc6, 0x0f, 0x00, 0x08, 0x73, 0xdf, 0x00,
  0xf7, 0x00, 0x00, 0x00, 0x00, 0x08, 0x00, 0x00, 0x00, 0xe2, 0x0f, 0x00,
  0x21, 0x72, 0xd7, 0xd7, 0xd8, 0x00, 0x00, 0x00, 0x00, 0x00, 0x01, 0x00,
  0x00, 0xe2, 0x0f, 0x00, 0x21, 0x72, 0xd8, 0xf4, 0xf5, 0x00, 0x00, 0x00,
  0x00, 0x00, 0x01, 0x00, 0x00, 0xc6, 0x0f, 0x00, 0x21, 0x72, 0xc0, 0xc0,
  0xd7, 0x00, 0x00, 0x00, 0x00, 0x00, 0x01, 0x00, 0x00, 0xe2, 0x0f, 0x00,
  0x21, 0x72, 0xd8, 0xff, 0xd8, 0x00, 0x00, 0x00, 0x00, 0x00, 0x01, 0x00,
  0x00, 0xe4, 0x0f, 0x00, 0x08, 0x73, 0xde, 0x00, 0xc1, 0x00, 0x00, 0x00,
  0x00, 0x08, 0x00, 0x00, 0x00, 0xa4, 0x02, 0x00, 0x21, 0x72, 0xf9, 0xd8,
  0xf9, 0x00, 0x00, 0x00, 0x00, 0x00, 0x01, 0x00, 0x00, 0xe2, 0x0f, 0x00,
  0x21, 0x72, 0xd8, 0xf0, 0xf1, 0x00, 0x00, 0x00, 0x00, 0x00, 0x01, 0x00,
  0x00, 0xc8, 0x8f, 0x00, 0x21, 0x72, 0xd8, 0xff, 0xd8, 0x00, 0x00, 0x00,
  0x00, 0x00, 0x01, 0x00, 0x00, 0xe2, 0x0f, 0x00, 0x89, 0x7f, 0xc1, 0xc0,
  0x00, 0x1f, 0x20, 0x0c, 0x00, 0x00, 0x0e, 0x00, 0x00, 0x62, 0x2e, 0x00,
  0x21, 0x72, 0xf7, 0xdf, 0xde, 0x00, 0x00, 0x00, 0x00, 0x00, 0x01, 0x00,
  0x00, 0xc8, 0x4f, 0x00, 0x21, 0x72, 0xd8, 0xd8, 0xf7, 0x00, 0x00, 0x00,
  0x00, 0x00, 0x01, 0x00, 0x00, 0xc8, 0x0f, 0x00, 0x21, 0x72, 0xf9, 0xf9,
  0xd8, 0x00, 0x00, 0x00, 0x00, 0x00, 0x01, 0x00, 0x00, 0xca, 0x0f, 0x00,
  0x89, 0x7f, 0xd8, 0xf9, 0x00, 0x1f, 0x20, 0x0c, 0x00, 0x00, 0x0e, 0x00,
  0x00, 0xa2, 0x0e, 0x00, 0x21, 0x72, 0xc1, 0xc0, 0xc1, 0x00, 0x00, 0x00,
  0x00, 0x00, 0x01, 0x00, 0x00, 0xe2, 0x2f, 0x00, 0x21, 0x72, 0xf6, 0xf9,
  0xd8, 0x00, 0x00, 0x00, 0x00, 0x00, 0x01, 0x00, 0x00, 0xc8, 0x4f, 0x00,
  0x89, 0x7f, 0xd8, 0xc1, 0x00, 0x1f, 0x40, 0x0c, 0x00, 0x00, 0x0e, 0x00,
  0x00, 0x68, 0x0e, 0x00, 0x89, 0x7f, 0xf7, 0xf6, 0x00, 0x1f, 0x40, 0x0c,
  0x00, 0x00, 0x0e, 0x00, 0x00, 0xa2, 0x0e, 0x00, 0x21, 0x72, 0xd7, 0xc1,
  0xd8, 0x00, 0x00, 0x00, 0x00, 0x00, 0x01, 0x00, 0x00, 0xe2, 0x2f, 0x00,
  0x21, 0x72, 0xd8, 0xf6, 0xf7, 0x00, 0x00, 0x00, 0x00, 0x00, 0x01, 0x00,
  0x00, 0xe4, 0x4f, 0x00, 0x3e, 0x72, 0xc2, 0xc3, 0xc2, 0x00, 0x00, 0x00,
  0xff, 0x00, 0x00, 0x00, 0x00, 0xe4, 0x0f, 0x00, 0x3e, 0x72, 0xc0, 0xf3,
  0xf2, 0x00, 0x00, 0x00, 0xff, 0x00, 0x00, 0x00, 0x00, 0xe4, 0x0f, 0x00,
  0x3e, 0x72, 0xc1, 0xf5, 0xf4, 0x00, 0x00, 0x00, 0xff, 0x00, 0x00, 0x00,
  0x00, 0xc4, 0x0f, 0x00, 0x3e, 0x72, 0xc3, 0xf1, 0xf0, 0x00, 0x00, 0x00,
  0xff, 0x00, 0x00, 0x00, 0x00, 0xe2, 0x0f, 0x00, 0x47, 0x09, 0x00, 0x00,
  0x20, 0x01, 0x00, 0x00, 0x00, 0x00, 0x80, 0x03, 0x00, 0xec, 0x0f, 0x00,
  0x1a, 0x79, 0x00, 0x00, 0x00, 0x80, 0x00, 0x00, 0x00, 0x00, 0x00, 0x00,
  0x00, 0xc8, 0x0f, 0x00, 0x1d, 0x7b, 0x00, 0x00, 0x00, 0x00, 0x00, 0x00,
  0x00, 0x00, 0x01, 0x00, 0x00, 0xec, 0x0f, 0x00, 0x3b, 0x78, 0x40, 0xe7,
  0x00, 0x00, 0x40, 0x00, 0x00, 0x02, 0x00, 0x00, 0x00, 0xa8, 0x02, 0x00,
  0x3b, 0x78, 0x44, 0xe7, 0x00, 0x00, 0x50, 0x00, 0x00, 0x02, 0x00, 0x00,
  0x00, 0xe8, 0x02, 0x00, 0x3b, 0x78, 0x48, 0xdd, 0x00, 0x00, 0x40, 0x00,
  0x00, 0x02, 0x00, 0x00, 0x00, 0x28, 0x03, 0x00, 0x3b, 0x78, 0x4c, 0xdd,
  0x00, 0x00, 0x50, 0x00, 0x00, 0x02, 0x00, 0x00, 0x00, 0x68, 0x02, 0x00,
  0x3b, 0x78, 0x50, 0xdc, 0x00, 0x00, 0x40, 0x00, 0x00, 0x02, 0x00, 0x00,
  0x00, 0x68, 0x02, 0x00, 0x3b, 0x78, 0x54, 0xdc, 0x00, 0x00, 0x50, 0x00,
  0x00, 0x02, 0x00, 0x00, 0x00, 0x68, 0x02, 0x00, 0x3b, 0x78, 0x58, 0xdb,
  0x00, 0x00, 0x40, 0x00, 0x00, 0x02, 0x00, 0x00, 0x00, 0x68, 0x02, 0x00,
  0x3b, 0x78, 0x5c, 0xdb, 0x00, 0x00, 0x50, 0x00, 0x00, 0x02, 0x00, 0x00,
  0x00, 0x68, 0x02, 0x00, 0x3b, 0x78, 0x60, 0xe7, 0x00, 0x80, 0x40, 0x00,
  0x00, 0x02, 0x00, 0x00, 0x00, 0x68, 0x02, 0x00, 0x3b, 0x78, 0x64, 0xe7,
  0x00, 0x80, 0x50, 0x00, 0x00, 0x02, 0x00, 0x00, 0x00, 0x68, 0x02, 0x00,
  0x3b, 0x78, 0x68, 0xda, 0x00, 0x00, 0x40, 0x00, 0x00, 0x02, 0x00, 0x00,
  0x00, 0x68, 0x02, 0x00, 0x3b, 0x78, 0x6c, 0xda, 0x00, 0x00, 0x50, 0x00,
  0x00, 0x02, 0x00, 0x00, 0x00, 0x68, 0x02, 0x00, 0x3b, 0x78, 0x70, 0xd9,
  0x00, 0x00, 0x40, 0x00, 0x00, 0x02, 0x00, 0x00, 0x00, 0x68, 0x02, 0x00,
  0x3b, 0x78, 0x74, 0xd9, 0x00, 0x00, 0x50, 0x00, 0x00, 0x02, 0x00, 0x00,
  0x00, 0x68, 0x02, 0x00, 0x3b, 0x78, 0x78, 0x0a, 0x00, 0x00, 0x40, 0x00,
  0x00, 0x02, 0x00, 0x00, 0x00, 0x68, 0x02, 0x00, 0x3b, 0x78, 0x7c, 0x0a,
  0x00, 0x00, 0x50, 0x00, 0x00, 0x02, 0x00, 0x00, 0x00, 0x64, 0x02, 0x00,
  0x3c, 0x72, 0xce, 0xc0, 0x80, 0x00, 0x00, 0x00, 0xce, 0x08, 0x00, 0x00,
  0x00, 0xf0, 0xcf, 0x05, 0x3c, 0x72, 0xcc, 0xc0, 0x82, 0x00, 0x00, 0x00,
  0xcc, 0x08, 0x00, 0x00, 0x00, 0xf0, 0x0f, 0x04, 0x3c, 0x72, 0xca, 0xc0,
  0x84, 0x00, 0x00, 0x00, 0xca, 0x08, 0x00, 0x00, 0x00, 0xf0, 0x0f, 0x04,
  0x3c, 0x72, 0xc8, 0xc0, 0x86, 0x00, 0x00, 0x00, 0xc8, 0x08, 0x00, 0x00,
  0x00, 0xf0, 0x0f, 0x04, 0x3c, 0x72, 0xc6, 0xc0, 0x88, 0x00, 0x00, 0x00,
  0xc6, 0x08, 0x00, 0x00, 0x00, 0xf0, 0x0f, 0x04, 0x3c, 0x72, 0xc4, 0xc0,
  0x8a, 0x00, 0x00, 0x00, 0xc4, 0x08, 0x00, 0x00, 0x00, 0xf0, 0x0f, 0x04,
  0x3c, 0x72, 0x1e, 0xc0, 0x8c, 0x00, 0x00, 0x00, 0x1e, 0x08, 0x00, 0x00,
  0x00, 0xf0, 0x0f, 0x04, 0x3c, 0x72, 0x1c, 0xc0, 0x8e, 0x00, 0x00, 0x00,
  0x1c, 0x08, 0x00, 0x00, 0x00, 0xf0, 0x0f, 0x04, 0x3c, 0x72, 0x1a, 0xc0,
  0x90, 0x00, 0x00, 0x00, 0x1a, 0x08, 0x00, 0x00, 0x00, 0xf0, 0x0f, 0x04,
  0x3c, 0x72, 0x18, 0xc0, 0x92, 0x00, 0x00, 0x00, 0x18, 0x08, 0x00, 0x00,
  0x00, 0xf0, 0x0f, 0x04, 0x3c, 0x72, 0x16, 0xc0, 0x94, 0x00, 0x00, 0x00,
  0x16, 0x08, 0x00, 0x00, 0x00, 0xf0, 0x0f, 0x04, 0x3c, 0x72, 0x14, 0xc0,
  0x96, 0x00, 0x00, 0x00, 0x14, 0x08, 0x00, 0x00, 0x00, 0xf0, 0x0f, 0x04,
  0x3c, 0x72, 0x12, 0xc0, 0x98, 0x00, 0x00, 0x00, 0x12, 0x08, 0x00, 0x00,
  0x00, 0xf0, 0x0f, 0x04, 0x3c, 0x72, 0x10, 0xc0, 0x9a, 0x00, 0x00, 0x00,
  0x10, 0x08, 0x00, 0x00, 0x00, 0xf0, 0x0f, 0x04, 0x3c, 0x72, 0x0e, 0xc0,
  0x9c, 0x00, 0x00, 0x00, 0x0e, 0x08, 0x00, 0x00, 0x00, 0xf0, 0x0f, 0x04,
  0x3c, 0x72, 0xd0, 0xc0, 0x9e, 0x00, 0x00, 0x00, 0xd0, 0x08, 0x00, 0x00,
  0x00, 0xee, 0x0f, 0x00, 0x3e, 0x72, 0xc0, 0xec, 0xed, 0x00, 0x00, 0x00,
  0xff, 0x00, 0x00, 0x00, 0x00, 0xc4, 0x0f, 0x00, 0x3e, 0x72, 0xc1, 0xea,
  0xeb, 0x00, 0x00, 0x00, 0xff, 0x00, 0x00, 0x00, 0x00, 0xe4, 0x0f, 0x00,
  0x3e, 0x72, 0xc2, 0xe0, 0xe1, 0x00, 0x00, 0x00, 0xff, 0x00, 0x00, 0x00,
  0x00, 0xe4, 0x0f, 0x00, 0x3e, 0x72, 0xc3, 0xde, 0xdf, 0x00, 0x00, 0x00,
  0xff, 0x00, 0x00, 0x00, 0x00, 0xce, 0x0f, 0x00, 0x3c, 0x72, 0xce, 0xc0,
  0xa0, 0x00, 0x00, 0x00, 0xce, 0x08, 0x00, 0x00, 0x00, 0xf0, 0x0f, 0x04,
  0x3c, 0x72, 0xcc, 0xc0, 0xa2, 0x00, 0x00, 0x00, 0xcc, 0x08, 0x00, 0x00,
  0x00, 0xf0, 0x0f, 0x04, 0x3c, 0x72, 0xca, 0xc0, 0xa4, 0x00, 0x00, 0x00,
  0xca, 0x08, 0x00, 0x00, 0x00, 0xf0, 0x0f, 0x04, 0x3c, 0x72, 0xc8, 0xc0,
  0xa6, 0x00, 0x00, 0x00, 0xc8, 0x08, 0x00, 0x00, 0x00, 0xf0, 0x0f, 0x04,
  0x3c, 0x72, 0xc6, 0xc0, 0xa8, 0x00, 0x00, 0x00, 0xc6, 0x08, 0x00, 0x00,
  0x00, 0xf0, 0x0f, 0x04, 0x3c, 0x72, 0xc4, 0xc0, 0xaa, 0x00, 0x00, 0x00,
  0xc4, 0x08, 0x00, 0x00, 0x00, 0xf0, 0x0f, 0x04, 0x3c, 0x72, 0x1e, 0xc0,
  0xac, 0x00, 0x00, 0x00, 0x1e, 0x08, 0x00, 0x00, 0x00, 0xf0, 0x0f, 0x04,
  0x3c, 0x72, 0x1c, 0xc0, 0xae, 0x00, 0x00, 0x00, 0x1c, 0x08, 0x00, 0x00,
  0x00, 0xf0, 0x0f, 0x04, 0x3c, 0x72, 0x1a, 0xc0, 0xb0, 0x00, 0x00, 0x00,
  0x1a, 0x08, 0x00, 0x00, 0x00, 0xf0, 0x0f, 0x04, 0x3c, 0x72, 0x18, 0xc0,
  0xb2, 0x00, 0x00, 0x00, 0x18, 0x08, 0x00, 0x00, 0x00, 0xf0, 0x0f, 0x04,
  0x3c, 0x72, 0x16, 0xc0, 0xb4, 0x00, 0x00, 0x00, 0x16, 0x08, 0x00, 0x00,
  0x00, 0xf0, 0x0f, 0x04, 0x3c, 0x72, 0x14, 0xc0, 0xb6, 0x00, 0x00, 0x00,
  0x14, 0x08, 0x00, 0x00, 0x00, 0xf0, 0x0f, 0x04, 0x3c, 0x72, 0x12, 0xc0,
  0xb8, 0x00, 0x00, 0x00, 0x12, 0x08, 0x00, 0x00, 0x00, 0xf0, 0x0f, 0x04,
  0x3c, 0x72, 0x10, 0xc0, 0xba, 0x00, 0x00, 0x00, 0x10, 0x08, 0x00, 0x00,
  0x00, 0xf0, 0x0f, 0x04, 0x3c, 0x72, 0x0e, 0xc0, 0xbc, 0x00, 0x00, 0x00,
  0x0e, 0x08, 0x00, 0x00, 0x00, 0xf0, 0x0f, 0x04, 0x3c, 0x72, 0xd0, 0xc0,
  0xbe, 0x00, 0x00, 0x00, 0xd0, 0x08, 0x00, 0x00, 0x00, 0xe2, 0x0f, 0x00,
  0x47, 0x09, 0x00, 0x00, 0x00, 0x01, 0x00, 0x00, 0x00, 0x00, 0x80, 0x03,
  0x00, 0xee, 0x0f, 0x00, 0x3b, 0x78, 0x80, 0xe2, 0x00, 0x00, 0x60, 0x00,
  0x00, 0x42, 0x00, 0x00, 0x00, 0xe8, 0x04, 0x00, 0x3b, 0x78, 0x84, 0x07,
  0x00, 0x00, 0x60, 0x00, 0x00, 0x42, 0x00, 0x00, 0x00, 0x28, 0x05, 0x00,
  0x3b, 0x78, 0x88, 0x06, 0x00, 0x00, 0x60, 0x00, 0x00, 0x42, 0x00, 0x00,
  0x00, 0x68, 0x04, 0x00, 0x3b, 0x78, 0x8c, 0x05, 0x00, 0x00, 0x60, 0x00,
  0x00, 0x42, 0x00, 0x00, 0x00, 0x68, 0x04, 0x00, 0x3b, 0x78, 0x90, 0x04,
  0x00, 0x00, 0x60, 0x00, 0x00, 0x42, 0x00, 0x00, 0x00, 0x68, 0x04, 0x00,
  0x3b, 0x78, 0x94, 0x03, 0x00, 0x00, 0x60, 0x00, 0x00, 0x42, 0x00, 0x00,
  0x00, 0x68, 0x04, 0x00, 0x3b, 0x78, 0x98, 0x02, 0x00, 0x00, 0x60, 0x00,
  0x00, 0x42, 0x00, 0x00, 0x00, 0x68, 0x04, 0x00, 0x3b, 0x78, 0x9c, 0x00,
  0x00, 0x00, 0x60, 0x00, 0x00, 0x42, 0x00, 0x00, 0x00, 0x68, 0x04, 0x00,
  0x3b, 0x78, 0xa0, 0xe2, 0x00, 0x00, 0x70, 0x00, 0x00, 0x42, 0x00, 0x00,
  0x00, 0x68, 0x04, 0x00, 0x3b, 0x78, 0xa4, 0x07, 0x00, 0x00, 0x70, 0x00,
  0x00, 0x42, 0x00, 0x00, 0x00, 0x68, 0x04, 0x00, 0x3b, 0x78, 0xa8, 0x06,
  0x00, 0x00, 0x70, 0x00, 0x00, 0x42, 0x00, 0x00, 0x00, 0x68, 0x04, 0x00,
  0x3b, 0x78, 0xac, 0x05, 0x00, 0x00, 0x70, 0x00, 0x00, 0x42, 0x00, 0x00,
  0x00, 0x68, 0x04, 0x00, 0x3b, 0x78, 0xb0, 0x04, 0x00, 0x00, 0x70, 0x00,
  0x00, 0x42, 0x00, 0x00, 0x00, 0x68, 0x04, 0x00, 0x3b, 0x78, 0xb4, 0x03,
  0x00, 0x00, 0x70, 0x00, 0x00, 0x42, 0x00, 0x00, 0x00, 0x68, 0x04, 0x00,
  0x3b, 0x78, 0xb8, 0x02, 0x00, 0x00, 0x70, 0x00, 0x00, 0x42, 0x00, 0x00,
  0x00, 0x68, 0x04, 0x00, 0x3b, 0x78, 0xbc, 0x00, 0x00, 0x00, 0x70, 0x00,
  0x00, 0x42, 0x00, 0x00, 0x00, 0x64, 0x04, 0x00, 0x8c, 0x72, 0x00, 0x10,
  0x08, 0x00, 0x00, 0x00, 0x70, 0x62, 0xf0, 0x0b, 0x00, 0xe4, 0x8f, 0x01,
  0x82, 0x7c, 0x04, 0x00, 0x10, 0x00, 0x00, 0x00, 0x00, 0x00, 0x00, 0x08,
  0x00, 0xc8, 0x0f, 0x00, 0x1c, 0x78, 0x00, 0x00, 0x00, 0x00, 0x00, 0x00,
  0x08, 0xf0, 0xf0, 0x03, 0x00, 0xda, 0x0f, 0x00, 0x44, 0x09, 0x00, 0x00,
  0x10, 0x00, 0x00, 0x00, 0x00, 0x00, 0xc0, 0x03, 0x00, 0xe2, 0x0f, 0x00,
  0x47, 0x79, 0x00, 0x00, 0x70, 0xdd, 0xff, 0xff, 0xff, 0xff, 0x83, 0x03,
  0x00, 0xea, 0x0f, 0x00, 0x19, 0x79, 0x0c, 0x00, 0x00, 0x00, 0x00, 0x00,
  0x00, 0x21, 0x00, 0x00, 0x00, 0xa2, 0xce, 0x01, 0x0b, 0x72, 0x00, 0xd7,
  0xff, 0x00, 0x00, 0x00, 0x00, 0x50, 0xf1, 0x03, 0x00, 0xe2, 0x0f, 0x00,
  0x24, 0x74, 0x02, 0xff, 0x00, 0x00, 0x80, 0x3f, 0xff, 0x00, 0x8e, 0x07,
  0x00, 0xe4, 0x2f, 0x00, 0x1d, 0x7b, 0x00, 0x00, 0x00, 0x00, 0x00, 0x00,
  0x00, 0x00, 0x01, 0x00, 0x00, 0xe2, 0x0f, 0x00, 0x0b, 0x72, 0x00, 0xd8,
  0xff, 0x00, 0x00, 0x00, 0x00, 0x50, 0xf3, 0x03, 0x00, 0xe2, 0x0f, 0x00,
  0x24, 0x74, 0x00, 0xff, 0x00, 0x00, 0x80, 0x3f, 0xff, 0x00, 0x8e, 0x07,
  0x00, 0xc8, 0x0f, 0x00, 0xb9, 0x7a, 0x04, 0x00, 0x00, 0x71, 0x00, 0x00,
  0x00, 0x08, 0x00, 0x00, 0x00, 0xe4, 0x0f, 0x00, 0xa4, 0x72, 0x05, 0x05,
  0x04, 0x00, 0x00, 0x00, 0x3f, 0x02, 0x8e, 0x0f, 0x00, 0xe4, 0x0f, 0x00,
  0x08, 0x03, 0x02, 0x00, 0xd7, 0x00, 0x00, 0x00, 0x00, 0x10, 0x00, 0x00,
  0x00, 0x62, 0x0e, 0x00, 0x0c, 0x7c, 0x00, 0xe8, 0x07, 0x00, 0x00, 0x00,
  0x70, 0x62, 0xf0, 0x0b, 0x00, 0xe2, 0x0f, 0x00, 0x99, 0x78, 0x05, 0x05,
  0x01, 0x00, 0x00, 0x00, 0x3f, 0x06, 0x00, 0x08, 0x00, 0xcc, 0x0f, 0x00,
  0x08, 0x13, 0x00, 0x00, 0xd8, 0x00, 0x00, 0x00, 0x00, 0x10, 0x00, 0x00,
  0x00, 0xe2, 0x0e, 0x00, 0x24, 0x7e, 0x0d, 0xff, 0x05, 0x00, 0x00, 0x00,
  0xff, 0x00, 0x8e, 0x0f, 0x00, 0xe2, 0x0f, 0x00, 0x12, 0x78, 0x03, 0x0c,
  0x60, 0x00, 0x00, 0x00, 0xff, 0xc0, 0x8e, 0x07, 0x00, 0xe2, 0x4f, 0x04,
  0x24, 0x78, 0x04, 0x0c, 0x04, 0x00, 0x00, 0x00, 0xff, 0x00, 0x8e, 0x07,
  0x00, 0xe2, 0x0f, 0x04, 0x12, 0x78, 0x06, 0x0c, 0x1c, 0x00, 0x00, 0x00,
  0xff, 0xc0, 0x8e, 0x07, 0x00, 0xe4, 0x0f, 0x00, 0x19, 0x78, 0x03, 0xff,
  0x01, 0x00, 0x00, 0x00, 0x03, 0x16, 0x01, 0x00, 0x00, 0xe4, 0x0f, 0x00,
  0x12, 0x78, 0x04, 0x04, 0x7c, 0x00, 0x00, 0x00, 0xff, 0xc0, 0x8e, 0x07,
  0x00, 0xe4, 0x0f, 0x00, 0x11, 0x72, 0x03, 0x06, 0x03, 0x00, 0x00, 0x00,
  0xff, 0xf0, 0x8f, 0x07, 0x00, 0xc4, 0x0f, 0x00, 0x3e, 0x72, 0x05, 0x02,
  0x02, 0x00, 0x00, 0x00, 0xff, 0x00, 0x00, 0x00, 0x00, 0xc6, 0x2f, 0x00,
  0x24, 0x78, 0x03, 0x03, 0x00, 0x01, 0x00, 0x00, 0x04, 0x02, 0x8e, 0x07,
  0x00, 0xe2, 0x0f, 0x00, 0x3e, 0x72, 0x00, 0x00, 0x00, 0x00, 0x00, 0x00,
  0xff, 0x00, 0x00, 0x00, 0x00, 0xe2, 0x8f, 0x00, 0x32, 0x72, 0xce, 0xce,
  0x05, 0x00, 0x00, 0x00, 0x00, 0x00, 0x00, 0x00, 0x00, 0xe4, 0x0f, 0x08,
  0x32, 0x72, 0xcc, 0xcc, 0x05, 0x00, 0x00, 0x00, 0x00, 0x00, 0x00, 0x00,
  0x00, 0xe2, 0x0f, 0x08, 0x12, 0x78, 0x02, 0x03, 0x10, 0x00, 0x00, 0x00,
  0xff, 0x3c, 0x8e, 0x07, 0x00, 0xe2, 0x0f, 0x04, 0x32, 0x72, 0xcf, 0xcf,
  0x00, 0x00, 0x00, 0x00, 0x00, 0x00, 0x00, 0x00, 0x00, 0xe2, 0x0f, 0x08,
  0x12, 0x78, 0x04, 0x03, 0x20, 0x00, 0x00, 0x00, 0xff, 0x3c, 0x8e, 0x07,
  0x00, 0xe2, 0x0f, 0x04, 0x32, 0x72, 0xcd, 0xcd, 0x00, 0x00, 0x00, 0x00,
  0x00, 0x00, 0x00, 0x00, 0x00, 0xe2, 0x0f, 0x00, 0x12, 0x78, 0x06, 0x03,
  0x40, 0x00, 0x00, 0x00, 0xff, 0x3c, 0x8e, 0x07, 0x00, 0xe2, 0x0f, 0x04,
  0x32, 0x72, 0xca, 0xca, 0x05, 0x00, 0x00, 0x00, 0x00, 0x00, 0x00, 0x00,
  0x00, 0xe2, 0x0f, 0x08, 0x88, 0x73, 0x00, 0x03, 0xce, 0x00, 0x00, 0x00,
  0x00, 0x08, 0x00, 0x00, 0x00, 0xe2, 0x0f, 0x00, 0x32, 0x72, 0xc8, 0xc8,
  0x05, 0x00, 0x00, 0x00, 0x00, 0x00, 0x00, 0x00, 0x00, 0xe2, 0x0f, 0x08,
  0x12, 0x78, 0x07, 0x03, 0x50, 0x00, 0x00, 0x00, 0xff, 0x3c, 0x8e, 0x07,
  0x00, 0xe2, 0x0f, 0x04, 0x32, 0x72, 0xc6, 0xc6, 0x05, 0x00, 0x00, 0x00,
  0x00, 0x00, 0x00, 0x00, 0x00, 0xe2, 0x0f, 0x08, 0x88, 0x73, 0x00, 0x03,
  0xcf, 0x00, 0x08, 0x00, 0x00, 0x08, 0x00, 0x00, 0x00, 0xe2, 0x0f, 0x00,
  0x32, 0x72, 0xc4, 0xc4, 0x05, 0x00, 0x00, 0x00, 0x00, 0x00, 0x00, 0x00,
  0x00, 0xe2, 0x0f, 0x08, 0x12, 0x78, 0x0a, 0x03, 0x60, 0x00, 0x00, 0x00,
  0xff, 0x3c, 0x8e, 0x07, 0x00, 0xe2, 0x0f, 0x04, 0x32, 0x72, 0x1e, 0x1e,
  0x05, 0x00, 0x00, 0x00, 0x00, 0x00, 0x00, 0x00, 0x00, 0xe2, 0x0f, 0x08,
  0x88, 0x73, 0x00, 0x02, 0xcc, 0x00, 0x00, 0x00, 0x00, 0x08, 0x00, 0x00,
  0x00, 0xe2, 0x0f, 0x00, 0x32, 0x72, 0x1c, 0x1c, 0x05, 0x00, 0x00, 0x00,
  0x00, 0x00, 0x00, 0x00, 0x00, 0xe2, 0x0f, 0x08, 0x12, 0x78, 0x0b, 0x03,
  0xc0, 0x00, 0x00, 0x00, 0xff, 0x3c, 0x8e, 0x07, 0x00, 0xe2, 0x0f, 0x00,
  0x32, 0x72, 0x1a, 0x1a, 0x05, 0x00, 0x00, 0x00, 0x00, 0x00, 0x00, 0x00,
  0x00, 0xe2, 0x0f, 0x08, 0x88, 0x73, 0x00, 0x02, 0xcd, 0x00, 0x08, 0x00,
  0x00, 0x08, 0x00, 0x00, 0x00, 0xe2, 0x03, 0x00, 0x32, 0x72, 0x18, 0x18,
  0x05, 0x00, 0x00, 0x00, 0x00, 0x00, 0x00, 0x00, 0x00, 0xc4, 0x0f, 0x00,
  0x32, 0x72, 0x16, 0x16, 0x05, 0x00, 0x00, 0x00, 0x00, 0x00, 0x00, 0x00,
  0x00, 0xe2, 0x0f, 0x08, 0x88, 0x73, 0x00, 0x04, 0xca, 0x00, 0x00, 0x00,
  0x00, 0x08, 0x00, 0x00, 0x00, 0xe2, 0x0f, 0x00, 0x32, 0x72, 0x14, 0x14,
  0x05, 0x00, 0x00, 0x00, 0x00, 0x00, 0x00, 0x00, 0x00, 0xe4, 0x0f, 0x08,
  0x32, 0x72, 0x12, 0x12, 0x05, 0x00, 0x00, 0x00, 0x00, 0x00, 0x00, 0x00,
  0x00, 0xe4, 0x0f, 0x08, 0x32, 0x72, 0x10, 0x10, 0x05, 0x00, 0x00, 0x00,
  0x00, 0x00, 0x00, 0x00, 0x00, 0xe2, 0x0f, 0x08, 0x12, 0x78, 0x02, 0x03,
  0x70, 0x00, 0x00, 0x00, 0xff, 0x3c, 0x8e, 0x07, 0x00, 0xe2, 0x2f, 0x04,
  0x32, 0x72, 0x0e, 0x0e, 0x05, 0x00, 0x00, 0x00, 0x00, 0x00, 0x00, 0x00,
  0x00, 0xe4, 0x0f, 0x08, 0x32, 0x72, 0xd0, 0xd0, 0x05, 0x00, 0x00, 0x00,
  0x00, 0x00, 0x00, 0x00, 0x00, 0xe2, 0x0f, 0x00, 0x12, 0x78, 0x05, 0x03,
  0x30, 0x00, 0x00, 0x00, 0xff, 0x3c, 0x8e, 0x07, 0x00, 0xe2, 0x0f, 0x00,
  0x32, 0x72, 0xcb, 0xcb, 0x00, 0x00, 0x00, 0x00, 0x00, 0x00, 0x00, 0x00,
  0x00, 0xc4, 0x0f, 0x00, 0x32, 0x72, 0xc9, 0xc9, 0x00, 0x00, 0x00, 0x00,
  0x00, 0x00, 0x00, 0x00, 0x00, 0xe4, 0x0f, 0x08, 0x32, 0x72, 0xc7, 0xc7,
  0x00, 0x00, 0x00, 0x00, 0x00, 0x00, 0x00, 0x00, 0x00, 0xe2, 0x0f, 0x08,
  0x88, 0x73, 0x00, 0x04, 0xcb, 0x00, 0x08, 0x00, 0x00, 0x08, 0x00, 0x00,
  0x00, 0xe2, 0x03, 0x00, 0x32, 0x72, 0xc5, 0xc5, 0x00, 0x00, 0x00, 0x00,
  0x00, 0x00, 0x00, 0x00, 0x00, 0xe4, 0x0f, 0x08, 0x32, 0x72, 0x1f, 0x1f,
  0x00, 0x00, 0x00, 0x00, 0x00, 0x00, 0x00, 0x00, 0x00, 0xe2, 0x0f, 0x08,
  0x88, 0x73, 0x00, 0x05, 0xc8, 0x00, 0x00, 0x00, 0x00, 0x08, 0x00, 0x00,
  0x00, 0xe2, 0x0f, 0x00, 0x32, 0x72, 0x1d, 0x1d, 0x00, 0x00, 0x00, 0x00,
  0x00, 0x00, 0x00, 0x00, 0x00, 0xe4, 0x0f, 0x08, 0x32, 0x72, 0x1b, 0x1b,
  0x00, 0x00, 0x00, 0x00, 0x00, 0x00, 0x00, 0x00, 0x00, 0xe2, 0x0f, 0x08,
  0x88, 0x73, 0x00, 0x05, 0xc9, 0x00, 0x08, 0x00, 0x00, 0x08, 0x00, 0x00,
  0x00, 0xe2, 0x05, 0x00, 0x32, 0x72, 0x19, 0x19, 0x00, 0x00, 0x00, 0x00,
  0x00, 0x00, 0x00, 0x00, 0x00, 0xe2, 0x0f, 0x08, 0x12, 0x78, 0x04, 0x03,
  0x80, 0x00, 0x00, 0x00, 0xff, 0x3c, 0x8e, 0x07, 0x00, 0xe2, 0x2f, 0x00,
  0x32, 0x72, 0x17, 0x17, 0x00, 0x00, 0x00, 0x00, 0x00, 0x00, 0x00, 0x00,
  0x00, 0xe2, 0x0f, 0x08, 0x88, 0x73, 0x00, 0x06, 0xc6, 0x00, 0x00, 0x00,
  0x00, 0x08, 0x00, 0x00, 0x00, 0xe2, 0x0f, 0x00, 0x32, 0x72, 0x15, 0x15,
  0x00, 0x00, 0x00, 0x00, 0x00, 0x00, 0x00, 0x00, 0x00, 0xc4, 0x0f, 0x00,
  0x32, 0x72, 0x13, 0x13, 0x00, 0x00, 0x00, 0x00, 0x00, 0x00, 0x00, 0x00,
  0x00, 0xe2, 0x0f, 0x08, 0x88, 0x73, 0x00, 0x06, 0xc7, 0x00, 0x08, 0x00,
  0x00, 0x08, 0x00, 0x00, 0x00, 0xe2, 0x03, 0x00, 0x32, 0x72, 0x11, 0x11,
  0x00, 0x00, 0x00, 0x00, 0x00, 0x00, 0x00, 0x00, 0x00, 0xe2, 0x0f, 0x08,
  0x12, 0x78, 0x05, 0x03, 0x90, 0x00, 0x00, 0x00, 0xff, 0x3c, 0x8e, 0x07,
  0x00, 0xe2, 0x4f, 0x00, 0x32, 0x72, 0x0f, 0x0f, 0x00, 0x00, 0x00, 0x00,
  0x00, 0x00, 0x00, 0x00, 0x00, 0xe2, 0x0f, 0x08, 0x88, 0x73, 0x00, 0x07,
  0xc4, 0x00, 0x00, 0x00, 0x00, 0x08, 0x00, 0x00, 0x00, 0xe2, 0x0f, 0x00,
  0x32, 0x72, 0x00, 0xd1, 0x00, 0x00, 0x00, 0x00, 0x00, 0x00, 0x00, 0x00,
  0x00, 0xc6, 0x0f, 0x00, 0x88, 0x73, 0x00, 0x07, 0xc5, 0x00, 0x08, 0x00,
  0x00, 0x08, 0x00, 0x00, 0x00, 0xe2, 0x05, 0x00, 0x12, 0x78, 0x06, 0x03,
  0xa0, 0x00, 0x00, 0x00, 0xff, 0x3c, 0x8e, 0x07, 0x00, 0xc6, 0x2f, 0x00,
  0x88, 0x73, 0x00, 0x0a, 0x1e, 0x00, 0x00, 0x00, 0x00, 0x08, 0x00, 0x00,
  0x00, 0xe8, 0x0f, 0x00, 0x88, 0x73, 0x00, 0x0a, 0x1f, 0x00, 0x08, 0x00,
  0x00, 0x08, 0x00, 0x00, 0x00, 0xe2, 0x03, 0x00, 0x12, 0x78, 0x07, 0x03,
  0xb0, 0x00, 0x00, 0x00, 0xff, 0x3c, 0x8e, 0x07, 0x00, 0xc6, 0x4f, 0x00,
  0x88, 0x73, 0x00, 0x02, 0x1c, 0x00, 0x00, 0x00, 0x00, 0x08, 0x00, 0x00,
  0x00, 0xe8, 0x0f, 0x00, 0x88, 0x73, 0x00, 0x02, 0x1d, 0x00, 0x08, 0x00,
  0x00, 0x08, 0x00, 0x00, 0x00, 0xe2, 0x05, 0x00, 0x10, 0x7c, 0x0a, 0xee,
  0x05, 0x00, 0x00, 0x00, 0xff, 0xe0, 0xf3, 0x0f, 0x00, 0xc6, 0x2f, 0x00,
  0x88, 0x73, 0x00, 0x04, 0x1a, 0x00, 0x00, 0x00, 0x00, 0x08, 0x00, 0x00,
  0x00, 0xe8, 0x0f, 0x00, 0x88, 0x73, 0x00, 0x04, 0x1b, 0x00, 0x08, 0x00,
  0x00, 0x08, 0x00, 0x00, 0x00, 0xe2, 0x03, 0x00, 0x12, 0x78, 0x02, 0x03,
  0xd0, 0x00, 0x00, 0x00, 0xff, 0x3c, 0x8e, 0x07, 0x00, 0xc6, 0x4f, 0x00,
  0x88, 0x73, 0x00, 0x05, 0x18, 0x00, 0x00, 0x00, 0x00, 0x08, 0x00, 0x00,
  0x00, 0xe8, 0x05, 0x00, 0x88, 0x73, 0x00, 0x05, 0x19, 0x00, 0x08, 0x00,
  0x00, 0x08, 0x00, 0x00, 0x00, 0xe2, 0x05, 0x00, 0x12, 0x78, 0x04, 0x03,
  0xe0, 0x00, 0x00, 0x00, 0xff, 0x3c, 0x8e, 0x07, 0x00, 0xc6, 0x2f, 0x00,
  0x88, 0x73, 0x00, 0x06, 0x16, 0x00, 0x00, 0x00, 0x00, 0x08, 0x00, 0x00,
  0x00, 0xe2, 0x05, 0x00, 0x12, 0x78, 0x03, 0x03, 0xf0, 0x00, 0x00, 0x00,
  0xff, 0x3c, 0x8e, 0x07, 0x00, 0xc6, 0x0f, 0x00, 0x88, 0x73, 0x00, 0x06,
  0x17, 0x00, 0x08, 0x00, 0x00, 0x08, 0x00, 0x00, 0x00, 0xe8, 0x05, 0x00,
  0x88, 0x73, 0x00, 0x07, 0x14, 0x00, 0x00, 0x00, 0x00, 0x08, 0x00, 0x00,
  0x00, 0xe8, 0x05, 0x00, 0x88, 0x73, 0x00, 0x07, 0x15, 0x00, 0x08, 0x00,
  0x00, 0x08, 0x00, 0x00, 0x00, 0xe8, 0x05, 0x00, 0x88, 0x73, 0x00, 0x0b,
  0x12, 0x00, 0x00, 0x00, 0x00, 0x08, 0x00, 0x00, 0x00, 0xe8, 0x05, 0x00,
  0x88, 0x73, 0x00, 0x0b, 0x13, 0x00, 0x08, 0x00, 0x00, 0x08, 0x00, 0x00,
  0x00, 0xe8, 0x05, 0x00, 0x88, 0x73, 0x00, 0x02, 0x10, 0x00, 0x00, 0x00,
  0x00, 0x08, 0x00, 0x00, 0x00, 0xe8, 0x05, 0x00, 0x88, 0x73, 0x00, 0x02,
  0x11, 0x00, 0x08, 0x00, 0x00, 0x08, 0x00, 0x00, 0x00, 0xe8, 0x05, 0x00,
  0x88, 0x73, 0x00, 0x04, 0x0e, 0x00, 0x00, 0x00, 0x00, 0x08, 0x00, 0x00,
  0x00, 0xe8, 0x05, 0x00, 0x88, 0x73, 0x00, 0x04, 0x0f, 0x00, 0x08, 0x00,
  0x00, 0x08, 0x00, 0x00, 0x00, 0xe8, 0x05, 0x00, 0x88, 0x73, 0x00, 0x03,
  0xd0, 0x00, 0x00, 0x00, 0x00, 0x08, 0x00, 0x00, 0x00, 0xe8, 0x05, 0x00,
  0x88, 0x73, 0x00, 0x03, 0x00, 0x00, 0x08, 0x00, 0x00, 0x08, 0x00, 0x00,
  0x00, 0xe8, 0x05, 0x00, 0x1d, 0x7b, 0x00, 0x00, 0x00, 0x00, 0x00, 0x00,
  0x00, 0x00, 0x01, 0x00, 0x00, 0xec, 0x0f, 0x00, 0x4d, 0x09, 0x00, 0x00,
  0x00, 0x00, 0x00, 0x00, 0x00, 0x00, 0x80, 0x03, 0x00, 0xea, 0x0f, 0x00,
  0x19, 0x78, 0x03, 0xff, 0x1f, 0x00, 0x00, 0x00, 0x0c, 0x14, 0x01, 0x00,
  0x00, 0xe2, 0x4f, 0x00, 0x84, 0x79, 0x04, 0x08, 0x00, 0x00, 0x00, 0x00,
  0x00, 0xcc, 0x00, 0x00, 0x00, 0x62, 0x0e, 0x00, 0xb9, 0x7a, 0x04, 0x00,
  0x00, 0x71, 0x00, 0x00, 0x00, 0x08, 0x00, 0x00, 0x00, 0xe2, 0x0f, 0x00,
  0x11, 0x72, 0x0b, 0x0d, 0xef, 0x00, 0x00, 0x00, 0xff, 0x0e, 0x8f, 0x00,
  0x00, 0xe2, 0x0f, 0x00, 0x99, 0x78, 0x04, 0x04, 0x01, 0x00, 0x00, 0x00,
  0x3f, 0x06, 0x00, 0x08, 0x00, 0xe2, 0x0f, 0x00, 0x11, 0x72, 0x03, 0x03,
  0x0c, 0x00, 0x00, 0x00, 0xff, 0x20, 0x8f, 0x07, 0x00, 0xc4, 0x0f, 0x00,
  0x10, 0x78, 0x00, 0xe8, 0x08, 0x00, 0x00, 0x00, 0xff, 0xe0, 0xff, 0x07,
  0x00, 0xe4, 0x0f, 0x00, 0x12, 0x78, 0x03, 0x03, 0xf0, 0xff, 0xff, 0xff,
  0xff, 0xc0, 0x8e, 0x07, 0x00, 0xe4, 0x0f, 0x00, 0x0c, 0x7c, 0x00, 0x00,
  0x07, 0x00, 0x00, 0x00, 0x70, 0x62, 0xf2, 0x0b, 0x00, 0xc6, 0x0f, 0x00,
  0x24, 0x78, 0x03, 0x0c, 0x01, 0x00, 0x00, 0x00, 0x03, 0x0a, 0x8e, 0x07,
  0x00, 0xc8, 0x0f, 0x00, 0x24, 0x78, 0x03, 0x03, 0x10, 0x00, 0x00, 0x00,
  0xff, 0x00, 0x8e, 0x07, 0x00, 0xca, 0x0f, 0x00, 0x0c, 0x7c, 0x00, 0x03,
  0x04, 0x00, 0x00, 0x00, 0x70, 0x62, 0xf0, 0x0b, 0x00, 0xda, 0x0f, 0x00,
  0x24, 0x8a, 0x0d, 0x09, 0x00, 0x6a, 0x00, 0x00, 0xff, 0x02, 0x8e, 0x07,
  0x00, 0xe4, 0x0f, 0x00, 0x25, 0x8a, 0x02, 0xe8, 0x00, 0x6a, 0x00, 0x00,
  0x0a, 0x00, 0x8e, 0x07, 0x00, 0xc8, 0x0f, 0x00, 0x24, 0x8a, 0x0d, 0xe8,
  0x00, 0x6b, 0x00, 0x00, 0x0d, 0x02, 0x8e, 0x07, 0x00, 0xe2, 0x0f, 0x00,
  0x10, 0x8a, 0x02, 0x02, 0x00, 0x60, 0x00, 0x00, 0xff, 0xe0, 0xf5, 0x07,
  0x00, 0xc8, 0x0f, 0x00, 0x10, 0x8a, 0x03, 0x03, 0x00, 0x61, 0x00, 0x00,
  0x0d, 0xe4, 0x7f, 0x01, 0x00, 0xca, 0x0f, 0x00, 0x86, 0x89, 0x00, 0x02,
  0x04, 0x00, 0x00, 0x00, 0x0e, 0x1d, 0x10, 0x0c, 0x00, 0xe2, 0x23, 0x00,
  0x4d, 0x19, 0x00, 0x00, 0x00, 0x00, 0x00, 0x00, 0x00, 0x00, 0x80, 0x03,
  0x00, 0xea, 0x0f, 0x00, 0x84, 0x79, 0x04, 0x08, 0x00, 0x00, 0x38, 0x00,
  0x00, 0xcc, 0x00, 0x00, 0x00, 0xa2, 0x22, 0x00, 0x10, 0x78, 0x00, 0xe8,
  0x10, 0x00, 0x00, 0x00, 0xff, 0xe0, 0xff, 0x07, 0x00, 0xe2, 0x0f, 0x00,
  0x45, 0x79, 0x00, 0x00, 0xe0, 0x00, 0x00, 0x00, 0x00, 0x00, 0x80, 0x03,
  0x00, 0xe6, 0x0f, 0x00, 0x0c, 0x7c, 0x00, 0x00, 0x07, 0x00, 0x00, 0x00,
  0x70, 0x62, 0xf2, 0x0b, 0x00, 0xe2, 0x0f, 0x00, 0x47, 0x09, 0x00, 0x00,
  0xb0, 0x00, 0x00, 0x00, 0x00, 0x00, 0x80, 0x03, 0x00, 0xee, 0x0f, 0x00,
  0x84, 0x79, 0x0c, 0x08, 0x00, 0x00, 0x08, 0x00, 0x00, 0xcc, 0x00, 0x00,
  0x00, 0xe2, 0x0e, 0x00, 0x10, 0x78, 0x11, 0xe8, 0x08, 0x00, 0x00, 0x00,
  0xff, 0xe0, 0xf5, 0x07, 0x00, 0xe2, 0x0f, 0x00, 0x24, 0x72, 0x02, 0xff,
  0xff, 0x00, 0x00, 0x00, 0x0a, 0x00, 0x8e, 0x07, 0x00, 0xe4, 0x0f, 0x00,
  0x24, 0x72, 0x03, 0xff, 0xff, 0x00, 0x00, 0x00, 0x0b, 0x00, 0x8e, 0x07,
  0x00, 0xc4, 0x0f, 0x00, 0x24, 0x72, 0x00, 0xff, 0xff, 0x00, 0x00, 0x00,
  0x09, 0x06, 0x0e, 0x01, 0x00, 0xe4, 0x0f, 0x00, 0x25, 0x7a, 0x02, 0x11,
  0x00, 0x6a, 0x00, 0x00, 0x02, 0x00, 0x8e, 0x07, 0x00, 0xc8, 0x0f, 0x00,
  0x24, 0x7a, 0x00, 0x00, 0x00, 0x6a, 0x00, 0x00, 0xff, 0x02, 0x8e, 0x07,
  0x00, 0xe2, 0x0f, 0x00, 0x10, 0x7a, 0x02, 0x02, 0x00, 0x60, 0x00, 0x00,
  0xff, 0xe0, 0xf5, 0x07, 0x00, 0xc6, 0x0f, 0x00, 0x24, 0x7a, 0x11, 0x11,
  0x00, 0x6b, 0x00, 0x00, 0x00, 0x02, 0x8e, 0x07, 0x00, 0xca, 0x0f, 0x00,
  0x10, 0x7a, 0x03, 0x03, 0x00, 0x61, 0x00, 0x00, 0x11, 0xe4, 0x7f, 0x01,
  0x00, 0xca, 0x0f, 0x00, 0x86, 0x79, 0x00, 0x02, 0x0c, 0x00, 0x00, 0x00,
  0x0e, 0x1d, 0x10, 0x0c, 0x00, 0xe4, 0x87, 0x00, 0x41, 0x79, 0x00, 0x00,
  0x00, 0x00, 0x00, 0x00, 0x00, 0x00, 0x80, 0x03, 0x00, 0xea, 0x0f, 0x00,
  0x4d, 0x19, 0x00, 0x00, 0x00, 0x00, 0x00, 0x00, 0x00, 0x00, 0x80, 0x03,
  0x00, 0xea, 0x0f, 0x00, 0x84, 0x79, 0x0c, 0x08, 0x00, 0x00, 0x10, 0x00,
  0x00, 0xcc, 0x00, 0x00, 0x00, 0x22, 0x87, 0x00, 0x10, 0x78, 0x00, 0xe8,
  0x18, 0x00, 0x00, 0x00, 0xff, 0xe0, 0xff, 0x07, 0x00, 0xe2, 0x0f, 0x00,
  0x45, 0x79, 0x00, 0x00, 0xd0, 0x00, 0x00, 0x00, 0x00, 0x00, 0x80, 0x03,
  0x00, 0xe6, 0x0f, 0x00, 0x0c, 0x7c, 0x00, 0x00, 0x07, 0x00, 0x00, 0x00,
  0x70, 0x62, 0xf2, 0x0b, 0x00, 0xe2, 0x0f, 0x00, 0x47, 0x09, 0x00, 0x00,
  0xa0, 0x00, 0x00, 0x00, 0x00, 0x00, 0x80, 0x03, 0x00, 0xee, 0x0f, 0x00,
  0x10, 0x78, 0x11, 0xe8, 0x10, 0x00, 0x00, 0x00, 0xff, 0xe0, 0xf5, 0x07,
  0x00, 0xe2, 0x0f, 0x00, 0x24, 0x72, 0x02, 0xff, 0xff, 0x00, 0x00, 0x00,
  0x0a, 0x00, 0x8e, 0x07, 0x00, 0xe4, 0x0f, 0x00, 0x24, 0x72, 0x03, 0xff,
  0xff, 0x00, 0x00, 0x00, 0x0b, 0x00, 0x8e, 0x07, 0x00, 0xe4, 0x0f, 0x00,
  0x24, 0x72, 0x00, 0xff, 0xff, 0x00, 0x00, 0x00, 0x09, 0x06, 0x0e, 0x01,
  0x00, 0xc4, 0x0f, 0x00, 0x25, 0x7a, 0x02, 0x11, 0x00, 0x6a, 0x00, 0x00,
  0x02, 0x00, 0x8e, 0x07, 0x00, 0xc8, 0x0f, 0x00, 0x24, 0x7a, 0x00, 0x00,
  0x00, 0x6a, 0x00, 0x00, 0xff, 0x02, 0x8e, 0x07, 0x00, 0xe2, 0x0f, 0x00,
  0x10, 0x7a, 0x02, 0x02, 0x00, 0x60, 0x00, 0x00, 0xff, 0xe0, 0xf5, 0x07,
  0x00, 0xc6, 0x0f, 0x00, 0x24, 0x7a, 0x11, 0x11, 0x00, 0x6b, 0x00, 0x00,
  0x00, 0x02, 0x8e, 0x07, 0x00, 0xca, 0x0f, 0x00, 0x10, 0x7a, 0x03, 0x03,
  0x00, 0x61, 0x00, 0x00, 0x11, 0xe4, 0x7f, 0x01, 0x00, 0xca, 0x0f, 0x00,
  0x86, 0x79, 0x00, 0x02, 0x0c, 0x00, 0x00, 0x00, 0x0e, 0x1d, 0x10, 0x0c,
  0x00, 0xe4, 0x09, 0x01, 0x41, 0x79, 0x00, 0x00, 0x00, 0x00, 0x00, 0x00,
  0x00, 0x00, 0x80, 0x03, 0x00, 0xea, 0x0f, 0x00, 0x4d, 0x19, 0x00, 0x00,
  0x00, 0x00, 0x00, 0x00, 0x00, 0x00, 0x80, 0x03, 0x00, 0xea, 0x0f, 0x00,
  0x84, 0x79, 0x0c, 0x08, 0x00, 0x00, 0x18, 0x00, 0x00, 0xcc, 0x00, 0x00,
  0x00, 0x62, 0x08, 0x01, 0x10, 0x78, 0x00, 0xe8, 0x20, 0x00, 0x00, 0x00,
  0xff, 0xe0, 0xff, 0x07, 0x00, 0xe2, 0x0f, 0x00, 0x45, 0x79, 0x00, 0x00,
  0xd0, 0x00, 0x00, 0x00, 0x00, 0x00, 0x80, 0x03, 0x00, 0xe6, 0x0f, 0x00,
  0x0c, 0x7c, 0x00, 0x00, 0x07, 0x00, 0x00, 0x00, 0x70, 0x62, 0xf2, 0x0b,
  0x00, 0xe2, 0x0f, 0x00, 0x47, 0x09, 0x00, 0x00, 0xa0, 0x00, 0x00, 0x00,
  0x00, 0x00, 0x80, 0x03, 0x00, 0xee, 0x0f, 0x00, 0x10, 0x78, 0x11, 0xe8,
  0x18, 0x00, 0x00, 0x00, 0xff, 0xe0, 0xf5, 0x07, 0x00, 0xe2, 0x0f, 0x00,
  0x24, 0x72, 0x02, 0xff, 0xff, 0x00, 0x00, 0x00, 0x0a, 0x00, 0x8e, 0x07,
  0x00, 0xe4, 0x0f, 0x00, 0x24, 0x72, 0x03, 0xff, 0xff, 0x00, 0x00, 0x00,
  0x0b, 0x00, 0x8e, 0x07, 0x00, 0xe4, 0x0f, 0x00, 0x24, 0x72, 0x00, 0xff,
  0xff, 0x00, 0x00, 0x00, 0x09, 0x06, 0x0e, 0x01, 0x00, 0xc4, 0x0f, 0x00,
  0x25, 0x7a, 0x02, 0x11, 0x00, 0x6a, 0x00, 0x00, 0x02, 0x00, 0x8e, 0x07,
  0x00, 0xc8, 0x0f, 0x00, 0x24, 0x7a, 0x00, 0x00, 0x00, 0x6a, 0x00, 0x00,
  0xff, 0x02, 0x8e, 0x07, 0x00, 0xe2, 0x0f, 0x00, 0x10, 0x7a, 0x02, 0x02,
  0x00, 0x60, 0x00, 0x00, 0xff, 0xe0, 0xf5, 0x07, 0x00, 0xc6, 0x0f, 0x00,
  0x24, 0x7a, 0x11, 0x11, 0x00, 0x6b, 0x00, 0x00, 0x00, 0x02, 0x8e, 0x07,
  0x00, 0xca, 0x0f, 0x00, 0x10, 0x7a, 0x03, 0x03, 0x00, 0x61, 0x00, 0x00,
  0x11, 0xe4, 0x7f, 0x01, 0x00, 0xca, 0x0f, 0x00, 0x86, 0x79, 0x00, 0x02,
  0x0c, 0x00, 0x00, 0x00, 0x0e, 0x1d, 0x10, 0x0c, 0x00, 0xe4, 0x23, 0x00,
  0x41, 0x79, 0x00, 0x00, 0x00, 0x00, 0x00, 0x00, 0x00, 0x00, 0x80, 0x03,
  0x00, 0xea, 0x0f, 0x00, 0x4d, 0x19, 0x00, 0x00, 0x00, 0x00, 0x00, 0x00,
  0x00, 0x00, 0x80, 0x03, 0x00, 0xea, 0x0f, 0x00, 0x84, 0x79, 0x0c, 0x08,
  0x00, 0x00, 0x20, 0x00, 0x00, 0xcc, 0x00, 0x00, 0x00, 0xe2, 0x22, 0x00,
  0x10, 0x78, 0x00, 0xe8, 0x28, 0x00, 0x00, 0x00, 0xff, 0xe0, 0xff, 0x07,
  0x00, 0xe2, 0x0f, 0x00, 0x45, 0x79, 0x00, 0x00, 0xd0, 0x00, 0x00, 0x00,
  0x00, 0x00, 0x80, 0x03, 0x00, 0xe6, 0x0f, 0x00, 0x0c, 0x7c, 0x00, 0x00,
  0x07, 0x00, 0x00, 0x00, 0x70, 0x62, 0xf2, 0x0b, 0x00, 0xe2, 0x0f, 0x00,
  0x47, 0x09, 0x00, 0x00, 0xa0, 0x00, 0x00, 0x00, 0x00, 0x00, 0x80, 0x03,
  0x00, 0xee, 0x0f, 0x00, 0x10, 0x78, 0x11, 0xe8, 0x20, 0x00, 0x00, 0x00,
  0xff, 0xe0, 0xf5, 0x07, 0x00, 0xe2, 0x0f, 0x00, 0x24, 0x72, 0x02, 0xff,
  0xff, 0x00, 0x00, 0x00, 0x0a, 0x00, 0x8e, 0x07, 0x00, 0xe4, 0x0f, 0x00,
  0x24, 0x72, 0x03, 0xff, 0xff, 0x00, 0x00, 0x00, 0x0b, 0x00, 0x8e, 0x07,
  0x00, 0xe4, 0x0f, 0x00, 0x24, 0x72, 0x00, 0xff, 0xff, 0x00, 0x00, 0x00,
  0x09, 0x06, 0x0e, 0x01, 0x00, 0xc4, 0x0f, 0x00, 0x25, 0x7a, 0x02, 0x11,
  0x00, 0x6a, 0x00, 0x00, 0x02, 0x00, 0x8e, 0x07, 0x00, 0xc8, 0x0f, 0x00,
  0x24, 0x7a, 0x00, 0x00, 0x00, 0x6a, 0x00, 0x00, 0xff, 0x02, 0x8e, 0x07,
  0x00, 0xe2, 0x0f, 0x00, 0x10, 0x7a, 0x02, 0x02, 0x00, 0x60, 0x00, 0x00,
  0xff, 0xe0, 0xf5, 0x07, 0x00, 0xc6, 0x0f, 0x00, 0x24, 0x7a, 0x11, 0x11,
  0x00, 0x6b, 0x00, 0x00, 0x00, 0x02, 0x8e, 0x07, 0x00, 0xca, 0x0f, 0x00,
  0x10, 0x7a, 0x03, 0x03, 0x00, 0x61, 0x00, 0x00, 0x11, 0xe4, 0x7f, 0x01,
  0x00, 0xca, 0x0f, 0x00, 0x86, 0x79, 0x00, 0x02, 0x0c, 0x00, 0x00, 0x00,
  0x0e, 0x1d, 0x10, 0x0c, 0x00, 0xe4, 0x87, 0x00, 0x41, 0x79, 0x00, 0x00,
  0x00, 0x00, 0x00, 0x00, 0x00, 0x00, 0x80, 0x03, 0x00, 0xea, 0x0f, 0x00,
  0x4d, 0x19, 0x00, 0x00, 0x00, 0x00, 0x00, 0x00, 0x00, 0x00, 0x80, 0x03,
  0x00, 0xea, 0x0f, 0x00, 0x84, 0x79, 0x0c, 0x08, 0x00, 0x00, 0x28, 0x00,
  0x00, 0xcc, 0x00, 0x00, 0x00, 0x62, 0x86, 0x00, 0x10, 0x78, 0x00, 0xe8,
  0x30, 0x00, 0x00, 0x00, 0xff, 0xe0, 0xff, 0x07, 0x00, 0xe2, 0x0f, 0x00,
  0x45, 0x79, 0x00, 0x00, 0xd0, 0x00, 0x00, 0x00, 0x00, 0x00, 0x80, 0x03,
  0x00, 0xe6, 0x0f, 0x00, 0x0c, 0x7c, 0x00, 0x00, 0x07, 0x00, 0x00, 0x00,
  0x70, 0x62, 0xf2, 0x0b, 0x00, 0xe2, 0x0f, 0x00, 0x47, 0x09, 0x00, 0x00,
  0xa0, 0x00, 0x00, 0x00, 0x00, 0x00, 0x80, 0x03, 0x00, 0xee, 0x0f, 0x00,
  0x10, 0x78, 0x11, 0xe8, 0x28, 0x00, 0x00, 0x00, 0xff, 0xe0, 0xf5, 0x07,
  0x00, 0xe2, 0x0f, 0x00, 0x24, 0x72, 0x02, 0xff, 0xff, 0x00, 0x00, 0x00,
  0x0a, 0x00, 0x8e, 0x07, 0x00, 0xe4, 0x0f, 0x00, 0x24, 0x72, 0x03, 0xff,
  0xff, 0x00, 0x00, 0x00, 0x0b, 0x00, 0x8e, 0x07, 0x00, 0xe4, 0x0f, 0x00,
  0x24, 0x72, 0x00, 0xff, 0xff, 0x00, 0x00, 0x00, 0x09, 0x06, 0x0e, 0x01,
  0x00, 0xc4, 0x0f, 0x00, 0x25, 0x7a, 0x02, 0x11, 0x00, 0x6a, 0x00, 0x00,
  0x02, 0x00, 0x8e, 0x07, 0x00, 0xc8, 0x0f, 0x00, 0x24, 0x7a, 0x00, 0x00,
  0x00, 0x6a, 0x00, 0x00, 0xff, 0x02, 0x8e, 0x07, 0x00, 0xe2, 0x0f, 0x00,
  0x10, 0x7a, 0x02, 0x02, 0x00, 0x60, 0x00, 0x00, 0xff, 0xe0, 0xf5, 0x07,
  0x00, 0xc6, 0x0f, 0x00, 0x24, 0x7a, 0x11, 0x11, 0x00, 0x6b, 0x00, 0x00,
  0x00, 0x02, 0x8e, 0x07, 0x00, 0xca, 0x0f, 0x00, 0x10, 0x7a, 0x03, 0x03,
  0x00, 0x61, 0x00, 0x00, 0x11, 0xe4, 0x7f, 0x01, 0x00, 0xca, 0x0f, 0x00,
  0x86, 0x79, 0x00, 0x02, 0x0c, 0x00, 0x00, 0x00, 0x0e, 0x1d, 0x10, 0x0c,
  0x00, 0xe4, 0x23, 0x00, 0x41, 0x79, 0x00, 0x00, 0x00, 0x00, 0x00, 0x00,
  0x00, 0x00, 0x80, 0x03, 0x00, 0xea, 0x0f, 0x00, 0x4d, 0x19, 0x00, 0x00,
  0x00, 0x00, 0x00, 0x00, 0x00, 0x00, 0x80, 0x03, 0x00, 0xea, 0x0f, 0x00,
  0x84, 0x79, 0x0c, 0x08, 0x00, 0x00, 0x30, 0x00, 0x00, 0xcc, 0x00, 0x00,
  0x00, 0xe2, 0x22, 0x00, 0x10, 0x78, 0x00, 0xe8, 0x38, 0x00, 0x00, 0x00,
  0xff, 0xe0, 0xff, 0x07, 0x00, 0xe2, 0x0f, 0x00, 0x45, 0x79, 0x00, 0x00,
  0xd0, 0x00, 0x00, 0x00, 0x00, 0x00, 0x80, 0x03, 0x00, 0xe6, 0x0f, 0x00,
  0x0c, 0x7c, 0x00, 0x00, 0x07, 0x00, 0x00, 0x00, 0x70, 0x66, 0x72, 0x08,
  0x00, 0xe2, 0x0f, 0x00, 0x47, 0x09, 0x00, 0x00, 0xa0, 0x00, 0x00, 0x00,
  0x00, 0x00, 0x80, 0x03, 0x00, 0xee, 0x0f, 0x00, 0x10, 0x78, 0x11, 0xe8,
  0x30, 0x00, 0x00, 0x00, 0xff, 0xe0, 0xf1, 0x07, 0x00, 0xe2, 0x0f, 0x00,
  0x24, 0x72, 0x02, 0xff, 0xff, 0x00, 0x00, 0x00, 0x0a, 0x00, 0x8e, 0x07,
  0x00, 0xe4, 0x0f, 0x00, 0x24, 0x72, 0x03, 0xff, 0xff, 0x00, 0x00, 0x00,
  0x0b, 0x00, 0x8e, 0x07, 0x00, 0xe4, 0x0f, 0x00, 0x24, 0x72, 0x00, 0xff,
  0xff, 0x00, 0x00, 0x00, 0x09, 0x06, 0x0e, 0x00, 0x00, 0xc4, 0x0f, 0x00,
  0x25, 0x7a, 0x02, 0x11, 0x00, 0x6a, 0x00, 0x00, 0x02, 0x00, 0x8e, 0x07,
  0x00, 0xc8, 0x0f, 0x00, 0x24, 0x7a, 0x00, 0x00, 0x00, 0x6a, 0x00, 0x00,
  0xff, 0x02, 0x8e, 0x07, 0x00, 0xe2, 0x0f, 0x00, 0x10, 0x7a, 0x02, 0x02,
  0x00, 0x60, 0x00, 0x00, 0xff, 0xe0, 0xf1, 0x07, 0x00, 0xc6, 0x0f, 0x00,
  0x24, 0x7a, 0x11, 0x11, 0x00, 0x6b, 0x00, 0x00, 0x00, 0x02, 0x8e, 0x07,
  0x00, 0xca, 0x0f, 0x00, 0x10, 0x7a, 0x03, 0x03, 0x00, 0x61, 0x00, 0x00,
  0x11, 0xe4, 0x7f, 0x00, 0x00, 0xca, 0x0f, 0x00, 0x86, 0x79, 0x00, 0x02,
  0x0c, 0x00, 0x00, 0x00, 0x0e, 0x1d, 0x10, 0x0c, 0x00, 0xe4, 0x87, 0x00,
  0x41, 0x79, 0x00, 0x00, 0x00, 0x00, 0x00, 0x00, 0x00, 0x00, 0x80, 0x03,
  0x00, 0xea, 0x0f, 0x00, 0x4d, 0x19, 0x00, 0x00, 0x00, 0x00, 0x00, 0x00,
  0x00, 0x00, 0x80, 0x03, 0x00, 0xea, 0x0f, 0x00, 0x10, 0x78, 0x0d, 0xe8,
  0x38, 0x00, 0x00, 0x00, 0xff, 0xe0, 0xf1, 0x07, 0x00, 0xe2, 0x8f, 0x00,
  0x24, 0x72, 0x02, 0xff, 0xff, 0x00, 0x00, 0x00, 0x0a, 0x00, 0x8e, 0x07,
  0x00, 0xe4, 0x0f, 0x00, 0x24, 0x72, 0x03, 0xff, 0xff, 0x00, 0x00, 0x00,
  0x0b, 0x00, 0x8e, 0x07, 0x00, 0xe4, 0x0f, 0x00, 0x24, 0x72, 0x09, 0xff,
  0xff, 0x00, 0x00, 0x00, 0x09, 0x06, 0x0e, 0x00, 0x00, 0xe4, 0x0f, 0x00,
  0x25, 0x7a, 0x02, 0x0d, 0x00, 0x6a, 0x00, 0x00, 0x02, 0x00, 0x8e, 0x07,
  0x00, 0xc8, 0x0f, 0x00, 0x24, 0x7a, 0x00, 0x09, 0x00, 0x6a, 0x00, 0x00,
  0xff, 0x02, 0x8e, 0x07, 0x00, 0xe2, 0x0f, 0x00, 0x10, 0x7a, 0x02, 0x02,
  0x00, 0x60, 0x00, 0x00, 0xff, 0xe0, 0xf1, 0x07, 0x00, 0xc6, 0x0f, 0x00,
  0x24, 0x7a, 0x0d, 0x0d, 0x00, 0x6b, 0x00, 0x00, 0x00, 0x02, 0x8e, 0x07,
  0x00, 0xca, 0x0f, 0x00, 0x10, 0x7a, 0x03, 0x03, 0x00, 0x61, 0x00, 0x00,
  0x0d, 0xe4, 0x7f, 0x00, 0x00, 0xca, 0x0f, 0x00, 0x86, 0x79, 0x00, 0x02,
  0x04, 0x00, 0x00, 0x00, 0x0e, 0x1d, 0x10, 0x0c, 0x00, 0xe2, 0x4f, 0x00,
  0x4d, 0x79, 0x00, 0x00, 0x00, 0x00, 0x00, 0x00, 0x00, 0x00, 0x80, 0x03,
  0x00, 0xea, 0x0f, 0x00, 0x47, 0x79, 0x00, 0x00, 0xf0, 0xff, 0xff, 0xff,
  0xff, 0xff, 0x83, 0x03, 0x00, 0xc0, 0x0f, 0x00, 0x18, 0x79, 0x00, 0x00,
  0x00, 0x00, 0x00, 0x00, 0x00, 0x00, 0x00, 0x00, 0x00, 0xc0, 0x0f, 0x00,
  0x18, 0x79, 0x00, 0x00, 0x00, 0x00, 0x00, 0x00, 0x00, 0x00, 0x00, 0x00,
  0x00, 0xc0, 0x0f, 0x00, 0x18, 0x79, 0x00, 0x00, 0x00, 0x00, 0x00, 0x00,
  0x00, 0x00, 0x00, 0x00, 0x00, 0xc0, 0x0f, 0x00, 0x18, 0x79, 0x00, 0x00,
  0x00, 0x00, 0x00, 0x00, 0x00, 0x00, 0x00, 0x00, 0x00, 0xc0, 0x0f, 0x00,
  0x18, 0x79, 0x00, 0x00, 0x00, 0x00, 0x00, 0x00, 0x00, 0x00, 0x00, 0x00,
  0x00, 0xc0, 0x0f, 0x00, 0x18, 0x79, 0x00, 0x00, 0x00, 0x00, 0x00, 0x00,
  0x00, 0x00, 0x00, 0x00, 0x00, 0xc0, 0x0f, 0x00, 0x18, 0x79, 0x00, 0x00,
  0x00, 0x00, 0x00, 0x00, 0x00, 0x00, 0x00, 0x00, 0x00, 0xc0, 0x0f, 0x00,
  0x18, 0x79, 0x00, 0x00, 0x00, 0x00, 0x00, 0x00, 0x00, 0x00, 0x00, 0x00,
  0x00, 0xc0, 0x0f, 0x00, 0x18, 0x79, 0x00, 0x00, 0x00, 0x00, 0x00, 0x00,
  0x00, 0x00, 0x00, 0x00, 0x00, 0xc0, 0x0f, 0x00, 0x18, 0x79, 0x00, 0x00,
  0x00, 0x00, 0x00, 0x00, 0x00, 0x00, 0x00, 0x00, 0x00, 0xc0, 0x0f, 0x00,
  0x18, 0x79, 0x00, 0x00, 0x00, 0x00, 0x00, 0x00, 0x00, 0x00, 0x00, 0x00,
  0x00, 0xc0, 0x0f, 0x00, 0x18, 0x79, 0x00, 0x00, 0x00, 0x00, 0x00, 0x00,
  0x00, 0x00, 0x00, 0x00, 0x00, 0xc0, 0x0f, 0x00, 0x18, 0x79, 0x00, 0x00,
  0x00, 0x00, 0x00, 0x00, 0x00, 0x00, 0x00, 0x00, 0x00, 0xc0, 0x0f, 0x00,
  0x00, 0x00, 0x00, 0x00, 0x00, 0x00, 0x00, 0x00, 0x00, 0x00, 0x00, 0x00,
  0x00, 0x00, 0x00, 0x00, 0x00, 0x00, 0x00, 0x00, 0x00, 0x00, 0x00, 0x00,
  0x00, 0x00, 0x00, 0x00, 0x00, 0x00, 0x00, 0x00, 0x00, 0x00, 0x00, 0x00,
  0x00, 0x00, 0x00, 0x00, 0x00, 0x00, 0x00, 0x00, 0x00, 0x00, 0x00, 0x00,
  0x00, 0x00, 0x00, 0x00, 0x00, 0x00, 0x00, 0x00, 0x00, 0x00, 0x00, 0x00,
  0x00, 0x00, 0x00, 0x00, 0x01, 0x00, 0x00, 0x00, 0x03, 0x00, 0x00, 0x00,
  0x00, 0x00, 0x00, 0x00, 0x00, 0x00, 0x00, 0x00, 0x00, 0x00, 0x00, 0x00,
  0x00, 0x00, 0x00, 0x00, 0x40, 0x00, 0x00, 0x00, 0x00, 0x00, 0x00, 0x00,
  0x8c, 0x02, 0x00, 0x00, 0x00, 0x00, 0x00, 0x00, 0x00, 0x00, 0x00, 0x00,
  0x00, 0x00, 0x00, 0x00, 0x01, 0x00, 0x00, 0x00, 0x00, 0x00, 0x00, 0x00,
  0x00, 0x00, 0x00, 0x00, 0x00, 0x00, 0x00, 0x00, 0x0b, 0x00, 0x00, 0x00,
  0x03, 0x00, 0x00, 0x00, 0x00, 0x00, 0x00, 0x00, 0x00, 0x00, 0x00, 0x00,
  0x00, 0x00, 0x00, 0x00, 0x00, 0x00, 0x00, 0x00, 0xcc, 0x02, 0x00, 0x00,
  0x00, 0x00, 0x00, 0x00, 0xcf, 0x02, 0x00, 0x00, 0x00, 0x00, 0x00, 0x00,
  0x00, 0x00, 0x00, 0x00, 0x00, 0x00, 0x00, 0x00, 0x01, 0x00, 0x00, 0x00,
  0x00, 0x00, 0x00, 0x00, 0x00, 0x00, 0x00, 0x00, 0x00, 0x00, 0x00, 0x00,
  0x13, 0x00, 0x00, 0x00, 0x02, 0x00, 0x00, 0x00, 0x00, 0x00, 0x00, 0x00,
  0x00, 0x00, 0x00, 0x00, 0x00, 0x00, 0x00, 0x00, 0x00, 0x00, 0x00, 0x00,
  0xa0, 0x05, 0x00, 0x00, 0x00, 0x00, 0x00, 0x00, 0x08, 0x01, 0x00, 0x00,
  0x00, 0x00, 0x00, 0x00, 0x02, 0x00, 0x00, 0x00, 0x0a, 0x00, 0x00, 0x00,
  0x08, 0x00, 0x00, 0x00, 0x00, 0x00, 0x00, 0x00, 0x18, 0x00, 0x00, 0x00,
  0x00, 0x00, 0x00, 0x00, 0xbb, 0x01, 0x00, 0x00, 0x01, 0x00, 0x00, 0x00,
  0x00, 0x00, 0x00, 0x00, 0x00, 0x00, 0x00, 0x00, 0x00, 0x00, 0x00, 0x00,
  0x00, 0x00, 0x00, 0x00, 0xa8, 0x06, 0x00, 0x00, 0x00, 0x00, 0x00, 0x00,
  0x70, 0x00, 0x00, 0x00, 0x00, 0x00, 0x00, 0x00, 0x00, 0x00, 0x00, 0x00,
  0x00, 0x00, 0x00, 0x00, 0x01, 0x00, 0x00, 0x00, 0x00, 0x00, 0x00, 0x00,
  0x00, 0x00, 0x00, 0x00, 0x00, 0x00, 0x00, 0x00, 0xc8, 0x01, 0x00, 0x00,
  0x01, 0x00, 0x00, 0x00, 0x00, 0x00, 0x00, 0x00, 0x00, 0x00, 0x00, 0x00,
  0x00, 0x00, 0x00, 0x00, 0x00, 0x00, 0x00, 0x00, 0x18, 0x07, 0x00, 0x00,
  0x00, 0x00, 0x00, 0x00, 0x06, 0x2a, 0x00, 0x00, 0x00, 0x00, 0x00, 0x00,
  0x00, 0x00, 0x00, 0x00, 0x00, 0x00, 0x00, 0x00, 0x01, 0x00, 0x00, 0x00,
  0x00, 0x00, 0x00, 0x00, 0x00, 0x00, 0x00, 0x00, 0x00, 0x00, 0x00, 0x00,
  0xd4, 0x01, 0x00, 0x00, 0x01, 0x00, 0x00, 0x00, 0x00, 0x00, 0x00, 0x00,
  0x00, 0x00, 0x00, 0x00, 0x00, 0x00, 0x00, 0x00, 0x00, 0x00, 0x00, 0x00,
  0x1e, 0x31, 0x00, 0x00, 0x00, 0x00, 0x00, 0x00, 0x2a, 0x3b, 0x00, 0x00,
  0x00, 0x00, 0x00, 0x00, 0x00, 0x00, 0x00, 0x00, 0x00, 0x00, 0x00, 0x00,
  0x01, 0x00, 0x00, 0x00, 0x00, 0x00, 0x00, 0x00, 0x00, 0x00, 0x00, 0x00,
  0x00, 0x00, 0x00, 0x00, 0x00, 0x02, 0x00, 0x00, 0x01, 0x00, 0x00, 0x00,
  0x00, 0x00, 0x00, 0x00, 0x00, 0x00, 0x00, 0x00, 0x00, 0x00, 0x00, 0x00,
  0x00, 0x00, 0x00, 0x00, 0x48, 0x6c, 0x00, 0x00, 0x00, 0x00, 0x00, 0x00,
  0xaa, 0x10, 0x00, 0x00, 0x00, 0x00, 0x00, 0x00, 0x00, 0x00, 0x00, 0x00,
  0x00, 0x00, 0x00, 0x00, 0x01, 0x00, 0x00, 0x00, 0x00, 0x00, 0x00, 0x00,
  0x00, 0x00, 0x00, 0x00, 0x00, 0x00, 0x00, 0x00, 0x2c, 0x02, 0x00, 0x00,
  0x01, 0x00, 0x00, 0x00, 0x00, 0x00, 0x00, 0x00, 0x00, 0x00, 0x00, 0x00,
  0x00, 0x00, 0x00, 0x00, 0x00, 0x00, 0x00, 0x00, 0xf2, 0x7c, 0x00, 0x00,
  0x00, 0x00, 0x00, 0x00, 0x22, 0xdf, 0x00, 0x00, 0x00, 0x00, 0x00, 0x00,
  0x00, 0x00, 0x00, 0x00, 0x00, 0x00, 0x00, 0x00, 0x01, 0x00, 0x00, 0x00,
  0x00, 0x00, 0x00, 0x00, 0x00, 0x00, 0x00, 0x00, 0x00, 0x00, 0x00, 0x00,
  0x29, 0x00, 0x00, 0x00, 0x00, 0x00, 0x00, 0x70, 0x00, 0x00, 0x00, 0x00,
  0x00, 0x00, 0x00, 0x00, 0x00, 0x00, 0x00, 0x00, 0x00, 0x00, 0x00, 0x00,
  0x14, 0x5c, 0x01, 0x00, 0x00, 0x00, 0x00, 0x00, 0x24, 0x00, 0x00, 0x00,
  0x00, 0x00, 0x00, 0x00, 0x03, 0x00, 0x00, 0x00, 0x00, 0x00, 0x00, 0x00,
  0x04, 0x00, 0x00, 0x00, 0x00, 0x00, 0x00, 0x00, 0x00, 0x00, 0x00, 0x00,
  0x00, 0x00, 0x00, 0x00, 0x7b, 0x00, 0x00, 0x00, 0x00, 0x00, 0x00, 0x70,
  0x40, 0x00, 0x00, 0x00, 0x00, 0x00, 0x00, 0x00, 0x00, 0x00, 0x00, 0x00,
  0x00, 0x00, 0x00, 0x00, 0x38, 0x5c, 0x01, 0x00, 0x00, 0x00, 0x00, 0x00,
  0xf0, 0x00, 0x00, 0x00, 0x00, 0x00, 0x00, 0x00, 0x03, 0x00, 0x00, 0x00,
  0x11, 0x00, 0x00, 0x00, 0x04, 0x00, 0x00, 0x00, 0x00, 0x00, 0x00, 0x00,
  0x00, 0x00, 0x00, 0x00, 0x00, 0x00, 0x00, 0x00, 0x61, 0x02, 0x00, 0x00,
  0x01, 0x00, 0x00, 0x70, 0x00, 0x00, 0x00, 0x00, 0x00, 0x00, 0x00, 0x00,
  0x00, 0x00, 0x00, 0x00, 0x00, 0x00, 0x00, 0x00, 0x28, 0x5d, 0x01, 0x00,
  0x00, 0x00, 0x00, 0x00, 0x20, 0x00, 0x00, 0x00, 0x00, 0x00, 0x00, 0x00,
  0x03, 0x00, 0x00, 0x00, 0x00, 0x00, 0x00, 0x00, 0x04, 0x00, 0x00, 0x00,
  0x00, 0x00, 0x00, 0x00, 0x08, 0x00, 0x00, 0x00, 0x00, 0x00, 0x00, 0x00,
  0x7d, 0x02, 0x00, 0x00, 0x0b, 0x00, 0x00, 0x70, 0x00, 0x00, 0x00, 0x00,
  0x00, 0x00, 0x00, 0x00, 0x00, 0x00, 0x00, 0x00, 0x00, 0x00, 0x00, 0x00,
  0x48, 0x5d, 0x01, 0x00, 0x00, 0x00, 0x00, 0x00, 0x10, 0x00, 0x00, 0x00,
  0x00, 0x00, 0x00, 0x00, 0x00, 0x00, 0x00, 0x00, 0x00, 0x00, 0x00, 0x00,
  0x08, 0x00, 0x00, 0x00, 0x00, 0x00, 0x00, 0x00, 0x08, 0x00, 0x00, 0x00,
  0x00, 0x00, 0x00, 0x00, 0xf0, 0x01, 0x00, 0x00, 0x09, 0x00, 0x00, 0x00,
  0x40, 0x00, 0x00, 0x00, 0x00, 0x00, 0x00, 0x00, 0x00, 0x00, 0x00, 0x00,
  0x00, 0x00, 0x00, 0x00, 0x58, 0x5d, 0x01, 0x00, 0x00, 0x00, 0x00, 0x00,
  0x10, 0x00, 0x00, 0x00, 0x00, 0x00, 0x00, 0x00, 0x03, 0x00, 0x00, 0x00,
  0x05, 0x00, 0x00, 0x00, 0x08, 0x00, 0x00, 0x00, 0x00, 0x00, 0x00, 0x00,
  0x10, 0x00, 0x00, 0x00, 0x00, 0x00, 0x00, 0x00, 0x14, 0x02, 0x00, 0x00,
  0x09, 0x00, 0x00, 0x00, 0x40, 0x00, 0x00, 0x00, 0x00, 0x00, 0x00, 0x00,
  0x00, 0x00, 0x00, 0x00, 0x00, 0x00, 0x00, 0x00, 0x68, 0x5d, 0x01, 0x00,
  0x00, 0x00, 0x00, 0x00, 0x10, 0x00, 0x00, 0x00, 0x00, 0x00, 0x00, 0x00,
  0x03, 0x00, 0x00, 0x00, 0x07, 0x00, 0x00, 0x00, 0x08, 0x00, 0x00, 0x00,
  0x00, 0x00, 0x00, 0x00, 0x10, 0x00, 0x00, 0x00, 0x00, 0x00, 0x00, 0x00,
  0x3e, 0x02, 0x00, 0x00, 0x09, 0x00, 0x00, 0x00, 0x40, 0x00, 0x00, 0x00,
  0x00, 0x00, 0x00, 0x00, 0x00, 0x00, 0x00, 0x00, 0x00, 0x00, 0x00, 0x00,
  0x78, 0x5d, 0x01, 0x00, 0x00, 0x00, 0x00, 0x00, 0x10, 0x00, 0x00, 0x00,
  0x00, 0x00, 0x00, 0x00, 0x03, 0x00, 0x00, 0x00, 0x04, 0x00, 0x00, 0x00,
  0x08, 0x00, 0x00, 0x00, 0x00, 0x00, 0x00, 0x00, 0x10, 0x00, 0x00, 0x00,
  0x00, 0x00, 0x00, 0x00, 0x15, 0x01, 0x00, 0x00, 0x01, 0x00, 0x00, 0x00,
  0x42, 0x00, 0x00, 0x00, 0x00, 0x00, 0x00, 0x00, 0x00, 0x00, 0x00, 0x00,
  0x00, 0x00, 0x00, 0x00, 0x88, 0x5d, 0x01, 0x00, 0x00, 0x00, 0x00, 0x00,
  0x18, 0x02, 0x00, 0x00, 0x00, 0x00, 0x00, 0x00, 0x00, 0x00, 0x00, 0x00,
  0x11, 0x00, 0x00, 0x00, 0x04, 0x00, 0x00, 0x00, 0x00, 0x00, 0x00, 0x00,
  0x00, 0x00, 0x00, 0x00, 0x00, 0x00, 0x00, 0x00, 0x32, 0x00, 0x00, 0x00,
  0x01, 0x00, 0x00, 0x00, 0x06, 0x00, 0x10, 0x00, 0x00, 0x00, 0x00, 0x00,
  0x00, 0x00, 0x00, 0x00, 0x00, 0x00, 0x00, 0x00, 0x00, 0x60, 0x01, 0x00,
  0x00, 0x00, 0x00, 0x00, 0x00, 0x4a, 0x00, 0x00, 0x00, 0x00, 0x00, 0x00,
  0x03, 0x00, 0x00, 0x00, 0x0a, 0x00, 0x00, 0xfe, 0x80, 0x00, 0x00, 0x00,
  0x00, 0x00, 0x00, 0x00, 0x00, 0x00, 0x00, 0x00, 0x00, 0x00, 0x00, 0x00,
  0xc7, 0x00, 0x00, 0x00, 0x08, 0x00, 0x00, 0x00, 0x43, 0x00, 0x00, 0x00,
  0x00, 0x00, 0x00, 0x00, 0x00, 0x00, 0x00, 0x00, 0x00, 0x00, 0x00, 0x00,
  0x00, 0xaa, 0x01, 0x00, 0x00, 0x00, 0x00, 0x00, 0x00, 0x00, 0x00, 0x00,
  0x00, 0x00, 0x00, 0x00, 0x00, 0x00, 0x00, 0x00, 0x11, 0x00, 0x00, 0x00,
  0x10, 0x00, 0x00, 0x00, 0x00, 0x00, 0x00, 0x00, 0x00, 0x00, 0x00, 0x00,
  0x00, 0x00, 0x00, 0x00, 0x06, 0x00, 0x00, 0x00, 0x05, 0x00, 0x00, 0x00,
  0xc0, 0xae, 0x01, 0x00, 0x00, 0x00, 0x00, 0x00, 0x00, 0x00, 0x00, 0x00,
  0x00, 0x00, 0x00, 0x00, 0x00, 0x00, 0x00, 0x00, 0x00, 0x00, 0x00, 0x00,
  0xe0, 0x00, 0x00, 0x00, 0x00, 0x00, 0x00, 0x00, 0xe0, 0x00, 0x00, 0x00,
  0x00, 0x00, 0x00, 0x00, 0x08, 0x00, 0x00, 0x00, 0x00, 0x00, 0x00, 0x00,
  0x01, 0x00, 0x00, 0x00, 0x05, 0x00, 0x00, 0x00, 0x88, 0x5d, 0x01, 0x00,
  0x00, 0x00, 0x00, 0x00, 0x00, 0x00, 0x00, 0x00, 0x00, 0x00, 0x00, 0x00,
  0x00, 0x00, 0x00, 0x00, 0x00, 0x00, 0x00, 0x00, 0x78, 0x4c, 0x00, 0x00,
  0x00, 0x00, 0x00, 0x00, 0x78, 0x4c, 0x00, 0x00, 0x00, 0x00, 0x00, 0x00,
  0x08, 0x00, 0x00, 0x00, 0x00, 0x00, 0x00, 0x00, 0x01, 0x00, 0x00, 0x00,
  0x06, 0x00, 0x00, 0x00, 0x00, 0xaa, 0x01, 0x00, 0x00, 0x00, 0x00, 0x00,
  0x00, 0x00, 0x00, 0x00, 0x00, 0x00, 0x00, 0x00, 0x00, 0x00, 0x00, 0x00,
  0x00, 0x00, 0x00, 0x00, 0x00, 0x00, 0x00, 0x00, 0x00, 0x00, 0x00, 0x00,
  0x00, 0x00, 0x00, 0x00, 0x00, 0x00, 0x00, 0x00, 0x08, 0x00, 0x00, 0x00,
  0x00, 0x00, 0x00, 0x00, 0x01, 0x00, 0x00, 0x00, 0x05, 0x00, 0x00, 0x00,
  0xc0, 0xae, 0x01, 0x00, 0x00, 0x00, 0x00, 0x00, 0x00, 0x00, 0x00, 0x00,
  0x00, 0x00, 0x00, 0x00, 0x00, 0x00, 0x00, 0x00, 0x00, 0x00, 0x00, 0x00,
  0xe0, 0x00, 0x00, 0x00, 0x00, 0x00, 0x00, 0x00, 0xe0, 0x00, 0x00, 0x00,
  0x00, 0x00, 0x00, 0x00, 0x08, 0x00, 0x00, 0x00, 0x00, 0x00, 0x00, 0x00
};
unsigned int cubin_fmha_v2_flash_attention_fp16_64_32_S_qkv_128_sm86_cu_cubin_len = 110496;
