unsigned char cubin_fmha_v2_flash_attention_fp16_64_32_S_q_k_v_128_sm121_cu_cubin[] = {
  0x7f, 0x45, 0x4c, 0x46, 0x02, 0x01, 0x01, 0x41, 0x08, 0x00, 0x00, 0x00,
  0x00, 0x00, 0x00, 0x00, 0x02, 0x00, 0xbe, 0x00, 0x01, 0x00, 0x00, 0x00,
  0x00, 0x00, 0x00, 0x00, 0x00, 0x00, 0x00, 0x00, 0xc8, 0xfd, 0x01, 0x00,
  0x00, 0x00, 0x00, 0x00, 0x88, 0xf1, 0x01, 0x00, 0x00, 0x00, 0x00, 0x00,
  0x02, 0x79, 0x00, 0x06, 0x40, 0x00, 0x38, 0x00, 0x05, 0x00, 0x40, 0x00,
  0x31, 0x00, 0x01, 0x00, 0x00, 0x2e, 0x73, 0x68, 0x73, 0x74, 0x72, 0x74,
  0x61, 0x62, 0x00, 0x2e, 0x73, 0x74, 0x72, 0x74, 0x61, 0x62, 0x00, 0x2e,
  0x73, 0x79, 0x6d, 0x74, 0x61, 0x62, 0x00, 0x2e, 0x73, 0x79, 0x6d, 0x74,
  0x61, 0x62, 0x5f, 0x73, 0x68, 0x6e, 0x64, 0x78, 0x00, 0x2e, 0x6e, 0x6f,
  0x74, 0x65, 0x2e, 0x6e, 0x76, 0x2e, 0x74, 0x6b, 0x69, 0x6e, 0x66, 0x6f,
  0x00, 0x2e, 0x6e, 0x6f, 0x74, 0x65, 0x2e, 0x6e, 0x76, 0x2e, 0x63, 0x75,
  0x76, 0x65, 0x72, 0x00, 0x2e, 0x6e, 0x76, 0x2e, 0x69, 0x6e, 0x66, 0x6f,
  0x00, 0x2e, 0x74, 0x65, 0x78, 0x74, 0x2e, 0x66, 0x6d, 0x68, 0x61, 0x5f,
  0x76, 0x32, 0x5f, 0x66, 0x6c, 0x61, 0x73, 0x68, 0x5f, 0x61, 0x74, 0x74,
  0x65, 0x6e, 0x74, 0x69, 0x6f, 0x6e, 0x5f, 0x66, 0x70, 0x31, 0x36, 0x5f,
  0x36, 0x34, 0x5f, 0x33, 0x32, 0x5f, 0x53, 0x5f, 0x71, 0x5f, 0x6b, 0x5f,
  0x76, 0x5f, 0x31, 0x32, 0x38, 0x5f, 0x63, 0x75, 0x73, 0x74, 0x6f, 0x6d,
  0x5f, 0x6d, 0x61, 0x73, 0x6b, 0x5f, 0x73, 0x6d, 0x31, 0x32, 0x31, 0x5f,
  0x6b, 0x65, 0x72, 0x6e, 0x65, 0x6c, 0x5f, 0x6e, 0x6c, 0x00, 0x2e, 0x6e,
  0x76, 0x2e, 0x69, 0x6e, 0x66, 0x6f, 0x2e, 0x66, 0x6d, 0x68, 0x61, 0x5f,
  0x76, 0x32, 0x5f, 0x66, 0x6c, 0x61, 0x73, 0x68, 0x5f, 0x61, 0x74, 0x74,
  0x65, 0x6e, 0x74, 0x69, 0x6f, 0x6e, 0x5f, 0x66, 0x70, 0x31, 0x36, 0x5f,
  0x36, 0x34, 0x5f, 0x33, 0x32, 0x5f, 0x53, 0x5f, 0x71, 0x5f, 0x6b, 0x5f,
  0x76, 0x5f, 0x31, 0x32, 0x38, 0x5f, 0x63, 0x75, 0x73, 0x74, 0x6f, 0x6d,
  0x5f, 0x6d, 0x61, 0x73, 0x6b, 0x5f, 0x73, 0x6d, 0x31, 0x32, 0x31, 0x5f,
  0x6b, 0x65, 0x72, 0x6e, 0x65, 0x6c, 0x5f, 0x6e, 0x6c, 0x00, 0x2e, 0x6e,
  0x76, 0x2e, 0x73, 0x68, 0x61, 0x72, 0x65, 0x64, 0x2e, 0x66, 0x6d, 0x68,
  0x61, 0x5f, 0x76, 0x32, 0x5f, 0x66, 0x6c, 0x61, 0x73, 0x68, 0x5f, 0x61,
  0x74, 0x74, 0x65, 0x6e, 0x74, 0x69, 0x6f, 0x6e, 0x5f, 0x66, 0x70, 0x31,
  0x36, 0x5f, 0x36, 0x34, 0x5f, 0x33, 0x32, 0x5f, 0x53, 0x5f, 0x71, 0x5f,
  0x6b, 0x5f, 0x76, 0x5f, 0x31, 0x32, 0x38, 0x5f, 0x63, 0x75, 0x73, 0x74,
  0x6f, 0x6d, 0x5f, 0x6d, 0x61, 0x73, 0x6b, 0x5f, 0x73, 0x6d, 0x31, 0x32,
  0x31, 0x5f, 0x6b, 0x65, 0x72, 0x6e, 0x65, 0x6c, 0x5f, 0x6e, 0x6c, 0x00,
  0x2e, 0x6e, 0x76, 0x2e, 0x73, 0x68, 0x61, 0x72, 0x65, 0x64, 0x2e, 0x72,
  0x65, 0x73, 0x65, 0x72, 0x76, 0x65, 0x64, 0x2e, 0x30, 0x00, 0x2e, 0x6e,
  0x76, 0x2e, 0x63, 0x6f, 0x6d, 0x70, 0x61, 0x74, 0x00, 0x2e, 0x72, 0x65,
  0x6c, 0x2e, 0x74, 0x65, 0x78, 0x74, 0x2e, 0x66, 0x6d, 0x68, 0x61, 0x5f,
  0x76, 0x32, 0x5f, 0x66, 0x6c, 0x61, 0x73, 0x68, 0x5f, 0x61, 0x74, 0x74,
  0x65, 0x6e, 0x74, 0x69, 0x6f, 0x6e, 0x5f, 0x66, 0x70, 0x31, 0x36, 0x5f,
  0x36, 0x34, 0x5f, 0x33, 0x32, 0x5f, 0x53, 0x5f, 0x71, 0x5f, 0x6b, 0x5f,
  0x76, 0x5f, 0x31, 0x32, 0x38, 0x5f, 0x63, 0x75, 0x73, 0x74, 0x6f, 0x6d,
  0x5f, 0x6d, 0x61, 0x73, 0x6b, 0x5f, 0x73, 0x6d, 0x31, 0x32, 0x31, 0x5f,
  0x6b, 0x65, 0x72, 0x6e, 0x65, 0x6c, 0x5f, 0x6e, 0x6c, 0x00, 0x2e, 0x72,
  0x65, 0x6c, 0x61, 0x2e, 0x74, 0x65, 0x78, 0x74, 0x2e, 0x66, 0x6d, 0x68,
  0x61, 0x5f, 0x76, 0x32, 0x5f, 0x66, 0x6c, 0x61, 0x73, 0x68, 0x5f, 0x61,
  0x74, 0x74, 0x65, 0x6e, 0x74, 0x69, 0x6f, 0x6e, 0x5f, 0x66, 0x70, 0x31,
  0x36, 0x5f, 0x36, 0x34, 0x5f, 0x33, 0x32, 0x5f, 0x53, 0x5f, 0x71, 0x5f,
  0x6b, 0x5f, 0x76, 0x5f, 0x31, 0x32, 0x38, 0x5f, 0x63, 0x75, 0x73, 0x74,
  0x6f, 0x6d, 0x5f, 0x6d, 0x61, 0x73, 0x6b, 0x5f, 0x73, 0x6d, 0x31, 0x32,
  0x31, 0x5f, 0x6b, 0x65, 0x72, 0x6e, 0x65, 0x6c, 0x5f, 0x6e, 0x6c, 0x00,
  0x2e, 0x74, 0x65, 0x78, 0x74, 0x2e, 0x66, 0x6d, 0x68, 0x61, 0x5f, 0x76,
  0x32, 0x5f, 0x66, 0x6c, 0x61, 0x73, 0x68, 0x5f, 0x61, 0x74, 0x74, 0x65,
  0x6e, 0x74, 0x69, 0x6f, 0x6e, 0x5f, 0x66, 0x70, 0x31, 0x36, 0x5f, 0x36,
  0x34, 0x5f, 0x33, 0x32, 0x5f, 0x53, 0x5f, 0x71, 0x5f, 0x6b, 0x5f, 0x76,
  0x5f, 0x31, 0x32, 0x38, 0x5f, 0x73, 0x6c, 0x69, 0x64, 0x69, 0x6e, 0x67,
  0x5f, 0x6f, 0x72, 0x5f, 0x63, 0x68, 0x75, 0x6e, 0x6b, 0x65, 0x64, 0x5f,
  0x63, 0x61, 0x75, 0x73, 0x61, 0x6c, 0x5f, 0x73, 0x6d, 0x31, 0x32, 0x31,
  0x5f, 0x6b, 0x65, 0x72, 0x6e, 0x65, 0x6c, 0x5f, 0x6e, 0x6c, 0x00, 0x2e,
  0x6e, 0x76, 0x2e, 0x69, 0x6e, 0x66, 0x6f, 0x2e, 0x66, 0x6d, 0x68, 0x61,
  0x5f, 0x76, 0x32, 0x5f, 0x66, 0x6c, 0x61, 0x73, 0x68, 0x5f, 0x61, 0x74,
  0x74, 0x65, 0x6e, 0x74, 0x69, 0x6f, 0x6e, 0x5f, 0x66, 0x70, 0x31, 0x36,
  0x5f, 0x36, 0x34, 0x5f, 0x33, 0x32, 0x5f, 0x53, 0x5f, 0x71, 0x5f, 0x6b,
  0x5f, 0x76, 0x5f, 0x31, 0x32, 0x38, 0x5f, 0x73, 0x6c, 0x69, 0x64, 0x69,
  0x6e, 0x67, 0x5f, 0x6f, 0x72, 0x5f, 0x63, 0x68, 0x75, 0x6e, 0x6b, 0x65,
  0x64, 0x5f, 0x63, 0x61, 0x75, 0x73, 0x61, 0x6c, 0x5f, 0x73, 0x6d, 0x31,
  0x32, 0x31, 0x5f, 0x6b, 0x65, 0x72, 0x6e, 0x65, 0x6c, 0x5f, 0x6e, 0x6c,
  0x00, 0x2e, 0x6e, 0x76, 0x2e, 0x73, 0x68, 0x61, 0x72, 0x65, 0x64, 0x2e,
  0x66, 0x6d, 0x68, 0x61, 0x5f, 0x76, 0x32, 0x5f, 0x66, 0x6c, 0x61, 0x73,
  0x68, 0x5f, 0x61, 0x74, 0x74, 0x65, 0x6e, 0x74, 0x69, 0x6f, 0x6e, 0x5f,
  0x66, 0x70, 0x31, 0x36, 0x5f, 0x36, 0x34, 0x5f, 0x33, 0x32, 0x5f, 0x53,
  0x5f, 0x71, 0x5f, 0x6b, 0x5f, 0x76, 0x5f, 0x31, 0x32, 0x38, 0x5f, 0x73,
  0x6c, 0x69, 0x64, 0x69, 0x6e, 0x67, 0x5f, 0x6f, 0x72, 0x5f, 0x63, 0x68,
  0x75, 0x6e, 0x6b, 0x65, 0x64, 0x5f, 0x63, 0x61, 0x75, 0x73, 0x61, 0x6c,
  0x5f, 0x73, 0x6d, 0x31, 0x32, 0x31, 0x5f, 0x6b, 0x65, 0x72, 0x6e, 0x65,
  0x6c, 0x5f, 0x6e, 0x6c, 0x00, 0x2e, 0x72, 0x65, 0x6c, 0x2e, 0x74, 0x65,
  0x78, 0x74, 0x2e, 0x66, 0x6d, 0x68, 0x61, 0x5f, 0x76, 0x32, 0x5f, 0x66,
  0x6c, 0x61, 0x73, 0x68, 0x5f, 0x61, 0x74, 0x74, 0x65, 0x6e, 0x74, 0x69,
  0x6f, 0x6e, 0x5f, 0x66, 0x70, 0x31, 0x36, 0x5f, 0x36, 0x34, 0x5f, 0x33,
  0x32, 0x5f, 0x53, 0x5f, 0x71, 0x5f, 0x6b, 0x5f, 0x76, 0x5f, 0x31, 0x32,
  0x38, 0x5f, 0x73, 0x6c, 0x69, 0x64, 0x69, 0x6e, 0x67, 0x5f, 0x6f, 0x72,
  0x5f, 0x63, 0x68, 0x75, 0x6e, 0x6b, 0x65, 0x64, 0x5f, 0x63, 0x61, 0x75,
  0x73, 0x61, 0x6c, 0x5f, 0x73, 0x6d, 0x31, 0x32, 0x31, 0x5f, 0x6b, 0x65,
  0x72, 0x6e, 0x65, 0x6c, 0x5f, 0x6e, 0x6c, 0x00, 0x2e, 0x72, 0x65, 0x6c,
  0x61, 0x2e, 0x74, 0x65, 0x78, 0x74, 0x2e, 0x66, 0x6d, 0x68, 0x61, 0x5f,
  0x76, 0x32, 0x5f, 0x66, 0x6c, 0x61, 0x73, 0x68, 0x5f, 0x61, 0x74, 0x74,
  0x65, 0x6e, 0x74, 0x69, 0x6f, 0x6e, 0x5f, 0x66, 0x70, 0x31, 0x36, 0x5f,
  0x36, 0x34, 0x5f, 0x33, 0x32, 0x5f, 0x53, 0x5f, 0x71, 0x5f, 0x6b, 0x5f,
  0x76, 0x5f, 0x31, 0x32, 0x38, 0x5f, 0x73, 0x6c, 0x69, 0x64, 0x69, 0x6e,
  0x67, 0x5f, 0x6f, 0x72, 0x5f, 0x63, 0x68, 0x75, 0x6e, 0x6b, 0x65, 0x64,
  0x5f, 0x63, 0x61, 0x75, 0x73, 0x61, 0x6c, 0x5f, 0x73, 0x6d, 0x31, 0x32,
  0x31, 0x5f, 0x6b, 0x65, 0x72, 0x6e, 0x65, 0x6c, 0x5f, 0x6e, 0x6c, 0x00,
  0x2e, 0x74, 0x65, 0x78, 0x74, 0x2e, 0x66, 0x6d, 0x68, 0x61, 0x5f, 0x76,
  0x32, 0x5f, 0x66, 0x6c, 0x61, 0x73, 0x68, 0x5f, 0x61, 0x74, 0x74, 0x65,
  0x6e, 0x74, 0x69, 0x6f, 0x6e, 0x5f, 0x66, 0x70, 0x31, 0x36, 0x5f, 0x36,
  0x34, 0x5f, 0x33, 0x32, 0x5f, 0x53, 0x5f, 0x71, 0x5f, 0x6b, 0x5f, 0x76,
  0x5f, 0x31, 0x32, 0x38, 0x5f, 0x63, 0x61, 0x75, 0x73, 0x61, 0x6c, 0x5f,
  0x73, 0x6d, 0x31, 0x32, 0x31, 0x5f, 0x6b, 0x65, 0x72, 0x6e, 0x65, 0x6c,
  0x5f, 0x6e, 0x6c, 0x00, 0x2e, 0x6e, 0x76, 0x2e, 0x69, 0x6e, 0x66, 0x6f,
  0x2e, 0x66, 0x6d, 0x68, 0x61, 0x5f, 0x76, 0x32, 0x5f, 0x66, 0x6c, 0x61,
  0x73, 0x68, 0x5f, 0x61, 0x74, 0x74, 0x65, 0x6e, 0x74, 0x69, 0x6f, 0x6e,
  0x5f, 0x66, 0x70, 0x31, 0x36, 0x5f, 0x36, 0x34, 0x5f, 0x33, 0x32, 0x5f,
  0x53, 0x5f, 0x71, 0x5f, 0x6b, 0x5f, 0x76, 0x5f, 0x31, 0x32, 0x38, 0x5f,
  0x63, 0x61, 0x75, 0x73, 0x61, 0x6c, 0x5f, 0x73, 0x6d, 0x31, 0x32, 0x31,
  0x5f, 0x6b, 0x65, 0x72, 0x6e, 0x65, 0x6c, 0x5f, 0x6e, 0x6c, 0x00, 0x2e,
  0x6e, 0x76, 0x2e, 0x73, 0x68, 0x61, 0x72, 0x65, 0x64, 0x2e, 0x66, 0x6d,
  0x68, 0x61, 0x5f, 0x76, 0x32, 0x5f, 0x66, 0x6c, 0x61, 0x73, 0x68, 0x5f,
  0x61, 0x74, 0x74, 0x65, 0x6e, 0x74, 0x69, 0x6f, 0x6e, 0x5f, 0x66, 0x70,
  0x31, 0x36, 0x5f, 0x36, 0x34, 0x5f, 0x33, 0x32, 0x5f, 0x53, 0x5f, 0x71,
  0x5f, 0x6b, 0x5f, 0x76, 0x5f, 0x31, 0x32, 0x38, 0x5f, 0x63, 0x61, 0x75,
  0x73, 0x61, 0x6c, 0x5f, 0x73, 0x6d, 0x31, 0x32, 0x31, 0x5f, 0x6b, 0x65,
  0x72, 0x6e, 0x65, 0x6c, 0x5f, 0x6e, 0x6c, 0x00, 0x2e, 0x72, 0x65, 0x6c,
  0x2e, 0x74, 0x65, 0x78, 0x74, 0x2e, 0x66, 0x6d, 0x68, 0x61, 0x5f, 0x76,
  0x32, 0x5f, 0x66, 0x6c, 0x61, 0x73, 0x68, 0x5f, 0x61, 0x74, 0x74, 0x65,
  0x6e, 0x74, 0x69, 0x6f, 0x6e, 0x5f, 0x66, 0x70, 0x31, 0x36, 0x5f, 0x36,
  0x34, 0x5f, 0x33, 0x32, 0x5f, 0x53, 0x5f, 0x71, 0x5f, 0x6b, 0x5f, 0x76,
  0x5f, 0x31, 0x32, 0x38, 0x5f, 0x63, 0x61, 0x75, 0x73, 0x61, 0x6c, 0x5f,
  0x73, 0x6d, 0x31, 0x32, 0x31, 0x5f, 0x6b, 0x65, 0x72, 0x6e, 0x65, 0x6c,
  0x5f, 0x6e, 0x6c, 0x00, 0x2e, 0x72, 0x65, 0x6c, 0x61, 0x2e, 0x74, 0x65,
  0x78, 0x74, 0x2e, 0x66, 0x6d, 0x68, 0x61, 0x5f, 0x76, 0x32, 0x5f, 0x66,
  0x6c, 0x61, 0x73, 0x68, 0x5f, 0x61, 0x74, 0x74, 0x65, 0x6e, 0x74, 0x69,
  0x6f, 0x6e, 0x5f, 0x66, 0x70, 0x31, 0x36, 0x5f, 0x36, 0x34, 0x5f, 0x33,
  0x32, 0x5f, 0x53, 0x5f, 0x71, 0x5f, 0x6b, 0x5f, 0x76, 0x5f, 0x31, 0x32,
  0x38, 0x5f, 0x63, 0x61, 0x75, 0x73, 0x61, 0x6c, 0x5f, 0x73, 0x6d, 0x31,
  0x32, 0x31, 0x5f, 0x6b, 0x65, 0x72, 0x6e, 0x65, 0x6c, 0x5f, 0x6e, 0x6c,
  0x00, 0x2e, 0x74, 0x65, 0x78, 0x74, 0x2e, 0x66, 0x6d, 0x68, 0x61, 0x5f,
  0x76, 0x32, 0x5f, 0x66, 0x6c, 0x61, 0x73, 0x68, 0x5f, 0x61, 0x74, 0x74,
  0x65, 0x6e, 0x74, 0x69, 0x6f, 0x6e, 0x5f, 0x66, 0x70, 0x31, 0x36, 0x5f,
  0x36, 0x34, 0x5f, 0x33, 0x32, 0x5f, 0x53, 0x5f, 0x71, 0x5f, 0x6b, 0x5f,
  0x76, 0x5f, 0x31, 0x32, 0x38, 0x5f, 0x73, 0x6d, 0x31, 0x32, 0x31, 0x5f,
  0x6b, 0x65, 0x72, 0x6e, 0x65, 0x6c, 0x5f, 0x6e, 0x6c, 0x00, 0x2e, 0x6e,
  0x76, 0x2e, 0x69, 0x6e, 0x66, 0x6f, 0x2e, 0x66, 0x6d, 0x68, 0x61, 0x5f,
  0x76, 0x32, 0x5f, 0x66, 0x6c, 0x61, 0x73, 0x68, 0x5f, 0x61, 0x74, 0x74,
  0x65, 0x6e, 0x74, 0x69, 0x6f, 0x6e, 0x5f, 0x66, 0x70, 0x31, 0x36, 0x5f,
  0x36, 0x34, 0x5f, 0x33, 0x32, 0x5f, 0x53, 0x5f, 0x71, 0x5f, 0x6b, 0x5f,
  0x76, 0x5f, 0x31, 0x32, 0x38, 0x5f, 0x73, 0x6d, 0x31, 0x32, 0x31, 0x5f,
  0x6b, 0x65, 0x72, 0x6e, 0x65, 0x6c, 0x5f, 0x6e, 0x6c, 0x00, 0x2e, 0x6e,
  0x76, 0x2e, 0x73, 0x68, 0x61, 0x72, 0x65, 0x64, 0x2e, 0x66, 0x6d, 0x68,
  0x61, 0x5f, 0x76, 0x32, 0x5f, 0x66, 0x6c, 0x61, 0x73, 0x68, 0x5f, 0x61,
  0x74, 0x74, 0x65, 0x6e, 0x74, 0x69, 0x6f, 0x6e, 0x5f, 0x66, 0x70, 0x31,
  0x36, 0x5f, 0x36, 0x34, 0x5f, 0x33, 0x32, 0x5f, 0x53, 0x5f, 0x71, 0x5f,
  0x6b, 0x5f, 0x76, 0x5f, 0x31, 0x32, 0x38, 0x5f, 0x73, 0x6d, 0x31, 0x32,
  0x31, 0x5f, 0x6b, 0x65, 0x72, 0x6e, 0x65, 0x6c, 0x5f, 0x6e, 0x6c, 0x00,
  0x2e, 0x72, 0x65, 0x6c, 0x2e, 0x74, 0x65, 0x78, 0x74, 0x2e, 0x66, 0x6d,
  0x68, 0x61, 0x5f, 0x76, 0x32, 0x5f, 0x66, 0x6c, 0x61, 0x73, 0x68, 0x5f,
  0x61, 0x74, 0x74, 0x65, 0x6e, 0x74, 0x69, 0x6f, 0x6e, 0x5f, 0x66, 0x70,
  0x31, 0x36, 0x5f, 0x36, 0x34, 0x5f, 0x33, 0x32, 0x5f, 0x53, 0x5f, 0x71,
  0x5f, 0x6b, 0x5f, 0x76, 0x5f, 0x31, 0x32, 0x38, 0x5f, 0x73, 0x6d, 0x31,
  0x32, 0x31, 0x5f, 0x6b, 0x65, 0x72, 0x6e, 0x65, 0x6c, 0x5f, 0x6e, 0x6c,
  0x00, 0x2e, 0x72, 0x65, 0x6c, 0x61, 0x2e, 0x74, 0x65, 0x78, 0x74, 0x2e,
  0x66, 0x6d, 0x68, 0x61, 0x5f, 0x76, 0x32, 0x5f, 0x66, 0x6c, 0x61, 0x73,
  0x68, 0x5f, 0x61, 0x74, 0x74, 0x65, 0x6e, 0x74, 0x69, 0x6f, 0x6e, 0x5f,
  0x66, 0x70, 0x31, 0x36, 0x5f, 0x36, 0x34, 0x5f, 0x33, 0x32, 0x5f, 0x53,
  0x5f, 0x71, 0x5f, 0x6b, 0x5f, 0x76, 0x5f, 0x31, 0x32, 0x38, 0x5f, 0x73,
  0x6d, 0x31, 0x32, 0x31, 0x5f, 0x6b, 0x65, 0x72, 0x6e, 0x65, 0x6c, 0x5f,
  0x6e, 0x6c, 0x00, 0x2e, 0x64, 0x65, 0x62, 0x75, 0x67, 0x5f, 0x66, 0x72,
  0x61, 0x6d, 0x65, 0x00, 0x2e, 0x72, 0x65, 0x6c, 0x2e, 0x64, 0x65, 0x62,
  0x75, 0x67, 0x5f, 0x66, 0x72, 0x61, 0x6d, 0x65, 0x00, 0x2e, 0x72, 0x65,
  0x6c, 0x61, 0x2e, 0x64, 0x65, 0x62, 0x75, 0x67, 0x5f, 0x66, 0x72, 0x61,
  0x6d, 0x65, 0x00, 0x2e, 0x6e, 0x76, 0x2e, 0x63, 0x61, 0x6c, 0x6c, 0x67,
  0x72, 0x61, 0x70, 0x68, 0x00, 0x2e, 0x6e, 0x76, 0x2e, 0x70, 0x72, 0x6f,
  0x74, 0x6f, 0x74, 0x79, 0x70, 0x65, 0x00, 0x2e, 0x6e, 0x76, 0x2e, 0x63,
  0x6f, 0x6e, 0x73, 0x74, 0x61, 0x6e, 0x74, 0x30, 0x2e, 0x66, 0x6d, 0x68,
  0x61, 0x5f, 0x76, 0x32, 0x5f, 0x66, 0x6c, 0x61, 0x73, 0x68, 0x5f, 0x61,
  0x74, 0x74, 0x65, 0x6e, 0x74, 0x69, 0x6f, 0x6e, 0x5f, 0x66, 0x70, 0x31,
  0x36, 0x5f, 0x36, 0x34, 0x5f, 0x33, 0x32, 0x5f, 0x53, 0x5f, 0x71, 0x5f,
  0x6b, 0x5f, 0x76, 0x5f, 0x31, 0x32, 0x38, 0x5f, 0x63, 0x75, 0x73, 0x74,
  0x6f, 0x6d, 0x5f, 0x6d, 0x61, 0x73, 0x6b, 0x5f, 0x73, 0x6d, 0x31, 0x32,
  0x31, 0x5f, 0x6b, 0x65, 0x72, 0x6e, 0x65, 0x6c, 0x5f, 0x6e, 0x6c, 0x00,
  0x2e, 0x6e, 0x76, 0x2e, 0x63, 0x6f, 0x6e, 0x73, 0x74, 0x61, 0x6e, 0x74,
  0x30, 0x2e, 0x66, 0x6d, 0x68, 0x61, 0x5f, 0x76, 0x32, 0x5f, 0x66, 0x6c,
  0x61, 0x73, 0x68, 0x5f, 0x61, 0x74, 0x74, 0x65, 0x6e, 0x74, 0x69, 0x6f,
  0x6e, 0x5f, 0x66, 0x70, 0x31, 0x36, 0x5f, 0x36, 0x34, 0x5f, 0x33, 0x32,
  0x5f, 0x53, 0x5f, 0x71, 0x5f, 0x6b, 0x5f, 0x76, 0x5f, 0x31, 0x32, 0x38,
  0x5f, 0x73, 0x6c, 0x69, 0x64, 0x69, 0x6e, 0x67, 0x5f, 0x6f, 0x72, 0x5f,
  0x63, 0x68, 0x75, 0x6e, 0x6b, 0x65, 0x64, 0x5f, 0x63, 0x61, 0x75, 0x73,
  0x61, 0x6c, 0x5f, 0x73, 0x6d, 0x31, 0x32, 0x31, 0x5f, 0x6b, 0x65, 0x72,
  0x6e, 0x65, 0x6c, 0x5f, 0x6e, 0x6c, 0x00, 0x2e, 0x6e, 0x76, 0x2e, 0x63,
  0x6f, 0x6e, 0x73, 0x74, 0x61, 0x6e, 0x74, 0x30, 0x2e, 0x66, 0x6d, 0x68,
  0x61, 0x5f, 0x76, 0x32, 0x5f, 0x66, 0x6c, 0x61, 0x73, 0x68, 0x5f, 0x61,
  0x74, 0x74, 0x65, 0x6e, 0x74, 0x69, 0x6f, 0x6e, 0x5f, 0x66, 0x70, 0x31,
  0x36, 0x5f, 0x36, 0x34, 0x5f, 0x33, 0x32, 0x5f, 0x53, 0x5f, 0x71, 0x5f,
  0x6b, 0x5f, 0x76, 0x5f, 0x31, 0x32, 0x38, 0x5f, 0x63, 0x61, 0x75, 0x73,
  0x61, 0x6c, 0x5f, 0x73, 0x6d, 0x31, 0x32, 0x31, 0x5f, 0x6b, 0x65, 0x72,
  0x6e, 0x65, 0x6c, 0x5f, 0x6e, 0x6c, 0x00, 0x2e, 0x6e, 0x76, 0x2e, 0x63,
  0x6f, 0x6e, 0x73, 0x74, 0x61, 0x6e, 0x74, 0x30, 0x2e, 0x66, 0x6d, 0x68,
  0x61, 0x5f, 0x76, 0x32, 0x5f, 0x66, 0x6c, 0x61, 0x73, 0x68, 0x5f, 0x61,
  0x74, 0x74, 0x65, 0x6e, 0x74, 0x69, 0x6f, 0x6e, 0x5f, 0x66, 0x70, 0x31,
  0x36, 0x5f, 0x36, 0x34, 0x5f, 0x33, 0x32, 0x5f, 0x53, 0x5f, 0x71, 0x5f,
  0x6b, 0x5f, 0x76, 0x5f, 0x31, 0x32, 0x38, 0x5f, 0x73, 0x6d, 0x31, 0x32,
  0x31, 0x5f, 0x6b, 0x65, 0x72, 0x6e, 0x65, 0x6c, 0x5f, 0x6e, 0x6c, 0x00,
  0x2e, 0x6e, 0x76, 0x2e, 0x63, 0x61, 0x70, 0x6d, 0x65, 0x72, 0x63, 0x2e,
  0x74, 0x65, 0x78, 0x74, 0x2e, 0x66, 0x6d, 0x68, 0x61, 0x5f, 0x76, 0x32,
  0x5f, 0x66, 0x6c, 0x61, 0x73, 0x68, 0x5f, 0x61, 0x74, 0x74, 0x65, 0x6e,
  0x74, 0x69, 0x6f, 0x6e, 0x5f, 0x66, 0x70, 0x31, 0x36, 0x5f, 0x36, 0x34,
  0x5f, 0x33, 0x32, 0x5f, 0x53, 0x5f, 0x71, 0x5f, 0x6b, 0x5f, 0x76, 0x5f,
  0x31, 0x32, 0x38, 0x5f, 0x63, 0x75, 0x73, 0x74, 0x6f, 0x6d, 0x5f, 0x6d,
  0x61, 0x73, 0x6b, 0x5f, 0x73, 0x6d, 0x31, 0x32, 0x31, 0x5f, 0x6b, 0x65,
  0x72, 0x6e, 0x65, 0x6c, 0x5f, 0x6e, 0x6c, 0x00, 0x2e, 0x6e, 0x76, 0x2e,
  0x63, 0x61, 0x70, 0x6d, 0x65, 0x72, 0x63, 0x2e, 0x74, 0x65, 0x78, 0x74,
  0x2e, 0x66, 0x6d, 0x68, 0x61, 0x5f, 0x76, 0x32, 0x5f, 0x66, 0x6c, 0x61,
  0x73, 0x68, 0x5f, 0x61, 0x74, 0x74, 0x65, 0x6e, 0x74, 0x69, 0x6f, 0x6e,
  0x5f, 0x66, 0x70, 0x31, 0x36, 0x5f, 0x36, 0x34, 0x5f, 0x33, 0x32, 0x5f,
  0x53, 0x5f, 0x71, 0x5f, 0x6b, 0x5f, 0x76, 0x5f, 0x31, 0x32, 0x38, 0x5f,
  0x73, 0x6c, 0x69, 0x64, 0x69, 0x6e, 0x67, 0x5f, 0x6f, 0x72, 0x5f, 0x63,
  0x68, 0x75, 0x6e, 0x6b, 0x65, 0x64, 0x5f, 0x63, 0x61, 0x75, 0x73, 0x61,
  0x6c, 0x5f, 0x73, 0x6d, 0x31, 0x32, 0x31, 0x5f, 0x6b, 0x65, 0x72, 0x6e,
  0x65, 0x6c, 0x5f, 0x6e, 0x6c, 0x00, 0x2e, 0x6e, 0x76, 0x2e, 0x63, 0x61,
  0x70, 0x6d, 0x65, 0x72, 0x63, 0x2e, 0x74, 0x65, 0x78, 0x74, 0x2e, 0x66,
  0x6d, 0x68, 0x61, 0x5f, 0x76, 0x32, 0x5f, 0x66, 0x6c, 0x61, 0x73, 0x68,
  0x5f, 0x61, 0x74, 0x74, 0x65, 0x6e, 0x74, 0x69, 0x6f, 0x6e, 0x5f, 0x66,
  0x70, 0x31, 0x36, 0x5f, 0x36, 0x34, 0x5f, 0x33, 0x32, 0x5f, 0x53, 0x5f,
  0x71, 0x5f, 0x6b, 0x5f, 0x76, 0x5f, 0x31, 0x32, 0x38, 0x5f, 0x63, 0x61,
  0x75, 0x73, 0x61, 0x6c, 0x5f, 0x73, 0x6d, 0x31, 0x32, 0x31, 0x5f, 0x6b,
  0x65, 0x72, 0x6e, 0x65, 0x6c, 0x5f, 0x6e, 0x6c, 0x00, 0x2e, 0x6e, 0x76,
  0x2e, 0x63, 0x61, 0x70, 0x6d, 0x65, 0x72, 0x63, 0x2e, 0x74, 0x65, 0x78,
  0x74, 0x2e, 0x66, 0x6d, 0x68, 0x61, 0x5f, 0x76, 0x32, 0x5f, 0x66, 0x6c,
  0x61, 0x73, 0x68, 0x5f, 0x61, 0x74, 0x74, 0x65, 0x6e, 0x74, 0x69, 0x6f,
  0x6e, 0x5f, 0x66, 0x70, 0x31, 0x36, 0x5f, 0x36, 0x34, 0x5f, 0x33, 0x32,
  0x5f, 0x53, 0x5f, 0x71, 0x5f, 0x6b, 0x5f, 0x76, 0x5f, 0x31, 0x32, 0x38,
  0x5f, 0x73, 0x6d, 0x31, 0x32, 0x31, 0x5f, 0x6b, 0x65, 0x72, 0x6e, 0x65,
  0x6c, 0x5f, 0x6e, 0x6c, 0x00, 0x2e, 0x6e, 0x76, 0x2e, 0x6d, 0x65, 0x72,
  0x63, 0x2e, 0x64, 0x65, 0x62, 0x75, 0x67, 0x5f, 0x66, 0x72, 0x61, 0x6d,
  0x65, 0x00, 0x2e, 0x6e, 0x76, 0x2e, 0x6d, 0x65, 0x72, 0x63, 0x2e, 0x6e,
  0x76, 0x2e, 0x69, 0x6e, 0x66, 0x6f, 0x00, 0x2e, 0x6e, 0x76, 0x2e, 0x6d,
  0x65, 0x72, 0x63, 0x2e, 0x6e, 0x76, 0x2e, 0x69, 0x6e, 0x66, 0x6f, 0x2e,
  0x66, 0x6d, 0x68, 0x61, 0x5f, 0x76, 0x32, 0x5f, 0x66, 0x6c, 0x61, 0x73,
  0x68, 0x5f, 0x61, 0x74, 0x74, 0x65, 0x6e, 0x74, 0x69, 0x6f, 0x6e, 0x5f,
  0x66, 0x70, 0x31, 0x36, 0x5f, 0x36, 0x34, 0x5f, 0x33, 0x32, 0x5f, 0x53,
  0x5f, 0x71, 0x5f, 0x6b, 0x5f, 0x76, 0x5f, 0x31, 0x32, 0x38, 0x5f, 0x63,
  0x75, 0x73, 0x74, 0x6f, 0x6d, 0x5f, 0x6d, 0x61, 0x73, 0x6b, 0x5f, 0x73,
  0x6d, 0x31, 0x32, 0x31, 0x5f, 0x6b, 0x65, 0x72, 0x6e, 0x65, 0x6c, 0x5f,
  0x6e, 0x6c, 0x00, 0x2e, 0x6e, 0x76, 0x2e, 0x6d, 0x65, 0x72, 0x63, 0x2e,
  0x6e, 0x76, 0x2e, 0x69, 0x6e, 0x66, 0x6f, 0x2e, 0x66, 0x6d, 0x68, 0x61,
  0x5f, 0x76, 0x32, 0x5f, 0x66, 0x6c, 0x61, 0x73, 0x68, 0x5f, 0x61, 0x74,
  0x74, 0x65, 0x6e, 0x74, 0x69, 0x6f, 0x6e, 0x5f, 0x66, 0x70, 0x31, 0x36,
  0x5f, 0x36, 0x34, 0x5f, 0x33, 0x32, 0x5f, 0x53, 0x5f, 0x71, 0x5f, 0x6b,
  0x5f, 0x76, 0x5f, 0x31, 0x32, 0x38, 0x5f, 0x73, 0x6c, 0x69, 0x64, 0x69,
  0x6e, 0x67, 0x5f, 0x6f, 0x72, 0x5f, 0x63, 0x68, 0x75, 0x6e, 0x6b, 0x65,
  0x64, 0x5f, 0x63, 0x61, 0x75, 0x73, 0x61, 0x6c, 0x5f, 0x73, 0x6d, 0x31,
  0x32, 0x31, 0x5f, 0x6b, 0x65, 0x72, 0x6e, 0x65, 0x6c, 0x5f, 0x6e, 0x6c,
  0x00, 0x2e, 0x6e, 0x76, 0x2e, 0x6d, 0x65, 0x72, 0x63, 0x2e, 0x6e, 0x76,
  0x2e, 0x69, 0x6e, 0x66, 0x6f, 0x2e, 0x66, 0x6d, 0x68, 0x61, 0x5f, 0x76,
  0x32, 0x5f, 0x66, 0x6c, 0x61, 0x73, 0x68, 0x5f, 0x61, 0x74, 0x74, 0x65,
  0x6e, 0x74, 0x69, 0x6f, 0x6e, 0x5f, 0x66, 0x70, 0x31, 0x36, 0x5f, 0x36,
  0x34, 0x5f, 0x33, 0x32, 0x5f, 0x53, 0x5f, 0x71, 0x5f, 0x6b, 0x5f, 0x76,
  0x5f, 0x31, 0x32, 0x38, 0x5f, 0x63, 0x61, 0x75, 0x73, 0x61, 0x6c, 0x5f,
  0x73, 0x6d, 0x31, 0x32, 0x31, 0x5f, 0x6b, 0x65, 0x72, 0x6e, 0x65, 0x6c,
  0x5f, 0x6e, 0x6c, 0x00, 0x2e, 0x6e, 0x76, 0x2e, 0x6d, 0x65, 0x72, 0x63,
  0x2e, 0x6e, 0x76, 0x2e, 0x69, 0x6e, 0x66, 0x6f, 0x2e, 0x66, 0x6d, 0x68,
  0x61, 0x5f, 0x76, 0x32, 0x5f, 0x66, 0x6c, 0x61, 0x73, 0x68, 0x5f, 0x61,
  0x74, 0x74, 0x65, 0x6e, 0x74, 0x69, 0x6f, 0x6e, 0x5f, 0x66, 0x70, 0x31,
  0x36, 0x5f, 0x36, 0x34, 0x5f, 0x33, 0x32, 0x5f, 0x53, 0x5f, 0x71, 0x5f,
  0x6b, 0x5f, 0x76, 0x5f, 0x31, 0x32, 0x38, 0x5f, 0x73, 0x6d, 0x31, 0x32,
  0x31, 0x5f, 0x6b, 0x65, 0x72, 0x6e, 0x65, 0x6c, 0x5f, 0x6e, 0x6c, 0x00,
  0x2e, 0x6e, 0x76, 0x2e, 0x6d, 0x65, 0x72, 0x63, 0x2e, 0x72, 0x65, 0x6c,
  0x61, 0x2e, 0x74, 0x65, 0x78, 0x74, 0x2e, 0x66, 0x6d, 0x68, 0x61, 0x5f,
  0x76, 0x32, 0x5f, 0x66, 0x6c, 0x61, 0x73, 0x68, 0x5f, 0x61, 0x74, 0x74,
  0x65, 0x6e, 0x74, 0x69, 0x6f, 0x6e, 0x5f, 0x66, 0x70, 0x31, 0x36, 0x5f,
  0x36, 0x34, 0x5f, 0x33, 0x32, 0x5f, 0x53, 0x5f, 0x71, 0x5f, 0x6b, 0x5f,
  0x76, 0x5f, 0x31, 0x32, 0x38, 0x5f, 0x63, 0x75, 0x73, 0x74, 0x6f, 0x6d,
  0x5f, 0x6d, 0x61, 0x73, 0x6b, 0x5f, 0x73, 0x6d, 0x31, 0x32, 0x31, 0x5f,
  0x6b, 0x65, 0x72, 0x6e, 0x65, 0x6c, 0x5f, 0x6e, 0x6c, 0x00, 0x2e, 0x6e,
  0x76, 0x2e, 0x6d, 0x65, 0x72, 0x63, 0x2e, 0x72, 0x65, 0x6c, 0x61, 0x2e,
  0x74, 0x65, 0x78, 0x74, 0x2e, 0x66, 0x6d, 0x68, 0x61, 0x5f, 0x76, 0x32,
  0x5f, 0x66, 0x6c, 0x61, 0x73, 0x68, 0x5f, 0x61, 0x74, 0x74, 0x65, 0x6e,
  0x74, 0x69, 0x6f, 0x6e, 0x5f, 0x66, 0x70, 0x31, 0x36, 0x5f, 0x36, 0x34,
  0x5f, 0x33, 0x32, 0x5f, 0x53, 0x5f, 0x71, 0x5f, 0x6b, 0x5f, 0x76, 0x5f,
  0x31, 0x32, 0x38, 0x5f, 0x73, 0x6c, 0x69, 0x64, 0x69, 0x6e, 0x67, 0x5f,
  0x6f, 0x72, 0x5f, 0x63, 0x68, 0x75, 0x6e, 0x6b, 0x65, 0x64, 0x5f, 0x63,
  0x61, 0x75, 0x73, 0x61, 0x6c, 0x5f, 0x73, 0x6d, 0x31, 0x32, 0x31, 0x5f,
  0x6b, 0x65, 0x72, 0x6e, 0x65, 0x6c, 0x5f, 0x6e, 0x6c, 0x00, 0x2e, 0x6e,
  0x76, 0x2e, 0x6d, 0x65, 0x72, 0x63, 0x2e, 0x72, 0x65, 0x6c, 0x61, 0x2e,
  0x74, 0x65, 0x78, 0x74, 0x2e, 0x66, 0x6d, 0x68, 0x61, 0x5f, 0x76, 0x32,
  0x5f, 0x66, 0x6c, 0x61, 0x73, 0x68, 0x5f, 0x61, 0x74, 0x74, 0x65, 0x6e,
  0x74, 0x69, 0x6f, 0x6e, 0x5f, 0x66, 0x70, 0x31, 0x36, 0x5f, 0x36, 0x34,
  0x5f, 0x33, 0x32, 0x5f, 0x53, 0x5f, 0x71, 0x5f, 0x6b, 0x5f, 0x76, 0x5f,
  0x31, 0x32, 0x38, 0x5f, 0x63, 0x61, 0x75, 0x73, 0x61, 0x6c, 0x5f, 0x73,
  0x6d, 0x31, 0x32, 0x31, 0x5f, 0x6b, 0x65, 0x72, 0x6e, 0x65, 0x6c, 0x5f,
  0x6e, 0x6c, 0x00, 0x2e, 0x6e, 0x76, 0x2e, 0x6d, 0x65, 0x72, 0x63, 0x2e,
  0x72, 0x65, 0x6c, 0x61, 0x2e, 0x74, 0x65, 0x78, 0x74, 0x2e, 0x66, 0x6d,
  0x68, 0x61, 0x5f, 0x76, 0x32, 0x5f, 0x66, 0x6c, 0x61, 0x73, 0x68, 0x5f,
  0x61, 0x74, 0x74, 0x65, 0x6e, 0x74, 0x69, 0x6f, 0x6e, 0x5f, 0x66, 0x70,
  0x31, 0x36, 0x5f, 0x36, 0x34, 0x5f, 0x33, 0x32, 0x5f, 0x53, 0x5f, 0x71,
  0x5f, 0x6b, 0x5f, 0x76, 0x5f, 0x31, 0x32, 0x38, 0x5f, 0x73, 0x6d, 0x31,
  0x32, 0x31, 0x5f, 0x6b, 0x65, 0x72, 0x6e, 0x65, 0x6c, 0x5f, 0x6e, 0x6c,
  0x00, 0x2e, 0x6e, 0x76, 0x2e, 0x6d, 0x65, 0x72, 0x63, 0x2e, 0x72, 0x65,
  0x6c, 0x61, 0x2e, 0x64, 0x65, 0x62, 0x75, 0x67, 0x5f, 0x66, 0x72, 0x61,
  0x6d, 0x65, 0x00, 0x2e, 0x6e, 0x76, 0x2e, 0x6d, 0x65, 0x72, 0x63, 0x2e,
  0x6e, 0x76, 0x2e, 0x73, 0x68, 0x61, 0x72, 0x65, 0x64, 0x2e, 0x72, 0x65,
  0x73, 0x65, 0x72, 0x76, 0x65, 0x64, 0x2e, 0x30, 0x00, 0x2e, 0x6e, 0x76,
  0x2e, 0x6d, 0x65, 0x72, 0x63, 0x2e, 0x73, 0x79, 0x6d, 0x74, 0x61, 0x62,
  0x00, 0x00, 0x00, 0x00, 0x00, 0x00, 0x00, 0x00, 0x00, 0x00, 0x00, 0x00,
  0x00, 0x00, 0x00, 0x00, 0x00, 0x00, 0x00, 0x00, 0x00, 0x00, 0x00, 0x00,
  0x00, 0x00, 0x00, 0x00, 0x00, 0x00, 0x00, 0x00, 0x00, 0x00, 0x00, 0x00,
  0x00, 0x00, 0x2e, 0x73, 0x68, 0x73, 0x74, 0x72, 0x74, 0x61, 0x62, 0x00,
  0x2e, 0x73, 0x74, 0x72, 0x74, 0x61, 0x62, 0x00, 0x2e, 0x73, 0x79, 0x6d,
  0x74, 0x61, 0x62, 0x00, 0x2e, 0x73, 0x79, 0x6d, 0x74, 0x61, 0x62, 0x5f,
  0x73, 0x68, 0x6e, 0x64, 0x78, 0x00, 0x2e, 0x6e, 0x6f, 0x74, 0x65, 0x2e,
  0x6e, 0x76, 0x2e, 0x74, 0x6b, 0x69, 0x6e, 0x66, 0x6f, 0x00, 0x2e, 0x6e,
  0x6f, 0x74, 0x65, 0x2e, 0x6e, 0x76, 0x2e, 0x63, 0x75, 0x76, 0x65, 0x72,
  0x00, 0x2e, 0x6e, 0x76, 0x2e, 0x69, 0x6e, 0x66, 0x6f, 0x00, 0x2e, 0x74,
  0x65, 0x78, 0x74, 0x2e, 0x66, 0x6d, 0x68, 0x61, 0x5f, 0x76, 0x32, 0x5f,
  0x66, 0x6c, 0x61, 0x73, 0x68, 0x5f, 0x61, 0x74, 0x74, 0x65, 0x6e, 0x74,
  0x69, 0x6f, 0x6e, 0x5f, 0x66, 0x70, 0x31, 0x36, 0x5f, 0x36, 0x34, 0x5f,
  0x33, 0x32, 0x5f, 0x53, 0x5f, 0x71, 0x5f, 0x6b, 0x5f, 0x76, 0x5f, 0x31,
  0x32, 0x38, 0x5f, 0x63, 0x75, 0x73, 0x74, 0x6f, 0x6d, 0x5f, 0x6d, 0x61,
  0x73, 0x6b, 0x5f, 0x73, 0x6d, 0x31, 0x32, 0x31, 0x5f, 0x6b, 0x65, 0x72,
  0x6e, 0x65, 0x6c, 0x5f, 0x6e, 0x6c, 0x00, 0x2e, 0x6e, 0x76, 0x2e, 0x69,
  0x6e, 0x66, 0x6f, 0x2e, 0x66, 0x6d, 0x68, 0x61, 0x5f, 0x76, 0x32, 0x5f,
  0x66, 0x6c, 0x61, 0x73, 0x68, 0x5f, 0x61, 0x74, 0x74, 0x65, 0x6e, 0x74,
  0x69, 0x6f, 0x6e, 0x5f, 0x66, 0x70, 0x31, 0x36, 0x5f, 0x36, 0x34, 0x5f,
  0x33, 0x32, 0x5f, 0x53, 0x5f, 0x71, 0x5f, 0x6b, 0x5f, 0x76, 0x5f, 0x31,
  0x32, 0x38, 0x5f, 0x63, 0x75, 0x73, 0x74, 0x6f, 0x6d, 0x5f, 0x6d, 0x61,
  0x73, 0x6b, 0x5f, 0x73, 0x6d, 0x31, 0x32, 0x31, 0x5f, 0x6b, 0x65, 0x72,
  0x6e, 0x65, 0x6c, 0x5f, 0x6e, 0x6c, 0x00, 0x2e, 0x6e, 0x76, 0x2e, 0x73,
  0x68, 0x61, 0x72, 0x65, 0x64, 0x2e, 0x66, 0x6d, 0x68, 0x61, 0x5f, 0x76,
  0x32, 0x5f, 0x66, 0x6c, 0x61, 0x73, 0x68, 0x5f, 0x61, 0x74, 0x74, 0x65,
  0x6e, 0x74, 0x69, 0x6f, 0x6e, 0x5f, 0x66, 0x70, 0x31, 0x36, 0x5f, 0x36,
  0x34, 0x5f, 0x33, 0x32, 0x5f, 0x53, 0x5f, 0x71, 0x5f, 0x6b, 0x5f, 0x76,
  0x5f, 0x31, 0x32, 0x38, 0x5f, 0x63, 0x75, 0x73, 0x74, 0x6f, 0x6d, 0x5f,
  0x6d, 0x61, 0x73, 0x6b, 0x5f, 0x73, 0x6d, 0x31, 0x32, 0x31, 0x5f, 0x6b,
  0x65, 0x72, 0x6e, 0x65, 0x6c, 0x5f, 0x6e, 0x6c, 0x00, 0x2e, 0x6e, 0x76,
  0x2e, 0x72, 0x65, 0x73, 0x65, 0x72, 0x76, 0x65, 0x64, 0x53, 0x6d, 0x65,
  0x6d, 0x2e, 0x6f, 0x66, 0x66, 0x73, 0x65, 0x74, 0x30, 0x00, 0x2e, 0x6e,
  0x76, 0x2e, 0x73, 0x68, 0x61, 0x72, 0x65, 0x64, 0x2e, 0x72, 0x65, 0x73,
  0x65, 0x72, 0x76, 0x65, 0x64, 0x2e, 0x30, 0x00, 0x5f, 0x5f, 0x6e, 0x76,
  0x5f, 0x72, 0x65, 0x73, 0x65, 0x72, 0x76, 0x65, 0x64, 0x53, 0x4d, 0x45,
  0x4d, 0x5f, 0x6f, 0x66, 0x66, 0x73, 0x65, 0x74, 0x5f, 0x30, 0x5f, 0x61,
  0x6c, 0x69, 0x61, 0x73, 0x00, 0x2e, 0x6e, 0x76, 0x2e, 0x72, 0x65, 0x73,
  0x65, 0x72, 0x76, 0x65, 0x64, 0x53, 0x6d, 0x65, 0x6d, 0x2e, 0x63, 0x61,
  0x70, 0x00, 0x2e, 0x6e, 0x76, 0x2e, 0x63, 0x6f, 0x6d, 0x70, 0x61, 0x74,
  0x00, 0x2e, 0x72, 0x65, 0x6c, 0x2e, 0x74, 0x65, 0x78, 0x74, 0x2e, 0x66,
  0x6d, 0x68, 0x61, 0x5f, 0x76, 0x32, 0x5f, 0x66, 0x6c, 0x61, 0x73, 0x68,
  0x5f, 0x61, 0x74, 0x74, 0x65, 0x6e, 0x74, 0x69, 0x6f, 0x6e, 0x5f, 0x66,
  0x70, 0x31, 0x36, 0x5f, 0x36, 0x34, 0x5f, 0x33, 0x32, 0x5f, 0x53, 0x5f,
  0x71, 0x5f, 0x6b, 0x5f, 0x76, 0x5f, 0x31, 0x32, 0x38, 0x5f, 0x63, 0x75,
  0x73, 0x74, 0x6f, 0x6d, 0x5f, 0x6d, 0x61, 0x73, 0x6b, 0x5f, 0x73, 0x6d,
  0x31, 0x32, 0x31, 0x5f, 0x6b, 0x65, 0x72, 0x6e, 0x65, 0x6c, 0x5f, 0x6e,
  0x6c, 0x00, 0x2e, 0x72, 0x65, 0x6c, 0x61, 0x2e, 0x74, 0x65, 0x78, 0x74,
  0x2e, 0x66, 0x6d, 0x68, 0x61, 0x5f, 0x76, 0x32, 0x5f, 0x66, 0x6c, 0x61,
  0x73, 0x68, 0x5f, 0x61, 0x74, 0x74, 0x65, 0x6e, 0x74, 0x69, 0x6f, 0x6e,
  0x5f, 0x66, 0x70, 0x31, 0x36, 0x5f, 0x36, 0x34, 0x5f, 0x33, 0x32, 0x5f,
  0x53, 0x5f, 0x71, 0x5f, 0x6b, 0x5f, 0x76, 0x5f, 0x31, 0x32, 0x38, 0x5f,
  0x63, 0x75, 0x73, 0x74, 0x6f, 0x6d, 0x5f, 0x6d, 0x61, 0x73, 0x6b, 0x5f,
  0x73, 0x6d, 0x31, 0x32, 0x31, 0x5f, 0x6b, 0x65, 0x72, 0x6e, 0x65, 0x6c,
  0x5f, 0x6e, 0x6c, 0x00, 0x2e, 0x74, 0x65, 0x78, 0x74, 0x2e, 0x66, 0x6d,
  0x68, 0x61, 0x5f, 0x76, 0x32, 0x5f, 0x66, 0x6c, 0x61, 0x73, 0x68, 0x5f,
  0x61, 0x74, 0x74, 0x65, 0x6e, 0x74, 0x69, 0x6f, 0x6e, 0x5f, 0x66, 0x70,
  0x31, 0x36, 0x5f, 0x36, 0x34, 0x5f, 0x33, 0x32, 0x5f, 0x53, 0x5f, 0x71,
  0x5f, 0x6b, 0x5f, 0x76, 0x5f, 0x31, 0x32, 0x38, 0x5f, 0x73, 0x6c, 0x69,
  0x64, 0x69, 0x6e, 0x67, 0x5f, 0x6f, 0x72, 0x5f, 0x63, 0x68, 0x75, 0x6e,
  0x6b, 0x65, 0x64, 0x5f, 0x63, 0x61, 0x75, 0x73, 0x61, 0x6c, 0x5f, 0x73,
  0x6d, 0x31, 0x32, 0x31, 0x5f, 0x6b, 0x65, 0x72, 0x6e, 0x65, 0x6c, 0x5f,
  0x6e, 0x6c, 0x00, 0x2e, 0x6e, 0x76, 0x2e, 0x69, 0x6e, 0x66, 0x6f, 0x2e,
  0x66, 0x6d, 0x68, 0x61, 0x5f, 0x76, 0x32, 0x5f, 0x66, 0x6c, 0x61, 0x73,
  0x68, 0x5f, 0x61, 0x74, 0x74, 0x65, 0x6e, 0x74, 0x69, 0x6f, 0x6e, 0x5f,
  0x66, 0x70, 0x31, 0x36, 0x5f, 0x36, 0x34, 0x5f, 0x33, 0x32, 0x5f, 0x53,
  0x5f, 0x71, 0x5f, 0x6b, 0x5f, 0x76, 0x5f, 0x31, 0x32, 0x38, 0x5f, 0x73,
  0x6c, 0x69, 0x64, 0x69, 0x6e, 0x67, 0x5f, 0x6f, 0x72, 0x5f, 0x63, 0x68,
  0x75, 0x6e, 0x6b, 0x65, 0x64, 0x5f, 0x63, 0x61, 0x75, 0x73, 0x61, 0x6c,
  0x5f, 0x73, 0x6d, 0x31, 0x32, 0x31, 0x5f, 0x6b, 0x65, 0x72, 0x6e, 0x65,
  0x6c, 0x5f, 0x6e, 0x6c, 0x00, 0x2e, 0x6e, 0x76, 0x2e, 0x73, 0x68, 0x61,
  0x72, 0x65, 0x64, 0x2e, 0x66, 0x6d, 0x68, 0x61, 0x5f, 0x76, 0x32, 0x5f,
  0x66, 0x6c, 0x61, 0x73, 0x68, 0x5f, 0x61, 0x74, 0x74, 0x65, 0x6e, 0x74,
  0x69, 0x6f, 0x6e, 0x5f, 0x66, 0x70, 0x31, 0x36, 0x5f, 0x36, 0x34, 0x5f,
  0x33, 0x32, 0x5f, 0x53, 0x5f, 0x71, 0x5f, 0x6b, 0x5f, 0x76, 0x5f, 0x31,
  0x32, 0x38, 0x5f, 0x73, 0x6c, 0x69, 0x64, 0x69, 0x6e, 0x67, 0x5f, 0x6f,
  0x72, 0x5f, 0x63, 0x68, 0x75, 0x6e, 0x6b, 0x65, 0x64, 0x5f, 0x63, 0x61,
  0x75, 0x73, 0x61, 0x6c, 0x5f, 0x73, 0x6d, 0x31, 0x32, 0x31, 0x5f, 0x6b,
  0x65, 0x72, 0x6e, 0x65, 0x6c, 0x5f, 0x6e, 0x6c, 0x00, 0x2e, 0x72, 0x65,
  0x6c, 0x2e, 0x74, 0x65, 0x78, 0x74, 0x2e, 0x66, 0x6d, 0x68, 0x61, 0x5f,
  0x76, 0x32, 0x5f, 0x66, 0x6c, 0x61, 0x73, 0x68, 0x5f, 0x61, 0x74, 0x74,
  0x65, 0x6e, 0x74, 0x69, 0x6f, 0x6e, 0x5f, 0x66, 0x70, 0x31, 0x36, 0x5f,
  0x36, 0x34, 0x5f, 0x33, 0x32, 0x5f, 0x53, 0x5f, 0x71, 0x5f, 0x6b, 0x5f,
  0x76, 0x5f, 0x31, 0x32, 0x38, 0x5f, 0x73, 0x6c, 0x69, 0x64, 0x69, 0x6e,
  0x67, 0x5f, 0x6f, 0x72, 0x5f, 0x63, 0x68, 0x75, 0x6e, 0x6b, 0x65, 0x64,
  0x5f, 0x63, 0x61, 0x75, 0x73, 0x61, 0x6c, 0x5f, 0x73, 0x6d, 0x31, 0x32,
  0x31, 0x5f, 0x6b, 0x65, 0x72, 0x6e, 0x65, 0x6c, 0x5f, 0x6e, 0x6c, 0x00,
  0x2e, 0x72, 0x65, 0x6c, 0x61, 0x2e, 0x74, 0x65, 0x78, 0x74, 0x2e, 0x66,
  0x6d, 0x68, 0x61, 0x5f, 0x76, 0x32, 0x5f, 0x66, 0x6c, 0x61, 0x73, 0x68,
  0x5f, 0x61, 0x74, 0x74, 0x65, 0x6e, 0x74, 0x69, 0x6f, 0x6e, 0x5f, 0x66,
  0x70, 0x31, 0x36, 0x5f, 0x36, 0x34, 0x5f, 0x33, 0x32, 0x5f, 0x53, 0x5f,
  0x71, 0x5f, 0x6b, 0x5f, 0x76, 0x5f, 0x31, 0x32, 0x38, 0x5f, 0x73, 0x6c,
  0x69, 0x64, 0x69, 0x6e, 0x67, 0x5f, 0x6f, 0x72, 0x5f, 0x63, 0x68, 0x75,
  0x6e, 0x6b, 0x65, 0x64, 0x5f, 0x63, 0x61, 0x75, 0x73, 0x61, 0x6c, 0x5f,
  0x73, 0x6d, 0x31, 0x32, 0x31, 0x5f, 0x6b, 0x65, 0x72, 0x6e, 0x65, 0x6c,
  0x5f, 0x6e, 0x6c, 0x00, 0x2e, 0x74, 0x65, 0x78, 0x74, 0x2e, 0x66, 0x6d,
  0x68, 0x61, 0x5f, 0x76, 0x32, 0x5f, 0x66, 0x6c, 0x61, 0x73, 0x68, 0x5f,
  0x61, 0x74, 0x74, 0x65, 0x6e, 0x74, 0x69, 0x6f, 0x6e, 0x5f, 0x66, 0x70,
  0x31, 0x36, 0x5f, 0x36, 0x34, 0x5f, 0x33, 0x32, 0x5f, 0x53, 0x5f, 0x71,
  0x5f, 0x6b, 0x5f, 0x76, 0x5f, 0x31, 0x32, 0x38, 0x5f, 0x63, 0x61, 0x75,
  0x73, 0x61, 0x6c, 0x5f, 0x73, 0x6d, 0x31, 0x32, 0x31, 0x5f, 0x6b, 0x65,
  0x72, 0x6e, 0x65, 0x6c, 0x5f, 0x6e, 0x6c, 0x00, 0x2e, 0x6e, 0x76, 0x2e,
  0x69, 0x6e, 0x66, 0x6f, 0x2e, 0x66, 0x6d, 0x68, 0x61, 0x5f, 0x76, 0x32,
  0x5f, 0x66, 0x6c, 0x61, 0x73, 0x68, 0x5f, 0x61, 0x74, 0x74, 0x65, 0x6e,
  0x74, 0x69, 0x6f, 0x6e, 0x5f, 0x66, 0x70, 0x31, 0x36, 0x5f, 0x36, 0x34,
  0x5f, 0x33, 0x32, 0x5f, 0x53, 0x5f, 0x71, 0x5f, 0x6b, 0x5f, 0x76, 0x5f,
  0x31, 0x32, 0x38, 0x5f, 0x63, 0x61, 0x75, 0x73, 0x61, 0x6c, 0x5f, 0x73,
  0x6d, 0x31, 0x32, 0x31, 0x5f, 0x6b, 0x65, 0x72, 0x6e, 0x65, 0x6c, 0x5f,
  0x6e, 0x6c, 0x00, 0x2e, 0x6e, 0x76, 0x2e, 0x73, 0x68, 0x61, 0x72, 0x65,
  0x64, 0x2e, 0x66, 0x6d, 0x68, 0x61, 0x5f, 0x76, 0x32, 0x5f, 0x66, 0x6c,
  0x61, 0x73, 0x68, 0x5f, 0x61, 0x74, 0x74, 0x65, 0x6e, 0x74, 0x69, 0x6f,
  0x6e, 0x5f, 0x66, 0x70, 0x31, 0x36, 0x5f, 0x36, 0x34, 0x5f, 0x33, 0x32,
  0x5f, 0x53, 0x5f, 0x71, 0x5f, 0x6b, 0x5f, 0x76, 0x5f, 0x31, 0x32, 0x38,
  0x5f, 0x63, 0x61, 0x75, 0x73, 0x61, 0x6c, 0x5f, 0x73, 0x6d, 0x31, 0x32,
  0x31, 0x5f, 0x6b, 0x65, 0x72, 0x6e, 0x65, 0x6c, 0x5f, 0x6e, 0x6c, 0x00,
  0x2e, 0x72, 0x65, 0x6c, 0x2e, 0x74, 0x65, 0x78, 0x74, 0x2e, 0x66, 0x6d,
  0x68, 0x61, 0x5f, 0x76, 0x32, 0x5f, 0x66, 0x6c, 0x61, 0x73, 0x68, 0x5f,
  0x61, 0x74, 0x74, 0x65, 0x6e, 0x74, 0x69, 0x6f, 0x6e, 0x5f, 0x66, 0x70,
  0x31, 0x36, 0x5f, 0x36, 0x34, 0x5f, 0x33, 0x32, 0x5f, 0x53, 0x5f, 0x71,
  0x5f, 0x6b, 0x5f, 0x76, 0x5f, 0x31, 0x32, 0x38, 0x5f, 0x63, 0x61, 0x75,
  0x73, 0x61, 0x6c, 0x5f, 0x73, 0x6d, 0x31, 0x32, 0x31, 0x5f, 0x6b, 0x65,
  0x72, 0x6e, 0x65, 0x6c, 0x5f, 0x6e, 0x6c, 0x00, 0x2e, 0x72, 0x65, 0x6c,
  0x61, 0x2e, 0x74, 0x65, 0x78, 0x74, 0x2e, 0x66, 0x6d, 0x68, 0x61, 0x5f,
  0x76, 0x32, 0x5f, 0x66, 0x6c, 0x61, 0x73, 0x68, 0x5f, 0x61, 0x74, 0x74,
  0x65, 0x6e, 0x74, 0x69, 0x6f, 0x6e, 0x5f, 0x66, 0x70, 0x31, 0x36, 0x5f,
  0x36, 0x34, 0x5f, 0x33, 0x32, 0x5f, 0x53, 0x5f, 0x71, 0x5f, 0x6b, 0x5f,
  0x76, 0x5f, 0x31, 0x32, 0x38, 0x5f, 0x63, 0x61, 0x75, 0x73, 0x61, 0x6c,
  0x5f, 0x73, 0x6d, 0x31, 0x32, 0x31, 0x5f, 0x6b, 0x65, 0x72, 0x6e, 0x65,
  0x6c, 0x5f, 0x6e, 0x6c, 0x00, 0x2e, 0x74, 0x65, 0x78, 0x74, 0x2e, 0x66,
  0x6d, 0x68, 0x61, 0x5f, 0x76, 0x32, 0x5f, 0x66, 0x6c, 0x61, 0x73, 0x68,
  0x5f, 0x61, 0x74, 0x74, 0x65, 0x6e, 0x74, 0x69, 0x6f, 0x6e, 0x5f, 0x66,
  0x70, 0x31, 0x36, 0x5f, 0x36, 0x34, 0x5f, 0x33, 0x32, 0x5f, 0x53, 0x5f,
  0x71, 0x5f, 0x6b, 0x5f, 0x76, 0x5f, 0x31, 0x32, 0x38, 0x5f, 0x73, 0x6d,
  0x31, 0x32, 0x31, 0x5f, 0x6b, 0x65, 0x72, 0x6e, 0x65, 0x6c, 0x5f, 0x6e,
  0x6c, 0x00, 0x2e, 0x6e, 0x76, 0x2e, 0x69, 0x6e, 0x66, 0x6f, 0x2e, 0x66,
  0x6d, 0x68, 0x61, 0x5f, 0x76, 0x32, 0x5f, 0x66, 0x6c, 0x61, 0x73, 0x68,
  0x5f, 0x61, 0x74, 0x74, 0x65, 0x6e, 0x74, 0x69, 0x6f, 0x6e, 0x5f, 0x66,
  0x70, 0x31, 0x36, 0x5f, 0x36, 0x34, 0x5f, 0x33, 0x32, 0x5f, 0x53, 0x5f,
  0x71, 0x5f, 0x6b, 0x5f, 0x76, 0x5f, 0x31, 0x32, 0x38, 0x5f, 0x73, 0x6d,
  0x31, 0x32, 0x31, 0x5f, 0x6b, 0x65, 0x72, 0x6e, 0x65, 0x6c, 0x5f, 0x6e,
  0x6c, 0x00, 0x2e, 0x6e, 0x76, 0x2e, 0x73, 0x68, 0x61, 0x72, 0x65, 0x64,
  0x2e, 0x66, 0x6d, 0x68, 0x61, 0x5f, 0x76, 0x32, 0x5f, 0x66, 0x6c, 0x61,
  0x73, 0x68, 0x5f, 0x61, 0x74, 0x74, 0x65, 0x6e, 0x74, 0x69, 0x6f, 0x6e,
  0x5f, 0x66, 0x70, 0x31, 0x36, 0x5f, 0x36, 0x34, 0x5f, 0x33, 0x32, 0x5f,
  0x53, 0x5f, 0x71, 0x5f, 0x6b, 0x5f, 0x76, 0x5f, 0x31, 0x32, 0x38, 0x5f,
  0x73, 0x6d, 0x31, 0x32, 0x31, 0x5f, 0x6b, 0x65, 0x72, 0x6e, 0x65, 0x6c,
  0x5f, 0x6e, 0x6c, 0x00, 0x2e, 0x72, 0x65, 0x6c, 0x2e, 0x74, 0x65, 0x78,
  0x74, 0x2e, 0x66, 0x6d, 0x68, 0x61, 0x5f, 0x76, 0x32, 0x5f, 0x66, 0x6c,
  0x61, 0x73, 0x68, 0x5f, 0x61, 0x74, 0x74, 0x65, 0x6e, 0x74, 0x69, 0x6f,
  0x6e, 0x5f, 0x66, 0x70, 0x31, 0x36, 0x5f, 0x36, 0x34, 0x5f, 0x33, 0x32,
  0x5f, 0x53, 0x5f, 0x71, 0x5f, 0x6b, 0x5f, 0x76, 0x5f, 0x31, 0x32, 0x38,
  0x5f, 0x73, 0x6d, 0x31, 0x32, 0x31, 0x5f, 0x6b, 0x65, 0x72, 0x6e, 0x65,
  0x6c, 0x5f, 0x6e, 0x6c, 0x00, 0x2e, 0x72, 0x65, 0x6c, 0x61, 0x2e, 0x74,
  0x65, 0x78, 0x74, 0x2e, 0x66, 0x6d, 0x68, 0x61, 0x5f, 0x76, 0x32, 0x5f,
  0x66, 0x6c, 0x61, 0x73, 0x68, 0x5f, 0x61, 0x74, 0x74, 0x65, 0x6e, 0x74,
  0x69, 0x6f, 0x6e, 0x5f, 0x66, 0x70, 0x31, 0x36, 0x5f, 0x36, 0x34, 0x5f,
  0x33, 0x32, 0x5f, 0x53, 0x5f, 0x71, 0x5f, 0x6b, 0x5f, 0x76, 0x5f, 0x31,
  0x32, 0x38, 0x5f, 0x73, 0x6d, 0x31, 0x32, 0x31, 0x5f, 0x6b, 0x65, 0x72,
  0x6e, 0x65, 0x6c, 0x5f, 0x6e, 0x6c, 0x00, 0x2e, 0x64, 0x65, 0x62, 0x75,
  0x67, 0x5f, 0x66, 0x72, 0x61, 0x6d, 0x65, 0x00, 0x2e, 0x72, 0x65, 0x6c,
  0x2e, 0x64, 0x65, 0x62, 0x75, 0x67, 0x5f, 0x66, 0x72, 0x61, 0x6d, 0x65,
  0x00, 0x2e, 0x72, 0x65, 0x6c, 0x61, 0x2e, 0x64, 0x65, 0x62, 0x75, 0x67,
  0x5f, 0x66, 0x72, 0x61, 0x6d, 0x65, 0x00, 0x2e, 0x6e, 0x76, 0x2e, 0x63,
  0x61, 0x6c, 0x6c, 0x67, 0x72, 0x61, 0x70, 0x68, 0x00, 0x2e, 0x6e, 0x76,
  0x2e, 0x70, 0x72, 0x6f, 0x74, 0x6f, 0x74, 0x79, 0x70, 0x65, 0x00, 0x66,
  0x6d, 0x68, 0x61, 0x5f, 0x76, 0x32, 0x5f, 0x66, 0x6c, 0x61, 0x73, 0x68,
  0x5f, 0x61, 0x74, 0x74, 0x65, 0x6e, 0x74, 0x69, 0x6f, 0x6e, 0x5f, 0x66,
  0x70, 0x31, 0x36, 0x5f, 0x36, 0x34, 0x5f, 0x33, 0x32, 0x5f, 0x53, 0x5f,
  0x71, 0x5f, 0x6b, 0x5f, 0x76, 0x5f, 0x31, 0x32, 0x38, 0x5f, 0x63, 0x75,
  0x73, 0x74, 0x6f, 0x6d, 0x5f, 0x6d, 0x61, 0x73, 0x6b, 0x5f, 0x73, 0x6d,
  0x31, 0x32, 0x31, 0x5f, 0x6b, 0x65, 0x72, 0x6e, 0x65, 0x6c, 0x5f, 0x6e,
  0x6c, 0x00, 0x66, 0x6d, 0x68, 0x61, 0x5f, 0x76, 0x32, 0x5f, 0x66, 0x6c,
  0x61, 0x73, 0x68, 0x5f, 0x61, 0x74, 0x74, 0x65, 0x6e, 0x74, 0x69, 0x6f,
  0x6e, 0x5f, 0x66, 0x70, 0x31, 0x36, 0x5f, 0x36, 0x34, 0x5f, 0x33, 0x32,
  0x5f, 0x53, 0x5f, 0x71, 0x5f, 0x6b, 0x5f, 0x76, 0x5f, 0x31, 0x32, 0x38,
  0x5f, 0x73, 0x6c, 0x69, 0x64, 0x69, 0x6e, 0x67, 0x5f, 0x6f, 0x72, 0x5f,
  0x63, 0x68, 0x75, 0x6e, 0x6b, 0x65, 0x64, 0x5f, 0x63, 0x61, 0x75, 0x73,
  0x61, 0x6c, 0x5f, 0x73, 0x6d, 0x31, 0x32, 0x31, 0x5f, 0x6b, 0x65, 0x72,
  0x6e, 0x65, 0x6c, 0x5f, 0x6e, 0x6c, 0x00, 0x66, 0x6d, 0x68, 0x61, 0x5f,
  0x76, 0x32, 0x5f, 0x66, 0x6c, 0x61, 0x73, 0x68, 0x5f, 0x61, 0x74, 0x74,
  0x65, 0x6e, 0x74, 0x69, 0x6f, 0x6e, 0x5f, 0x66, 0x70, 0x31, 0x36, 0x5f,
  0x36, 0x34, 0x5f, 0x33, 0x32, 0x5f, 0x53, 0x5f, 0x71, 0x5f, 0x6b, 0x5f,
  0x76, 0x5f, 0x31, 0x32, 0x38, 0x5f, 0x63, 0x61, 0x75, 0x73, 0x61, 0x6c,
  0x5f, 0x73, 0x6d, 0x31, 0x32, 0x31, 0x5f, 0x6b, 0x65, 0x72, 0x6e, 0x65,
  0x6c, 0x5f, 0x6e, 0x6c, 0x00, 0x66, 0x6d, 0x68, 0x61, 0x5f, 0x76, 0x32,
  0x5f, 0x66, 0x6c, 0x61, 0x73, 0x68, 0x5f, 0x61, 0x74, 0x74, 0x65, 0x6e,
  0x74, 0x69, 0x6f, 0x6e, 0x5f, 0x66, 0x70, 0x31, 0x36, 0x5f, 0x36, 0x34,
  0x5f, 0x33, 0x32, 0x5f, 0x53, 0x5f, 0x71, 0x5f, 0x6b, 0x5f, 0x76, 0x5f,
  0x31, 0x32, 0x38, 0x5f, 0x73, 0x6d, 0x31, 0x32, 0x31, 0x5f, 0x6b, 0x65,
  0x72, 0x6e, 0x65, 0x6c, 0x5f, 0x6e, 0x6c, 0x00, 0x2e, 0x6e, 0x76, 0x2e,
  0x63, 0x6f, 0x6e, 0x73, 0x74, 0x61, 0x6e, 0x74, 0x30, 0x2e, 0x66, 0x6d,
  0x68, 0x61, 0x5f, 0x76, 0x32, 0x5f, 0x66, 0x6c, 0x61, 0x73, 0x68, 0x5f,
  0x61, 0x74, 0x74, 0x65, 0x6e, 0x74, 0x69, 0x6f, 0x6e, 0x5f, 0x66, 0x70,
  0x31, 0x36, 0x5f, 0x36, 0x34, 0x5f, 0x33, 0x32, 0x5f, 0x53, 0x5f, 0x71,
  0x5f, 0x6b, 0x5f, 0x76, 0x5f, 0x31, 0x32, 0x38, 0x5f, 0x63, 0x75, 0x73,
  0x74, 0x6f, 0x6d, 0x5f, 0x6d, 0x61, 0x73, 0x6b, 0x5f, 0x73, 0x6d, 0x31,
  0x32, 0x31, 0x5f, 0x6b, 0x65, 0x72, 0x6e, 0x65, 0x6c, 0x5f, 0x6e, 0x6c,
  0x00, 0x2e, 0x6e, 0x76, 0x2e, 0x63, 0x6f, 0x6e, 0x73, 0x74, 0x61, 0x6e,
  0x74, 0x30, 0x2e, 0x66, 0x6d, 0x68, 0x61, 0x5f, 0x76, 0x32, 0x5f, 0x66,
  0x6c, 0x61, 0x73, 0x68, 0x5f, 0x61, 0x74, 0x74, 0x65, 0x6e, 0x74, 0x69,
  0x6f, 0x6e, 0x5f, 0x66, 0x70, 0x31, 0x36, 0x5f, 0x36, 0x34, 0x5f, 0x33,
  0x32, 0x5f, 0x53, 0x5f, 0x71, 0x5f, 0x6b, 0x5f, 0x76, 0x5f, 0x31, 0x32,
  0x38, 0x5f, 0x73, 0x6c, 0x69, 0x64, 0x69, 0x6e, 0x67, 0x5f, 0x6f, 0x72,
  0x5f, 0x63, 0x68, 0x75, 0x6e, 0x6b, 0x65, 0x64, 0x5f, 0x63, 0x61, 0x75,
  0x73, 0x61, 0x6c, 0x5f, 0x73, 0x6d, 0x31, 0x32, 0x31, 0x5f, 0x6b, 0x65,
  0x72, 0x6e, 0x65, 0x6c, 0x5f, 0x6e, 0x6c, 0x00, 0x2e, 0x6e, 0x76, 0x2e,
  0x63, 0x6f, 0x6e, 0x73, 0x74, 0x61, 0x6e, 0x74, 0x30, 0x2e, 0x66, 0x6d,
  0x68, 0x61, 0x5f, 0x76, 0x32, 0x5f, 0x66, 0x6c, 0x61, 0x73, 0x68, 0x5f,
  0x61, 0x74, 0x74, 0x65, 0x6e, 0x74, 0x69, 0x6f, 0x6e, 0x5f, 0x66, 0x70,
  0x31, 0x36, 0x5f, 0x36, 0x34, 0x5f, 0x33, 0x32, 0x5f, 0x53, 0x5f, 0x71,
  0x5f, 0x6b, 0x5f, 0x76, 0x5f, 0x31, 0x32, 0x38, 0x5f, 0x63, 0x61, 0x75,
  0x73, 0x61, 0x6c, 0x5f, 0x73, 0x6d, 0x31, 0x32, 0x31, 0x5f, 0x6b, 0x65,
  0x72, 0x6e, 0x65, 0x6c, 0x5f, 0x6e, 0x6c, 0x00, 0x2e, 0x6e, 0x76, 0x2e,
  0x63, 0x6f, 0x6e, 0x73, 0x74, 0x61, 0x6e, 0x74, 0x30, 0x2e, 0x66, 0x6d,
  0x68, 0x61, 0x5f, 0x76, 0x32, 0x5f, 0x66, 0x6c, 0x61, 0x73, 0x68, 0x5f,
  0x61, 0x74, 0x74, 0x65, 0x6e, 0x74, 0x69, 0x6f, 0x6e, 0x5f, 0x66, 0x70,
  0x31, 0x36, 0x5f, 0x36, 0x34, 0x5f, 0x33, 0x32, 0x5f, 0x53, 0x5f, 0x71,
  0x5f, 0x6b, 0x5f, 0x76, 0x5f, 0x31, 0x32, 0x38, 0x5f, 0x73, 0x6d, 0x31,
  0x32, 0x31, 0x5f, 0x6b, 0x65, 0x72, 0x6e, 0x65, 0x6c, 0x5f, 0x6e, 0x6c,
  0x00, 0x00, 0x00, 0x00, 0x00, 0x00, 0x00, 0x00, 0x00, 0x00, 0x00, 0x00,
  0x00, 0x00, 0x00, 0x00, 0x00, 0x00, 0x00, 0x00, 0x00, 0x00, 0x00, 0x00,
  0x00, 0x00, 0x00, 0x00, 0x00, 0x00, 0x00, 0x00, 0x51, 0x00, 0x00, 0x00,
  0x03, 0x00, 0x13, 0x00, 0x00, 0x00, 0x00, 0x00, 0x00, 0x00, 0x00, 0x00,
  0x00, 0x00, 0x00, 0x00, 0x00, 0x00, 0x00, 0x00, 0x4c, 0x01, 0x00, 0x00,
  0x21, 0x00, 0x00, 0x00, 0x40, 0x00, 0x00, 0x00, 0x00, 0x00, 0x00, 0x00,
  0x04, 0x00, 0x00, 0x00, 0x00, 0x00, 0x00, 0x00, 0x7b, 0x01, 0x00, 0x00,
  0x20, 0xa0, 0x18, 0x00, 0x40, 0x00, 0x00, 0x00, 0x00, 0x00, 0x00, 0x00,
  0x00, 0x00, 0x00, 0x00, 0x00, 0x00, 0x00, 0x00, 0x9c, 0x01, 0x00, 0x00,
  0x21, 0x00, 0x00, 0x00, 0x00, 0x04, 0x00, 0x00, 0x00, 0x00, 0x00, 0x00,
  0x04, 0x00, 0x00, 0x00, 0x00, 0x00, 0x00, 0x00, 0x67, 0x02, 0x00, 0x00,
  0x03, 0x00, 0x14, 0x00, 0x00, 0x00, 0x00, 0x00, 0x00, 0x00, 0x00, 0x00,
  0x00, 0x00, 0x00, 0x00, 0x00, 0x00, 0x00, 0x00, 0x53, 0x04, 0x00, 0x00,
  0x03, 0x00, 0x15, 0x00, 0x00, 0x00, 0x00, 0x00, 0x00, 0x00, 0x00, 0x00,
  0x00, 0x00, 0x00, 0x00, 0x00, 0x00, 0x00, 0x00, 0xe0, 0x05, 0x00, 0x00,
  0x03, 0x00, 0x16, 0x00, 0x00, 0x00, 0x00, 0x00, 0x00, 0x00, 0x00, 0x00,
  0x00, 0x00, 0x00, 0x00, 0x00, 0x00, 0x00, 0x00, 0x4a, 0x07, 0x00, 0x00,
  0x03, 0x00, 0x04, 0x00, 0x00, 0x00, 0x00, 0x00, 0x00, 0x00, 0x00, 0x00,
  0x00, 0x00, 0x00, 0x00, 0x00, 0x00, 0x00, 0x00, 0x7a, 0x07, 0x00, 0x00,
  0x03, 0x00, 0x0d, 0x00, 0x00, 0x00, 0x00, 0x00, 0x00, 0x00, 0x00, 0x00,
  0x00, 0x00, 0x00, 0x00, 0x00, 0x00, 0x00, 0x00, 0x96, 0x07, 0x00, 0x00,
  0x12, 0x10, 0x13, 0x00, 0x00, 0x00, 0x00, 0x00, 0x00, 0x00, 0x00, 0x00,
  0x00, 0x4a, 0x00, 0x00, 0x00, 0x00, 0x00, 0x00, 0xe1, 0x07, 0x00, 0x00,
  0x12, 0x10, 0x14, 0x00, 0x00, 0x00, 0x00, 0x00, 0x00, 0x00, 0x00, 0x00,
  0x80, 0x58, 0x00, 0x00, 0x00, 0x00, 0x00, 0x00, 0x3a, 0x08, 0x00, 0x00,
  0x12, 0x10, 0x15, 0x00, 0x00, 0x00, 0x00, 0x00, 0x00, 0x00, 0x00, 0x00,
  0x00, 0x53, 0x00, 0x00, 0x00, 0x00, 0x00, 0x00, 0x80, 0x08, 0x00, 0x00,
  0x12, 0x10, 0x16, 0x00, 0x00, 0x00, 0x00, 0x00, 0x00, 0x00, 0x00, 0x00,
  0x80, 0x45, 0x00, 0x00, 0x00, 0x00, 0x00, 0x00, 0xbf, 0x08, 0x00, 0x00,
  0x03, 0x00, 0x1c, 0x00, 0x00, 0x00, 0x00, 0x00, 0x00, 0x00, 0x00, 0x00,
  0x00, 0x00, 0x00, 0x00, 0x00, 0x00, 0x00, 0x00, 0x18, 0x09, 0x00, 0x00,
  0x03, 0x00, 0x1d, 0x00, 0x00, 0x00, 0x00, 0x00, 0x00, 0x00, 0x00, 0x00,
  0x00, 0x00, 0x00, 0x00, 0x00, 0x00, 0x00, 0x00, 0x7f, 0x09, 0x00, 0x00,
  0x03, 0x00, 0x1e, 0x00, 0x00, 0x00, 0x00, 0x00, 0x00, 0x00, 0x00, 0x00,
  0x00, 0x00, 0x00, 0x00, 0x00, 0x00, 0x00, 0x00, 0xd3, 0x09, 0x00, 0x00,
  0x03, 0x00, 0x1f, 0x00, 0x00, 0x00, 0x00, 0x00, 0x00, 0x00, 0x00, 0x00,
  0x00, 0x00, 0x00, 0x00, 0x00, 0x00, 0x00, 0x00, 0xff, 0xff, 0xff, 0xff,
  0x24, 0x00, 0x00, 0x00, 0x00, 0x00, 0x00, 0x00, 0xff, 0xff, 0xff, 0xff,
  0xff, 0xff, 0xff, 0xff, 0x03, 0x00, 0x04, 0x7c, 0xff, 0xff, 0xff, 0xff,
  0x0f, 0x0c, 0x81, 0x80, 0x80, 0x28, 0x00, 0x08, 0xff, 0x81, 0x80, 0x28,
  0x08, 0x81, 0x80, 0x80, 0x28, 0x00, 0x00, 0x00, 0xff, 0xff, 0xff, 0xff,
  0x2c, 0x00, 0x00, 0x00, 0x00, 0x00, 0x00, 0x00, 0x00, 0x00, 0x00, 0x00,
  0x00, 0x00, 0x00, 0x00, 0x00, 0x00, 0x00, 0x00, 0x00, 0x00, 0x00, 0x00,
  0x00, 0x4a, 0x00, 0x00, 0x00, 0x00, 0x00, 0x00, 0x04, 0x7c, 0x00, 0x00,
  0x00, 0x0c, 0x81, 0x80, 0x80, 0x28, 0x00, 0x04, 0xcc, 0x11, 0x00, 0x00,
  0x00, 0x00, 0x00, 0x00, 0xff, 0xff, 0xff, 0xff, 0x24, 0x00, 0x00, 0x00,
  0x00, 0x00, 0x00, 0x00, 0xff, 0xff, 0xff, 0xff, 0xff, 0xff, 0xff, 0xff,
  0x03, 0x00, 0x04, 0x7c, 0xff, 0xff, 0xff, 0xff, 0x0f, 0x0c, 0x81, 0x80,
  0x80, 0x28, 0x00, 0x08, 0xff, 0x81, 0x80, 0x28, 0x08, 0x81, 0x80, 0x80,
  0x28, 0x00, 0x00, 0x00, 0xff, 0xff, 0xff, 0xff, 0x2c, 0x00, 0x00, 0x00,
  0x00, 0x00, 0x00, 0x00, 0x68, 0x00, 0x00, 0x00, 0x00, 0x00, 0x00, 0x00,
  0x00, 0x00, 0x00, 0x00, 0x00, 0x00, 0x00, 0x00, 0x80, 0x58, 0x00, 0x00,
  0x00, 0x00, 0x00, 0x00, 0x04, 0x7c, 0x00, 0x00, 0x00, 0x0c, 0x81, 0x80,
  0x80, 0x28, 0x00, 0x04, 0x7c, 0x15, 0x00, 0x00, 0x00, 0x00, 0x00, 0x00,
  0xff, 0xff, 0xff, 0xff, 0x24, 0x00, 0x00, 0x00, 0x00, 0x00, 0x00, 0x00,
  0xff, 0xff, 0xff, 0xff, 0xff, 0xff, 0xff, 0xff, 0x03, 0x00, 0x04, 0x7c,
  0xff, 0xff, 0xff, 0xff, 0x0f, 0x0c, 0x81, 0x80, 0x80, 0x28, 0x00, 0x08,
  0xff, 0x81, 0x80, 0x28, 0x08, 0x81, 0x80, 0x80, 0x28, 0x00, 0x00, 0x00,
  0xff, 0xff, 0xff, 0xff, 0x2c, 0x00, 0x00, 0x00, 0x00, 0x00, 0x00, 0x00,
  0xd0, 0x00, 0x00, 0x00, 0x00, 0x00, 0x00, 0x00, 0x00, 0x00, 0x00, 0x00,
  0x00, 0x00, 0x00, 0x00, 0x00, 0x53, 0x00, 0x00, 0x00, 0x00, 0x00, 0x00,
  0x04, 0x7c, 0x00, 0x00, 0x00, 0x0c, 0x81, 0x80, 0x80, 0x28, 0x00, 0x04,
  0x18, 0x14, 0x00, 0x00, 0x00, 0x00, 0x00, 0x00, 0xff, 0xff, 0xff, 0xff,
  0x24, 0x00, 0x00, 0x00, 0x00, 0x00, 0x00, 0x00, 0xff, 0xff, 0xff, 0xff,
  0xff, 0xff, 0xff, 0xff, 0x03, 0x00, 0x04, 0x7c, 0xff, 0xff, 0xff, 0xff,
  0x0f, 0x0c, 0x81, 0x80, 0x80, 0x28, 0x00, 0x08, 0xff, 0x81, 0x80, 0x28,
  0x08, 0x81, 0x80, 0x80, 0x28, 0x00, 0x00, 0x00, 0xff, 0xff, 0xff, 0xff,
  0x2c, 0x00, 0x00, 0x00, 0x00, 0x00, 0x00, 0x00, 0x38, 0x01, 0x00, 0x00,
  0x00, 0x00, 0x00, 0x00, 0x00, 0x00, 0x00, 0x00, 0x00, 0x00, 0x00, 0x00,
  0x80, 0x45, 0x00, 0x00, 0x00, 0x00, 0x00, 0x00, 0x04, 0x7c, 0x00, 0x00,
  0x00, 0x0c, 0x81, 0x80, 0x80, 0x28, 0x00, 0x04, 0xbc, 0x10, 0x00, 0x00,
  0x00, 0x00, 0x00, 0x00, 0x0c, 0x00, 0x00, 0x00, 0x90, 0x00, 0x00, 0x00,
  0xd0, 0x07, 0x00, 0x00, 0x4e, 0x56, 0x49, 0x44, 0x49, 0x41, 0x20, 0x43,
  0x6f, 0x72, 0x70, 0x00, 0x81, 0x00, 0x00, 0x00, 0x00, 0x00, 0x00, 0x00,
  0x01, 0x00, 0x00, 0x00, 0x07, 0x00, 0x00, 0x00, 0x36, 0x00, 0x00, 0x00,
  0x60, 0x00, 0x00, 0x00, 0x00, 0x70, 0x74, 0x78, 0x61, 0x73, 0x00, 0x43,
  0x75, 0x64, 0x61, 0x20, 0x63, 0x6f, 0x6d, 0x70, 0x69, 0x6c, 0x61, 0x74,
  0x69, 0x6f, 0x6e, 0x20, 0x74, 0x6f, 0x6f, 0x6c, 0x73, 0x2c, 0x20, 0x72,
  0x65, 0x6c, 0x65, 0x61, 0x73, 0x65, 0x20, 0x31, 0x32, 0x2e, 0x39, 0x2c,
  0x20, 0x56, 0x31, 0x32, 0x2e, 0x39, 0x2e, 0x38, 0x36, 0x00, 0x42, 0x75,
  0x69, 0x6c, 0x64, 0x20, 0x63, 0x75, 0x64, 0x61, 0x5f, 0x31, 0x32, 0x2e,
  0x39, 0x2e, 0x72, 0x31, 0x32, 0x2e, 0x39, 0x2f, 0x63, 0x6f, 0x6d, 0x70,
  0x69, 0x6c, 0x65, 0x72, 0x2e, 0x33, 0x36, 0x30, 0x33, 0x37, 0x38, 0x35,
  0x33, 0x5f, 0x30, 0x00, 0x2d, 0x76, 0x20, 0x20, 0x2d, 0x61, 0x72, 0x63,
  0x68, 0x20, 0x73, 0x6d, 0x5f, 0x31, 0x32, 0x31, 0x20, 0x2d, 0x6d, 0x20,
  0x36, 0x34, 0x20, 0x00, 0x0c, 0x00, 0x00, 0x00, 0x0c, 0x00, 0x00, 0x00,
  0xe8, 0x03, 0x00, 0x00, 0x4e, 0x56, 0x49, 0x44, 0x49, 0x41, 0x20, 0x43,
  0x6f, 0x72, 0x70, 0x00, 0x01, 0x00, 0x79, 0x00, 0x01, 0x00, 0x00, 0x00,
  0x01, 0x00, 0x00, 0x00, 0x04, 0x2f, 0x08, 0x00, 0x0d, 0x00, 0x00, 0x00,
  0xff, 0x00, 0x00, 0x00, 0x04, 0x11, 0x08, 0x00, 0x0d, 0x00, 0x00, 0x00,
  0x00, 0x00, 0x00, 0x00, 0x04, 0x2f, 0x08, 0x00, 0x0c, 0x00, 0x00, 0x00,
  0xff, 0x00, 0x00, 0x00, 0x04, 0x11, 0x08, 0x00, 0x0c, 0x00, 0x00, 0x00,
  0x00, 0x00, 0x00, 0x00, 0x04, 0x2f, 0x08, 0x00, 0x0b, 0x00, 0x00, 0x00,
  0xff, 0x00, 0x00, 0x00, 0x04, 0x11, 0x08, 0x00, 0x0b, 0x00, 0x00, 0x00,
  0x00, 0x00, 0x00, 0x00, 0x04, 0x2f, 0x08, 0x00, 0x0a, 0x00, 0x00, 0x00,
  0xfd, 0x00, 0x00, 0x00, 0x04, 0x11, 0x08, 0x00, 0x0a, 0x00, 0x00, 0x00,
  0x00, 0x00, 0x00, 0x00, 0x04, 0x12, 0x08, 0x00, 0x0a, 0x00, 0x00, 0x00,
  0x00, 0x00, 0x00, 0x00, 0x04, 0x12, 0x08, 0x00, 0x0b, 0x00, 0x00, 0x00,
  0x00, 0x00, 0x00, 0x00, 0x04, 0x12, 0x08, 0x00, 0x0c, 0x00, 0x00, 0x00,
  0x00, 0x00, 0x00, 0x00, 0x04, 0x12, 0x08, 0x00, 0x0d, 0x00, 0x00, 0x00,
  0x00, 0x00, 0x00, 0x00, 0x04, 0x37, 0x04, 0x00, 0x81, 0x00, 0x00, 0x00,
  0x04, 0x17, 0x0c, 0x00, 0x00, 0x00, 0x00, 0x00, 0x00, 0x00, 0x00, 0x00,
  0x00, 0xf0, 0x01, 0x0b, 0x03, 0x50, 0x00, 0x00, 0x03, 0x1b, 0xff, 0x00,
  0x02, 0x4c, 0x01, 0x00, 0x04, 0x29, 0x40, 0x00, 0xff, 0xff, 0xff, 0xff,
  0xff, 0xff, 0xff, 0xff, 0xff, 0xff, 0xff, 0xff, 0xff, 0xff, 0xff, 0xff,
  0xff, 0xff, 0xff, 0xff, 0xff, 0xff, 0xff, 0xff, 0xff, 0xff, 0xff, 0xff,
  0xff, 0xff, 0xff, 0xff, 0xff, 0xff, 0xff, 0xff, 0xff, 0xff, 0xff, 0xff,
  0xff, 0xff, 0xff, 0xff, 0xff, 0xff, 0xff, 0xff, 0xff, 0xff, 0xff, 0xff,
  0xff, 0xff, 0xff, 0xff, 0xff, 0xff, 0xff, 0xff, 0xff, 0xff, 0xff, 0xff,
  0x04, 0x28, 0x40, 0x00, 0xd0, 0x24, 0x00, 0x00, 0x10, 0x25, 0x00, 0x00,
  0x30, 0x25, 0x00, 0x00, 0x60, 0x25, 0x00, 0x00, 0xb0, 0x29, 0x00, 0x00,
  0xf0, 0x29, 0x00, 0x00, 0x10, 0x2a, 0x00, 0x00, 0x30, 0x2a, 0x00, 0x00,
  0x20, 0x2b, 0x00, 0x00, 0x60, 0x2b, 0x00, 0x00, 0x80, 0x2b, 0x00, 0x00,
  0x20, 0x2c, 0x00, 0x00, 0x60, 0x30, 0x00, 0x00, 0xa0, 0x30, 0x00, 0x00,
  0xd0, 0x30, 0x00, 0x00, 0x00, 0x31, 0x00, 0x00, 0x02, 0x4a, 0x00, 0x00,
  0x04, 0x1c, 0x14, 0x00, 0xe0, 0x01, 0x00, 0x00, 0x80, 0x47, 0x00, 0x00,
  0xc0, 0x47, 0x00, 0x00, 0xa0, 0x48, 0x00, 0x00, 0x20, 0x49, 0x00, 0x00,
  0x04, 0x1e, 0x04, 0x00, 0x00, 0x00, 0x00, 0x00, 0x03, 0x19, 0xc0, 0x02,
  0x04, 0x0a, 0x08, 0x00, 0x0e, 0x00, 0x00, 0x00, 0x80, 0x03, 0xc0, 0x02,
  0x04, 0x36, 0x04, 0x00, 0x00, 0x00, 0x00, 0x00, 0x02, 0x02, 0x02, 0x00,
  0x02, 0x05, 0x05, 0x00, 0x02, 0x03, 0x00, 0x00, 0x02, 0x06, 0x01, 0x00,
  0x04, 0x37, 0x04, 0x00, 0x81, 0x00, 0x00, 0x00, 0x04, 0x17, 0x0c, 0x00,
  0x00, 0x00, 0x00, 0x00, 0x00, 0x00, 0x00, 0x00, 0x00, 0xf0, 0x01, 0x0b,
  0x03, 0x50, 0x00, 0x00, 0x03, 0x1b, 0xff, 0x00, 0x02, 0x4c, 0x01, 0x00,
  0x04, 0x29, 0x40, 0x00, 0xff, 0xff, 0xff, 0xff, 0xff, 0xff, 0xff, 0xff,
  0xff, 0xff, 0xff, 0xff, 0xff, 0xff, 0xff, 0xff, 0xff, 0xff, 0xff, 0xff,
  0xff, 0xff, 0xff, 0xff, 0xff, 0xff, 0xff, 0xff, 0xff, 0xff, 0xff, 0xff,
  0xff, 0xff, 0xff, 0xff, 0xff, 0xff, 0xff, 0xff, 0xff, 0xff, 0xff, 0xff,
  0xff, 0xff, 0xff, 0xff, 0xff, 0xff, 0xff, 0xff, 0xff, 0xff, 0xff, 0xff,
  0xff, 0xff, 0xff, 0xff, 0xff, 0xff, 0xff, 0xff, 0x04, 0x28, 0x40, 0x00,
  0x70, 0x33, 0x00, 0x00, 0xc0, 0x33, 0x00, 0x00, 0xe0, 0x33, 0x00, 0x00,
  0x20, 0x34, 0x00, 0x00, 0x60, 0x38, 0x00, 0x00, 0xa0, 0x38, 0x00, 0x00,
  0xc0, 0x38, 0x00, 0x00, 0xe0, 0x38, 0x00, 0x00, 0xb0, 0x39, 0x00, 0x00,
  0xf0, 0x39, 0x00, 0x00, 0x30, 0x3a, 0x00, 0x00, 0xa0, 0x3a, 0x00, 0x00,
  0x90, 0x3e, 0x00, 0x00, 0x50, 0x3f, 0x00, 0x00, 0x80, 0x3f, 0x00, 0x00,
  0xe0, 0x3f, 0x00, 0x00, 0x02, 0x4a, 0x00, 0x00, 0x04, 0x1c, 0x14, 0x00,
  0xe0, 0x01, 0x00, 0x00, 0x40, 0x56, 0x00, 0x00, 0x80, 0x56, 0x00, 0x00,
  0x60, 0x57, 0x00, 0x00, 0xe0, 0x57, 0x00, 0x00, 0x04, 0x1e, 0x04, 0x00,
  0x00, 0x00, 0x00, 0x00, 0x03, 0x19, 0xc0, 0x02, 0x04, 0x0a, 0x08, 0x00,
  0x0f, 0x00, 0x00, 0x00, 0x80, 0x03, 0xc0, 0x02, 0x04, 0x36, 0x04, 0x00,
  0x00, 0x00, 0x00, 0x00, 0x04, 0x37, 0x04, 0x00, 0x81, 0x00, 0x00, 0x00,
  0x04, 0x17, 0x0c, 0x00, 0x00, 0x00, 0x00, 0x00, 0x00, 0x00, 0x00, 0x00,
  0x00, 0xf0, 0x01, 0x0b, 0x03, 0x50, 0x00, 0x00, 0x03, 0x1b, 0xff, 0x00,
  0x02, 0x4c, 0x01, 0x00, 0x04, 0x29, 0x40, 0x00, 0xff, 0xff, 0xff, 0xff,
  0xff, 0xff, 0xff, 0xff, 0xff, 0xff, 0xff, 0xff, 0xff, 0xff, 0xff, 0xff,
  0xff, 0xff, 0xff, 0xff, 0xff, 0xff, 0xff, 0xff, 0xff, 0xff, 0xff, 0xff,
  0xff, 0xff, 0xff, 0xff, 0xff, 0xff, 0xff, 0xff, 0xff, 0xff, 0xff, 0xff,
  0xff, 0xff, 0xff, 0xff, 0xff, 0xff, 0xff, 0xff, 0xff, 0xff, 0xff, 0xff,
  0xff, 0xff, 0xff, 0xff, 0xff, 0xff, 0xff, 0xff, 0xff, 0xff, 0xff, 0xff,
  0x04, 0x28, 0x40, 0x00, 0x50, 0x2e, 0x00, 0x00, 0x90, 0x2e, 0x00, 0x00,
  0xb0, 0x2e, 0x00, 0x00, 0xe0, 0x2e, 0x00, 0x00, 0xe0, 0x32, 0x00, 0x00,
  0x30, 0x33, 0x00, 0x00, 0x50, 0x33, 0x00, 0x00, 0x70, 0x33, 0x00, 0x00,
  0x30, 0x34, 0x00, 0x00, 0xb0, 0x34, 0x00, 0x00, 0xc0, 0x34, 0x00, 0x00,
  0x00, 0x35, 0x00, 0x00, 0x10, 0x39, 0x00, 0x00, 0x60, 0x39, 0x00, 0x00,
  0x90, 0x39, 0x00, 0x00, 0xf0, 0x39, 0x00, 0x00, 0x02, 0x4a, 0x00, 0x00,
  0x04, 0x1c, 0x14, 0x00, 0xe0, 0x01, 0x00, 0x00, 0xb0, 0x50, 0x00, 0x00,
  0xf0, 0x50, 0x00, 0x00, 0xd0, 0x51, 0x00, 0x00, 0x50, 0x52, 0x00, 0x00,
  0x04, 0x1e, 0x04, 0x00, 0x00, 0x00, 0x00, 0x00, 0x03, 0x19, 0xc0, 0x02,
  0x04, 0x0a, 0x08, 0x00, 0x10, 0x00, 0x00, 0x00, 0x80, 0x03, 0xc0, 0x02,
  0x04, 0x36, 0x04, 0x00, 0x00, 0x00, 0x00, 0x00, 0x04, 0x37, 0x04, 0x00,
  0x81, 0x00, 0x00, 0x00, 0x04, 0x17, 0x0c, 0x00, 0x00, 0x00, 0x00, 0x00,
  0x00, 0x00, 0x00, 0x00, 0x00, 0xf0, 0x01, 0x0b, 0x03, 0x50, 0x00, 0x00,
  0x03, 0x1b, 0xff, 0x00, 0x02, 0x4c, 0x01, 0x00, 0x04, 0x29, 0x40, 0x00,
  0xff, 0xff, 0xff, 0xff, 0xff, 0xff, 0xff, 0xff, 0xff, 0xff, 0xff, 0xff,
  0xff, 0xff, 0xff, 0xff, 0xff, 0xff, 0xff, 0xff, 0xff, 0xff, 0xff, 0xff,
  0xff, 0xff, 0xff, 0xff, 0xff, 0xff, 0xff, 0xff, 0xff, 0xff, 0xff, 0xff,
  0xff, 0xff, 0xff, 0xff, 0xff, 0xff, 0xff, 0xff, 0xff, 0xff, 0xff, 0xff,
  0xff, 0xff, 0xff, 0xff, 0xff, 0xff, 0xff, 0xff, 0xff, 0xff, 0xff, 0xff,
  0xff, 0xff, 0xff, 0xff, 0x04, 0x28, 0x40, 0x00, 0x20, 0x21, 0x00, 0x00,
  0x50, 0x21, 0x00, 0x00, 0x60, 0x21, 0x00, 0x00, 0xd0, 0x21, 0x00, 0x00,
  0xc0, 0x25, 0x00, 0x00, 0xe0, 0x25, 0x00, 0x00, 0x10, 0x26, 0x00, 0x00,
  0x20, 0x26, 0x00, 0x00, 0x40, 0x27, 0x00, 0x00, 0x50, 0x27, 0x00, 0x00,
  0x80, 0x27, 0x00, 0x00, 0x10, 0x28, 0x00, 0x00, 0x10, 0x2c, 0x00, 0x00,
  0x50, 0x2c, 0x00, 0x00, 0x80, 0x2c, 0x00, 0x00, 0xb0, 0x2c, 0x00, 0x00,
  0x02, 0x4a, 0x00, 0x00, 0x04, 0x1c, 0x14, 0x00, 0xe0, 0x01, 0x00, 0x00,
  0x40, 0x43, 0x00, 0x00, 0x80, 0x43, 0x00, 0x00, 0x60, 0x44, 0x00, 0x00,
  0xe0, 0x44, 0x00, 0x00, 0x04, 0x1e, 0x04, 0x00, 0x00, 0x00, 0x00, 0x00,
  0x03, 0x19, 0xc0, 0x02, 0x04, 0x0a, 0x08, 0x00, 0x11, 0x00, 0x00, 0x00,
  0x80, 0x03, 0xc0, 0x02, 0x04, 0x36, 0x04, 0x00, 0x00, 0x00, 0x00, 0x00,
  0x00, 0x00, 0x00, 0x00, 0xff, 0xff, 0xff, 0xff, 0x00, 0x00, 0x00, 0x00,
  0xfe, 0xff, 0xff, 0xff, 0x00, 0x00, 0x00, 0x00, 0xfd, 0xff, 0xff, 0xff,
  0x00, 0x00, 0x00, 0x00, 0xfc, 0xff, 0xff, 0xff, 0x00, 0x00, 0x00, 0x00,
  0x7c, 0x01, 0x00, 0x00, 0x00, 0x00, 0x00, 0x00, 0x02, 0x00, 0x00, 0x00,
  0x0d, 0x00, 0x00, 0x00, 0x00, 0x00, 0x00, 0x00, 0x00, 0x00, 0x00, 0x00,
  0x14, 0x01, 0x00, 0x00, 0x00, 0x00, 0x00, 0x00, 0x02, 0x00, 0x00, 0x00,
  0x0c, 0x00, 0x00, 0x00, 0x00, 0x00, 0x00, 0x00, 0x00, 0x00, 0x00, 0x00,
  0xac, 0x00, 0x00, 0x00, 0x00, 0x00, 0x00, 0x00, 0x02, 0x00, 0x00, 0x00,
  0x0b, 0x00, 0x00, 0x00, 0x00, 0x00, 0x00, 0x00, 0x00, 0x00, 0x00, 0x00,
  0x44, 0x00, 0x00, 0x00, 0x00, 0x00, 0x00, 0x00, 0x02, 0x00, 0x00, 0x00,
  0x0a, 0x00, 0x00, 0x00, 0x00, 0x00, 0x00, 0x00, 0x00, 0x00, 0x00, 0x00,
  0x00, 0x00, 0x00, 0x00, 0x00, 0x00, 0x00, 0x00, 0x00, 0x00, 0x00, 0x00,
  0x00, 0x00, 0x00, 0x00, 0x00, 0x00, 0x00, 0x00, 0x00, 0x00, 0x00, 0x00,
  0x00, 0x00, 0x00, 0x00, 0x00, 0x00, 0x00, 0x00, 0x00, 0x00, 0x00, 0x00,
  0x00, 0x00, 0x00, 0x00, 0x00, 0x00, 0x00, 0x00, 0x00, 0x00, 0x00, 0x00,
  0x82, 0x7b, 0x01, 0xff, 0x00, 0xdf, 0x00, 0x00, 0x00, 0x08, 0x00, 0x00,
  0x00, 0x70, 0x0e, 0x00, 0xc3, 0x79, 0x0b, 0x00, 0x00, 0x00, 0x00, 0x00,
  0x00, 0x27, 0x00, 0x00, 0x00, 0xa2, 0x0e, 0x00, 0xac, 0x77, 0x04, 0xff,
  0x00, 0xb3, 0x00, 0x00, 0x00, 0x0a, 0x00, 0x08, 0x00, 0xa2, 0x0e, 0x00,
  0xac, 0x77, 0x0e, 0xff, 0x00, 0x6b, 0x00, 0x00, 0x00, 0x0a, 0x00, 0x08,
  0x00, 0xe2, 0x0e, 0x00, 0xa5, 0x78, 0x04, 0x0b, 0x04, 0x00, 0x00, 0x00,
  0x04, 0x00, 0x8e, 0x0f, 0x00, 0xcc, 0x4f, 0x00, 0x02, 0x7c, 0x02, 0x00,
  0x04, 0x00, 0x00, 0x00, 0x00, 0x0f, 0x01, 0x08, 0x00, 0xca, 0x0f, 0x00,
  0xac, 0x77, 0x04, 0xff, 0x00, 0xb4, 0x00, 0x00, 0x00, 0x0a, 0x00, 0x08,
  0x00, 0xa2, 0x0e, 0x00, 0x81, 0x79, 0x06, 0x02, 0x0e, 0x00, 0x00, 0x00,
  0x00, 0x19, 0x1e, 0x0c, 0x00, 0xe2, 0x8e, 0x00, 0xac, 0x77, 0x08, 0xff,
  0x20, 0xbb, 0x00, 0x00, 0x00, 0x00, 0x00, 0x08, 0x00, 0x26, 0x0f, 0x00,
  0x81, 0x79, 0x00, 0x02, 0x0e, 0x04, 0x00, 0x00, 0x00, 0x19, 0x1e, 0x0c,
  0x00, 0xe2, 0x02, 0x00, 0x8c, 0x72, 0x00, 0x04, 0xff, 0x00, 0x00, 0x00,
  0x70, 0x52, 0xf3, 0x0b, 0x00, 0xe2, 0x4f, 0x00, 0x8c, 0x72, 0x00, 0x08,
  0xff, 0x00, 0x00, 0x00, 0x70, 0x52, 0xf0, 0x0b, 0x00, 0xca, 0x0f, 0x01,
  0x1c, 0x78, 0x08, 0x00, 0x00, 0x00, 0x00, 0x00, 0x18, 0xf0, 0xf8, 0x03,
  0x00, 0xe4, 0x0f, 0x00, 0x1c, 0x78, 0x08, 0x00, 0x00, 0x00, 0x00, 0x00,
  0x08, 0xf0, 0xf6, 0x03, 0x00, 0xc6, 0x0f, 0x00, 0xac, 0x17, 0x06, 0xff,
  0x00, 0xb4, 0x00, 0x00, 0x00, 0x0a, 0x00, 0x08, 0x00, 0xa2, 0x0e, 0x00,
  0xa5, 0x88, 0x04, 0x0b, 0x04, 0x00, 0x00, 0x00, 0x04, 0x00, 0x8e, 0x0f,
  0x00, 0xcc, 0x0f, 0x00, 0x02, 0x7c, 0x02, 0x00, 0x04, 0x00, 0x00, 0x00,
  0x00, 0x0f, 0x01, 0x08, 0x00, 0xce, 0x2f, 0x00, 0x81, 0xb9, 0x02, 0x02,
  0x0e, 0x00, 0x00, 0x00, 0x00, 0x19, 0x1e, 0x0c, 0x00, 0x62, 0x03, 0x00,
  0x91, 0x12, 0x06, 0x0b, 0x06, 0x00, 0x00, 0x00, 0xff, 0x10, 0x84, 0x0f,
  0x00, 0xc8, 0x4f, 0x00, 0x91, 0x12, 0x07, 0x0b, 0x07, 0x00, 0x00, 0x00,
  0xff, 0x14, 0x0f, 0x09, 0x00, 0xcc, 0x0f, 0x00, 0x02, 0x7c, 0x04, 0x00,
  0x06, 0x00, 0x00, 0x00, 0x00, 0x0f, 0x01, 0x08, 0x00, 0xcc, 0x0f, 0x00,
  0x81, 0x49, 0x0a, 0x04, 0x0e, 0x04, 0x00, 0x00, 0x00, 0x19, 0x1e, 0x0c,
  0x00, 0x68, 0x03, 0x00, 0x81, 0x49, 0x08, 0x04, 0x0e, 0x00, 0x00, 0x00,
  0x00, 0x19, 0x1e, 0x0c, 0x00, 0x62, 0x03, 0x00, 0xc3, 0x79, 0x05, 0x00,
  0x00, 0x00, 0x00, 0x00, 0x00, 0x25, 0x00, 0x00, 0x00, 0xa4, 0x0e, 0x00,
  0x99, 0x78, 0x05, 0x05, 0x06, 0x00, 0x00, 0x00, 0xff, 0x06, 0x00, 0x08,
  0x00, 0xe2, 0x4f, 0x00, 0xca, 0x72, 0x09, 0x06, 0x00, 0x00, 0x00, 0x00,
  0x00, 0x00, 0x0e, 0x00, 0x00, 0xe4, 0x8f, 0x00, 0xca, 0x72, 0x06, 0x00,
  0x00, 0x00, 0x00, 0x00, 0x00, 0x00, 0x0e, 0x00, 0x00, 0xda, 0x0f, 0x00,
  0x90, 0x72, 0x06, 0x09, 0x06, 0x00, 0x00, 0x00, 0xff, 0xe1, 0xff, 0x0f,
  0x00, 0xc8, 0x0f, 0x00, 0x8c, 0x72, 0x00, 0x05, 0x06, 0x00, 0x00, 0x00,
  0x70, 0x62, 0xf4, 0x0b, 0x00, 0xcc, 0x0f, 0x00, 0x1c, 0x78, 0x08, 0x00,
  0x00, 0x00, 0x00, 0x00, 0x28, 0xf0, 0xf0, 0x03, 0x00, 0xda, 0x0f, 0x00,
  0x4d, 0x09, 0x00, 0x00, 0x00, 0x00, 0x00, 0x00, 0x00, 0x00, 0x80, 0x03,
  0x00, 0xea, 0x2f, 0x00, 0x82, 0x7b, 0x14, 0xff, 0x00, 0x55, 0x01, 0x00,
  0x00, 0x08, 0x00, 0x00, 0x00, 0x62, 0x0e, 0x00, 0x19, 0x79, 0x0b, 0x00,
  0x00, 0x00, 0x00, 0x00, 0x00, 0x21, 0x00, 0x00, 0x00, 0xa2, 0x0e, 0x00,
  0xac, 0x07, 0x0c, 0xff, 0x00, 0xab, 0x00, 0x00, 0x00, 0x0a, 0x00, 0x08,
  0x00, 0xe2, 0x0e, 0x00, 0xca, 0x42, 0x10, 0x0a, 0x00, 0x00, 0x00, 0x00,
  0x00, 0x00, 0x0e, 0x00, 0x00, 0xe2, 0x0f, 0x02, 0x19, 0x79, 0x17, 0x00,
  0x00, 0x00, 0x00, 0x00, 0x00, 0x26, 0x00, 0x00, 0x00, 0x22, 0x0f, 0x00,
  0x90, 0x72, 0x04, 0x06, 0x05, 0x00, 0x00, 0x80, 0xff, 0xe0, 0xff, 0x0f,
  0x00, 0xe2, 0x0f, 0x00, 0xac, 0x77, 0x14, 0xff, 0x00, 0x71, 0x00, 0x00,
  0x00, 0x0a, 0x00, 0x08, 0x00, 0x64, 0x0e, 0x00, 0x82, 0x7b, 0x18, 0xff,
  0x00, 0xfc, 0x00, 0x00, 0x00, 0x0a, 0x00, 0x00, 0x00, 0xa2, 0x0e, 0x00,
  0x4a, 0x78, 0x08, 0x04, 0x40, 0x00, 0x00, 0x00, 0x00, 0x01, 0xfe, 0x0b,
  0x00, 0xe2, 0x0f, 0x00, 0x82, 0x7c, 0x0a, 0x00, 0x06, 0x00, 0x00, 0x00,
  0x00, 0x00, 0x00, 0x08, 0x00, 0xcc, 0x0f, 0x00, 0x82, 0x7b, 0x1a, 0xff,
  0x00, 0xfe, 0x00, 0x00, 0x00, 0x0a, 0x00, 0x00, 0x00, 0x22, 0x0f, 0x00,
  0xa4, 0x02, 0x04, 0x0b, 0x0d, 0x00, 0x00, 0x00, 0xff, 0x02, 0x8e, 0x0f,
  0x00, 0xe2, 0x8f, 0x00, 0xa4, 0x02, 0x07, 0x0b, 0x0c, 0x00, 0x00, 0x00,
  0xff, 0x02, 0x8e, 0x0f, 0x00, 0xe2, 0x0f, 0x00, 0xca, 0x42, 0x0c, 0x08,
  0x00, 0x00, 0x00, 0x00, 0x00, 0x00, 0x0e, 0x00, 0x00, 0xe4, 0x0f, 0x00,
  0x13, 0x72, 0x11, 0x00, 0x14, 0x00, 0x00, 0x00, 0x00, 0x00, 0x00, 0x00,
  0x00, 0xc6, 0x2f, 0x00, 0x82, 0x7b, 0x1c, 0xff, 0x00, 0x00, 0x01, 0x00,
  0x00, 0x0a, 0x00, 0x00, 0x00, 0x62, 0x0e, 0x00, 0xca, 0xb2, 0x04, 0x02,
  0x00, 0x00, 0x00, 0x00, 0x00, 0x00, 0x0e, 0x00, 0x00, 0xe2, 0x0f, 0x00,
  0x06, 0x73, 0x04, 0x00, 0x11, 0x00, 0x00, 0x00, 0x00, 0x94, 0x20, 0x00,
  0x00, 0xe2, 0x0e, 0x00, 0x02, 0x72, 0x02, 0x00, 0xff, 0x00, 0x00, 0x00,
  0x00, 0x0f, 0x00, 0x00, 0x00, 0xe2, 0x0f, 0x00, 0x82, 0x8c, 0x07, 0x00,
  0x09, 0x00, 0x00, 0x00, 0x00, 0x00, 0x00, 0x08, 0x00, 0xe2, 0x0f, 0x00,
  0x19, 0x78, 0x00, 0xff, 0x04, 0x00, 0x00, 0x00, 0x0b, 0x16, 0x01, 0x00,
  0x00, 0xc6, 0x4f, 0x00, 0xc3, 0x79, 0x09, 0x00, 0x00, 0x00, 0x00, 0x00,
  0x00, 0x88, 0x00, 0x00, 0x00, 0xa2, 0x0e, 0x00, 0x24, 0x78, 0x0a, 0x0b,
  0x10, 0x00, 0x00, 0x00, 0xff, 0x00, 0x8e, 0x07, 0x00, 0xe2, 0x0f, 0x00,
  0x90, 0x12, 0x0a, 0x10, 0x0c, 0x00, 0x00, 0x80, 0xff, 0xe0, 0xff, 0x0f,
  0x00, 0xe2, 0x0f, 0x00, 0x13, 0x72, 0x0c, 0x00, 0x17, 0x00, 0x00, 0x00,
  0x00, 0x00, 0x00, 0x00, 0x00, 0xe2, 0x0f, 0x01, 0xac, 0x77, 0x0c, 0xff,
  0x00, 0xb5, 0x00, 0x00, 0x00, 0x0a, 0x00, 0x08, 0x00, 0x22, 0x0f, 0x00,
  0x10, 0x78, 0x06, 0x00, 0x28, 0x00, 0x00, 0x00, 0xff, 0xe0, 0xff, 0x07,
  0x00, 0xe4, 0x0f, 0x04, 0x10, 0x78, 0x05, 0x00, 0x20, 0x00, 0x00, 0x00,
  0xff, 0xe0, 0xff, 0x07, 0x00, 0xe4, 0x0f, 0x04, 0x10, 0x78, 0x16, 0x00,
  0x08, 0x00, 0x00, 0x00, 0xff, 0xe0, 0xff, 0x07, 0x00, 0xe4, 0x0f, 0x04,
  0x10, 0x78, 0x1e, 0x00, 0x10, 0x00, 0x00, 0x00, 0xff, 0xe0, 0xff, 0x07,
  0x00, 0xe2, 0x0f, 0x00, 0x08, 0x73, 0x04, 0x00, 0x04, 0x00, 0x00, 0x00,
  0x00, 0x10, 0x00, 0x00, 0x00, 0xe2, 0x8e, 0x00, 0x0c, 0x7c, 0x00, 0x06,
  0x08, 0x00, 0x00, 0x00, 0x70, 0x62, 0xf2, 0x0b, 0x00, 0xe2, 0x0f, 0x00,
  0x0c, 0x7c, 0x00, 0x05, 0x08, 0x00, 0x00, 0x00, 0x70, 0x62, 0xf0, 0x0b,
  0x00, 0xe2, 0x0f, 0x00, 0x10, 0x78, 0x07, 0x00, 0x30, 0x00, 0x00, 0x00,
  0xff, 0xe0, 0xff, 0x07, 0x00, 0xe2, 0x0f, 0x04, 0x0c, 0x7c, 0x00, 0x00,
  0x08, 0x00, 0x00, 0x00, 0x70, 0x62, 0xf6, 0x0b, 0x00, 0xe2, 0x0f, 0x00,
  0x0c, 0x7c, 0x00, 0x16, 0x08, 0x00, 0x00, 0x00, 0x70, 0x62, 0xf8, 0x0b,
  0x00, 0xe2, 0x0f, 0x00, 0x0c, 0x7c, 0x00, 0x1e, 0x08, 0x00, 0x00, 0x00,
  0x70, 0x62, 0xfa, 0x0b, 0x00, 0xe2, 0x0f, 0x00, 0x10, 0x78, 0x1f, 0x00,
  0x18, 0x00, 0x00, 0x00, 0xff, 0xe0, 0xff, 0x07, 0x00, 0xe2, 0x0f, 0x00,
  0x0c, 0x7c, 0x00, 0x07, 0x08, 0x00, 0x00, 0x00, 0x70, 0x62, 0xfc, 0x0b,
  0x00, 0xe2, 0x0f, 0x00, 0x07, 0x78, 0x07, 0xff, 0x00, 0x01, 0x00, 0x00,
  0x00, 0x00, 0x00, 0x00, 0x00, 0xe2, 0x0f, 0x00, 0x12, 0x78, 0x0e, 0x0a,
  0xf0, 0x00, 0x00, 0x00, 0xff, 0xc0, 0x8e, 0x07, 0x00, 0xe2, 0x0f, 0x00,
  0xac, 0x77, 0x10, 0xff, 0x00, 0x72, 0x00, 0x00, 0x00, 0x0c, 0x00, 0x08,
  0x00, 0x64, 0x0e, 0x00, 0x07, 0x78, 0x12, 0xff, 0x00, 0x04, 0x00, 0x00,
  0x00, 0x00, 0x00, 0x03, 0x00, 0xe2, 0x0f, 0x00, 0x0c, 0x7c, 0x00, 0x1f,
  0x08, 0x00, 0x00, 0x00, 0x70, 0x62, 0xfc, 0x0b, 0x00, 0xe2, 0x0f, 0x00,
  0x8c, 0x72, 0x00, 0x0c, 0xff, 0x00, 0x00, 0x00, 0x70, 0x52, 0xf1, 0x0b,
  0x00, 0xe2, 0x0f, 0x01, 0x10, 0x78, 0x03, 0x04, 0xfe, 0xff, 0xff, 0x0f,
  0xff, 0xe0, 0xff, 0x07, 0x00, 0xc4, 0x8f, 0x00, 0x10, 0x78, 0x04, 0x00,
  0x38, 0x00, 0x00, 0x00, 0xff, 0xe0, 0xff, 0x07, 0x00, 0xc8, 0x0f, 0x00,
  0x05, 0x73, 0x03, 0x00, 0x03, 0x00, 0x00, 0x00, 0x00, 0xf0, 0x21, 0x00,
  0x00, 0xe2, 0x0e, 0x00, 0x0c, 0x7c, 0x00, 0x04, 0x08, 0x00, 0x00, 0x00,
  0x70, 0x62, 0xf4, 0x0b, 0x00, 0xe2, 0x0f, 0x00, 0x07, 0x78, 0x04, 0xff,
  0x01, 0x00, 0x00, 0x00, 0x00, 0x00, 0x80, 0x01, 0x00, 0xe2, 0x0f, 0x00,
  0x82, 0x78, 0x08, 0x00, 0x00, 0x04, 0x00, 0x00, 0x00, 0x00, 0x00, 0x00,
  0x00, 0xe2, 0x0f, 0x00, 0xac, 0x07, 0x0c, 0xff, 0x00, 0xb5, 0x00, 0x00,
  0x00, 0x0a, 0x00, 0x08, 0x00, 0x24, 0x0f, 0x00, 0x07, 0x78, 0x0f, 0xff,
  0x00, 0x08, 0x00, 0x00, 0x00, 0x00, 0x00, 0x01, 0x00, 0xe2, 0x0f, 0x00,
  0x91, 0x72, 0x08, 0x09, 0x08, 0x00, 0x00, 0x00, 0xff, 0xc0, 0x8e, 0x0f,
  0x00, 0xe2, 0x4f, 0x00, 0x4a, 0x78, 0x09, 0x0a, 0x20, 0x00, 0x00, 0x00,
  0x00, 0x01, 0xfe, 0x0b, 0x00, 0xc6, 0x0f, 0x00, 0x90, 0x78, 0x1a, 0x08,
  0x00, 0x40, 0x00, 0x00, 0xff, 0xe0, 0xff, 0x0f, 0x00, 0xe2, 0x0f, 0x00,
  0x90, 0x78, 0x1b, 0x08, 0x00, 0x60, 0x00, 0x00, 0xff, 0xe0, 0xff, 0x0f,
  0x00, 0xe2, 0x0f, 0x00, 0x10, 0x72, 0x09, 0xff, 0x03, 0x00, 0x00, 0x80,
  0xff, 0xe0, 0xff, 0x07, 0x00, 0xca, 0x8f, 0x00, 0x02, 0x72, 0x06, 0x00,
  0x09, 0x00, 0x00, 0x00, 0x00, 0x0f, 0x00, 0x00, 0x00, 0xca, 0x0f, 0x00,
  0x24, 0x72, 0x05, 0x06, 0x11, 0x00, 0x00, 0x00, 0xff, 0x02, 0x8e, 0x07,
  0x00, 0xe2, 0x0f, 0x00, 0x07, 0x78, 0x06, 0xff, 0x04, 0x00, 0x00, 0x00,
  0x00, 0x00, 0x80, 0x02, 0x00, 0xc6, 0x0f, 0x00, 0x27, 0x72, 0x03, 0x03,
  0x05, 0x00, 0x00, 0x00, 0x02, 0x00, 0x8e, 0x07, 0x00, 0xe2, 0x0f, 0x00,
  0x12, 0x7c, 0x02, 0x00, 0x05, 0x00, 0x00, 0x00, 0xff, 0xfc, 0x8e, 0x0f,
  0x00, 0xe2, 0x0f, 0x00, 0x07, 0x78, 0x05, 0xff, 0x02, 0x00, 0x00, 0x00,
  0x00, 0x00, 0x00, 0x02, 0x00, 0xc6, 0x0f, 0x00, 0x10, 0x7c, 0x0d, 0x02,
  0x07, 0x00, 0x00, 0x00, 0xff, 0xe0, 0xff, 0x0f, 0x00, 0xe2, 0x0f, 0x00,
  0x27, 0x72, 0x10, 0x03, 0x0c, 0x00, 0x00, 0x00, 0xff, 0x00, 0x8e, 0x07,
  0x00, 0xe2, 0x0f, 0x00, 0x10, 0x72, 0x04, 0x06, 0x05, 0x00, 0x00, 0x00,
  0x04, 0xe0, 0xff, 0x07, 0x00, 0xe2, 0x0f, 0x00, 0x07, 0x78, 0x02, 0xff,
  0x08, 0x00, 0x00, 0x00, 0x00, 0x00, 0x00, 0x03, 0x00, 0xe2, 0x0f, 0x00,
  0x19, 0x78, 0x05, 0xff, 0x1f, 0x00, 0x00, 0x00, 0x0d, 0x14, 0x01, 0x00,
  0x00, 0xe2, 0x0f, 0x00, 0x02, 0x72, 0x03, 0x00, 0xff, 0x00, 0x00, 0x00,
  0x00, 0x0f, 0x00, 0x00, 0x00, 0xc6, 0x0f, 0x00, 0x10, 0x72, 0x09, 0x07,
  0x04, 0x00, 0x00, 0x00, 0x02, 0xe0, 0xff, 0x07, 0x00, 0xe2, 0x0f, 0x00,
  0x24, 0x72, 0x06, 0x05, 0x18, 0x00, 0x00, 0x00, 0xff, 0x02, 0x8e, 0x07,
  0x00, 0xe2, 0x0f, 0x08, 0x10, 0x72, 0x05, 0x10, 0xff, 0x00, 0x00, 0x00,
  0xff, 0xe1, 0xff, 0x07, 0x00, 0xe4, 0x0f, 0x00, 0x12, 0x78, 0x04, 0x00,
  0x07, 0x00, 0x00, 0x00, 0xff, 0xc0, 0x8e, 0x07, 0x00, 0xe2, 0x0f, 0x00,
  0x24, 0x78, 0x02, 0x17, 0x00, 0x01, 0x00, 0x00, 0x0e, 0x02, 0x8e, 0x07,
  0x00, 0xe4, 0x0f, 0x00, 0x24, 0x72, 0x0c, 0x11, 0x05, 0x00, 0x00, 0x00,
  0x0c, 0x02, 0x8e, 0x07, 0x00, 0xe2, 0x0f, 0x00, 0x12, 0x78, 0x07, 0x04,
  0x0f, 0x00, 0x00, 0x00, 0x0b, 0x78, 0x8e, 0x07, 0x00, 0xe2, 0x0f, 0x00,
  0x25, 0x72, 0x02, 0x0d, 0x18, 0x00, 0x00, 0x00, 0x02, 0x00, 0x8e, 0x07,
  0x00, 0xe2, 0x0f, 0x00, 0x19, 0x78, 0x05, 0x18, 0x03, 0x00, 0x00, 0x00,
  0x19, 0x02, 0x01, 0x00, 0x00, 0xc4, 0x0f, 0x00, 0x0c, 0x72, 0x00, 0x11,
  0x0c, 0x00, 0x00, 0x00, 0x70, 0x40, 0xf4, 0x03, 0x00, 0xe2, 0x0f, 0x00,
  0x24, 0x72, 0x0d, 0x0d, 0x19, 0x00, 0x00, 0x00, 0x06, 0x02, 0x8e, 0x07,
  0x00, 0xe2, 0x0f, 0x00, 0x07, 0x78, 0x06, 0xff, 0x00, 0x02, 0x00, 0x00,
  0x00, 0x00, 0x80, 0x00, 0x00, 0xe2, 0x0f, 0x00, 0x24, 0x78, 0x07, 0x00,
  0x10, 0x00, 0x00, 0x00, 0x07, 0x02, 0x8e, 0x07, 0x00, 0xe2, 0x0f, 0x04,
  0x10, 0x7c, 0x19, 0x00, 0x04, 0x00, 0x00, 0x00, 0xff, 0xe0, 0xff, 0x0f,
  0x00, 0xe2, 0x0f, 0x00, 0x24, 0x78, 0x04, 0x18, 0x08, 0x00, 0x00, 0x00,
  0xff, 0x00, 0x8e, 0x07, 0x00, 0xe2, 0x0f, 0x00, 0x10, 0x72, 0x03, 0x03,
  0x0d, 0x00, 0x00, 0x00, 0xff, 0xe0, 0xff, 0x07, 0x00, 0xe2, 0x0f, 0x00,
  0x24, 0x78, 0xdd, 0x07, 0x10, 0x00, 0x00, 0x00, 0xff, 0x00, 0x8e, 0x07,
  0x00, 0xe2, 0x0f, 0x00, 0x10, 0x72, 0x0d, 0x06, 0x09, 0x00, 0x00, 0x00,
  0xff, 0xe0, 0xff, 0x07, 0x00, 0xe4, 0x0f, 0x00, 0x19, 0x78, 0x13, 0xff,
  0x1f, 0x00, 0x00, 0x00, 0x19, 0x14, 0x01, 0x00, 0x00, 0xe2, 0x0f, 0x00,
  0x91, 0x02, 0x04, 0x0b, 0x0c, 0x00, 0x00, 0x00, 0xff, 0x10, 0x82, 0x0f,
  0x00, 0xe2, 0x0f, 0x01, 0x35, 0x72, 0x06, 0x02, 0x04, 0x00, 0x00, 0x00,
  0x00, 0x02, 0x8e, 0x07, 0x00, 0xc4, 0x0f, 0x00, 0x35, 0x7c, 0x02, 0x02,
  0x14, 0x00, 0x00, 0x00, 0x00, 0x02, 0x8e, 0x0f, 0x00, 0xc6, 0x0f, 0x00,
  0x10, 0x7c, 0x15, 0xdd, 0x08, 0x00, 0x00, 0x00, 0xff, 0xe0, 0xff, 0x0f,
  0x00, 0xe4, 0x0f, 0x00, 0x10, 0xa2, 0x0c, 0x0c, 0x11, 0x00, 0x00, 0x80,
  0xff, 0xe0, 0xff, 0x07, 0x00, 0xe2, 0x0f, 0x00, 0x35, 0x7c, 0x08, 0x06,
  0x14, 0x00, 0x00, 0x00, 0x00, 0x02, 0x8e, 0x0f, 0x00, 0xe4, 0x0f, 0x00,
  0x35, 0x72, 0x06, 0x04, 0x06, 0x00, 0x00, 0x00, 0x00, 0x02, 0x8e, 0x07,
  0x00, 0xe4, 0x0f, 0x00, 0x84, 0xf9, 0xff, 0xff, 0x00, 0x00, 0x00, 0x00,
  0x00, 0x08, 0x00, 0x00, 0x00, 0xe2, 0x0f, 0x00, 0x84, 0xf9, 0xff, 0xff,
  0x00, 0x00, 0x00, 0x00, 0x00, 0x08, 0x00, 0x00, 0x00, 0xe2, 0x0f, 0x00,
  0x84, 0xf9, 0xff, 0xff, 0x00, 0x00, 0x00, 0x00, 0x00, 0x08, 0x00, 0x00,
  0x00, 0xe2, 0x0f, 0x00, 0xae, 0x7f, 0x15, 0x02, 0x00, 0x00, 0x00, 0x00,
  0x0e, 0x18, 0x98, 0x0d, 0x00, 0xe2, 0x05, 0x00, 0x0c, 0x72, 0x00, 0x0c,
  0x11, 0x00, 0x00, 0x00, 0x70, 0x60, 0xf6, 0x03, 0x00, 0xe2, 0x0f, 0x00,
  0x10, 0x72, 0x0f, 0x0d, 0x12, 0x00, 0x00, 0x00, 0x0f, 0xe0, 0xff, 0x07,
  0x00, 0xe2, 0x0f, 0x00, 0x35, 0x72, 0x0c, 0x04, 0x06, 0x00, 0x00, 0x00,
  0x00, 0x02, 0x8e, 0x07, 0x00, 0xc4, 0x0f, 0x00, 0xae, 0x7f, 0x15, 0x08,
  0x00, 0x00, 0x80, 0x00, 0x0e, 0x18, 0x18, 0x0e, 0x00, 0xe2, 0x07, 0x00,
  0x10, 0xa8, 0x10, 0x10, 0x01, 0x00, 0x00, 0x00, 0xff, 0xe0, 0xff, 0x07,
  0x00, 0xe2, 0x0f, 0x00, 0x35, 0x7c, 0x06, 0x06, 0x14, 0x00, 0x00, 0x00,
  0x00, 0x02, 0x8e, 0x0f, 0x00, 0xe4, 0x0f, 0x00, 0x91, 0x02, 0x0b, 0x0b,
  0x0d, 0x00, 0x00, 0x00, 0xff, 0x14, 0x8f, 0x08, 0x00, 0xe2, 0x0f, 0x00,
  0x19, 0x78, 0x11, 0xff, 0x06, 0x00, 0x00, 0x00, 0x0f, 0x16, 0x01, 0x00,
  0x00, 0xe2, 0x0f, 0x00, 0x35, 0x7c, 0x02, 0x0c, 0x14, 0x00, 0x00, 0x00,
  0x00, 0x02, 0x8e, 0x0f, 0x00, 0xc6, 0x4f, 0x00, 0x10, 0x38, 0x10, 0x10,
  0x01, 0x00, 0x00, 0x00, 0xff, 0xe0, 0xff, 0x07, 0x00, 0xe4, 0x0f, 0x00,
  0x19, 0x78, 0x0f, 0xff, 0x07, 0x00, 0x00, 0x00, 0x0f, 0x16, 0x01, 0x00,
  0x00, 0xe2, 0x0f, 0x00, 0xae, 0x7f, 0x15, 0x06, 0x00, 0x00, 0x00, 0x01,
  0x0e, 0x18, 0x98, 0x0e, 0x00, 0xe2, 0x0f, 0x00, 0x12, 0x72, 0x08, 0x17,
  0x14, 0x00, 0x00, 0x00, 0xff, 0x3c, 0x8e, 0x07, 0x00, 0xe2, 0x8f, 0x00,
  0x35, 0x72, 0x0c, 0x04, 0x0c, 0x00, 0x00, 0x00, 0x00, 0x02, 0x8e, 0x07,
  0x00, 0xe4, 0x0f, 0x00, 0x0c, 0x72, 0x00, 0x14, 0xff, 0x00, 0x00, 0x00,
  0x70, 0x52, 0xf6, 0x03, 0x00, 0xe2, 0x0f, 0x00, 0x12, 0x78, 0xff, 0x0f,
  0x10, 0x00, 0x00, 0x00, 0xff, 0xc0, 0x8a, 0x07, 0x00, 0xe2, 0x0f, 0x00,
  0xae, 0x7f, 0x15, 0x02, 0x00, 0x00, 0x80, 0x01, 0x0e, 0x18, 0x18, 0x0f,
  0x00, 0xe2, 0x05, 0x00, 0x0c, 0x72, 0x00, 0x08, 0xff, 0x00, 0x00, 0x00,
  0x70, 0x62, 0xf4, 0x03, 0x00, 0xe2, 0x0f, 0x00, 0x0c, 0x7c, 0x00, 0x00,
  0x09, 0x00, 0x00, 0x00, 0x70, 0x62, 0xfc, 0x0b, 0x00, 0xe2, 0x0f, 0x00,
  0x02, 0x72, 0x0f, 0x00, 0xff, 0x00, 0x00, 0x00, 0x00, 0x0f, 0x00, 0x00,
  0x00, 0xe2, 0x0f, 0x00, 0x24, 0x72, 0x00, 0x13, 0x1a, 0x00, 0x00, 0x00,
  0xff, 0x02, 0x8e, 0x07, 0x00, 0xe2, 0x0f, 0x00, 0x12, 0x78, 0xff, 0x11,
  0x10, 0x00, 0x00, 0x00, 0xff, 0xc0, 0x88, 0x07, 0x00, 0xe2, 0x0f, 0x00,
  0x02, 0x72, 0xd3, 0x00, 0x10, 0x00, 0x00, 0x00, 0x00, 0x0f, 0x00, 0x00,
  0x00, 0xe2, 0x0f, 0x00, 0x25, 0x72, 0x08, 0x19, 0x1a, 0x00, 0x00, 0x00,
  0x0e, 0x00, 0x8e, 0x07, 0x00, 0xe2, 0x0f, 0x00, 0x10, 0x7c, 0xe2, 0xdd,
  0x1a, 0x00, 0x00, 0x00, 0xff, 0xe0, 0xff, 0x0f, 0x00, 0xc4, 0x0f, 0x00,
  0x10, 0x7c, 0xdd, 0xdd, 0x1b, 0x00, 0x00, 0x00, 0xff, 0xe0, 0xff, 0x0f,
  0x00, 0xe2, 0x0f, 0x00, 0x35, 0x72, 0x02, 0x04, 0x0c, 0x00, 0x00, 0x00,
  0x00, 0x02, 0x8e, 0x07, 0x00, 0xe4, 0x4f, 0x00, 0x24, 0x72, 0x11, 0x19,
  0x1b, 0x00, 0x00, 0x00, 0x00, 0x02, 0x8e, 0x07, 0x00, 0xe2, 0x0f, 0x00,
  0x35, 0x7c, 0x0c, 0x0c, 0x14, 0x00, 0x00, 0x00, 0x00, 0x02, 0x8e, 0x0f,
  0x00, 0xe4, 0x0f, 0x00, 0x35, 0x7c, 0x06, 0x02, 0x14, 0x00, 0x00, 0x00,
  0x00, 0x02, 0x8e, 0x0f, 0x00, 0xc6, 0x0f, 0x00, 0x10, 0xa2, 0xd3, 0xd3,
  0xff, 0x00, 0x00, 0x00, 0xff, 0xe1, 0xff, 0x07, 0x00, 0xe4, 0x0f, 0x00,
  0x10, 0x72, 0x11, 0x09, 0x11, 0x00, 0x00, 0x00, 0xff, 0xe0, 0xff, 0x07,
  0x00, 0xe4, 0x0f, 0x00, 0x12, 0xb2, 0xd3, 0xff, 0x14, 0x00, 0x00, 0x00,
  0xff, 0x33, 0x8e, 0x07, 0x00, 0xe2, 0x0f, 0x00, 0x24, 0x72, 0x00, 0x13,
  0x1c, 0x00, 0x00, 0x00, 0xff, 0x02, 0x8e, 0x07, 0x00, 0xe2, 0x2f, 0x00,
  0x02, 0x72, 0x10, 0x00, 0x08, 0x00, 0x00, 0x00, 0x00, 0x0f, 0x00, 0x00,
  0x00, 0xe2, 0x0f, 0x00, 0xae, 0x7f, 0x15, 0x0c, 0x00, 0x00, 0x00, 0x02,
  0x0e, 0x18, 0x18, 0x0c, 0x00, 0xe2, 0x0f, 0x00, 0x25, 0x72, 0x12, 0x19,
  0x1c, 0x00, 0x00, 0x00, 0x0e, 0x00, 0x8e, 0x07, 0x00, 0xe2, 0x0f, 0x04,
  0x19, 0x78, 0x09, 0x1a, 0x03, 0x00, 0x00, 0x00, 0x1b, 0x02, 0x01, 0x00,
  0x00, 0xe4, 0x0f, 0x00, 0xae, 0x7f, 0x15, 0x06, 0x00, 0x00, 0x80, 0x02,
  0x0e, 0x18, 0x98, 0x0c, 0x00, 0xe2, 0x03, 0x00, 0x24, 0x72, 0x19, 0x19,
  0x1d, 0x00, 0x00, 0x00, 0x00, 0x02, 0x8e, 0x07, 0x00, 0xe2, 0x0f, 0x00,
  0x0c, 0x7c, 0x00, 0x16, 0x09, 0x00, 0x00, 0x00, 0x70, 0x62, 0xf0, 0x0b,
  0x00, 0xe2, 0x0f, 0x00, 0x24, 0x78, 0x08, 0x1a, 0x08, 0x00, 0x00, 0x00,
  0xff, 0x00, 0x8e, 0x07, 0x00, 0xe2, 0x0f, 0x00, 0x0c, 0x7c, 0x00, 0x1e,
  0x09, 0x00, 0x00, 0x00, 0x70, 0x62, 0xf4, 0x0b, 0x00, 0xe2, 0x0f, 0x00,
  0x0c, 0x7c, 0x00, 0x1f, 0x09, 0x00, 0x00, 0x00, 0x70, 0x62, 0xf2, 0x0b,
  0x00, 0xe2, 0x0f, 0x00, 0x10, 0x72, 0x13, 0x13, 0x19, 0x00, 0x00, 0x00,
  0xff, 0xe0, 0xff, 0x07, 0x00, 0xe2, 0x0f, 0x00, 0x35, 0x72, 0x06, 0x04,
  0x02, 0x00, 0x00, 0x00, 0x00, 0x02, 0x8e, 0x07, 0x00, 0xc4, 0x2f, 0x00,
  0x25, 0x78, 0x02, 0xd3, 0x00, 0x01, 0x00, 0x00, 0x10, 0x02, 0x8e, 0x07,
  0x00, 0xe4, 0x0f, 0x00, 0x35, 0x72, 0x04, 0x04, 0x06, 0x00, 0x00, 0x00,
  0x00, 0x02, 0x8e, 0x07, 0x00, 0xe4, 0x0f, 0x00, 0x25, 0x78, 0xd2, 0xd3,
  0x00, 0x01, 0x00, 0x00, 0x12, 0x02, 0x8e, 0x07, 0x00, 0xe2, 0x0f, 0x00,
  0x11, 0x72, 0x10, 0x1a, 0x02, 0x00, 0x00, 0x00, 0xff, 0x20, 0x86, 0x07,
  0x00, 0xe2, 0x0f, 0x00, 0x35, 0x72, 0x0e, 0x02, 0x08, 0x00, 0x00, 0x00,
  0x00, 0x02, 0x8e, 0x07, 0x00, 0xe4, 0x0f, 0x04, 0x35, 0x7c, 0x0c, 0x02,
  0x10, 0x00, 0x00, 0x00, 0x00, 0x02, 0x8e, 0x0f, 0x00, 0xe4, 0x0f, 0x00,
  0x02, 0x7c, 0x12, 0x00, 0x04, 0x00, 0x00, 0x00, 0x00, 0x0f, 0x00, 0x08,
  0x00, 0xe2, 0x0f, 0x00, 0x11, 0x72, 0x11, 0x1a, 0x03, 0x00, 0x00, 0x00,
  0x1b, 0x24, 0x8f, 0x01, 0x00, 0xe2, 0x0f, 0x00, 0x35, 0x7c, 0x06, 0x06,
  0x14, 0x00, 0x00, 0x00, 0x00, 0x02, 0x8e, 0x0f, 0x00, 0xc4, 0x0f, 0x00,
  0x02, 0x7c, 0x13, 0x00, 0x0b, 0x00, 0x00, 0x00, 0x00, 0x0f, 0x00, 0x08,
  0x00, 0xe2, 0x0f, 0x00, 0x35, 0x7c, 0x04, 0x04, 0x14, 0x00, 0x00, 0x00,
  0x00, 0x02, 0x8e, 0x0f, 0x00, 0xe4, 0x0f, 0x00, 0x35, 0x7c, 0x02, 0x10,
  0x10, 0x00, 0x00, 0x00, 0x00, 0x02, 0x8e, 0x0f, 0x00, 0xe4, 0x0f, 0x00,
  0x35, 0x72, 0x08, 0x08, 0x10, 0x00, 0x00, 0x00, 0x00, 0x02, 0x8e, 0x07,
  0x00, 0xe4, 0x0f, 0x00, 0x35, 0x7c, 0x0e, 0x0e, 0x10, 0x00, 0x00, 0x00,
  0x00, 0x02, 0x8e, 0x0f, 0x00, 0xe4, 0x0f, 0x00, 0xae, 0x7f, 0x15, 0x06,
  0x00, 0x00, 0x00, 0x03, 0x0e, 0x18, 0x18, 0x0a, 0x00, 0xe2, 0x0f, 0x00,
  0x11, 0x72, 0x10, 0x1c, 0xd2, 0x00, 0x00, 0x00, 0xff, 0x20, 0x86, 0x07,
  0x00, 0xc6, 0x0f, 0x00, 0xae, 0x7f, 0x15, 0x04, 0x00, 0x00, 0x80, 0x03,
  0x0e, 0x18, 0x98, 0x0a, 0x00, 0xe2, 0x03, 0x00, 0x11, 0x72, 0x11, 0x1c,
  0xd3, 0x00, 0x00, 0x00, 0x1d, 0x24, 0x8f, 0x01, 0x00, 0xe4, 0x0f, 0x14,
  0x1c, 0x78, 0x08, 0x00, 0x00, 0x00, 0x00, 0x00, 0x08, 0xf0, 0xf6, 0x03,
  0x00, 0xe2, 0x0f, 0x00, 0xae, 0x7f, 0xe2, 0x0c, 0x00, 0x00, 0x00, 0x00,
  0x0e, 0x18, 0x18, 0x0f, 0x00, 0xe8, 0x0f, 0x00, 0xae, 0x7f, 0xe2, 0x0e,
  0x00, 0x00, 0x80, 0x00, 0x0e, 0x18, 0x18, 0x0c, 0x00, 0xe8, 0x05, 0x00,
  0xae, 0x7f, 0xe2, 0x02, 0x00, 0x00, 0x00, 0x01, 0x0e, 0x18, 0x18, 0x0d,
  0x00, 0xe2, 0x07, 0x00, 0x19, 0x78, 0x05, 0x1c, 0x03, 0x00, 0x00, 0x00,
  0x1d, 0x02, 0x01, 0x00, 0x00, 0xe2, 0x2f, 0x04, 0x24, 0x78, 0x04, 0x1c,
  0x08, 0x00, 0x00, 0x00, 0xff, 0x00, 0x8e, 0x07, 0x00, 0xc4, 0x0f, 0x00,
  0x81, 0x39, 0x12, 0x12, 0x0e, 0x00, 0x00, 0x00, 0x00, 0x19, 0x1e, 0x0c,
  0x00, 0x22, 0x0f, 0x00, 0x82, 0x7b, 0x0e, 0xff, 0x00, 0xf6, 0x00, 0x00,
  0x00, 0x0a, 0x00, 0x00, 0x00, 0x64, 0x4e, 0x00, 0x35, 0x72, 0x02, 0xd2,
  0x04, 0x00, 0x00, 0x00, 0x00, 0x02, 0x8e, 0x07, 0x00, 0xe4, 0x8f, 0x00,
  0x35, 0x72, 0x04, 0x04, 0x10, 0x00, 0x00, 0x00, 0x00, 0x02, 0x8e, 0x07,
  0x00, 0xe4, 0x0f, 0x00, 0x35, 0x7c, 0x06, 0x02, 0x12, 0x00, 0x00, 0x00,
  0x00, 0x02, 0x8e, 0x0f, 0x00, 0xe4, 0x0f, 0x00, 0x35, 0x7c, 0x02, 0x08,
  0x10, 0x00, 0x00, 0x00, 0x00, 0x02, 0x8e, 0x0f, 0x00, 0xe4, 0x0f, 0x00,
  0x35, 0x7c, 0xd2, 0xd2, 0x12, 0x00, 0x00, 0x00, 0x00, 0x02, 0x8e, 0x0f,
  0x00, 0xc4, 0x0f, 0x00, 0x35, 0x7c, 0x10, 0x10, 0x12, 0x00, 0x00, 0x00,
  0x00, 0x02, 0x8e, 0x0f, 0x00, 0xe4, 0x0f, 0x00, 0x35, 0x7c, 0x04, 0x04,
  0x12, 0x00, 0x00, 0x00, 0x00, 0x02, 0x8e, 0x0f, 0x00, 0xe4, 0x0f, 0x00,
  0xae, 0x7f, 0xe2, 0x02, 0x00, 0x00, 0x80, 0x01, 0x0e, 0x18, 0x98, 0x0c,
  0x00, 0xe8, 0x05, 0x00, 0xae, 0x7f, 0xdd, 0xd2, 0x00, 0x00, 0x00, 0x00,
  0x0e, 0x18, 0x18, 0x0f, 0x00, 0xe8, 0x0f, 0x00, 0xae, 0x7f, 0xdd, 0x06,
  0x00, 0x00, 0x80, 0x00, 0x0e, 0x18, 0x18, 0x0c, 0x00, 0xe8, 0x0f, 0x00,
  0xae, 0x7f, 0xdd, 0x10, 0x00, 0x00, 0x00, 0x01, 0x0e, 0x18, 0x18, 0x0d,
  0x00, 0xe8, 0x0f, 0x00, 0xae, 0x7f, 0xdd, 0x04, 0x00, 0x00, 0x80, 0x01,
  0x0e, 0x18, 0x98, 0x0c, 0x00, 0xe8, 0x07, 0x00, 0xaf, 0x79, 0x00, 0x00,
  0x00, 0x00, 0x00, 0x00, 0x00, 0x00, 0x00, 0x00, 0x00, 0x22, 0x0e, 0x00,
  0x0c, 0x72, 0x00, 0x0e, 0xff, 0x00, 0x00, 0x00, 0x70, 0x52, 0xf1, 0x03,
  0x00, 0xc6, 0x2f, 0x00, 0x19, 0x78, 0x02, 0xff, 0x01, 0x00, 0x00, 0x00,
  0x0b, 0x16, 0x01, 0x00, 0x00, 0xe4, 0x4f, 0x10, 0x19, 0x78, 0x00, 0xff,
  0x03, 0x00, 0x00, 0x00, 0x0b, 0x16, 0x01, 0x00, 0x00, 0xe4, 0x0f, 0x00,
  0x12, 0x78, 0x04, 0x02, 0x08, 0x00, 0x00, 0x00, 0xff, 0xc0, 0x8e, 0x07,
  0x00, 0xe4, 0x8f, 0x00, 0x12, 0x78, 0x00, 0x00, 0x01, 0x00, 0x00, 0x00,
  0xff, 0xc0, 0x8e, 0x07, 0x00, 0xe2, 0x0f, 0x00, 0x1a, 0x79, 0x00, 0x00,
  0x00, 0x80, 0x00, 0x00, 0x00, 0x00, 0x00, 0x00, 0x00, 0xc8, 0x0f, 0x00,
  0x12, 0x78, 0x0a, 0x0a, 0x70, 0x00, 0x00, 0x00, 0xff, 0xc0, 0x8e, 0x07,
  0x00, 0xe4, 0x0f, 0x00, 0x12, 0x78, 0x02, 0x02, 0x30, 0x00, 0x00, 0x00,
  0xff, 0xc0, 0x8e, 0x07, 0x00, 0xe4, 0x0f, 0x00, 0x12, 0x78, 0x04, 0x04,
  0x07, 0x00, 0x00, 0x00, 0x0b, 0xf8, 0x8e, 0x07, 0x00, 0xe4, 0x0f, 0x10,
  0x12, 0x78, 0x03, 0x00, 0x07, 0x00, 0x00, 0x00, 0x0b, 0x78, 0x8e, 0x07,
  0x00, 0xe2, 0x0f, 0x00, 0x25, 0x08, 0x0e, 0x17, 0x04, 0x00, 0x00, 0x00,
  0x0e, 0x00, 0x8e, 0x07, 0x00, 0xe2, 0x0f, 0x00, 0x02, 0x78, 0x08, 0x00,
  0xff, 0xff, 0x7f, 0xff, 0x00, 0x0f, 0x00, 0x00, 0x00, 0xe2, 0x0f, 0x00,
  0x1d, 0x7b, 0x00, 0x00, 0x00, 0x00, 0x00, 0x00, 0x00, 0x00, 0x01, 0x00,
  0x00, 0xe2, 0x0f, 0x00, 0x12, 0x78, 0xe3, 0x0a, 0x10, 0x00, 0x00, 0x00,
  0x0b, 0x78, 0x8e, 0x07, 0x00, 0xe2, 0x0f, 0x10, 0x24, 0x78, 0x00, 0x0b,
  0x00, 0x01, 0x00, 0x00, 0xff, 0x00, 0x8e, 0x07, 0x00, 0xe2, 0x0f, 0x00,
  0x12, 0x78, 0x02, 0x02, 0x0f, 0x00, 0x00, 0x00, 0x0b, 0xf8, 0x8e, 0x07,
  0x00, 0xe2, 0x0f, 0x00, 0x24, 0x78, 0x03, 0x04, 0x10, 0x00, 0x00, 0x00,
  0x03, 0x02, 0x8e, 0x07, 0x00, 0xc8, 0x0f, 0x00, 0x24, 0x78, 0xe4, 0x03,
  0x10, 0x00, 0x00, 0x00, 0xff, 0x00, 0x8e, 0x07, 0x00, 0xca, 0x0f, 0x00,
  0x12, 0x78, 0xdc, 0xe4, 0x20, 0x00, 0x00, 0x00, 0xff, 0x3c, 0x8e, 0x07,
  0x00, 0xe4, 0x0f, 0x04, 0x12, 0x78, 0xdb, 0xe4, 0x40, 0x00, 0x00, 0x00,
  0xff, 0x3c, 0x8e, 0x07, 0x00, 0xe4, 0x0f, 0x04, 0x12, 0x78, 0xda, 0xe4,
  0x60, 0x00, 0x00, 0x00, 0xff, 0x3c, 0x8e, 0x07, 0x00, 0xe2, 0x0f, 0x04,
  0x81, 0x09, 0x08, 0x0e, 0x0e, 0x00, 0x00, 0x00, 0x00, 0x19, 0x1e, 0x0c,
  0x00, 0x62, 0x03, 0x00, 0x12, 0x78, 0xd9, 0xe4, 0xa0, 0x00, 0x00, 0x00,
  0xff, 0x3c, 0x8e, 0x07, 0x00, 0xe4, 0x0f, 0x04, 0x12, 0x78, 0x09, 0xe4,
  0xc0, 0x00, 0x00, 0x00, 0xff, 0x3c, 0x8e, 0x07, 0x00, 0xe2, 0x0f, 0x04,
  0x3b, 0x78, 0x40, 0xe4, 0x1a, 0x00, 0x00, 0x00, 0x00, 0x02, 0x00, 0x08,
  0x00, 0xa2, 0x0e, 0x00, 0x12, 0x78, 0x0a, 0xe4, 0xe0, 0x00, 0x00, 0x00,
  0xff, 0x3c, 0x8e, 0x07, 0x00, 0xc6, 0x0f, 0x00, 0x3b, 0x78, 0x44, 0xe4,
  0x1a, 0x00, 0x10, 0x00, 0x00, 0x02, 0x00, 0x08, 0x00, 0xe2, 0x0e, 0x00,
  0x24, 0x78, 0x0e, 0x02, 0x00, 0x01, 0x00, 0x00, 0xe3, 0x02, 0x8e, 0x07,
  0x00, 0xe2, 0x2f, 0x00, 0x12, 0x78, 0xe3, 0xe3, 0x00, 0x0f, 0x00, 0x00,
  0x00, 0xf8, 0x8e, 0x07, 0x00, 0xe4, 0x0f, 0x00, 0x3b, 0x78, 0x48, 0xdc,
  0x1a, 0x00, 0x00, 0x00, 0x00, 0x02, 0x00, 0x08, 0x00, 0x64, 0x0e, 0x00,
  0x12, 0x78, 0x07, 0xe3, 0x20, 0x00, 0x00, 0x00, 0xff, 0x3c, 0x8e, 0x07,
  0x00, 0xe4, 0x0f, 0x04, 0x3b, 0x78, 0x4c, 0xdc, 0x1a, 0x00, 0x10, 0x00,
  0x00, 0x02, 0x00, 0x08, 0x00, 0x62, 0x0e, 0x00, 0x12, 0x78, 0x06, 0xe3,
  0x40, 0x00, 0x00, 0x00, 0xff, 0x3c, 0x8e, 0x07, 0x00, 0xe4, 0x0f, 0x04,
  0x12, 0x78, 0x05, 0xe3, 0x60, 0x00, 0x00, 0x00, 0xff, 0x3c, 0x8e, 0x07,
  0x00, 0xe2, 0x0f, 0x04, 0x3b, 0x78, 0x50, 0xdb, 0x1a, 0x00, 0x00, 0x00,
  0x00, 0x02, 0x00, 0x08, 0x00, 0x62, 0x0e, 0x00, 0x12, 0x78, 0x04, 0xe3,
  0x80, 0x00, 0x00, 0x00, 0xff, 0xfc, 0x8e, 0x07, 0x00, 0xc4, 0x0f, 0x00,
  0x12, 0x78, 0x03, 0xe3, 0xa0, 0x00, 0x00, 0x00, 0xff, 0x3c, 0x8e, 0x07,
  0x00, 0xe2, 0x0f, 0x04, 0x3b, 0x78, 0x54, 0xdb, 0x1a, 0x00, 0x10, 0x00,
  0x00, 0x02, 0x00, 0x08, 0x00, 0x62, 0x0e, 0x00, 0x12, 0x78, 0x02, 0xe3,
  0xc0, 0x00, 0x00, 0x00, 0xff, 0x3c, 0x8e, 0x07, 0x00, 0xe4, 0x0f, 0x04,
  0x12, 0x78, 0x00, 0xe3, 0xe0, 0x00, 0x00, 0x00, 0xff, 0x3c, 0x8e, 0x07,
  0x00, 0xe2, 0x0f, 0x00, 0x3b, 0x78, 0x58, 0xda, 0x1a, 0x00, 0x00, 0x00,
  0x00, 0x02, 0x00, 0x08, 0x00, 0x68, 0x0e, 0x00, 0x3b, 0x78, 0x5c, 0xda,
  0x1a, 0x00, 0x10, 0x00, 0x00, 0x02, 0x00, 0x08, 0x00, 0x68, 0x0e, 0x00,
  0x3b, 0x78, 0x60, 0xe4, 0x1a, 0x80, 0x00, 0x00, 0x00, 0x02, 0x00, 0x08,
  0x00, 0x68, 0x0e, 0x00, 0x3b, 0x78, 0x64, 0xe4, 0x1a, 0x80, 0x10, 0x00,
  0x00, 0x02, 0x00, 0x08, 0x00, 0x68, 0x0e, 0x00, 0x3b, 0x78, 0x68, 0xd9,
  0x1a, 0x00, 0x00, 0x00, 0x00, 0x02, 0x00, 0x08, 0x00, 0x68, 0x0e, 0x00,
  0x3b, 0x78, 0x6c, 0xd9, 0x1a, 0x00, 0x10, 0x00, 0x00, 0x02, 0x00, 0x08,
  0x00, 0x68, 0x0e, 0x00, 0x3b, 0x78, 0x70, 0x09, 0x1a, 0x00, 0x00, 0x00,
  0x00, 0x02, 0x00, 0x08, 0x00, 0x68, 0x0e, 0x00, 0x3b, 0x78, 0x74, 0x09,
  0x1a, 0x00, 0x10, 0x00, 0x00, 0x02, 0x00, 0x08, 0x00, 0x68, 0x0e, 0x00,
  0x3b, 0x78, 0x78, 0x0a, 0x1a, 0x00, 0x00, 0x00, 0x00, 0x02, 0x00, 0x08,
  0x00, 0x68, 0x0e, 0x00, 0x3b, 0x78, 0x7c, 0x0a, 0x1a, 0x00, 0x10, 0x00,
  0x00, 0x02, 0x00, 0x08, 0x00, 0x68, 0x0e, 0x00, 0x3b, 0x78, 0x80, 0xe3,
  0x1b, 0x00, 0x00, 0x00, 0x00, 0x42, 0x00, 0x08, 0x00, 0x68, 0x0e, 0x00,
  0x3b, 0x78, 0x84, 0x07, 0x1b, 0x00, 0x00, 0x00, 0x00, 0x42, 0x00, 0x08,
  0x00, 0x68, 0x0e, 0x00, 0x3b, 0x78, 0x88, 0x06, 0x1b, 0x00, 0x00, 0x00,
  0x00, 0x42, 0x00, 0x08, 0x00, 0x68, 0x0e, 0x00, 0x3b, 0x78, 0x8c, 0x05,
  0x1b, 0x00, 0x00, 0x00, 0x00, 0x42, 0x00, 0x08, 0x00, 0x68, 0x0e, 0x00,
  0x3b, 0x78, 0x90, 0x04, 0x1b, 0x00, 0x00, 0x00, 0x00, 0x42, 0x00, 0x08,
  0x00, 0x68, 0x0e, 0x00, 0x3b, 0x78, 0x94, 0x03, 0x1b, 0x00, 0x00, 0x00,
  0x00, 0x42, 0x00, 0x08, 0x00, 0x68, 0x0e, 0x00, 0x3b, 0x78, 0x98, 0x02,
  0x1b, 0x00, 0x00, 0x00, 0x00, 0x42, 0x00, 0x08, 0x00, 0x68, 0x0e, 0x00,
  0x3b, 0x78, 0x9c, 0x00, 0x1b, 0x00, 0x00, 0x00, 0x00, 0x42, 0x00, 0x08,
  0x00, 0x68, 0x0e, 0x00, 0x3b, 0x78, 0xa0, 0xe3, 0x1b, 0x00, 0x10, 0x00,
  0x00, 0x42, 0x00, 0x08, 0x00, 0x68, 0x0e, 0x00, 0x3b, 0x78, 0xa4, 0x07,
  0x1b, 0x00, 0x10, 0x00, 0x00, 0x42, 0x00, 0x08, 0x00, 0x68, 0x0e, 0x00,
  0x3b, 0x78, 0xa8, 0x06, 0x1b, 0x00, 0x10, 0x00, 0x00, 0x42, 0x00, 0x08,
  0x00, 0x68, 0x0e, 0x00, 0x3b, 0x78, 0xac, 0x05, 0x1b, 0x00, 0x10, 0x00,
  0x00, 0x42, 0x00, 0x08, 0x00, 0x68, 0x0e, 0x00, 0x3b, 0x78, 0xb0, 0x04,
  0x1b, 0x00, 0x10, 0x00, 0x00, 0x42, 0x00, 0x08, 0x00, 0x68, 0x0e, 0x00,
  0x3b, 0x78, 0xb4, 0x03, 0x1b, 0x00, 0x10, 0x00, 0x00, 0x42, 0x00, 0x08,
  0x00, 0x68, 0x0e, 0x00, 0x3b, 0x78, 0xb8, 0x02, 0x1b, 0x00, 0x10, 0x00,
  0x00, 0x42, 0x00, 0x08, 0x00, 0x68, 0x0e, 0x00, 0x3b, 0x78, 0xbc, 0x00,
  0x1b, 0x00, 0x10, 0x00, 0x00, 0x42, 0x00, 0x08, 0x00, 0x62, 0x0e, 0x00,
  0x8c, 0x78, 0x00, 0x0a, 0x01, 0x00, 0x00, 0x00, 0x70, 0x62, 0xf0, 0x0b,
  0x00, 0xe2, 0x0f, 0x00, 0x12, 0x78, 0x20, 0x0e, 0x20, 0x00, 0x00, 0x00,
  0xff, 0x3c, 0x8e, 0x07, 0x00, 0xc4, 0x0f, 0x00, 0x12, 0x78, 0x24, 0x0e,
  0x40, 0x00, 0x00, 0x00, 0xff, 0x3c, 0x8e, 0x07, 0x00, 0xe2, 0x0f, 0x04,
  0x90, 0x78, 0x04, 0x0a, 0x1f, 0x00, 0x00, 0x00, 0xff, 0xe0, 0xff, 0x0f,
  0x00, 0xe2, 0x0f, 0x00, 0x12, 0x78, 0x28, 0x0e, 0x60, 0x00, 0x00, 0x00,
  0xff, 0x3c, 0x8e, 0x07, 0x00, 0xe2, 0x0f, 0x04, 0x82, 0x7c, 0x0b, 0x00,
  0x07, 0x00, 0x00, 0x00, 0x00, 0x00, 0x00, 0x08, 0x00, 0xe2, 0x0f, 0x00,
  0x12, 0x78, 0x34, 0x0e, 0xa0, 0x00, 0x00, 0x00, 0xff, 0x3c, 0x8e, 0x07,
  0x00, 0xe2, 0x0f, 0x04, 0x3b, 0x78, 0x20, 0x20, 0x08, 0x00, 0x00, 0x00,
  0x00, 0x02, 0x00, 0x08, 0x00, 0x62, 0x0e, 0x00, 0x12, 0x78, 0x38, 0x0e,
  0xc0, 0x00, 0x00, 0x00, 0xff, 0x3c, 0x8e, 0x07, 0x00, 0xe4, 0x0f, 0x04,
  0x12, 0x78, 0x3c, 0x0e, 0xe0, 0x00, 0x00, 0x00, 0xff, 0x3c, 0x8e, 0x07,
  0x00, 0xe2, 0x0f, 0x00, 0x3b, 0x78, 0x24, 0x24, 0x08, 0x00, 0x00, 0x00,
  0x00, 0x02, 0x00, 0x08, 0x00, 0x62, 0x0e, 0x00, 0x05, 0x78, 0xce, 0x00,
  0x00, 0x00, 0x00, 0x00, 0x00, 0xff, 0x01, 0x00, 0x00, 0xe2, 0x0f, 0x00,
  0x05, 0x78, 0xcc, 0x00, 0x00, 0x00, 0x00, 0x00, 0x00, 0xff, 0x01, 0x00,
  0x00, 0xc4, 0x0f, 0x00, 0x3b, 0x78, 0x28, 0x28, 0x08, 0x00, 0x00, 0x00,
  0x00, 0x02, 0x00, 0x08, 0x00, 0x62, 0x0e, 0x00, 0x05, 0x78, 0xca, 0x00,
  0x00, 0x00, 0x00, 0x00, 0x00, 0xff, 0x01, 0x00, 0x00, 0xe2, 0x0f, 0x00,
  0x05, 0x78, 0xc8, 0x00, 0x00, 0x00, 0x00, 0x00, 0x00, 0xff, 0x01, 0x00,
  0x00, 0xe4, 0x0f, 0x00, 0x3b, 0x78, 0x2c, 0x0e, 0x08, 0x00, 0x00, 0x00,
  0x00, 0x02, 0x00, 0x08, 0x00, 0x62, 0x0e, 0x00, 0x05, 0x78, 0xc6, 0x00,
  0x00, 0x00, 0x00, 0x00, 0x00, 0xff, 0x01, 0x00, 0x00, 0xe2, 0x0f, 0x00,
  0x05, 0x78, 0xc4, 0x00, 0x00, 0x00, 0x00, 0x00, 0x00, 0xff, 0x01, 0x00,
  0x00, 0xe4, 0x0f, 0x00, 0x3b, 0x78, 0x30, 0x0e, 0x08, 0x80, 0x00, 0x00,
  0x00, 0x02, 0x00, 0x08, 0x00, 0x62, 0x04, 0x00, 0x05, 0x78, 0x1e, 0x00,
  0x00, 0x00, 0x00, 0x00, 0x00, 0xff, 0x01, 0x00, 0x00, 0xe2, 0x0f, 0x00,
  0x05, 0x78, 0x1c, 0x00, 0x00, 0x00, 0x00, 0x00, 0x00, 0xff, 0x01, 0x00,
  0x00, 0xc4, 0x0f, 0x00, 0x3b, 0x78, 0x34, 0x34, 0x08, 0x00, 0x00, 0x00,
  0x00, 0x02, 0x00, 0x08, 0x00, 0x62, 0x0e, 0x00, 0x05, 0x78, 0x1a, 0x00,
  0x00, 0x00, 0x00, 0x00, 0x00, 0xff, 0x01, 0x00, 0x00, 0xe2, 0x0f, 0x00,
  0x05, 0x78, 0x18, 0x00, 0x00, 0x00, 0x00, 0x00, 0x00, 0xff, 0x01, 0x00,
  0x00, 0xe4, 0x0f, 0x00, 0x3b, 0x78, 0x38, 0x38, 0x08, 0x00, 0x00, 0x00,
  0x00, 0x02, 0x00, 0x08, 0x00, 0x62, 0x0e, 0x00, 0x05, 0x78, 0x16, 0x00,
  0x00, 0x00, 0x00, 0x00, 0x00, 0xff, 0x01, 0x00, 0x00, 0xe2, 0x0f, 0x00,
  0x05, 0x78, 0x14, 0x00, 0x00, 0x00, 0x00, 0x00, 0x00, 0xff, 0x01, 0x00,
  0x00, 0xe4, 0x0f, 0x00, 0x3b, 0x78, 0x3c, 0x3c, 0x08, 0x00, 0x00, 0x00,
  0x00, 0x02, 0x00, 0x08, 0x00, 0x62, 0x0e, 0x00, 0x99, 0x78, 0x08, 0xff,
  0x1f, 0x00, 0x00, 0x00, 0x04, 0x14, 0x01, 0x08, 0x00, 0xe2, 0x0f, 0x00,
  0x05, 0x78, 0x10, 0x00, 0x00, 0x00, 0x00, 0x00, 0x00, 0xff, 0x01, 0x00,
  0x00, 0xe2, 0x0f, 0x00, 0x02, 0x72, 0x0e, 0x00, 0xff, 0x00, 0x00, 0x00,
  0x00, 0x0f, 0x00, 0x00, 0x00, 0xe2, 0x4f, 0x00, 0x02, 0x72, 0x0f, 0x00,
  0xff, 0x00, 0x00, 0x00, 0x00, 0x0f, 0x00, 0x00, 0x00, 0xe2, 0x0f, 0x00,
  0x05, 0x78, 0xd0, 0x00, 0x00, 0x00, 0x00, 0x00, 0x00, 0xff, 0x01, 0x00,
  0x00, 0xe2, 0x0f, 0x00, 0x91, 0x72, 0x08, 0x08, 0x04, 0x00, 0x00, 0x00,
  0xff, 0x28, 0x8f, 0x0f, 0x00, 0xe2, 0x0f, 0x00, 0xca, 0x32, 0x0b, 0x12,
  0x00, 0x00, 0x00, 0x00, 0x00, 0x00, 0x0e, 0x00, 0x00, 0xe2, 0x0f, 0x01,
  0x05, 0x78, 0x12, 0x00, 0x00, 0x00, 0x00, 0x00, 0x00, 0xff, 0x01, 0x00,
  0x00, 0xe2, 0x0f, 0x00, 0x47, 0x75, 0x90, 0x08, 0x25, 0x00, 0x00, 0x00,
  0x00, 0x00, 0x80, 0x0b, 0x00, 0xda, 0xaf, 0x00, 0xac, 0x77, 0x10, 0xff,
  0x00, 0x81, 0x00, 0x00, 0x00, 0x0a, 0x00, 0x08, 0x00, 0x62, 0x0e, 0x00,
  0x24, 0x78, 0xea, 0x0b, 0x04, 0x00, 0x00, 0x00, 0xff, 0x00, 0x8e, 0x07,
  0x00, 0xe2, 0x0f, 0x00, 0x02, 0x72, 0xeb, 0x00, 0xff, 0x00, 0x00, 0x00,
  0x00, 0x0f, 0x00, 0x00, 0x00, 0xe2, 0x0f, 0x00, 0x99, 0x78, 0x09, 0xff,
  0x1f, 0x00, 0x00, 0x00, 0x0b, 0x14, 0x01, 0x08, 0x00, 0xe2, 0x0f, 0x00,
  0x90, 0x72, 0x05, 0x0a, 0x05, 0x00, 0x00, 0x00, 0x06, 0xe8, 0xff, 0x0f,
  0x00, 0xe2, 0x0f, 0x00, 0xac, 0x77, 0x0c, 0xff, 0x00, 0xb6, 0x00, 0x00,
  0x00, 0x00, 0x00, 0x08, 0x00, 0xa6, 0x0e, 0x00, 0x99, 0x78, 0x04, 0xff,
  0x1f, 0x00, 0x00, 0x00, 0x05, 0x14, 0x01, 0x08, 0x00, 0xe2, 0x0f, 0x00,
  0xac, 0x77, 0x15, 0xff, 0x00, 0xb6, 0x00, 0x00, 0x00, 0x00, 0x00, 0x08,
  0x00, 0xe6, 0x0e, 0x00, 0x91, 0x72, 0x04, 0x04, 0x05, 0x00, 0x00, 0x00,
  0xff, 0x28, 0x8f, 0x0f, 0x00, 0xe2, 0x0f, 0x00, 0xac, 0x77, 0x16, 0xff,
  0x00, 0x7a, 0x00, 0x00, 0x00, 0x0a, 0x00, 0x08, 0x00, 0x22, 0x0f, 0x00,
  0x02, 0x7c, 0x0b, 0x00, 0x10, 0x00, 0x00, 0x00, 0x00, 0x0f, 0x00, 0x08,
  0x00, 0xe2, 0x2f, 0x00, 0xa4, 0x72, 0x09, 0x09, 0x10, 0x00, 0x00, 0x00,
  0xff, 0x02, 0x8e, 0x0f, 0x00, 0xe2, 0x0f, 0x00, 0xac, 0x77, 0x18, 0xff,
  0x00, 0x81, 0x00, 0x00, 0x00, 0x0a, 0x00, 0x08, 0x00, 0x66, 0x0e, 0x00,
  0x25, 0x7c, 0xea, 0x0b, 0x0b, 0x00, 0x00, 0x00, 0xea, 0x00, 0x8e, 0x0f,
  0x00, 0xe2, 0x0f, 0x00, 0xa4, 0x72, 0x09, 0x0b, 0x11, 0x00, 0x00, 0x00,
  0x09, 0x02, 0x8e, 0x0f, 0x00, 0xe2, 0x0f, 0x00, 0x92, 0x78, 0x11, 0x04,
  0xe0, 0xff, 0xff, 0xff, 0xff, 0xc0, 0x8e, 0x0f, 0x00, 0xe2, 0x0f, 0x00,
  0x92, 0x78, 0x10, 0x08, 0xe0, 0xff, 0xff, 0xff, 0xff, 0xc0, 0x8e, 0x0f,
  0x00, 0xe2, 0x0f, 0x00, 0x82, 0x7c, 0x05, 0x00, 0xff, 0x00, 0x00, 0x00,
  0x00, 0x00, 0x00, 0x08, 0x00, 0xe2, 0x0f, 0x00, 0x82, 0x7c, 0x04, 0x00,
  0xff, 0x00, 0x00, 0x00, 0x00, 0x00, 0x00, 0x08, 0x00, 0xe2, 0x0f, 0x00,
  0x82, 0x7c, 0x0d, 0x00, 0x0a, 0x00, 0x00, 0x00, 0x00, 0x00, 0x00, 0x08,
  0x00, 0xe2, 0x0f, 0x00, 0x10, 0x7c, 0x0b, 0xeb, 0x09, 0x00, 0x00, 0x00,
  0xff, 0xe0, 0xff, 0x0f, 0x00, 0xd0, 0xcf, 0x00, 0x92, 0x78, 0x13, 0x05,
  0x20, 0x00, 0x00, 0x00, 0xff, 0xc0, 0x84, 0x0f, 0x00, 0xcc, 0x0f, 0x00,
  0x1c, 0x78, 0x08, 0x00, 0x00, 0x00, 0x00, 0x00, 0x28, 0xf0, 0xf0, 0x03,
  0x00, 0xe4, 0x0f, 0x00, 0x1c, 0x78, 0x08, 0x00, 0x00, 0x00, 0x00, 0x00,
  0x28, 0xf0, 0xf2, 0x03, 0x00, 0xe4, 0x0f, 0x00, 0x1c, 0x78, 0x08, 0x00,
  0x00, 0x00, 0x00, 0x00, 0x28, 0xf0, 0xf4, 0x03, 0x00, 0xe2, 0x0f, 0x00,
  0xc3, 0xa9, 0x09, 0x00, 0x00, 0x00, 0x00, 0x00, 0x00, 0x25, 0x00, 0x00,
  0x00, 0xa2, 0x4e, 0x00, 0xac, 0xa7, 0x12, 0xff, 0x00, 0x81, 0x00, 0x00,
  0x00, 0x08, 0x00, 0x08, 0x00, 0xe2, 0x0e, 0x00, 0x1c, 0x78, 0x08, 0x00,
  0x00, 0x00, 0x00, 0x00, 0x28, 0xf0, 0xf6, 0x03, 0x00, 0xe2, 0x0f, 0x00,
  0x92, 0xa8, 0x08, 0x04, 0x00, 0xfe, 0xff, 0xff, 0xff, 0xc0, 0x8e, 0x0f,
  0x00, 0xe2, 0x0f, 0x00, 0xac, 0xa7, 0x1c, 0xff, 0x00, 0x7a, 0x00, 0x00,
  0x00, 0x0a, 0x00, 0x08, 0x00, 0x28, 0x0f, 0x00, 0x02, 0x82, 0xc0, 0x00,
  0xea, 0x00, 0x00, 0x00, 0x00, 0x0f, 0x00, 0x00, 0x00, 0xe2, 0x0f, 0x00,
  0x02, 0x82, 0xc1, 0x00, 0x0b, 0x00, 0x00, 0x00, 0x00, 0x0f, 0x00, 0x00,
  0x00, 0xe2, 0x0f, 0x00, 0x99, 0xa8, 0x09, 0x09, 0x06, 0x00, 0x00, 0x00,
  0xff, 0x06, 0x00, 0x08, 0x00, 0xc8, 0x4f, 0x00, 0xa4, 0xa2, 0x08, 0x09,
  0x12, 0x00, 0x00, 0x00, 0x08, 0x02, 0x8e, 0x0f, 0x00, 0xc8, 0x8f, 0x00,
  0x99, 0xa8, 0x09, 0xff, 0x1f, 0x00, 0x00, 0x00, 0x08, 0x14, 0x01, 0x08,
  0x00, 0xcc, 0x0f, 0x00, 0x35, 0x9c, 0xc0, 0xc0, 0x08, 0x00, 0x00, 0x00,
  0x00, 0x02, 0x8e, 0x0f, 0x00, 0xc8, 0x0f, 0x00, 0x35, 0xac, 0xc0, 0xc0,
  0x1c, 0x00, 0x00, 0x00, 0x00, 0x02, 0x8e, 0x0f, 0x00, 0xcc, 0x0f, 0x01,
  0x81, 0xb9, 0xd4, 0xc0, 0x0e, 0x00, 0x00, 0x00, 0x00, 0x19, 0x1e, 0x0c,
  0x00, 0x62, 0x05, 0x02, 0x90, 0x78, 0x12, 0x05, 0x20, 0x00, 0x00, 0x00,
  0xff, 0xe0, 0xff, 0x0f, 0x00, 0xc8, 0x0f, 0x00, 0x8c, 0x72, 0x00, 0x12,
  0x10, 0x00, 0x00, 0x00, 0x70, 0x62, 0xf2, 0x0b, 0x00, 0xd2, 0x0f, 0x00,
  0x47, 0x75, 0xec, 0x01, 0x01, 0x00, 0x00, 0x00, 0x00, 0x00, 0x80, 0x0b,
  0x00, 0xea, 0x6f, 0x00, 0x19, 0x79, 0xc2, 0x00, 0x00, 0x00, 0x00, 0x00,
  0x00, 0x21, 0x00, 0x00, 0x00, 0xa2, 0x0e, 0x00, 0x82, 0x7b, 0xc0, 0xff,
  0x00, 0xfe, 0x00, 0x00, 0x00, 0x0a, 0x00, 0x00, 0x00, 0xe2, 0x0e, 0x00,
  0x90, 0x78, 0x0a, 0x0a, 0xe0, 0xff, 0xff, 0xff, 0xff, 0xe0, 0xff, 0x0f,
  0x00, 0xe2, 0x0f, 0x00, 0x90, 0x78, 0x0d, 0x0d, 0xe0, 0xff, 0xff, 0xff,
  0xff, 0xe0, 0xff, 0x0f, 0x00, 0xc6, 0x0f, 0x00, 0x4a, 0x78, 0x08, 0x0a,
  0x20, 0x00, 0x00, 0x00, 0x00, 0x01, 0xfe, 0x0b, 0x00, 0xe2, 0x0f, 0x00,
  0x4a, 0x78, 0x09, 0x0d, 0x20, 0x00, 0x00, 0x00, 0x00, 0x01, 0xfe, 0x0b,
  0x00, 0xe4, 0x0f, 0x00, 0x1d, 0x7b, 0x00, 0x00, 0x00, 0x00, 0x00, 0x00,
  0x00, 0x00, 0x01, 0x00, 0x00, 0xe2, 0x0f, 0x00, 0x11, 0x72, 0xde, 0xc0,
  0x0c, 0x00, 0x00, 0x00, 0xff, 0x28, 0x88, 0x07, 0x00, 0xe2, 0x8f, 0x04,
  0x24, 0x78, 0xe5, 0xc1, 0x28, 0x00, 0x00, 0x00, 0xff, 0x02, 0x8e, 0x07,
  0x00, 0xe4, 0x0f, 0x00, 0x25, 0x78, 0xe6, 0xc0, 0x28, 0x00, 0x00, 0x00,
  0x0c, 0x00, 0x8e, 0x07, 0x00, 0xe2, 0x0f, 0x00, 0x19, 0x78, 0xc2, 0xff,
  0x04, 0x00, 0x00, 0x00, 0xc2, 0x16, 0x01, 0x00, 0x00, 0xc6, 0x4f, 0x00,
  0x24, 0x78, 0xe9, 0xc1, 0x30, 0x00, 0x00, 0x00, 0xff, 0x02, 0x8e, 0x07,
  0x00, 0xe2, 0x0f, 0x00, 0x10, 0x72, 0xe7, 0xe7, 0xe5, 0x00, 0x00, 0x00,
  0xff, 0xe0, 0xff, 0x07, 0x00, 0xe2, 0x0f, 0x00, 0x24, 0x78, 0xf1, 0xc1,
  0x38, 0x00, 0x00, 0x00, 0xff, 0x02, 0x8e, 0x07, 0x00, 0xe2, 0x0f, 0x00,
  0x10, 0x78, 0xdf, 0xc2, 0x10, 0x00, 0x00, 0x00, 0xff, 0xe0, 0xff, 0x07,
  0x00, 0xe4, 0x0f, 0x04, 0x10, 0x78, 0xc3, 0xc2, 0x08, 0x00, 0x00, 0x00,
  0xff, 0xe0, 0xff, 0x07, 0x00, 0xe2, 0x0f, 0x04, 0x0c, 0x7c, 0x00, 0xc2,
  0x08, 0x00, 0x00, 0x00, 0x70, 0x62, 0xfa, 0x0b, 0x00, 0xe2, 0x0f, 0x04,
  0x10, 0x78, 0xe0, 0xc2, 0x18, 0x00, 0x00, 0x00, 0xff, 0xe0, 0xff, 0x07,
  0x00, 0xe2, 0x0f, 0x00, 0x0c, 0x7c, 0x00, 0xdf, 0x08, 0x00, 0x00, 0x00,
  0x70, 0x62, 0xf4, 0x0b, 0x00, 0xe2, 0x0f, 0x04, 0x0c, 0x7c, 0x00, 0xdf,
  0x09, 0x00, 0x00, 0x00, 0x70, 0x62, 0xf6, 0x0b, 0x00, 0xe2, 0x0f, 0x00,
  0x11, 0x72, 0xdf, 0xc0, 0x0d, 0x00, 0x00, 0x00, 0xc1, 0x2c, 0x0f, 0x02,
  0x00, 0xe2, 0x0f, 0x00, 0x0c, 0x7c, 0x00, 0xc3, 0x08, 0x00, 0x00, 0x00,
  0x70, 0x62, 0xf0, 0x0b, 0x00, 0xe2, 0x0f, 0x04, 0x0c, 0x7c, 0x00, 0xc3,
  0x09, 0x00, 0x00, 0x00, 0x70, 0x62, 0xf2, 0x0b, 0x00, 0xe2, 0x0f, 0x00,
  0x0c, 0x7c, 0x00, 0xc2, 0x09, 0x00, 0x00, 0x00, 0x70, 0x62, 0xf8, 0x0b,
  0x00, 0xe2, 0x0f, 0x00, 0x0c, 0x7c, 0x00, 0xe0, 0x08, 0x00, 0x00, 0x00,
  0x70, 0x62, 0xfc, 0x0b, 0x00, 0xe2, 0x0f, 0x04, 0x82, 0x7b, 0xc2, 0xff,
  0x00, 0x00, 0x01, 0x00, 0x00, 0x0a, 0x00, 0x00, 0x00, 0xa8, 0x0e, 0x00,
  0x84, 0xf9, 0xff, 0xff, 0x00, 0x00, 0x00, 0x00, 0x00, 0x08, 0x00, 0x00,
  0x00, 0xe2, 0x0f, 0x00, 0x84, 0xf9, 0xff, 0xff, 0x00, 0x00, 0x00, 0x00,
  0x00, 0x08, 0x00, 0x00, 0x00, 0xe2, 0x0f, 0x00, 0x84, 0xf9, 0xff, 0xff,
  0x00, 0x00, 0x00, 0x00, 0x00, 0x08, 0x00, 0x00, 0x00, 0xe2, 0x0f, 0x00,
  0xae, 0x7f, 0xe2, 0xde, 0x00, 0x00, 0x00, 0x00, 0x0e, 0x18, 0x98, 0x0e,
  0x00, 0xe2, 0x07, 0x00, 0x0c, 0x7c, 0x00, 0xe0, 0x09, 0x00, 0x00, 0x00,
  0x70, 0x62, 0xfa, 0x0b, 0x00, 0xe2, 0x0f, 0x00, 0x25, 0x78, 0xe0, 0xc0,
  0x30, 0x00, 0x00, 0x00, 0x0c, 0x00, 0x8e, 0x07, 0x00, 0xc8, 0x0f, 0x00,
  0x25, 0x78, 0x0c, 0xc0, 0x38, 0x00, 0x00, 0x00, 0x0c, 0x00, 0x8e, 0x07,
  0x00, 0xe2, 0x0f, 0x00, 0xae, 0x7f, 0xe2, 0xe6, 0x00, 0x00, 0x80, 0x00,
  0x0e, 0x18, 0x18, 0x0c, 0x00, 0xe2, 0x07, 0x00, 0x10, 0x72, 0xe1, 0xe1,
  0xe9, 0x00, 0x00, 0x00, 0xff, 0xe0, 0xff, 0x07, 0x00, 0xc6, 0x0f, 0x00,
  0x10, 0x72, 0xf1, 0x0d, 0xf1, 0x00, 0x00, 0x00, 0xff, 0xe0, 0xff, 0x07,
  0x00, 0xe2, 0x0f, 0x00, 0x02, 0x72, 0xf0, 0x00, 0x0c, 0x00, 0x00, 0x00,
  0x00, 0x0f, 0x00, 0x00, 0x00, 0xe2, 0x0f, 0x00, 0xae, 0x7f, 0xe2, 0xe0,
  0x00, 0x00, 0x00, 0x01, 0x0e, 0x18, 0x18, 0x0d, 0x00, 0xe2, 0x07, 0x00,
  0x02, 0x72, 0x0c, 0x00, 0xde, 0x00, 0x00, 0x00, 0x00, 0x0f, 0x00, 0x00,
  0x00, 0xc6, 0x0f, 0x00, 0xae, 0x7f, 0xe2, 0xf0, 0x00, 0x00, 0x80, 0x01,
  0x0e, 0x18, 0x18, 0x0f, 0x00, 0xe2, 0x07, 0x00, 0x11, 0x72, 0xc0, 0xc2,
  0xd2, 0x00, 0x00, 0x00, 0xff, 0x28, 0x80, 0x07, 0x00, 0xe2, 0x4f, 0x04,
  0x25, 0x78, 0xec, 0xc2, 0x28, 0x00, 0x00, 0x00, 0xd2, 0x00, 0x8e, 0x07,
  0x00, 0xc6, 0x0f, 0x00, 0x11, 0x72, 0xc1, 0xc2, 0xd3, 0x00, 0x00, 0x00,
  0xc3, 0x2c, 0x0f, 0x00, 0x00, 0xe2, 0x0f, 0x04, 0x25, 0x78, 0xe8, 0xc2,
  0x30, 0x00, 0x00, 0x00, 0xd2, 0x00, 0x8e, 0x07, 0x00, 0xc8, 0x0f, 0x00,
  0x25, 0x78, 0xee, 0xc2, 0x38, 0x00, 0x00, 0x00, 0xd2, 0x00, 0x8e, 0x07,
  0x00, 0xe2, 0x0f, 0x00, 0xae, 0x7f, 0xdd, 0xc0, 0x00, 0x00, 0x00, 0x00,
  0x0e, 0x18, 0x18, 0x0e, 0x00, 0xe2, 0x07, 0x00, 0x02, 0x72, 0xd2, 0x00,
  0xc0, 0x00, 0x00, 0x00, 0x00, 0x0f, 0x00, 0x00, 0x00, 0xe4, 0x0f, 0x00,
  0x24, 0x78, 0x0d, 0xc3, 0x28, 0x00, 0x00, 0x00, 0xff, 0x02, 0x8e, 0x07,
  0x00, 0xe4, 0x0f, 0x04, 0x24, 0x78, 0xd3, 0xc3, 0x30, 0x00, 0x00, 0x00,
  0xff, 0x02, 0x8e, 0x07, 0x00, 0xe4, 0x0f, 0x04, 0x24, 0x78, 0xc3, 0xc3,
  0x38, 0x00, 0x00, 0x00, 0xff, 0x02, 0x8e, 0x07, 0x00, 0xe2, 0x0f, 0x00,
  0x10, 0x72, 0xed, 0xed, 0x0d, 0x00, 0x00, 0x00, 0xff, 0xe0, 0xff, 0x07,
  0x00, 0xe2, 0x0f, 0x00, 0x02, 0x72, 0x0d, 0x00, 0xdf, 0x00, 0x00, 0x00,
  0x00, 0x0f, 0x00, 0x00, 0x00, 0xe2, 0x0f, 0x00, 0x10, 0x72, 0xe9, 0xe9,
  0xd3, 0x00, 0x00, 0x00, 0xff, 0xe0, 0xff, 0x07, 0x00, 0xe2, 0x0f, 0x00,
  0x02, 0x72, 0xd3, 0x00, 0xc1, 0x00, 0x00, 0x00, 0x00, 0x0f, 0x00, 0x00,
  0x00, 0xe2, 0x0f, 0x00, 0x10, 0x72, 0xef, 0xef, 0xc3, 0x00, 0x00, 0x00,
  0xff, 0xe0, 0xff, 0x07, 0x00, 0xe2, 0x0f, 0x00, 0xae, 0x7f, 0xdd, 0xec,
  0x00, 0x00, 0x80, 0x00, 0x0e, 0x18, 0x98, 0x0c, 0x00, 0xe8, 0x07, 0x00,
  0xae, 0x7f, 0xdd, 0xe8, 0x00, 0x00, 0x00, 0x01, 0x0e, 0x18, 0x98, 0x0d,
  0x00, 0xe8, 0x07, 0x00, 0xae, 0x7f, 0xdd, 0xee, 0x00, 0x00, 0x80, 0x01,
  0x0e, 0x18, 0x98, 0x0e, 0x00, 0xe8, 0x07, 0x00, 0xaf, 0x79, 0x00, 0x00,
  0x00, 0x00, 0x00, 0x00, 0x00, 0x00, 0x00, 0x00, 0x00, 0x24, 0x0e, 0x00,
  0x3c, 0x72, 0xe0, 0x2c, 0x42, 0x00, 0x00, 0x00, 0xff, 0x08, 0x00, 0x00,
  0x00, 0xe2, 0x8f, 0x00, 0x82, 0x7b, 0xe6, 0xff, 0x00, 0x5d, 0x01, 0x00,
  0x00, 0x08, 0x00, 0x00, 0x00, 0xa2, 0x0e, 0x00, 0x8c, 0x72, 0x00, 0x05,
  0x11, 0x00, 0x00, 0x00, 0x70, 0x62, 0xf0, 0x0b, 0x00, 0xe2, 0x0f, 0x00,
  0x02, 0x72, 0xec, 0x00, 0xd7, 0x00, 0x00, 0x00, 0x00, 0x0f, 0x00, 0x00,
  0x00, 0xe2, 0x0f, 0x00, 0x8c, 0x72, 0x00, 0x12, 0x10, 0x00, 0x00, 0x00,
  0x70, 0x62, 0xf6, 0x0b, 0x00, 0xe4, 0x0f, 0x00, 0x82, 0x7c, 0x05, 0x00,
  0x12, 0x00, 0x00, 0x00, 0x00, 0x00, 0x00, 0x08, 0x00, 0xe2, 0x0f, 0x00,
  0x8c, 0x72, 0x00, 0x0c, 0xff, 0x00, 0x00, 0x00, 0x70, 0x56, 0x70, 0x08,
  0x00, 0xd2, 0x0f, 0x00, 0x3c, 0x72, 0xc0, 0x2c, 0x44, 0x00, 0x00, 0x00,
  0xff, 0x08, 0x00, 0x00, 0x00, 0xde, 0x0f, 0x00, 0x18, 0x79, 0x00, 0x00,
  0x00, 0x00, 0x00, 0x00, 0x00, 0x00, 0x00, 0x00, 0x00, 0xe2, 0x0f, 0x00,
  0x3c, 0x72, 0xde, 0x2c, 0x40, 0x00, 0x00, 0x00, 0xff, 0x08, 0x00, 0x00,
  0x00, 0xde, 0x0f, 0x00, 0x18, 0x79, 0x00, 0x00, 0x00, 0x00, 0x00, 0x00,
  0x00, 0x00, 0x00, 0x00, 0x00, 0xe2, 0x0f, 0x00, 0x3c, 0x72, 0xc2, 0x2c,
  0x46, 0x00, 0x00, 0x00, 0xff, 0x08, 0x00, 0x00, 0x00, 0xde, 0x0f, 0x00,
  0x18, 0x79, 0x00, 0x00, 0x00, 0x00, 0x00, 0x00, 0x00, 0x00, 0x00, 0x00,
  0x00, 0xe2, 0x0f, 0x00, 0x3c, 0x72, 0xe0, 0x20, 0x4a, 0x00, 0x00, 0x00,
  0xe0, 0x08, 0x00, 0x00, 0x00, 0xde, 0x0f, 0x00, 0x18, 0x79, 0x00, 0x00,
  0x00, 0x00, 0x00, 0x00, 0x00, 0x00, 0x00, 0x00, 0x00, 0xe2, 0x0f, 0x00,
  0x3c, 0x72, 0xc0, 0x20, 0x4c, 0x00, 0x00, 0x00, 0xc0, 0x08, 0x00, 0x00,
  0x00, 0xde, 0x0f, 0x00, 0x18, 0x79, 0x00, 0x00, 0x00, 0x00, 0x00, 0x00,
  0x00, 0x00, 0x00, 0x00, 0x00, 0xe2, 0x0f, 0x00, 0x3c, 0x72, 0xde, 0x20,
  0x48, 0x00, 0x00, 0x00, 0xde, 0x08, 0x00, 0x00, 0x00, 0xde, 0x0f, 0x00,
  0x18, 0x79, 0x00, 0x00, 0x00, 0x00, 0x00, 0x00, 0x00, 0x00, 0x00, 0x00,
  0x00, 0xe2, 0x0f, 0x00, 0x3c, 0x72, 0xc2, 0x20, 0x4e, 0x00, 0x00, 0x00,
  0xc2, 0x08, 0x00, 0x00, 0x00, 0xde, 0x0f, 0x00, 0x18, 0x79, 0x00, 0x00,
  0x00, 0x00, 0x00, 0x00, 0x00, 0x00, 0x00, 0x00, 0x00, 0xe2, 0x0f, 0x00,
  0x3c, 0x72, 0xe0, 0x24, 0x52, 0x00, 0x00, 0x00, 0xe0, 0x08, 0x00, 0x00,
  0x00, 0xde, 0x0f, 0x00, 0x18, 0x79, 0x00, 0x00, 0x00, 0x00, 0x00, 0x00,
  0x00, 0x00, 0x00, 0x00, 0x00, 0xe2, 0x0f, 0x00, 0x3c, 0x72, 0xc0, 0x24,
  0x54, 0x00, 0x00, 0x00, 0xc0, 0x08, 0x00, 0x00, 0x00, 0xde, 0x0f, 0x00,
  0x18, 0x79, 0x00, 0x00, 0x00, 0x00, 0x00, 0x00, 0x00, 0x00, 0x00, 0x00,
  0x00, 0xe2, 0x0f, 0x00, 0x3c, 0x72, 0xde, 0x24, 0x50, 0x00, 0x00, 0x00,
  0xde, 0x08, 0x00, 0x00, 0x00, 0xde, 0x0f, 0x00, 0x18, 0x79, 0x00, 0x00,
  0x00, 0x00, 0x00, 0x00, 0x00, 0x00, 0x00, 0x00, 0x00, 0xe2, 0x0f, 0x00,
  0x3c, 0x72, 0xc2, 0x24, 0x56, 0x00, 0x00, 0x00, 0xc2, 0x08, 0x00, 0x00,
  0x00, 0xde, 0x0f, 0x00, 0x18, 0x79, 0x00, 0x00, 0x00, 0x00, 0x00, 0x00,
  0x00, 0x00, 0x00, 0x00, 0x00, 0xe2, 0x0f, 0x00, 0x3c, 0x72, 0xe0, 0x28,
  0x5a, 0x00, 0x00, 0x00, 0xe0, 0x08, 0x00, 0x00, 0x00, 0xde, 0x0f, 0x00,
  0x18, 0x79, 0x00, 0x00, 0x00, 0x00, 0x00, 0x00, 0x00, 0x00, 0x00, 0x00,
  0x00, 0xe2, 0x0f, 0x00, 0x3c, 0x72, 0xc0, 0x28, 0x5c, 0x00, 0x00, 0x00,
  0xc0, 0x08, 0x00, 0x00, 0x00, 0xde, 0x0f, 0x00, 0x18, 0x79, 0x00, 0x00,
  0x00, 0x00, 0x00, 0x00, 0x00, 0x00, 0x00, 0x00, 0x00, 0xe2, 0x0f, 0x00,
  0x3c, 0x72, 0xde, 0x28, 0x58, 0x00, 0x00, 0x00, 0xde, 0x08, 0x00, 0x00,
  0x00, 0xde, 0x0f, 0x00, 0x18, 0x79, 0x00, 0x00, 0x00, 0x00, 0x00, 0x00,
  0x00, 0x00, 0x00, 0x00, 0x00, 0xe2, 0x0f, 0x00, 0x3c, 0x72, 0xc2, 0x28,
  0x5e, 0x00, 0x00, 0x00, 0xc2, 0x08, 0x00, 0x00, 0x00, 0xde, 0x0f, 0x00,
  0x18, 0x79, 0x00, 0x00, 0x00, 0x00, 0x00, 0x00, 0x00, 0x00, 0x00, 0x00,
  0x00, 0xe2, 0x0f, 0x00, 0x3c, 0x72, 0xe0, 0x30, 0x62, 0x00, 0x00, 0x00,
  0xe0, 0x08, 0x00, 0x00, 0x00, 0xde, 0x0f, 0x00, 0x18, 0x79, 0x00, 0x00,
  0x00, 0x00, 0x00, 0x00, 0x00, 0x00, 0x00, 0x00, 0x00, 0xe2, 0x0f, 0x00,
  0x3c, 0x72, 0xc0, 0x30, 0x64, 0x00, 0x00, 0x00, 0xc0, 0x08, 0x00, 0x00,
  0x00, 0xde, 0x0f, 0x00, 0x18, 0x79, 0x00, 0x00, 0x00, 0x00, 0x00, 0x00,
  0x00, 0x00, 0x00, 0x00, 0x00, 0xe2, 0x0f, 0x00, 0x3c, 0x72, 0xde, 0x30,
  0x60, 0x00, 0x00, 0x00, 0xde, 0x08, 0x00, 0x00, 0x00, 0xde, 0x0f, 0x00,
  0x18, 0x79, 0x00, 0x00, 0x00, 0x00, 0x00, 0x00, 0x00, 0x00, 0x00, 0x00,
  0x00, 0xe2, 0x0f, 0x00, 0x3c, 0x72, 0xc2, 0x30, 0x66, 0x00, 0x00, 0x00,
  0xc2, 0x08, 0x00, 0x00, 0x00, 0xde, 0x0f, 0x00, 0x18, 0x79, 0x00, 0x00,
  0x00, 0x00, 0x00, 0x00, 0x00, 0x00, 0x00, 0x00, 0x00, 0xe2, 0x0f, 0x00,
  0x3c, 0x72, 0xe0, 0x34, 0x6a, 0x00, 0x00, 0x00, 0xe0, 0x08, 0x00, 0x00,
  0x00, 0xde, 0x0f, 0x00, 0x18, 0x79, 0x00, 0x00, 0x00, 0x00, 0x00, 0x00,
  0x00, 0x00, 0x00, 0x00, 0x00, 0xe2, 0x0f, 0x00, 0x3c, 0x72, 0xc0, 0x34,
  0x6c, 0x00, 0x00, 0x00, 0xc0, 0x08, 0x00, 0x00, 0x00, 0xde, 0x0f, 0x00,
  0x18, 0x79, 0x00, 0x00, 0x00, 0x00, 0x00, 0x00, 0x00, 0x00, 0x00, 0x00,
  0x00, 0xe2, 0x0f, 0x00, 0x3c, 0x72, 0xde, 0x34, 0x68, 0x00, 0x00, 0x00,
  0xde, 0x08, 0x00, 0x00, 0x00, 0xde, 0x0f, 0x00, 0x18, 0x79, 0x00, 0x00,
  0x00, 0x00, 0x00, 0x00, 0x00, 0x00, 0x00, 0x00, 0x00, 0xe2, 0x0f, 0x00,
  0x3c, 0x72, 0xc2, 0x34, 0x6e, 0x00, 0x00, 0x00, 0xc2, 0x08, 0x00, 0x00,
  0x00, 0xde, 0x0f, 0x00, 0x18, 0x79, 0x00, 0x00, 0x00, 0x00, 0x00, 0x00,
  0x00, 0x00, 0x00, 0x00, 0x00, 0xe2, 0x0f, 0x00, 0x3c, 0x72, 0xe0, 0x38,
  0x72, 0x00, 0x00, 0x00, 0xe0, 0x08, 0x00, 0x00, 0x00, 0xde, 0x0f, 0x00,
  0x18, 0x79, 0x00, 0x00, 0x00, 0x00, 0x00, 0x00, 0x00, 0x00, 0x00, 0x00,
  0x00, 0xe2, 0x0f, 0x00, 0x3c, 0x72, 0xc0, 0x38, 0x74, 0x00, 0x00, 0x00,
  0xc0, 0x08, 0x00, 0x00, 0x00, 0xde, 0x0f, 0x00, 0x18, 0x79, 0x00, 0x00,
  0x00, 0x00, 0x00, 0x00, 0x00, 0x00, 0x00, 0x00, 0x00, 0xe2, 0x0f, 0x00,
  0x3c, 0x72, 0xde, 0x38, 0x70, 0x00, 0x00, 0x00, 0xde, 0x08, 0x00, 0x00,
  0x00, 0xde, 0x0f, 0x00, 0x18, 0x79, 0x00, 0x00, 0x00, 0x00, 0x00, 0x00,
  0x00, 0x00, 0x00, 0x00, 0x00, 0xe2, 0x0f, 0x00, 0x3c, 0x72, 0xc2, 0x38,
  0x76, 0x00, 0x00, 0x00, 0xc2, 0x08, 0x00, 0x00, 0x00, 0xde, 0x0f, 0x00,
  0x18, 0x79, 0x00, 0x00, 0x00, 0x00, 0x00, 0x00, 0x00, 0x00, 0x00, 0x00,
  0x00, 0xe2, 0x0f, 0x00, 0x3c, 0x72, 0xe0, 0x3c, 0x7a, 0x00, 0x00, 0x00,
  0xe0, 0x08, 0x00, 0x00, 0x00, 0xde, 0x0f, 0x00, 0x18, 0x79, 0x00, 0x00,
  0x00, 0x00, 0x00, 0x00, 0x00, 0x00, 0x00, 0x00, 0x00, 0xe2, 0x0f, 0x00,
  0x3c, 0x72, 0xc0, 0x3c, 0x7c, 0x00, 0x00, 0x00, 0xc0, 0x08, 0x00, 0x00,
  0x00, 0xd8, 0x0f, 0x00, 0x32, 0x72, 0xe0, 0xe0, 0xe6, 0x00, 0x00, 0x00,
  0x00, 0x00, 0x00, 0x00, 0x00, 0xe4, 0x4f, 0x08, 0x32, 0x72, 0xe1, 0xe1,
  0xe6, 0x00, 0x00, 0x00, 0x00, 0x00, 0x00, 0x00, 0x00, 0xe4, 0x0f, 0x00,
  0x3c, 0x72, 0xde, 0x3c, 0x78, 0x00, 0x00, 0x00, 0xde, 0x08, 0x00, 0x00,
  0x00, 0xe6, 0x0f, 0x00, 0x40, 0x78, 0xe1, 0xe1, 0xff, 0x7b, 0xff, 0x7b,
  0x00, 0x02, 0x84, 0x03, 0x00, 0xd2, 0x0f, 0x00, 0x32, 0x72, 0xe5, 0xc0,
  0xe6, 0x00, 0x00, 0x00, 0x00, 0x00, 0x00, 0x00, 0x00, 0xe2, 0x0f, 0x08,
  0x40, 0x78, 0xc0, 0xe0, 0xff, 0x7b, 0xff, 0x7b, 0x00, 0x02, 0x84, 0x03,
  0x00, 0xe2, 0x0f, 0x00, 0x32, 0x72, 0xe7, 0xc1, 0xe6, 0x00, 0x00, 0x00,
  0x00, 0x00, 0x00, 0x00, 0x00, 0xe4, 0x0f, 0x00, 0x3c, 0x72, 0xc2, 0x3c,
  0x7e, 0x00, 0x00, 0x00, 0xc2, 0x08, 0x00, 0x00, 0x00, 0xe2, 0x0f, 0x00,
  0x40, 0x78, 0xc1, 0xe5, 0xff, 0x7b, 0xff, 0x7b, 0x00, 0x02, 0x84, 0x03,
  0x00, 0xe2, 0x0f, 0x00, 0x30, 0x72, 0xef, 0xff, 0xc0, 0x00, 0x00, 0x20,
  0x00, 0x41, 0x00, 0x00, 0x00, 0xe2, 0x0f, 0x10, 0x40, 0x78, 0xe7, 0xe7,
  0xff, 0x7b, 0xff, 0x7b, 0x00, 0x02, 0x84, 0x03, 0x00, 0xe2, 0x0f, 0x00,
  0x30, 0x72, 0xf0, 0xff, 0xc0, 0x00, 0x00, 0x30, 0x00, 0x41, 0x00, 0x00,
  0x00, 0xe4, 0x0f, 0x00, 0x30, 0x72, 0xe5, 0xff, 0xe1, 0x00, 0x00, 0x20,
  0x00, 0x41, 0x00, 0x00, 0x00, 0xc4, 0x0f, 0x00, 0x30, 0x72, 0xe9, 0xff,
  0xe7, 0x00, 0x00, 0x20, 0x00, 0x41, 0x00, 0x00, 0x00, 0xe4, 0x0f, 0x10,
  0x30, 0x72, 0xed, 0xff, 0xe7, 0x00, 0x00, 0x30, 0x00, 0x41, 0x00, 0x00,
  0x00, 0xe4, 0x0f, 0x00, 0x32, 0x72, 0xde, 0xde, 0xe6, 0x00, 0x00, 0x00,
  0x00, 0x00, 0x00, 0x00, 0x00, 0xe4, 0x0f, 0x08, 0x30, 0x72, 0xe8, 0xff,
  0xc1, 0x00, 0x00, 0x20, 0x00, 0x41, 0x00, 0x00, 0x00, 0xe4, 0x0f, 0x10,
  0x32, 0x72, 0xdf, 0xdf, 0xe6, 0x00, 0x00, 0x00, 0x00, 0x00, 0x00, 0x00,
  0x00, 0xe4, 0x0f, 0x00, 0x30, 0x72, 0xee, 0xff, 0xc1, 0x00, 0x00, 0x30,
  0x00, 0x41, 0x00, 0x00, 0x00, 0xe2, 0x0f, 0x00, 0x40, 0x78, 0xde, 0xde,
  0xff, 0x7b, 0xff, 0x7b, 0x00, 0x02, 0x84, 0x03, 0x00, 0xc4, 0x0f, 0x00,
  0x40, 0x78, 0xdf, 0xdf, 0xff, 0x7b, 0xff, 0x7b, 0x00, 0x02, 0x84, 0x03,
  0x00, 0xc6, 0x0f, 0x00, 0x30, 0x72, 0xf2, 0xff, 0xde, 0x00, 0x00, 0x20,
  0x00, 0x41, 0x00, 0x00, 0x00, 0xe4, 0x0f, 0x10, 0x30, 0x72, 0xf1, 0xff,
  0xde, 0x00, 0x00, 0x30, 0x00, 0x41, 0x00, 0x00, 0x00, 0xe4, 0x0f, 0x00,
  0x30, 0x72, 0xe0, 0xff, 0xdf, 0x00, 0x00, 0x20, 0x00, 0x41, 0x00, 0x00,
  0x00, 0xe4, 0x0f, 0x10, 0x32, 0x72, 0xc2, 0xc2, 0xe6, 0x00, 0x00, 0x00,
  0x00, 0x00, 0x00, 0x00, 0x00, 0xe4, 0x0f, 0x08, 0x30, 0x72, 0xdf, 0xff,
  0xdf, 0x00, 0x00, 0x30, 0x00, 0x41, 0x00, 0x00, 0x00, 0xe4, 0x0f, 0x00,
  0x32, 0x72, 0xc3, 0xc3, 0xe6, 0x00, 0x00, 0x00, 0x00, 0x00, 0x00, 0x00,
  0x00, 0xc4, 0x0f, 0x00, 0x30, 0x72, 0xe6, 0xff, 0xe1, 0x00, 0x00, 0x30,
  0x00, 0x41, 0x00, 0x00, 0x00, 0xe2, 0x0f, 0x00, 0x40, 0x78, 0xc2, 0xc2,
  0xff, 0x7b, 0xff, 0x7b, 0x00, 0x02, 0x84, 0x03, 0x00, 0xe4, 0x0f, 0x00,
  0x40, 0x78, 0xc0, 0xc3, 0xff, 0x7b, 0xff, 0x7b, 0x00, 0x02, 0x84, 0x03,
  0x00, 0xc6, 0x0f, 0x00, 0x30, 0x72, 0xe7, 0xff, 0xc2, 0x00, 0x00, 0x20,
  0x00, 0x41, 0x00, 0x00, 0x00, 0xe4, 0x0f, 0x10, 0x30, 0x72, 0xe1, 0xff,
  0xc2, 0x00, 0x00, 0x30, 0x00, 0x41, 0x00, 0x00, 0x00, 0xe2, 0x0f, 0x00,
  0x02, 0x72, 0xc2, 0x00, 0xd5, 0x00, 0x00, 0x00, 0x00, 0x0f, 0x00, 0x00,
  0x00, 0xe2, 0x0f, 0x00, 0x30, 0x72, 0xc3, 0xff, 0xc0, 0x00, 0x00, 0x20,
  0x00, 0x41, 0x00, 0x00, 0x00, 0xe4, 0x0f, 0x10, 0x30, 0x72, 0xde, 0xff,
  0xc0, 0x00, 0x00, 0x30, 0x00, 0x41, 0x00, 0x00, 0x00, 0xe2, 0x0f, 0x00,
  0x47, 0x75, 0xe0, 0x08, 0x01, 0x00, 0x00, 0x00, 0x00, 0x00, 0x80, 0x0b,
  0x00, 0xec, 0x0f, 0x00, 0x82, 0x7c, 0x0c, 0x00, 0x15, 0x00, 0x00, 0x00,
  0x00, 0x00, 0x00, 0x08, 0x00, 0xe4, 0x0f, 0x00, 0x8c, 0x72, 0x00, 0x0c,
  0xff, 0x00, 0x00, 0x00, 0x70, 0x52, 0xf0, 0x0b, 0x00, 0xe2, 0x0f, 0x00,
  0x47, 0x75, 0x44, 0x02, 0x01, 0x00, 0x00, 0x00, 0x00, 0x00, 0x80, 0x0b,
  0x00, 0xf4, 0x0f, 0x00, 0x19, 0x79, 0xc0, 0x00, 0x00, 0x00, 0x00, 0x00,
  0x00, 0x21, 0x00, 0x00, 0x00, 0xa2, 0x0e, 0x00, 0xc3, 0x79, 0x09, 0x00,
  0x00, 0x00, 0x00, 0x00, 0x00, 0x25, 0x00, 0x00, 0x00, 0xe2, 0x0e, 0x00,
  0x99, 0x78, 0x14, 0xff, 0x1f, 0x00, 0x00, 0x00, 0x0b, 0x14, 0x01, 0x08,
  0x00, 0xe4, 0x0f, 0x00, 0x02, 0x7c, 0xd5, 0x00, 0x0b, 0x00, 0x00, 0x00,
  0x00, 0x0f, 0x00, 0x08, 0x00, 0xe2, 0x0f, 0x00, 0x02, 0x72, 0xc1, 0x00,
  0xff, 0x00, 0x00, 0x00, 0x00, 0x0f, 0x00, 0x00, 0x00, 0xe2, 0x0f, 0x00,
  0x92, 0x78, 0x08, 0x04, 0x00, 0xfe, 0xff, 0xff, 0xff, 0xc0, 0x8e, 0x0f,
  0x00, 0xe2, 0x0f, 0x00, 0xa4, 0x72, 0x14, 0x14, 0x18, 0x00, 0x00, 0x00,
  0xff, 0x02, 0x8e, 0x0f, 0x00, 0xc8, 0x2f, 0x00, 0xa4, 0x72, 0x14, 0x0b,
  0x19, 0x00, 0x00, 0x00, 0x14, 0x02, 0x8e, 0x0f, 0x00, 0xe2, 0x0f, 0x00,
  0x99, 0x78, 0x09, 0x09, 0x06, 0x00, 0x00, 0x00, 0xff, 0x06, 0x00, 0x08,
  0x00, 0xc8, 0x8f, 0x00, 0xa4, 0x72, 0x08, 0x09, 0x18, 0x00, 0x00, 0x00,
  0x08, 0x02, 0x8e, 0x0f, 0x00, 0xe2, 0x0f, 0x00, 0x24, 0x78, 0xc0, 0xc0,
  0x04, 0x00, 0x00, 0x00, 0xff, 0x00, 0x8e, 0x07, 0x00, 0xc6, 0x4f, 0x00,
  0x99, 0x78, 0x09, 0xff, 0x1f, 0x00, 0x00, 0x00, 0x08, 0x14, 0x01, 0x08,
  0x00, 0xe2, 0x0f, 0x00, 0x25, 0x7c, 0xc0, 0xd5, 0x18, 0x00, 0x00, 0x00,
  0xc0, 0x00, 0x8e, 0x0f, 0x00, 0xca, 0x0f, 0x00, 0x10, 0x7c, 0xc1, 0xc1,
  0x14, 0x00, 0x00, 0x00, 0xff, 0xe0, 0xff, 0x0f, 0x00, 0xca, 0x0f, 0x00,
  0x35, 0x7c, 0xc0, 0xc0, 0x08, 0x00, 0x00, 0x00, 0x00, 0x02, 0x8e, 0x0f,
  0x00, 0xc8, 0x0f, 0x00, 0x35, 0x7c, 0xc0, 0xc0, 0x16, 0x00, 0x00, 0x00,
  0x00, 0x02, 0x8e, 0x0f, 0x00, 0xcc, 0x0f, 0x00, 0x81, 0x79, 0xd4, 0xc0,
  0x0e, 0x00, 0x00, 0x00, 0x00, 0x19, 0x1e, 0x0c, 0x00, 0x64, 0x05, 0x02,
  0x47, 0x75, 0x8c, 0x00, 0x01, 0x00, 0x00, 0x00, 0x00, 0x00, 0x80, 0x0b,
  0x00, 0xea, 0x0f, 0x00, 0x99, 0x78, 0x08, 0xff, 0x01, 0x00, 0x00, 0x00,
  0x13, 0x16, 0x01, 0x08, 0x00, 0xcc, 0x0f, 0x00, 0x19, 0x7c, 0xc0, 0xff,
  0x08, 0x00, 0x00, 0x00, 0xd4, 0x16, 0x01, 0x08, 0x00, 0xc8, 0x4f, 0x02,
  0x12, 0x78, 0xff, 0xc0, 0x00, 0x80, 0x00, 0x00, 0xff, 0xc0, 0x84, 0x07,
  0x00, 0xe4, 0x0f, 0x04, 0x12, 0x78, 0xff, 0xc0, 0x00, 0x40, 0x00, 0x00,
  0xff, 0xc0, 0x82, 0x07, 0x00, 0xe4, 0x0f, 0x04, 0x12, 0x78, 0xff, 0xc0,
  0x00, 0x20, 0x00, 0x00, 0xff, 0xc0, 0x80, 0x07, 0x00, 0xe2, 0x0f, 0x00,
  0x08, 0x78, 0xde, 0xde, 0xff, 0xff, 0x7f, 0xff, 0x00, 0x00, 0x00, 0x01,
  0x00, 0xe4, 0x0f, 0x00, 0x08, 0x78, 0xc3, 0xc3, 0xff, 0xff, 0x7f, 0xff,
  0x00, 0x00, 0x80, 0x00, 0x00, 0xe2, 0x0f, 0x00, 0x12, 0x78, 0xff, 0xc0,
  0x00, 0x10, 0x00, 0x00, 0xff, 0xc0, 0x88, 0x07, 0x00, 0xe4, 0x0f, 0x04,
  0x12, 0x78, 0xff, 0xc0, 0x00, 0x08, 0x00, 0x00, 0xff, 0xc0, 0x8c, 0x07,
  0x00, 0xc4, 0x0f, 0x00, 0x12, 0x78, 0xff, 0xc0, 0x00, 0x04, 0x00, 0x00,
  0xff, 0xc0, 0x8a, 0x07, 0x00, 0xe4, 0x0f, 0x04, 0x12, 0x78, 0xff, 0xc0,
  0x00, 0x02, 0x00, 0x00, 0xff, 0xc0, 0x86, 0x07, 0x00, 0xe4, 0x0f, 0x04,
  0x12, 0x78, 0xff, 0xc0, 0x80, 0x00, 0x00, 0x00, 0xff, 0xc0, 0x84, 0x07,
  0x00, 0xe4, 0x0f, 0x04, 0x12, 0x78, 0xff, 0xc0, 0x40, 0x00, 0x00, 0x00,
  0xff, 0xc0, 0x82, 0x07, 0x00, 0xe4, 0x0f, 0x04, 0x12, 0x78, 0xc1, 0xc0,
  0x01, 0x00, 0x00, 0x00, 0xff, 0xc0, 0x8e, 0x07, 0x00, 0xe2, 0x0f, 0x00,
  0x08, 0x78, 0xe1, 0xe1, 0xff, 0xff, 0x7f, 0xff, 0x00, 0x00, 0x00, 0x00,
  0x00, 0xe2, 0x0f, 0x00, 0x08, 0x78, 0xe7, 0xe7, 0xff, 0xff, 0x7f, 0xff,
  0x00, 0x00, 0x00, 0x02, 0x00, 0xe2, 0x0f, 0x00, 0x08, 0x78, 0xed, 0xed,
  0xff, 0xff, 0x7f, 0xff, 0x00, 0x00, 0x00, 0x03, 0x00, 0xe2, 0x0f, 0x00,
  0x08, 0x78, 0xe9, 0xe9, 0xff, 0xff, 0x7f, 0xff, 0x00, 0x00, 0x80, 0x02,
  0x00, 0xe2, 0x0f, 0x00, 0x08, 0x78, 0xee, 0xee, 0xff, 0xff, 0x7f, 0xff,
  0x00, 0x00, 0x80, 0x01, 0x00, 0xe2, 0x0f, 0x00, 0x08, 0x78, 0xe6, 0xe6,
  0xff, 0xff, 0x7f, 0xff, 0x00, 0x00, 0x00, 0x01, 0x00, 0xe2, 0x0f, 0x00,
  0x08, 0x78, 0xe5, 0xe5, 0xff, 0xff, 0x7f, 0xff, 0x00, 0x00, 0x80, 0x00,
  0x00, 0xe2, 0x0f, 0x00, 0x12, 0x78, 0xff, 0xc0, 0x20, 0x00, 0x00, 0x00,
  0xff, 0xc0, 0x80, 0x07, 0x00, 0xc4, 0x0f, 0x00, 0x12, 0x78, 0xff, 0xc0,
  0x10, 0x00, 0x00, 0x00, 0xff, 0xc0, 0x88, 0x07, 0x00, 0xe4, 0x0f, 0x04,
  0x12, 0x78, 0xff, 0xc0, 0x08, 0x00, 0x00, 0x00, 0xff, 0xc0, 0x8c, 0x07,
  0x00, 0xe4, 0x0f, 0x04, 0x12, 0x78, 0xff, 0xc0, 0x04, 0x00, 0x00, 0x00,
  0xff, 0xc0, 0x8a, 0x07, 0x00, 0xe4, 0x0f, 0x04, 0x12, 0x78, 0xff, 0xc0,
  0x02, 0x00, 0x00, 0x00, 0xff, 0xc0, 0x86, 0x07, 0x00, 0xe4, 0x0f, 0x04,
  0x12, 0x78, 0xff, 0xc0, 0x00, 0x01, 0x00, 0x00, 0xff, 0xc0, 0x84, 0x07,
  0x00, 0xe2, 0x0f, 0x00, 0x0c, 0x78, 0x00, 0xc1, 0x01, 0x00, 0x00, 0x00,
  0x70, 0x50, 0xf2, 0x03, 0x00, 0xe2, 0x0f, 0x00, 0x08, 0x78, 0xf0, 0xf0,
  0xff, 0xff, 0x7f, 0xff, 0x00, 0x00, 0x00, 0x00, 0x00, 0xe2, 0x0f, 0x00,
  0x08, 0x78, 0xef, 0xef, 0xff, 0xff, 0x7f, 0xff, 0x00, 0x00, 0x00, 0x02,
  0x00, 0xe2, 0x0f, 0x00, 0x08, 0x78, 0xdf, 0xdf, 0xff, 0xff, 0x7f, 0xff,
  0x00, 0x00, 0x00, 0x03, 0x00, 0xe2, 0x0f, 0x00, 0x08, 0x78, 0xe0, 0xe0,
  0xff, 0xff, 0x7f, 0xff, 0x00, 0x00, 0x80, 0x02, 0x00, 0xe2, 0x0f, 0x00,
  0x08, 0x78, 0xf1, 0xf1, 0xff, 0xff, 0x7f, 0xff, 0x00, 0x00, 0x80, 0x01,
  0x00, 0xe2, 0x0f, 0x00, 0x08, 0x78, 0xe8, 0xe8, 0xff, 0xff, 0x7f, 0xff,
  0x00, 0x00, 0x00, 0x01, 0x00, 0xe2, 0x0f, 0x00, 0x08, 0x78, 0xf2, 0xf2,
  0xff, 0xff, 0x7f, 0xff, 0x00, 0x00, 0x80, 0x04, 0x00, 0xce, 0x0f, 0x00,
  0x8c, 0x78, 0x00, 0x12, 0x20, 0x00, 0x00, 0x00, 0x70, 0x52, 0xf0, 0x0b,
  0x00, 0xd2, 0x0f, 0x00, 0x47, 0x75, 0x94, 0x00, 0x05, 0x00, 0x00, 0x00,
  0x00, 0x00, 0x80, 0x0b, 0x00, 0xea, 0x0f, 0x00, 0x09, 0x72, 0xc0, 0xf1,
  0xf2, 0x00, 0x00, 0x00, 0x00, 0x00, 0x81, 0x07, 0x00, 0xe2, 0x4f, 0x00,
  0x09, 0x72, 0xc2, 0xdf, 0xe0, 0x00, 0x00, 0x00, 0x00, 0x00, 0x81, 0x07,
  0x00, 0xc8, 0x0f, 0x00, 0x09, 0x72, 0xc1, 0xc0, 0xef, 0x00, 0x00, 0x00,
  0x00, 0x00, 0x81, 0x07, 0x00, 0xca, 0x0f, 0x00, 0x09, 0x72, 0xc1, 0xc1,
  0xf0, 0x00, 0x00, 0x00, 0x00, 0x00, 0x81, 0x07, 0x00, 0xca, 0x0f, 0x00,
  0x09, 0x72, 0xc1, 0xc1, 0xe8, 0x00, 0x00, 0x00, 0x00, 0x00, 0x81, 0x07,
  0x00, 0xca, 0x0f, 0x00, 0x09, 0x72, 0xc0, 0xc1, 0xee, 0x00, 0x00, 0x00,
  0x00, 0x00, 0x81, 0x07, 0x00, 0xe2, 0x0f, 0x00, 0x09, 0x72, 0xc1, 0xc2,
  0xe5, 0x00, 0x00, 0x00, 0x00, 0x00, 0x81, 0x07, 0x00, 0xc8, 0x0f, 0x00,
  0x09, 0x72, 0xc0, 0xc0, 0xe7, 0x00, 0x00, 0x00, 0x00, 0x00, 0x81, 0x07,
  0x00, 0xe2, 0x0f, 0x00, 0x09, 0x72, 0xc2, 0xc1, 0xe6, 0x00, 0x00, 0x00,
  0x00, 0x00, 0x81, 0x07, 0x00, 0xc8, 0x0f, 0x00, 0x09, 0x72, 0xc0, 0xc0,
  0xe1, 0x00, 0x00, 0x00, 0x00, 0x00, 0x81, 0x07, 0x00, 0xe2, 0x0f, 0x00,
  0x09, 0x72, 0xc2, 0xc2, 0xe9, 0x00, 0x00, 0x00, 0x00, 0x00, 0x81, 0x07,
  0x00, 0xc8, 0x0f, 0x00, 0x89, 0x7f, 0xd5, 0xc0, 0x00, 0x1f, 0x20, 0x0c,
  0x00, 0x00, 0x0e, 0x00, 0x00, 0xa2, 0x0e, 0x00, 0x09, 0x72, 0xc2, 0xc2,
  0xed, 0x00, 0x00, 0x00, 0x00, 0x00, 0x81, 0x07, 0x00, 0xca, 0x0f, 0x00,
  0x09, 0x72, 0xc1, 0xc2, 0xc3, 0x00, 0x00, 0x00, 0x00, 0x00, 0x81, 0x07,
  0x00, 0xca, 0x0f, 0x00, 0x09, 0x72, 0xc1, 0xc1, 0xde, 0x00, 0x00, 0x00,
  0x00, 0x00, 0x81, 0x07, 0x00, 0xca, 0x0f, 0x00, 0x89, 0x7f, 0xd8, 0xc1,
  0x00, 0x1f, 0x20, 0x0c, 0x00, 0x00, 0x0e, 0x00, 0x00, 0xe2, 0x0e, 0x00,
  0x09, 0x72, 0xd6, 0xc0, 0xd5, 0x00, 0x00, 0x00, 0x00, 0x00, 0x81, 0x07,
  0x00, 0xca, 0x4f, 0x00, 0x89, 0x7f, 0xd5, 0xd6, 0x00, 0x1f, 0x40, 0x0c,
  0x00, 0x00, 0x0e, 0x00, 0x00, 0xa2, 0x0e, 0x00, 0x09, 0x72, 0xd7, 0xc1,
  0xd8, 0x00, 0x00, 0x00, 0x00, 0x00, 0x81, 0x07, 0x00, 0xe2, 0x8f, 0x00,
  0x09, 0x72, 0xd5, 0xd6, 0xd5, 0x00, 0x00, 0x00, 0x00, 0x00, 0x81, 0x07,
  0x00, 0xc8, 0x4f, 0x00, 0x89, 0x7f, 0xd6, 0xd7, 0x00, 0x1f, 0x40, 0x0c,
  0x00, 0x00, 0x0e, 0x00, 0x00, 0xa2, 0x0e, 0x00, 0x0b, 0x78, 0x00, 0xd5,
  0xff, 0xff, 0x7f, 0xff, 0x00, 0xd0, 0xf1, 0x03, 0x00, 0xca, 0x0f, 0x00,
  0x08, 0x72, 0xc2, 0xd5, 0xff, 0x00, 0x00, 0x00, 0x00, 0x00, 0x00, 0x00,
  0x00, 0xca, 0x0f, 0x00, 0x21, 0x72, 0xf2, 0xc2, 0xf2, 0x00, 0x00, 0x00,
  0x00, 0x01, 0x01, 0x00, 0x00, 0xe2, 0x0f, 0x04, 0x21, 0x72, 0xf1, 0xc2,
  0xf1, 0x00, 0x00, 0x00, 0x00, 0x01, 0x01, 0x00, 0x00, 0xe2, 0x0f, 0x04,
  0x21, 0x72, 0xe8, 0xc2, 0xe8, 0x00, 0x00, 0x00, 0x00, 0x01, 0x01, 0x00,
  0x00, 0xe2, 0x0f, 0x04, 0x21, 0x72, 0xee, 0xc2, 0xee, 0x00, 0x00, 0x00,
  0x00, 0x01, 0x01, 0x00, 0x00, 0xe2, 0x0f, 0x00, 0x20, 0x78, 0xf2, 0xf2,
  0x3b, 0xaa, 0xb8, 0x3f, 0x00, 0x00, 0x41, 0x00, 0x00, 0xe2, 0x0f, 0x00,
  0x20, 0x78, 0xf1, 0xf1, 0x3b, 0xaa, 0xb8, 0x3f, 0x00, 0x00, 0x41, 0x00,
  0x00, 0xe2, 0x0f, 0x00, 0x20, 0x78, 0xe8, 0xe8, 0x3b, 0xaa, 0xb8, 0x3f,
  0x00, 0x00, 0x41, 0x00, 0x00, 0xe2, 0x0f, 0x00, 0x20, 0x78, 0xee, 0xee,
  0x3b, 0xaa, 0xb8, 0x3f, 0x00, 0x00, 0x41, 0x00, 0x00, 0xe2, 0x0f, 0x00,
  0x08, 0x73, 0xc0, 0x00, 0xf2, 0x00, 0x00, 0x00, 0x00, 0x08, 0x00, 0x00,
  0x00, 0xe2, 0x0f, 0x00, 0x21, 0x72, 0xef, 0xc2, 0xef, 0x00, 0x00, 0x00,
  0x00, 0x01, 0x01, 0x00, 0x00, 0xe2, 0x0f, 0x04, 0x21, 0x72, 0xf0, 0xc2,
  0xf0, 0x00, 0x00, 0x00, 0x00, 0x01, 0x01, 0x00, 0x00, 0xe2, 0x0f, 0x04,
  0x09, 0x72, 0xd7, 0xd7, 0xd6, 0x00, 0x00, 0x00, 0x00, 0x00, 0x81, 0x07,
  0x00, 0xe2, 0x4f, 0x00, 0x21, 0x72, 0xd6, 0xc2, 0xe7, 0x00, 0x00, 0x00,
  0x00, 0x01, 0x01, 0x00, 0x00, 0xe2, 0x0f, 0x04, 0x21, 0x72, 0xd8, 0xc2,
  0xe1, 0x00, 0x00, 0x00, 0x00, 0x01, 0x01, 0x00, 0x00, 0xe2, 0x0f, 0x00,
  0x20, 0x78, 0xef, 0xef, 0x3b, 0xaa, 0xb8, 0x3f, 0x00, 0x00, 0x41, 0x00,
  0x00, 0xe2, 0x0f, 0x00, 0x20, 0x78, 0xf0, 0xf0, 0x3b, 0xaa, 0xb8, 0x3f,
  0x00, 0x00, 0x41, 0x00, 0x00, 0xe2, 0x0f, 0x00, 0x08, 0x73, 0xc1, 0x00,
  0xf1, 0x00, 0x00, 0x00, 0x00, 0x08, 0x00, 0x00, 0x00, 0xa2, 0x0e, 0x00,
  0x0b, 0x78, 0x00, 0xd7, 0xff, 0xff, 0x7f, 0xff, 0x00, 0xd0, 0xf1, 0x03,
  0x00, 0xe2, 0x0f, 0x00, 0x20, 0x78, 0xd8, 0xd8, 0x3b, 0xaa, 0xb8, 0x3f,
  0x00, 0x00, 0x41, 0x00, 0x00, 0xe2, 0x0f, 0x00, 0x20, 0x78, 0xd6, 0xd6,
  0x3b, 0xaa, 0xb8, 0x3f, 0x00, 0x00, 0x41, 0x00, 0x00, 0xc6, 0x0f, 0x00,
  0x08, 0x72, 0xc2, 0xd7, 0xff, 0x00, 0x00, 0x00, 0x00, 0x00, 0x00, 0x00,
  0x00, 0xe2, 0x0f, 0x00, 0x08, 0x73, 0xe8, 0x00, 0xe8, 0x00, 0x00, 0x00,
  0x00, 0x08, 0x00, 0x00, 0x00, 0xe8, 0x0f, 0x00, 0x21, 0x72, 0xdf, 0xc2,
  0xdf, 0x00, 0x00, 0x00, 0x00, 0x01, 0x01, 0x00, 0x00, 0xe2, 0x0f, 0x04,
  0x21, 0x72, 0xec, 0xc2, 0xe0, 0x00, 0x00, 0x00, 0x00, 0x01, 0x01, 0x00,
  0x00, 0xe2, 0x0f, 0x04, 0x21, 0x72, 0xe5, 0xc2, 0xe5, 0x00, 0x00, 0x00,
  0x00, 0x01, 0x01, 0x00, 0x00, 0xe2, 0x0f, 0x04, 0x21, 0x72, 0xe6, 0xc2,
  0xe6, 0x00, 0x00, 0x00, 0x00, 0x01, 0x01, 0x00, 0x00, 0xe2, 0x0f, 0x04,
  0x21, 0x72, 0xed, 0xc2, 0xed, 0x00, 0x00, 0x00, 0x00, 0x01, 0x01, 0x00,
  0x00, 0xe2, 0x0f, 0x04, 0x08, 0x73, 0xe7, 0x00, 0xee, 0x00, 0x00, 0x00,
  0x00, 0x08, 0x00, 0x00, 0x00, 0xe2, 0x0e, 0x00, 0x21, 0x72, 0xc3, 0xc2,
  0xc3, 0x00, 0x00, 0x00, 0x00, 0x01, 0x01, 0x00, 0x00, 0xe2, 0x0f, 0x00,
  0x20, 0x78, 0xdf, 0xdf, 0x3b, 0xaa, 0xb8, 0x3f, 0x00, 0x00, 0x41, 0x00,
  0x00, 0xe2, 0x0f, 0x00, 0x20, 0x78, 0xec, 0xec, 0x3b, 0xaa, 0xb8, 0x3f,
  0x00, 0x00, 0x41, 0x00, 0x00, 0xe2, 0x0f, 0x00, 0x20, 0x78, 0xe5, 0xe5,
  0x3b, 0xaa, 0xb8, 0x3f, 0x00, 0x00, 0x41, 0x00, 0x00, 0xe2, 0x0f, 0x00,
  0x20, 0x78, 0xed, 0xed, 0x3b, 0xaa, 0xb8, 0x3f, 0x00, 0x00, 0x41, 0x00,
  0x00, 0xe2, 0x0f, 0x00, 0x20, 0x78, 0xc3, 0xc3, 0x3b, 0xaa, 0xb8, 0x3f,
  0x00, 0x00, 0x41, 0x00, 0x00, 0xe2, 0x0f, 0x00, 0x08, 0x73, 0xef, 0x00,
  0xef, 0x00, 0x00, 0x00, 0x00, 0x08, 0x00, 0x00, 0x00, 0xe2, 0x0f, 0x00,
  0x08, 0x73, 0xf0, 0x00, 0xf0, 0x00, 0x00, 0x00, 0x00, 0x08, 0x00, 0x00,
  0x00, 0xe2, 0x0f, 0x00, 0x08, 0x73, 0xe0, 0x00, 0xd8, 0x00, 0x00, 0x00,
  0x00, 0x08, 0x00, 0x00, 0x00, 0xe2, 0x09, 0x00, 0x08, 0x73, 0xe1, 0x00,
  0xd6, 0x00, 0x00, 0x00, 0x00, 0x08, 0x00, 0x00, 0x00, 0xe2, 0x02, 0x00,
  0x21, 0x72, 0xd8, 0xc2, 0xe9, 0x00, 0x00, 0x00, 0x00, 0x01, 0x01, 0x00,
  0x00, 0xe2, 0x0f, 0x05, 0x21, 0x72, 0xc2, 0xc2, 0xde, 0x00, 0x00, 0x00,
  0x00, 0x01, 0x01, 0x00, 0x00, 0xe2, 0x0f, 0x00, 0x21, 0x72, 0xde, 0xc0,
  0xc1, 0x00, 0x00, 0x00, 0x00, 0x00, 0x01, 0x00, 0x00, 0xc4, 0x4f, 0x00,
  0x20, 0x78, 0xd8, 0xd8, 0x3b, 0xaa, 0xb8, 0x3f, 0x00, 0x00, 0x41, 0x00,
  0x00, 0xe2, 0x0f, 0x00, 0x20, 0x78, 0xc2, 0xc2, 0x3b, 0xaa, 0xb8, 0x3f,
  0x00, 0x00, 0x41, 0x00, 0x00, 0xe2, 0x0f, 0x00, 0x21, 0x72, 0xde, 0xff,
  0xde, 0x00, 0x00, 0x00, 0x00, 0x00, 0x01, 0x00, 0x00, 0xe2, 0x0f, 0x00,
  0x08, 0x73, 0xf1, 0x00, 0xdf, 0x00, 0x00, 0x00, 0x00, 0x08, 0x00, 0x00,
  0x00, 0xe2, 0x07, 0x00, 0x20, 0x78, 0xd6, 0xe6, 0x3b, 0xaa, 0xb8, 0x3f,
  0x00, 0x00, 0x41, 0x00, 0x00, 0xe2, 0x2f, 0x00, 0x08, 0x73, 0xee, 0x00,
  0xec, 0x00, 0x00, 0x00, 0x00, 0x08, 0x00, 0x00, 0x00, 0xa2, 0x02, 0x00,
  0x21, 0x72, 0xdf, 0xe8, 0xe7, 0x00, 0x00, 0x00, 0x00, 0x00, 0x01, 0x00,
  0x00, 0xe2, 0x8f, 0x00, 0x21, 0x72, 0xf3, 0xe1, 0xe0, 0x00, 0x00, 0x00,
  0x00, 0x00, 0x01, 0x00, 0x00, 0xe2, 0x0f, 0x00, 0x08, 0x73, 0xf2, 0x00,
  0xe5, 0x00, 0x00, 0x00, 0x00, 0x08, 0x00, 0x00, 0x00, 0xe4, 0x0f, 0x00,
  0x21, 0x72, 0xec, 0xde, 0xdf, 0x00, 0x00, 0x00, 0x00, 0x00, 0x01, 0x00,
  0x00, 0xe2, 0x2f, 0x00, 0x08, 0x73, 0xe9, 0x00, 0xd6, 0x00, 0x00, 0x00,
  0x00, 0x08, 0x00, 0x00, 0x00, 0xe2, 0x02, 0x00, 0x08, 0x73, 0xe6, 0x00,
  0xd8, 0x00, 0x00, 0x00, 0x00, 0x08, 0x00, 0x00, 0x00, 0xe2, 0x0f, 0x00,
  0x21, 0x72, 0xd6, 0xef, 0xf0, 0x00, 0x00, 0x00, 0x00, 0x00, 0x01, 0x00,
  0x00, 0xc8, 0x2f, 0x00, 0x21, 0x72, 0xd6, 0xff, 0xd6, 0x00, 0x00, 0x00,
  0x00, 0x00, 0x01, 0x00, 0x00, 0xe2, 0x0f, 0x00, 0x08, 0x73, 0xe5, 0x00,
  0xed, 0x00, 0x00, 0x00, 0x00, 0x08, 0x00, 0x00, 0x00, 0x66, 0x0e, 0x00,
  0x21, 0x72, 0xf3, 0xd6, 0xf3, 0x00, 0x00, 0x00, 0x00, 0x00, 0x01, 0x00,
  0x00, 0xe2, 0x0f, 0x00, 0x21, 0x72, 0xd6, 0xee, 0xf1, 0x00, 0x00, 0x00,
  0x00, 0x00, 0x01, 0x00, 0x00, 0xc6, 0x4f, 0x00, 0x21, 0x72, 0xec, 0xec,
  0xf3, 0x00, 0x00, 0x00, 0x00, 0x00, 0x01, 0x00, 0x00, 0xe2, 0x0f, 0x00,
  0x21, 0x72, 0xd6, 0xff, 0xd6, 0x00, 0x00, 0x00, 0x00, 0x00, 0x01, 0x00,
  0x00, 0xe2, 0x0f, 0x00, 0x08, 0x73, 0xdf, 0x00, 0xc3, 0x00, 0x00, 0x00,
  0x00, 0x08, 0x00, 0x00, 0x00, 0xe2, 0x07, 0x00, 0x08, 0x73, 0xde, 0x00,
  0xc2, 0x00, 0x00, 0x00, 0x00, 0x08, 0x00, 0x00, 0x00, 0xa2, 0x0e, 0x00,
  0x21, 0x72, 0xc3, 0xf2, 0xe9, 0x00, 0x00, 0x00, 0x00, 0x00, 0x01, 0x00,
  0x00, 0xe2, 0x8f, 0x00, 0x21, 0x72, 0xed, 0xe6, 0xe5, 0x00, 0x00, 0x00,
  0x00, 0x00, 0x01, 0x00, 0x00, 0xc6, 0x2f, 0x00, 0x21, 0x72, 0xc3, 0xff,
  0xc3, 0x00, 0x00, 0x00, 0x00, 0x00, 0x01, 0x00, 0x00, 0xe2, 0x0f, 0x00,
  0x21, 0x72, 0xd6, 0xd6, 0xed, 0x00, 0x00, 0x00, 0x00, 0x00, 0x01, 0x00,
  0x00, 0xe4, 0x0f, 0x00, 0x89, 0x7f, 0xed, 0xec, 0x00, 0x1f, 0x20, 0x0c,
  0x00, 0x00, 0x0e, 0x00, 0x00, 0x62, 0x0e, 0x00, 0x21, 0x72, 0xd8, 0xdf,
  0xde, 0x00, 0x00, 0x00, 0x00, 0x00, 0x01, 0x00, 0x00, 0xc8, 0x4f, 0x00,
  0x21, 0x72, 0xc3, 0xc3, 0xd8, 0x00, 0x00, 0x00, 0x00, 0x00, 0x01, 0x00,
  0x00, 0xc8, 0x0f, 0x00, 0x21, 0x72, 0xc3, 0xd6, 0xc3, 0x00, 0x00, 0x00,
  0x00, 0x00, 0x01, 0x00, 0x00, 0xca, 0x0f, 0x00, 0x89, 0x7f, 0xc2, 0xc3,
  0x00, 0x1f, 0x20, 0x0c, 0x00, 0x00, 0x0e, 0x00, 0x00, 0xa2, 0x0e, 0x00,
  0x21, 0x72, 0xed, 0xec, 0xed, 0x00, 0x00, 0x00, 0x00, 0x00, 0x01, 0x00,
  0x00, 0xca, 0x2f, 0x00, 0x89, 0x7f, 0xd6, 0xed, 0x00, 0x1f, 0x40, 0x0c,
  0x00, 0x00, 0x0e, 0x00, 0x00, 0x62, 0x0e, 0x00, 0x21, 0x72, 0xc2, 0xc3,
  0xc2, 0x00, 0x00, 0x00, 0x00, 0x00, 0x01, 0x00, 0x00, 0xca, 0x4f, 0x00,
  0x89, 0x7f, 0xf3, 0xc2, 0x00, 0x1f, 0x40, 0x0c, 0x00, 0x00, 0x0e, 0x00,
  0x00, 0xa2, 0x0e, 0x00, 0x21, 0x72, 0xd6, 0xed, 0xd6, 0x00, 0x00, 0x00,
  0x00, 0x00, 0x01, 0x00, 0x00, 0xe2, 0x2f, 0x00, 0x21, 0x72, 0xd8, 0xc2,
  0xf3, 0x00, 0x00, 0x00, 0x00, 0x00, 0x01, 0x00, 0x00, 0xe2, 0x4f, 0x00,
  0x47, 0x79, 0x40, 0x00, 0x08, 0x00, 0x00, 0x00, 0x00, 0x00, 0x80, 0x03,
  0x00, 0xec, 0x0f, 0x00, 0x09, 0x72, 0xc0, 0xf1, 0xf2, 0x00, 0x00, 0x00,
  0x00, 0x00, 0x81, 0x07, 0x00, 0xe2, 0x4f, 0x00, 0x09, 0x72, 0xf4, 0xdf,
  0xe0, 0x00, 0x00, 0x00, 0x00, 0x00, 0x81, 0x07, 0x00, 0xc8, 0x0f, 0x00,
  0x09, 0x72, 0xc1, 0xc0, 0xef, 0x00, 0x00, 0x00, 0x00, 0x00, 0x81, 0x07,
  0x00, 0xca, 0x0f, 0x00, 0x09, 0x72, 0xc1, 0xc1, 0xf0, 0x00, 0x00, 0x00,
  0x00, 0x00, 0x81, 0x07, 0x00, 0xca, 0x0f, 0x00, 0x09, 0x72, 0xc1, 0xc1,
  0xe8, 0x00, 0x00, 0x00, 0x00, 0x00, 0x81, 0x07, 0x00, 0xca, 0x0f, 0x00,
  0x09, 0x72, 0xc0, 0xc1, 0xee, 0x00, 0x00, 0x00, 0x00, 0x00, 0x81, 0x07,
  0x00, 0xe2, 0x0f, 0x00, 0x09, 0x72, 0xc1, 0xf4, 0xe5, 0x00, 0x00, 0x00,
  0x00, 0x00, 0x81, 0x07, 0x00, 0xc8, 0x0f, 0x00, 0x09, 0x72, 0xc0, 0xc0,
  0xe7, 0x00, 0x00, 0x00, 0x00, 0x00, 0x81, 0x07, 0x00, 0xe2, 0x0f, 0x00,
  0x09, 0x72, 0xf4, 0xc1, 0xe6, 0x00, 0x00, 0x00, 0x00, 0x00, 0x81, 0x07,
  0x00, 0xc8, 0x0f, 0x00, 0x09, 0x72, 0xd5, 0xc0, 0xe1, 0x00, 0x00, 0x00,
  0x00, 0x00, 0x81, 0x07, 0x00, 0xe2, 0x0f, 0x00, 0x09, 0x72, 0xf4, 0xf4,
  0xe9, 0x00, 0x00, 0x00, 0x00, 0x00, 0x81, 0x07, 0x00, 0xc8, 0x0f, 0x00,
  0x89, 0x7f, 0xc0, 0xd5, 0x00, 0x1f, 0x20, 0x0c, 0x00, 0x00, 0x0e, 0x00,
  0x00, 0xa2, 0x0e, 0x00, 0x09, 0x72, 0xf4, 0xf4, 0xed, 0x00, 0x00, 0x00,
  0x00, 0x00, 0x81, 0x07, 0x00, 0xca, 0x0f, 0x00, 0x09, 0x72, 0xd7, 0xf4,
  0xc3, 0x00, 0x00, 0x00, 0x00, 0x00, 0x81, 0x07, 0x00, 0xca, 0x0f, 0x00,
  0x09, 0x72, 0xf4, 0xd7, 0xde, 0x00, 0x00, 0x00, 0x00, 0x00, 0x81, 0x07,
  0x00, 0xca, 0x0f, 0x00, 0x89, 0x7f, 0xd7, 0xf4, 0x00, 0x1f, 0x20, 0x0c,
  0x00, 0x00, 0x0e, 0x00, 0x00, 0xe2, 0x0e, 0x00, 0x09, 0x72, 0xc0, 0xd5,
  0xc0, 0x00, 0x00, 0x00, 0x00, 0x00, 0x81, 0x07, 0x00, 0xca, 0x4f, 0x00,
  0x89, 0x7f, 0xc1, 0xc0, 0x00, 0x1f, 0x40, 0x0c, 0x00, 0x00, 0x0e, 0x00,
  0x00, 0xa2, 0x0e, 0x00, 0x09, 0x72, 0xd7, 0xf4, 0xd7, 0x00, 0x00, 0x00,
  0x00, 0x00, 0x81, 0x07, 0x00, 0xe2, 0x8f, 0x00, 0x09, 0x72, 0xc1, 0xc0,
  0xc1, 0x00, 0x00, 0x00, 0x00, 0x00, 0x81, 0x07, 0x00, 0xca, 0x4f, 0x00,
  0x09, 0x72, 0xd5, 0xc1, 0xc2, 0x00, 0x00, 0x00, 0x00, 0x00, 0x81, 0x07,
  0x00, 0xca, 0x0f, 0x00, 0x0b, 0x78, 0x00, 0xd5, 0xff, 0xff, 0x7f, 0xff,
  0x00, 0xd0, 0xf1, 0x03, 0x00, 0xe2, 0x0f, 0x04, 0x21, 0x72, 0xc2, 0xd5,
  0xc2, 0x00, 0x00, 0x00, 0x00, 0x01, 0x01, 0x00, 0x00, 0xc8, 0x0f, 0x00,
  0x08, 0x72, 0xf3, 0xd5, 0xff, 0x00, 0x00, 0x00, 0x00, 0x00, 0x00, 0x00,
  0x00, 0xe2, 0x0f, 0x00, 0x20, 0x78, 0xc2, 0xc2, 0x3b, 0xaa, 0xb8, 0x3f,
  0x00, 0x00, 0x41, 0x00, 0x00, 0xc8, 0x0f, 0x00, 0x21, 0x72, 0xc1, 0xf3,
  0xf2, 0x00, 0x00, 0x00, 0x00, 0x01, 0x01, 0x00, 0x00, 0xe2, 0x0f, 0x04,
  0x21, 0x72, 0xf1, 0xf3, 0xf1, 0x00, 0x00, 0x00, 0x00, 0x01, 0x01, 0x00,
  0x00, 0xe2, 0x0f, 0x04, 0x89, 0x7f, 0xf2, 0xd7, 0x00, 0x1f, 0x40, 0x0c,
  0x00, 0x00, 0x0e, 0x00, 0x00, 0xa2, 0x0e, 0x00, 0x21, 0x72, 0xee, 0xf3,
  0xee, 0x00, 0x00, 0x00, 0x00, 0x01, 0x01, 0x00, 0x00, 0xe2, 0x0f, 0x00,
  0x20, 0x78, 0xc0, 0xc1, 0x3b, 0xaa, 0xb8, 0x3f, 0x00, 0x00, 0x41, 0x00,
  0x00, 0xe2, 0x0f, 0x00, 0x20, 0x78, 0xf1, 0xf1, 0x3b, 0xaa, 0xb8, 0x3f,
  0x00, 0x00, 0x41, 0x00, 0x00, 0xe2, 0x0f, 0x00, 0x21, 0x72, 0xe8, 0xf3,
  0xe8, 0x00, 0x00, 0x00, 0x00, 0x01, 0x01, 0x00, 0x00, 0xe2, 0x0f, 0x04,
  0x20, 0x78, 0xee, 0xee, 0x3b, 0xaa, 0xb8, 0x3f, 0x00, 0x00, 0x41, 0x00,
  0x00, 0xe2, 0x0f, 0x00, 0x21, 0x72, 0xef, 0xf3, 0xef, 0x00, 0x00, 0x00,
  0x00, 0x01, 0x01, 0x00, 0x00, 0xe2, 0x0f, 0x04, 0x08, 0x73, 0xc1, 0x00,
  0xf1, 0x00, 0x00, 0x00, 0x00, 0x08, 0x00, 0x00, 0x00, 0xe2, 0x07, 0x00,
  0x21, 0x72, 0xf0, 0xf3, 0xf0, 0x00, 0x00, 0x00, 0x00, 0x01, 0x01, 0x00,
  0x00, 0xe2, 0x0f, 0x00, 0x20, 0x78, 0xe8, 0xe8, 0x3b, 0xaa, 0xb8, 0x3f,
  0x00, 0x00, 0x41, 0x00, 0x00, 0xe2, 0x0f, 0x00, 0x20, 0x78, 0xef, 0xef,
  0x3b, 0xaa, 0xb8, 0x3f, 0x00, 0x00, 0x41, 0x00, 0x00, 0xc4, 0x0f, 0x00,
  0x20, 0x78, 0xf0, 0xf0, 0x3b, 0xaa, 0xb8, 0x3f, 0x00, 0x00, 0x41, 0x00,
  0x00, 0xe2, 0x0f, 0x00, 0x08, 0x73, 0xc0, 0x00, 0xc0, 0x00, 0x00, 0x00,
  0x00, 0x08, 0x00, 0x00, 0x00, 0xe2, 0x0f, 0x00, 0x21, 0x72, 0xf1, 0xf3,
  0xe7, 0x00, 0x00, 0x00, 0x00, 0x01, 0x01, 0x00, 0x00, 0xe2, 0x8f, 0x04,
  0x21, 0x72, 0xf3, 0xf3, 0xe1, 0x00, 0x00, 0x00, 0x00, 0x01, 0x01, 0x00,
  0x00, 0xc8, 0x0f, 0x00, 0x20, 0x78, 0xf3, 0xf3, 0x3b, 0xaa, 0xb8, 0x3f,
  0x00, 0x00, 0x41, 0x00, 0x00, 0xe2, 0x0f, 0x00, 0x08, 0x73, 0xe7, 0x00,
  0xee, 0x00, 0x00, 0x00, 0x00, 0x08, 0x00, 0x00, 0x00, 0xe2, 0x0f, 0x00,
  0x09, 0x72, 0xd7, 0xd7, 0xf2, 0x00, 0x00, 0x00, 0x00, 0x00, 0x81, 0x07,
  0x00, 0xe2, 0x4f, 0x00, 0x20, 0x78, 0xf2, 0xf1, 0x3b, 0xaa, 0xb8, 0x3f,
  0x00, 0x00, 0x41, 0x00, 0x00, 0xc8, 0x0f, 0x00, 0x09, 0x72, 0xd7, 0xd7,
  0xec, 0x00, 0x00, 0x00, 0x00, 0x00, 0x81, 0x07, 0x00, 0xe2, 0x0f, 0x00,
  0x08, 0x73, 0xe1, 0x00, 0xf2, 0x00, 0x00, 0x00, 0x00, 0x08, 0x00, 0x00,
  0x00, 0xe8, 0x0f, 0x00, 0x0b, 0x78, 0x00, 0xd7, 0xff, 0xff, 0x7f, 0xff,
  0x00, 0xd0, 0xf1, 0x03, 0x00, 0xe2, 0x0f, 0x04, 0x21, 0x72, 0xec, 0xd7,
  0xec, 0x00, 0x00, 0x00, 0x00, 0x01, 0x01, 0x00, 0x00, 0xc8, 0x0f, 0x00,
  0x08, 0x72, 0xf4, 0xd7, 0xff, 0x00, 0x00, 0x00, 0x00, 0x00, 0x00, 0x00,
  0x00, 0xe2, 0x0f, 0x00, 0x08, 0x73, 0xe8, 0x00, 0xe8, 0x00, 0x00, 0x00,
  0x00, 0x08, 0x00, 0x00, 0x00, 0xa2, 0x0e, 0x00, 0x20, 0x78, 0xec, 0xec,
  0x3b, 0xaa, 0xb8, 0x3f, 0x00, 0x00, 0x41, 0x00, 0x00, 0xc6, 0x0f, 0x00,
  0x21, 0x72, 0xe6, 0xf4, 0xe6, 0x00, 0x00, 0x00, 0x00, 0x01, 0x01, 0x00,
  0x00, 0xe2, 0x0f, 0x04, 0x21, 0x72, 0xf1, 0xf4, 0xe0, 0x00, 0x00, 0x00,
  0x00, 0x01, 0x01, 0x00, 0x00, 0xe2, 0x0f, 0x04, 0x21, 0x72, 0xdf, 0xf4,
  0xdf, 0x00, 0x00, 0x00, 0x00, 0x01, 0x01, 0x00, 0x00, 0xe2, 0x0f, 0x04,
  0x21, 0x72, 0xe5, 0xf4, 0xe5, 0x00, 0x00, 0x00, 0x00, 0x01, 0x01, 0x00,
  0x00, 0xe2, 0x0f, 0x00, 0x20, 0x78, 0xf6, 0xe6, 0x3b, 0xaa, 0xb8, 0x3f,
  0x00, 0x00, 0x41, 0x00, 0x00, 0xe2, 0x0f, 0x00, 0x21, 0x72, 0xe6, 0xf4,
  0xe9, 0x00, 0x00, 0x00, 0x00, 0x01, 0x01, 0x00, 0x00, 0xe2, 0x0f, 0x04,
  0x20, 0x78, 0xf5, 0xf1, 0x3b, 0xaa, 0xb8, 0x3f, 0x00, 0x00, 0x41, 0x00,
  0x00, 0xe2, 0x0f, 0x00, 0x20, 0x78, 0xdf, 0xdf, 0x3b, 0xaa, 0xb8, 0x3f,
  0x00, 0x00, 0x41, 0x00, 0x00, 0xe2, 0x0f, 0x00, 0x21, 0x72, 0xed, 0xf4,
  0xed, 0x00, 0x00, 0x00, 0x00, 0x01, 0x01, 0x00, 0x00, 0xe2, 0x0f, 0x00,
  0x20, 0x78, 0xe5, 0xe5, 0x3b, 0xaa, 0xb8, 0x3f, 0x00, 0x00, 0x41, 0x00,
  0x00, 0xe2, 0x0f, 0x00, 0x20, 0x78, 0xe6, 0xe6, 0x3b, 0xaa, 0xb8, 0x3f,
  0x00, 0x00, 0x41, 0x00, 0x00, 0xe2, 0x0f, 0x00, 0x08, 0x73, 0xee, 0x00,
  0xf5, 0x00, 0x00, 0x00, 0x00, 0x08, 0x00, 0x00, 0x00, 0xe2, 0x0f, 0x00,
  0x20, 0x78, 0xed, 0xed, 0x3b, 0xaa, 0xb8, 0x3f, 0x00, 0x00, 0x41, 0x00,
  0x00, 0xe2, 0x0f, 0x00, 0x21, 0x72, 0xc3, 0xf4, 0xc3, 0x00, 0x00, 0x00,
  0x00, 0x01, 0x01, 0x00, 0x00, 0xe2, 0x0f, 0x04, 0x21, 0x72, 0xde, 0xf4,
  0xde, 0x00, 0x00, 0x00, 0x00, 0x01, 0x01, 0x00, 0x00, 0xe2, 0x0f, 0x00,
  0x21, 0x72, 0xf4, 0xe8, 0xe7, 0x00, 0x00, 0x00, 0x00, 0x00, 0x01, 0x00,
  0x00, 0xc6, 0x4f, 0x00, 0x20, 0x78, 0xde, 0xde, 0x3b, 0xaa, 0xb8, 0x3f,
  0x00, 0x00, 0x41, 0x00, 0x00, 0xe2, 0x0f, 0x00, 0x08, 0x73, 0xf1, 0x00,
  0xdf, 0x00, 0x00, 0x00, 0x00, 0x08, 0x00, 0x00, 0x00, 0xe2, 0x04, 0x00,
  0x08, 0x73, 0xf2, 0x00, 0xe5, 0x00, 0x00, 0x00, 0x00, 0x08, 0x00, 0x00,
  0x00, 0xe2, 0x0f, 0x00, 0x20, 0x78, 0xdf, 0xc3, 0x3b, 0xaa, 0xb8, 0x3f,
  0x00, 0x00, 0x41, 0x00, 0x00, 0xe2, 0x4f, 0x00, 0x08, 0x73, 0xe6, 0x00,
  0xe6, 0x00, 0x00, 0x00, 0x00, 0x08, 0x00, 0x00, 0x00, 0xe2, 0x0f, 0x00,
  0x08, 0x73, 0xe5, 0x00, 0xed, 0x00, 0x00, 0x00, 0x00, 0x08, 0x00, 0x00,
  0x00, 0xa2, 0x06, 0x00, 0x08, 0x73, 0xef, 0x00, 0xef, 0x00, 0x00, 0x00,
  0x00, 0x08, 0x00, 0x00, 0x00, 0xe2, 0x0f, 0x00, 0x21, 0x72, 0xed, 0xee,
  0xf1, 0x00, 0x00, 0x00, 0x00, 0x00, 0x01, 0x00, 0x00, 0xc8, 0x8f, 0x00,
  0x21, 0x72, 0xed, 0xff, 0xed, 0x00, 0x00, 0x00, 0x00, 0x00, 0x01, 0x00,
  0x00, 0xe2, 0x0f, 0x00, 0x08, 0x73, 0xf0, 0x00, 0xf0, 0x00, 0x00, 0x00,
  0x00, 0x08, 0x00, 0x00, 0x00, 0xe2, 0x0f, 0x00, 0x08, 0x73, 0xe9, 0x00,
  0xf6, 0x00, 0x00, 0x00, 0x00, 0x08, 0x00, 0x00, 0x00, 0xe2, 0x04, 0x00,
  0x08, 0x73, 0xe0, 0x00, 0xf3, 0x00, 0x00, 0x00, 0x00, 0x08, 0x00, 0x00,
  0x00, 0x62, 0x08, 0x00, 0x21, 0x72, 0xf6, 0xe6, 0xe5, 0x00, 0x00, 0x00,
  0x00, 0x00, 0x01, 0x00, 0x00, 0xc8, 0x4f, 0x00, 0x21, 0x72, 0xf6, 0xed,
  0xf6, 0x00, 0x00, 0x00, 0x00, 0x00, 0x01, 0x00, 0x00, 0xe2, 0x0f, 0x00,
  0x08, 0x73, 0xdf, 0x00, 0xdf, 0x00, 0x00, 0x00, 0x00, 0x08, 0x00, 0x00,
  0x00, 0xe2, 0x0f, 0x00, 0x21, 0x72, 0xf3, 0xc0, 0xc1, 0x00, 0x00, 0x00,
  0x00, 0x00, 0x01, 0x00, 0x00, 0xe2, 0x0f, 0x01, 0x21, 0x72, 0xed, 0xf2,
  0xe9, 0x00, 0x00, 0x00, 0x00, 0x00, 0x01, 0x00, 0x00, 0xc6, 0x8f, 0x00,
  0x21, 0x72, 0xc3, 0xff, 0xf3, 0x00, 0x00, 0x00, 0x00, 0x00, 0x01, 0x00,
  0x00, 0xe2, 0x0f, 0x00, 0x21, 0x72, 0xf3, 0xef, 0xf0, 0x00, 0x00, 0x00,
  0x00, 0x00, 0x01, 0x00, 0x00, 0xe2, 0x0f, 0x00, 0x21, 0x72, 0xed, 0xff,
  0xed, 0x00, 0x00, 0x00, 0x00, 0x00, 0x01, 0x00, 0x00, 0xe2, 0x0f, 0x00,
  0x08, 0x73, 0xde, 0x00, 0xde, 0x00, 0x00, 0x00, 0x00, 0x08, 0x00, 0x00,
  0x00, 0xa2, 0x0e, 0x00, 0x21, 0x72, 0xc3, 0xc3, 0xf4, 0x00, 0x00, 0x00,
  0x00, 0x00, 0x01, 0x00, 0x00, 0xe2, 0x0f, 0x00, 0x21, 0x72, 0xf3, 0xff,
  0xf3, 0x00, 0x00, 0x00, 0x00, 0x00, 0x01, 0x00, 0x00, 0xe2, 0x0f, 0x00,
  0x21, 0x72, 0xf4, 0xe1, 0xe0, 0x00, 0x00, 0x00, 0x00, 0x00, 0x01, 0x00,
  0x00, 0xc8, 0x2f, 0x00, 0x21, 0x72, 0xf4, 0xf3, 0xf4, 0x00, 0x00, 0x00,
  0x00, 0x00, 0x01, 0x00, 0x00, 0xc8, 0x0f, 0x00, 0x21, 0x72, 0xf4, 0xc3,
  0xf4, 0x00, 0x00, 0x00, 0x00, 0x00, 0x01, 0x00, 0x00, 0xca, 0x0f, 0x00,
  0x89, 0x7f, 0xc3, 0xf4, 0x00, 0x1f, 0x20, 0x0c, 0x00, 0x00, 0x0e, 0x00,
  0x00, 0x62, 0x0e, 0x00, 0x21, 0x72, 0xf8, 0xdf, 0xde, 0x00, 0x00, 0x00,
  0x00, 0x00, 0x01, 0x00, 0x00, 0xc8, 0x4f, 0x00, 0x21, 0x72, 0xed, 0xed,
  0xf8, 0x00, 0x00, 0x00, 0x00, 0x00, 0x01, 0x00, 0x00, 0xc8, 0x0f, 0x00,
  0x21, 0x72, 0xf6, 0xf6, 0xed, 0x00, 0x00, 0x00, 0x00, 0x00, 0x01, 0x00,
  0x00, 0xca, 0x0f, 0x00, 0x89, 0x7f, 0xed, 0xf6, 0x00, 0x1f, 0x20, 0x0c,
  0x00, 0x00, 0x0e, 0x00, 0x00, 0xa2, 0x0e, 0x00, 0x21, 0x72, 0xf3, 0xf4,
  0xc3, 0x00, 0x00, 0x00, 0x00, 0x00, 0x01, 0x00, 0x00, 0xe4, 0x2f, 0x00,
  0x08, 0x73, 0xc3, 0x00, 0xc2, 0x00, 0x00, 0x00, 0x00, 0x08, 0x00, 0x00,
  0x00, 0x66, 0x0e, 0x00, 0x89, 0x7f, 0xf8, 0xf3, 0x00, 0x1f, 0x40, 0x0c,
  0x00, 0x00, 0x0e, 0x00, 0x00, 0xe2, 0x0e, 0x00, 0x21, 0x72, 0xf5, 0xf6,
  0xed, 0x00, 0x00, 0x00, 0x00, 0x00, 0x01, 0x00, 0x00, 0xe4, 0x4f, 0x00,
  0x08, 0x73, 0xed, 0x00, 0xec, 0x00, 0x00, 0x00, 0x00, 0x08, 0x00, 0x00,
  0x00, 0xa6, 0x0e, 0x00, 0x89, 0x7f, 0xfa, 0xf5, 0x00, 0x1f, 0x40, 0x0c,
  0x00, 0x00, 0x0e, 0x00, 0x00, 0x22, 0x0f, 0x00, 0x21, 0x72, 0xf8, 0xf3,
  0xf8, 0x00, 0x00, 0x00, 0x00, 0x00, 0x01, 0x00, 0x00, 0xc8, 0x8f, 0x00,
  0x23, 0x72, 0xd6, 0xc3, 0xd6, 0x00, 0x00, 0x00, 0xf8, 0x00, 0x01, 0x00,
  0x00, 0xe2, 0x2f, 0x04, 0x3e, 0x72, 0xc3, 0xc3, 0xc3, 0x00, 0x00, 0x00,
  0xff, 0x00, 0x00, 0x00, 0x00, 0xca, 0x0f, 0x00, 0x32, 0x72, 0xce, 0xc3,
  0xce, 0x00, 0x00, 0x00, 0x00, 0x00, 0x00, 0x00, 0x00, 0xe4, 0x0f, 0x04,
  0x32, 0x72, 0xcc, 0xc3, 0xcc, 0x00, 0x00, 0x00, 0x00, 0x00, 0x00, 0x00,
  0x00, 0xe4, 0x0f, 0x04, 0x32, 0x72, 0xca, 0xc3, 0xca, 0x00, 0x00, 0x00,
  0x00, 0x00, 0x00, 0x00, 0x00, 0xe4, 0x0f, 0x04, 0x21, 0x72, 0xfa, 0xf5,
  0xfa, 0x00, 0x00, 0x00, 0x00, 0x00, 0x01, 0x00, 0x00, 0xe2, 0x0f, 0x01,
  0x32, 0x72, 0xc8, 0xc3, 0xc8, 0x00, 0x00, 0x00, 0x00, 0x00, 0x00, 0x00,
  0x00, 0xe4, 0x0f, 0x04, 0x32, 0x72, 0xc6, 0xc3, 0xc6, 0x00, 0x00, 0x00,
  0x00, 0x00, 0x00, 0x00, 0x00, 0xe4, 0x0f, 0x04, 0x23, 0x72, 0xd8, 0xed,
  0xd8, 0x00, 0x00, 0x00, 0xfa, 0x00, 0x01, 0x00, 0x00, 0xe2, 0x4f, 0x04,
  0x3e, 0x72, 0xed, 0xed, 0xed, 0x00, 0x00, 0x00, 0xff, 0x00, 0x00, 0x00,
  0x00, 0xe2, 0x0f, 0x00, 0x32, 0x72, 0xc4, 0xc3, 0xc4, 0x00, 0x00, 0x00,
  0x00, 0x00, 0x00, 0x00, 0x00, 0xc4, 0x0f, 0x00, 0x32, 0x72, 0x1e, 0xc3,
  0x1e, 0x00, 0x00, 0x00, 0x00, 0x00, 0x00, 0x00, 0x00, 0xe4, 0x0f, 0x04,
  0x32, 0x72, 0x1c, 0xc3, 0x1c, 0x00, 0x00, 0x00, 0x00, 0x00, 0x00, 0x00,
  0x00, 0xe4, 0x0f, 0x04, 0x32, 0x72, 0x1a, 0xc3, 0x1a, 0x00, 0x00, 0x00,
  0x00, 0x00, 0x00, 0x00, 0x00, 0xe4, 0x0f, 0x04, 0x32, 0x72, 0x18, 0xc3,
  0x18, 0x00, 0x00, 0x00, 0x00, 0x00, 0x00, 0x00, 0x00, 0xe4, 0x0f, 0x04,
  0x32, 0x72, 0x16, 0xc3, 0x16, 0x00, 0x00, 0x00, 0x00, 0x00, 0x00, 0x00,
  0x00, 0xe4, 0x0f, 0x04, 0x32, 0x72, 0x14, 0xc3, 0x14, 0x00, 0x00, 0x00,
  0x00, 0x00, 0x00, 0x00, 0x00, 0xc4, 0x0f, 0x00, 0x32, 0x72, 0x12, 0xc3,
  0x12, 0x00, 0x00, 0x00, 0x00, 0x00, 0x00, 0x00, 0x00, 0xe4, 0x0f, 0x04,
  0x32, 0x72, 0x10, 0xc3, 0x10, 0x00, 0x00, 0x00, 0x00, 0x00, 0x00, 0x00,
  0x00, 0xe4, 0x0f, 0x04, 0x32, 0x72, 0x0e, 0xc3, 0x0e, 0x00, 0x00, 0x00,
  0x00, 0x00, 0x00, 0x00, 0x00, 0xe4, 0x0f, 0x04, 0x32, 0x72, 0xd0, 0xc3,
  0xd0, 0x00, 0x00, 0x00, 0x00, 0x00, 0x00, 0x00, 0x00, 0xe4, 0x0f, 0x00,
  0x32, 0x72, 0xcf, 0xed, 0xcf, 0x00, 0x00, 0x00, 0x00, 0x00, 0x00, 0x00,
  0x00, 0xe4, 0x0f, 0x04, 0x32, 0x72, 0xcd, 0xed, 0xcd, 0x00, 0x00, 0x00,
  0x00, 0x00, 0x00, 0x00, 0x00, 0xc4, 0x0f, 0x00, 0x32, 0x72, 0xcb, 0xed,
  0xcb, 0x00, 0x00, 0x00, 0x00, 0x00, 0x00, 0x00, 0x00, 0xe4, 0x0f, 0x04,
  0x32, 0x72, 0xc9, 0xed, 0xc9, 0x00, 0x00, 0x00, 0x00, 0x00, 0x00, 0x00,
  0x00, 0xe4, 0x0f, 0x04, 0x32, 0x72, 0xc7, 0xed, 0xc7, 0x00, 0x00, 0x00,
  0x00, 0x00, 0x00, 0x00, 0x00, 0xe4, 0x0f, 0x04, 0x32, 0x72, 0xc5, 0xed,
  0xc5, 0x00, 0x00, 0x00, 0x00, 0x00, 0x00, 0x00, 0x00, 0xe4, 0x0f, 0x04,
  0x32, 0x72, 0x1f, 0xed, 0x1f, 0x00, 0x00, 0x00, 0x00, 0x00, 0x00, 0x00,
  0x00, 0xe4, 0x0f, 0x04, 0x32, 0x72, 0x1d, 0xed, 0x1d, 0x00, 0x00, 0x00,
  0x00, 0x00, 0x00, 0x00, 0x00, 0xc4, 0x0f, 0x00, 0x32, 0x72, 0x1b, 0xed,
  0x1b, 0x00, 0x00, 0x00, 0x00, 0x00, 0x00, 0x00, 0x00, 0xe4, 0x0f, 0x04,
  0x32, 0x72, 0x19, 0xed, 0x19, 0x00, 0x00, 0x00, 0x00, 0x00, 0x00, 0x00,
  0x00, 0xe4, 0x0f, 0x04, 0x32, 0x72, 0x17, 0xed, 0x17, 0x00, 0x00, 0x00,
  0x00, 0x00, 0x00, 0x00, 0x00, 0xe4, 0x0f, 0x04, 0x32, 0x72, 0x15, 0xed,
  0x15, 0x00, 0x00, 0x00, 0x00, 0x00, 0x00, 0x00, 0x00, 0xe4, 0x0f, 0x04,
  0x32, 0x72, 0x13, 0xed, 0x13, 0x00, 0x00, 0x00, 0x00, 0x00, 0x00, 0x00,
  0x00, 0xe4, 0x0f, 0x04, 0x32, 0x72, 0x11, 0xed, 0x11, 0x00, 0x00, 0x00,
  0x00, 0x00, 0x00, 0x00, 0x00, 0xc4, 0x0f, 0x00, 0x32, 0x72, 0x0f, 0xed,
  0x0f, 0x00, 0x00, 0x00, 0x00, 0x00, 0x00, 0x00, 0x00, 0xe4, 0x0f, 0x04,
  0x32, 0x72, 0xd1, 0xed, 0xd1, 0x00, 0x00, 0x00, 0x00, 0x00, 0x00, 0x00,
  0x00, 0xce, 0x0f, 0x00, 0x3e, 0x72, 0xc0, 0xc1, 0xc0, 0x00, 0x00, 0x00,
  0xff, 0x00, 0x00, 0x00, 0x00, 0xe4, 0x0f, 0x00, 0x3e, 0x72, 0xc1, 0xf1,
  0xee, 0x00, 0x00, 0x00, 0xff, 0x00, 0x00, 0x00, 0x00, 0xe4, 0x0f, 0x00,
  0x3e, 0x72, 0xc2, 0xf0, 0xef, 0x00, 0x00, 0x00, 0xff, 0x00, 0x00, 0x00,
  0x00, 0xe4, 0x0f, 0x00, 0x3e, 0x72, 0xc3, 0xe9, 0xf2, 0x00, 0x00, 0x00,
  0xff, 0x00, 0x00, 0x00, 0x00, 0xe2, 0x0f, 0x00, 0x47, 0x75, 0x48, 0x01,
  0x01, 0x00, 0x00, 0x00, 0x00, 0x00, 0x80, 0x0b, 0x00, 0xec, 0x0f, 0x00,
  0x1a, 0x79, 0x00, 0x00, 0x00, 0x80, 0x00, 0x00, 0x00, 0x00, 0x00, 0x00,
  0x00, 0xc8, 0x0f, 0x00, 0x1d, 0x7b, 0x00, 0x00, 0x00, 0x00, 0x00, 0x00,
  0x00, 0x00, 0x01, 0x00, 0x00, 0xec, 0x0f, 0x00, 0x3b, 0x78, 0x40, 0xe4,
  0x1a, 0x00, 0x00, 0x00, 0x00, 0x02, 0x00, 0x08, 0x00, 0xa8, 0x02, 0x00,
  0x3b, 0x78, 0x44, 0xe4, 0x1a, 0x00, 0x10, 0x00, 0x00, 0x02, 0x00, 0x08,
  0x00, 0xe8, 0x02, 0x00, 0x3b, 0x78, 0x48, 0xdc, 0x1a, 0x00, 0x00, 0x00,
  0x00, 0x02, 0x00, 0x08, 0x00, 0x28, 0x03, 0x00, 0x3b, 0x78, 0x4c, 0xdc,
  0x1a, 0x00, 0x10, 0x00, 0x00, 0x02, 0x00, 0x08, 0x00, 0x68, 0x02, 0x00,
  0x3b, 0x78, 0x50, 0xdb, 0x1a, 0x00, 0x00, 0x00, 0x00, 0x02, 0x00, 0x08,
  0x00, 0x68, 0x02, 0x00, 0x3b, 0x78, 0x54, 0xdb, 0x1a, 0x00, 0x10, 0x00,
  0x00, 0x02, 0x00, 0x08, 0x00, 0x68, 0x02, 0x00, 0x3b, 0x78, 0x58, 0xda,
  0x1a, 0x00, 0x00, 0x00, 0x00, 0x02, 0x00, 0x08, 0x00, 0x68, 0x02, 0x00,
  0x3b, 0x78, 0x5c, 0xda, 0x1a, 0x00, 0x10, 0x00, 0x00, 0x02, 0x00, 0x08,
  0x00, 0x68, 0x02, 0x00, 0x3b, 0x78, 0x60, 0xe4, 0x1a, 0x80, 0x00, 0x00,
  0x00, 0x02, 0x00, 0x08, 0x00, 0x68, 0x02, 0x00, 0x3b, 0x78, 0x64, 0xe4,
  0x1a, 0x80, 0x10, 0x00, 0x00, 0x02, 0x00, 0x08, 0x00, 0x68, 0x02, 0x00,
  0x3b, 0x78, 0x68, 0xd9, 0x1a, 0x00, 0x00, 0x00, 0x00, 0x02, 0x00, 0x08,
  0x00, 0x68, 0x02, 0x00, 0x3b, 0x78, 0x6c, 0xd9, 0x1a, 0x00, 0x10, 0x00,
  0x00, 0x02, 0x00, 0x08, 0x00, 0x68, 0x02, 0x00, 0x3b, 0x78, 0x70, 0x09,
  0x1a, 0x00, 0x00, 0x00, 0x00, 0x02, 0x00, 0x08, 0x00, 0x68, 0x02, 0x00,
  0x3b, 0x78, 0x74, 0x09, 0x1a, 0x00, 0x10, 0x00, 0x00, 0x02, 0x00, 0x08,
  0x00, 0x68, 0x02, 0x00, 0x3b, 0x78, 0x78, 0x0a, 0x1a, 0x00, 0x00, 0x00,
  0x00, 0x02, 0x00, 0x08, 0x00, 0x68, 0x02, 0x00, 0x3b, 0x78, 0x7c, 0x0a,
  0x1a, 0x00, 0x10, 0x00, 0x00, 0x02, 0x00, 0x08, 0x00, 0x64, 0xc2, 0x01,
  0x3c, 0x72, 0xce, 0xc0, 0x80, 0x00, 0x00, 0x00, 0xce, 0x08, 0x00, 0x00,
  0x00, 0xde, 0x0f, 0x00, 0x18, 0x79, 0x00, 0x00, 0x00, 0x00, 0x00, 0x00,
  0x00, 0x00, 0x00, 0x00, 0x00, 0xe2, 0x0f, 0x00, 0x3c, 0x72, 0xcc, 0xc0,
  0x82, 0x00, 0x00, 0x00, 0xcc, 0x08, 0x00, 0x00, 0x00, 0xde, 0x0f, 0x00,
  0x18, 0x79, 0x00, 0x00, 0x00, 0x00, 0x00, 0x00, 0x00, 0x00, 0x00, 0x00,
  0x00, 0xe2, 0x0f, 0x00, 0x3c, 0x72, 0xca, 0xc0, 0x84, 0x00, 0x00, 0x00,
  0xca, 0x08, 0x00, 0x00, 0x00, 0xde, 0x0f, 0x00, 0x18, 0x79, 0x00, 0x00,
  0x00, 0x00, 0x00, 0x00, 0x00, 0x00, 0x00, 0x00, 0x00, 0xe2, 0x0f, 0x00,
  0x3c, 0x72, 0xc8, 0xc0, 0x86, 0x00, 0x00, 0x00, 0xc8, 0x08, 0x00, 0x00,
  0x00, 0xde, 0x0f, 0x00, 0x18, 0x79, 0x00, 0x00, 0x00, 0x00, 0x00, 0x00,
  0x00, 0x00, 0x00, 0x00, 0x00, 0xe2, 0x0f, 0x00, 0x3c, 0x72, 0xc6, 0xc0,
  0x88, 0x00, 0x00, 0x00, 0xc6, 0x08, 0x00, 0x00, 0x00, 0xde, 0x0f, 0x00,
  0x18, 0x79, 0x00, 0x00, 0x00, 0x00, 0x00, 0x00, 0x00, 0x00, 0x00, 0x00,
  0x00, 0xe2, 0x0f, 0x00, 0x3c, 0x72, 0xc4, 0xc0, 0x8a, 0x00, 0x00, 0x00,
  0xc4, 0x08, 0x00, 0x00, 0x00, 0xde, 0x0f, 0x00, 0x18, 0x79, 0x00, 0x00,
  0x00, 0x00, 0x00, 0x00, 0x00, 0x00, 0x00, 0x00, 0x00, 0xe2, 0x0f, 0x00,
  0x3c, 0x72, 0x1e, 0xc0, 0x8c, 0x00, 0x00, 0x00, 0x1e, 0x08, 0x00, 0x00,
  0x00, 0xde, 0x0f, 0x00, 0x18, 0x79, 0x00, 0x00, 0x00, 0x00, 0x00, 0x00,
  0x00, 0x00, 0x00, 0x00, 0x00, 0xe2, 0x0f, 0x00, 0x3c, 0x72, 0x1c, 0xc0,
  0x8e, 0x00, 0x00, 0x00, 0x1c, 0x08, 0x00, 0x00, 0x00, 0xde, 0x0f, 0x00,
  0x18, 0x79, 0x00, 0x00, 0x00, 0x00, 0x00, 0x00, 0x00, 0x00, 0x00, 0x00,
  0x00, 0xe2, 0x0f, 0x00, 0x3c, 0x72, 0x1a, 0xc0, 0x90, 0x00, 0x00, 0x00,
  0x1a, 0x08, 0x00, 0x00, 0x00, 0xde, 0x0f, 0x00, 0x18, 0x79, 0x00, 0x00,
  0x00, 0x00, 0x00, 0x00, 0x00, 0x00, 0x00, 0x00, 0x00, 0xe2, 0x0f, 0x00,
  0x3c, 0x72, 0x18, 0xc0, 0x92, 0x00, 0x00, 0x00, 0x18, 0x08, 0x00, 0x00,
  0x00, 0xde, 0x0f, 0x00, 0x18, 0x79, 0x00, 0x00, 0x00, 0x00, 0x00, 0x00,
  0x00, 0x00, 0x00, 0x00, 0x00, 0xe2, 0x0f, 0x00, 0x3c, 0x72, 0x16, 0xc0,
  0x94, 0x00, 0x00, 0x00, 0x16, 0x08, 0x00, 0x00, 0x00, 0xde, 0x0f, 0x00,
  0x18, 0x79, 0x00, 0x00, 0x00, 0x00, 0x00, 0x00, 0x00, 0x00, 0x00, 0x00,
  0x00, 0xe2, 0x0f, 0x00, 0x3c, 0x72, 0x14, 0xc0, 0x96, 0x00, 0x00, 0x00,
  0x14, 0x08, 0x00, 0x00, 0x00, 0xde, 0x0f, 0x00, 0x18, 0x79, 0x00, 0x00,
  0x00, 0x00, 0x00, 0x00, 0x00, 0x00, 0x00, 0x00, 0x00, 0xe2, 0x0f, 0x00,
  0x3c, 0x72, 0x12, 0xc0, 0x98, 0x00, 0x00, 0x00, 0x12, 0x08, 0x00, 0x00,
  0x00, 0xde, 0x0f, 0x00, 0x18, 0x79, 0x00, 0x00, 0x00, 0x00, 0x00, 0x00,
  0x00, 0x00, 0x00, 0x00, 0x00, 0xe2, 0x0f, 0x00, 0x3c, 0x72, 0x10, 0xc0,
  0x9a, 0x00, 0x00, 0x00, 0x10, 0x08, 0x00, 0x00, 0x00, 0xde, 0x0f, 0x00,
  0x18, 0x79, 0x00, 0x00, 0x00, 0x00, 0x00, 0x00, 0x00, 0x00, 0x00, 0x00,
  0x00, 0xe2, 0x0f, 0x00, 0x3c, 0x72, 0x0e, 0xc0, 0x9c, 0x00, 0x00, 0x00,
  0x0e, 0x08, 0x00, 0x00, 0x00, 0xde, 0x0f, 0x00, 0x18, 0x79, 0x00, 0x00,
  0x00, 0x00, 0x00, 0x00, 0x00, 0x00, 0x00, 0x00, 0x00, 0xe2, 0x0f, 0x00,
  0x3c, 0x72, 0xd0, 0xc0, 0x9e, 0x00, 0x00, 0x00, 0xd0, 0x08, 0x00, 0x00,
  0x00, 0xf0, 0x0f, 0x00, 0x3e, 0x72, 0xc0, 0xe7, 0xe8, 0x00, 0x00, 0x00,
  0xff, 0x00, 0x00, 0x00, 0x00, 0xe4, 0x0f, 0x00, 0x3e, 0x72, 0xc1, 0xe5,
  0xe6, 0x00, 0x00, 0x00, 0xff, 0x00, 0x00, 0x00, 0x00, 0xc4, 0x0f, 0x00,
  0x3e, 0x72, 0xc2, 0xe0, 0xe1, 0x00, 0x00, 0x00, 0xff, 0x00, 0x00, 0x00,
  0x00, 0xe4, 0x0f, 0x00, 0x3e, 0x72, 0xc3, 0xde, 0xdf, 0x00, 0x00, 0x00,
  0xff, 0x00, 0x00, 0x00, 0x00, 0xce, 0x0f, 0x00, 0x3c, 0x72, 0xce, 0xc0,
  0xa0, 0x00, 0x00, 0x00, 0xce, 0x08, 0x00, 0x00, 0x00, 0xde, 0x0f, 0x00,
  0x18, 0x79, 0x00, 0x00, 0x00, 0x00, 0x00, 0x00, 0x00, 0x00, 0x00, 0x00,
  0x00, 0xe2, 0x0f, 0x00, 0x3c, 0x72, 0xcc, 0xc0, 0xa2, 0x00, 0x00, 0x00,
  0xcc, 0x08, 0x00, 0x00, 0x00, 0xde, 0x0f, 0x00, 0x18, 0x79, 0x00, 0x00,
  0x00, 0x00, 0x00, 0x00, 0x00, 0x00, 0x00, 0x00, 0x00, 0xe2, 0x0f, 0x00,
  0x3c, 0x72, 0xca, 0xc0, 0xa4, 0x00, 0x00, 0x00, 0xca, 0x08, 0x00, 0x00,
  0x00, 0xde, 0x0f, 0x00, 0x18, 0x79, 0x00, 0x00, 0x00, 0x00, 0x00, 0x00,
  0x00, 0x00, 0x00, 0x00, 0x00, 0xe2, 0x0f, 0x00, 0x3c, 0x72, 0xc8, 0xc0,
  0xa6, 0x00, 0x00, 0x00, 0xc8, 0x08, 0x00, 0x00, 0x00, 0xde, 0x0f, 0x00,
  0x18, 0x79, 0x00, 0x00, 0x00, 0x00, 0x00, 0x00, 0x00, 0x00, 0x00, 0x00,
  0x00, 0xe2, 0x0f, 0x00, 0x3c, 0x72, 0xc6, 0xc0, 0xa8, 0x00, 0x00, 0x00,
  0xc6, 0x08, 0x00, 0x00, 0x00, 0xde, 0x0f, 0x00, 0x18, 0x79, 0x00, 0x00,
  0x00, 0x00, 0x00, 0x00, 0x00, 0x00, 0x00, 0x00, 0x00, 0xe2, 0x0f, 0x00,
  0x3c, 0x72, 0xc4, 0xc0, 0xaa, 0x00, 0x00, 0x00, 0xc4, 0x08, 0x00, 0x00,
  0x00, 0xde, 0x0f, 0x00, 0x18, 0x79, 0x00, 0x00, 0x00, 0x00, 0x00, 0x00,
  0x00, 0x00, 0x00, 0x00, 0x00, 0xe2, 0x0f, 0x00, 0x3c, 0x72, 0x1e, 0xc0,
  0xac, 0x00, 0x00, 0x00, 0x1e, 0x08, 0x00, 0x00, 0x00, 0xde, 0x0f, 0x00,
  0x18, 0x79, 0x00, 0x00, 0x00, 0x00, 0x00, 0x00, 0x00, 0x00, 0x00, 0x00,
  0x00, 0xe2, 0x0f, 0x00, 0x3c, 0x72, 0x1c, 0xc0, 0xae, 0x00, 0x00, 0x00,
  0x1c, 0x08, 0x00, 0x00, 0x00, 0xde, 0x0f, 0x00, 0x18, 0x79, 0x00, 0x00,
  0x00, 0x00, 0x00, 0x00, 0x00, 0x00, 0x00, 0x00, 0x00, 0xe2, 0x0f, 0x00,
  0x3c, 0x72, 0x1a, 0xc0, 0xb0, 0x00, 0x00, 0x00, 0x1a, 0x08, 0x00, 0x00,
  0x00, 0xde, 0x0f, 0x00, 0x18, 0x79, 0x00, 0x00, 0x00, 0x00, 0x00, 0x00,
  0x00, 0x00, 0x00, 0x00, 0x00, 0xe2, 0x0f, 0x00, 0x3c, 0x72, 0x18, 0xc0,
  0xb2, 0x00, 0x00, 0x00, 0x18, 0x08, 0x00, 0x00, 0x00, 0xde, 0x0f, 0x00,
  0x18, 0x79, 0x00, 0x00, 0x00, 0x00, 0x00, 0x00, 0x00, 0x00, 0x00, 0x00,
  0x00, 0xe2, 0x0f, 0x00, 0x3c, 0x72, 0x16, 0xc0, 0xb4, 0x00, 0x00, 0x00,
  0x16, 0x08, 0x00, 0x00, 0x00, 0xde, 0x0f, 0x00, 0x18, 0x79, 0x00, 0x00,
  0x00, 0x00, 0x00, 0x00, 0x00, 0x00, 0x00, 0x00, 0x00, 0xe2, 0x0f, 0x00,
  0x3c, 0x72, 0x14, 0xc0, 0xb6, 0x00, 0x00, 0x00, 0x14, 0x08, 0x00, 0x00,
  0x00, 0xde, 0x0f, 0x00, 0x18, 0x79, 0x00, 0x00, 0x00, 0x00, 0x00, 0x00,
  0x00, 0x00, 0x00, 0x00, 0x00, 0xe2, 0x0f, 0x00, 0x3c, 0x72, 0x12, 0xc0,
  0xb8, 0x00, 0x00, 0x00, 0x12, 0x08, 0x00, 0x00, 0x00, 0xde, 0x0f, 0x00,
  0x18, 0x79, 0x00, 0x00, 0x00, 0x00, 0x00, 0x00, 0x00, 0x00, 0x00, 0x00,
  0x00, 0xe2, 0x0f, 0x00, 0x3c, 0x72, 0x10, 0xc0, 0xba, 0x00, 0x00, 0x00,
  0x10, 0x08, 0x00, 0x00, 0x00, 0xde, 0x0f, 0x00, 0x18, 0x79, 0x00, 0x00,
  0x00, 0x00, 0x00, 0x00, 0x00, 0x00, 0x00, 0x00, 0x00, 0xe2, 0x0f, 0x00,
  0x3c, 0x72, 0x0e, 0xc0, 0xbc, 0x00, 0x00, 0x00, 0x0e, 0x08, 0x00, 0x00,
  0x00, 0xde, 0x0f, 0x00, 0x18, 0x79, 0x00, 0x00, 0x00, 0x00, 0x00, 0x00,
  0x00, 0x00, 0x00, 0x00, 0x00, 0xe2, 0x0f, 0x00, 0x3c, 0x72, 0xd0, 0xc0,
  0xbe, 0x00, 0x00, 0x00, 0xd0, 0x08, 0x00, 0x00, 0x00, 0xe2, 0x0f, 0x00,
  0x18, 0x79, 0x00, 0x00, 0x00, 0x00, 0x00, 0x00, 0x00, 0x00, 0x00, 0x00,
  0x00, 0xda, 0x0f, 0x00, 0x47, 0x75, 0x40, 0x01, 0x01, 0x00, 0x00, 0x00,
  0x00, 0x00, 0x80, 0x0b, 0x00, 0xde, 0x0f, 0x00, 0x3b, 0x78, 0x80, 0xe3,
  0x1b, 0x00, 0x00, 0x00, 0x00, 0x42, 0x00, 0x08, 0x00, 0xe8, 0x04, 0x00,
  0x3b, 0x78, 0x84, 0x07, 0x1b, 0x00, 0x00, 0x00, 0x00, 0x42, 0x00, 0x08,
  0x00, 0x28, 0x05, 0x00, 0x3b, 0x78, 0x88, 0x06, 0x1b, 0x00, 0x00, 0x00,
  0x00, 0x42, 0x00, 0x08, 0x00, 0x68, 0x04, 0x00, 0x3b, 0x78, 0x8c, 0x05,
  0x1b, 0x00, 0x00, 0x00, 0x00, 0x42, 0x00, 0x08, 0x00, 0x68, 0x04, 0x00,
  0x3b, 0x78, 0x90, 0x04, 0x1b, 0x00, 0x00, 0x00, 0x00, 0x42, 0x00, 0x08,
  0x00, 0x68, 0x04, 0x00, 0x3b, 0x78, 0x94, 0x03, 0x1b, 0x00, 0x00, 0x00,
  0x00, 0x42, 0x00, 0x08, 0x00, 0x68, 0x04, 0x00, 0x3b, 0x78, 0x98, 0x02,
  0x1b, 0x00, 0x00, 0x00, 0x00, 0x42, 0x00, 0x08, 0x00, 0x68, 0x04, 0x00,
  0x3b, 0x78, 0x9c, 0x00, 0x1b, 0x00, 0x00, 0x00, 0x00, 0x42, 0x00, 0x08,
  0x00, 0x68, 0x04, 0x00, 0x3b, 0x78, 0xa0, 0xe3, 0x1b, 0x00, 0x10, 0x00,
  0x00, 0x42, 0x00, 0x08, 0x00, 0x68, 0x04, 0x00, 0x3b, 0x78, 0xa4, 0x07,
  0x1b, 0x00, 0x10, 0x00, 0x00, 0x42, 0x00, 0x08, 0x00, 0x68, 0x04, 0x00,
  0x3b, 0x78, 0xa8, 0x06, 0x1b, 0x00, 0x10, 0x00, 0x00, 0x42, 0x00, 0x08,
  0x00, 0x68, 0x04, 0x00, 0x3b, 0x78, 0xac, 0x05, 0x1b, 0x00, 0x10, 0x00,
  0x00, 0x42, 0x00, 0x08, 0x00, 0x68, 0x04, 0x00, 0x3b, 0x78, 0xb0, 0x04,
  0x1b, 0x00, 0x10, 0x00, 0x00, 0x42, 0x00, 0x08, 0x00, 0x68, 0x04, 0x00,
  0x3b, 0x78, 0xb4, 0x03, 0x1b, 0x00, 0x10, 0x00, 0x00, 0x42, 0x00, 0x08,
  0x00, 0x68, 0x04, 0x00, 0x3b, 0x78, 0xb8, 0x02, 0x1b, 0x00, 0x10, 0x00,
  0x00, 0x42, 0x00, 0x08, 0x00, 0x68, 0x04, 0x00, 0x3b, 0x78, 0xbc, 0x00,
  0x1b, 0x00, 0x10, 0x00, 0x00, 0x42, 0x00, 0x08, 0x00, 0x64, 0x84, 0x01,
  0x90, 0x78, 0x04, 0x04, 0x00, 0x01, 0x00, 0x00, 0xff, 0xe0, 0xff, 0x0f,
  0x00, 0xe2, 0x0f, 0x00, 0x47, 0x75, 0xc4, 0x0b, 0xd9, 0xff, 0xff, 0xff,
  0xff, 0xff, 0x83, 0x0b, 0x00, 0xf6, 0x0f, 0x00, 0x19, 0x79, 0x0c, 0x00,
  0x00, 0x00, 0x00, 0x00, 0x00, 0x21, 0x00, 0x00, 0x00, 0xe2, 0x0e, 0x00,
  0x21, 0x72, 0x00, 0xd5, 0x08, 0x00, 0x00, 0x00, 0x00, 0x01, 0x01, 0x00,
  0x00, 0xe2, 0x4f, 0x12, 0x21, 0x72, 0x08, 0xd7, 0x08, 0x00, 0x00, 0x00,
  0x00, 0x01, 0x01, 0x00, 0x00, 0xe2, 0x0f, 0x00, 0xc3, 0x79, 0x05, 0x00,
  0x00, 0x00, 0x00, 0x00, 0x00, 0x88, 0x00, 0x00, 0x00, 0xb0, 0x0e, 0x00,
  0x1d, 0x7b, 0x00, 0x00, 0x00, 0x00, 0x00, 0x00, 0x00, 0x00, 0x01, 0x00,
  0x00, 0xe2, 0x0f, 0x00, 0x20, 0x78, 0x00, 0x00, 0x3b, 0xaa, 0xb8, 0x3f,
  0x00, 0x00, 0x41, 0x00, 0x00, 0xe2, 0x0f, 0x00, 0x20, 0x78, 0x08, 0x08,
  0x3b, 0xaa, 0xb8, 0x3f, 0x00, 0x00, 0x41, 0x00, 0x00, 0xc8, 0x0f, 0x00,
  0x08, 0x73, 0x03, 0x00, 0x00, 0x00, 0x00, 0x00, 0x00, 0x08, 0x00, 0x00,
  0x00, 0x22, 0x0f, 0x00, 0x82, 0x78, 0x04, 0x00, 0x00, 0x04, 0x00, 0x00,
  0x00, 0x00, 0x00, 0x00, 0x00, 0xe2, 0x0f, 0x00, 0xc3, 0x79, 0x0a, 0x00,
  0x00, 0x00, 0x00, 0x00, 0x00, 0x25, 0x00, 0x00, 0x00, 0x62, 0x0e, 0x00,
  0x45, 0x79, 0x00, 0x00, 0x70, 0x0c, 0x00, 0x00, 0x00, 0x02, 0x80, 0x03,
  0x00, 0xe2, 0x0f, 0x00, 0x08, 0x73, 0x05, 0x00, 0x08, 0x00, 0x00, 0x00,
  0x00, 0x08, 0x00, 0x00, 0x00, 0x6c, 0x0e, 0x00, 0xc3, 0x79, 0x09, 0x00,
  0x00, 0x00, 0x00, 0x00, 0x00, 0x26, 0x00, 0x00, 0x00, 0x62, 0x0e, 0x00,
  0x91, 0x72, 0x08, 0x05, 0x04, 0x00, 0x00, 0x00, 0xff, 0xc0, 0x8e, 0x0f,
  0x00, 0xe2, 0x4f, 0x00, 0x21, 0x72, 0x21, 0x03, 0xd6, 0x00, 0x00, 0x00,
  0x00, 0x00, 0x01, 0x00, 0x00, 0xe2, 0x0f, 0x01, 0xac, 0x77, 0x04, 0xff,
  0x80, 0xac, 0x00, 0x00, 0x00, 0x08, 0x00, 0x08, 0x00, 0xa6, 0x0e, 0x00,
  0x08, 0x73, 0x02, 0x00, 0x21, 0x00, 0x00, 0x00, 0x00, 0x10, 0x00, 0x00,
  0x00, 0x22, 0x0f, 0x00, 0x19, 0x78, 0x04, 0xff, 0x01, 0x00, 0x00, 0x00,
  0x0c, 0x16, 0x01, 0x00, 0x00, 0xe2, 0x8f, 0x10, 0xac, 0x77, 0x05, 0xff,
  0x80, 0xa9, 0x00, 0x00, 0x00, 0x08, 0x00, 0x08, 0x00, 0xe2, 0x0e, 0x00,
  0x19, 0x78, 0x00, 0xff, 0x02, 0x00, 0x00, 0x00, 0x0c, 0x16, 0x01, 0x00,
  0x00, 0xe2, 0x0f, 0x00, 0x21, 0x72, 0xd8, 0x05, 0xd8, 0x00, 0x00, 0x00,
  0x00, 0x00, 0x01, 0x00, 0x00, 0xe2, 0x2f, 0x00, 0x12, 0x78, 0x0d, 0x04,
  0x30, 0x00, 0x00, 0x00, 0xff, 0xc0, 0x8e, 0x07, 0x00, 0xe2, 0x0f, 0x00,
  0x99, 0x78, 0x0a, 0x0a, 0x06, 0x00, 0x00, 0x00, 0xff, 0x06, 0x00, 0x08,
  0x00, 0xe2, 0x0f, 0x00, 0x0b, 0x72, 0x00, 0x21, 0xff, 0x00, 0x00, 0x00,
  0x00, 0x50, 0xf1, 0x03, 0x00, 0xe2, 0x0f, 0x00, 0x08, 0x73, 0x03, 0x00,
  0xd8, 0x00, 0x00, 0x00, 0x00, 0x10, 0x00, 0x00, 0x00, 0x62, 0x0e, 0x00,
  0x12, 0x78, 0x0d, 0x0d, 0x07, 0x00, 0x00, 0x00, 0x00, 0xf8, 0x8e, 0x07,
  0x00, 0xe2, 0x0f, 0x00, 0x24, 0x78, 0x00, 0x0c, 0x04, 0x00, 0x00, 0x00,
  0xff, 0x00, 0x8e, 0x07, 0x00, 0xe2, 0x0f, 0x00, 0x0b, 0x72, 0x00, 0xd8,
  0xff, 0x00, 0x00, 0x00, 0x00, 0x50, 0xf3, 0x03, 0x00, 0xc8, 0x0f, 0x00,
  0x12, 0x78, 0x00, 0x00, 0x7c, 0x00, 0x00, 0x00, 0xff, 0xc0, 0x8e, 0x07,
  0x00, 0xe2, 0x0f, 0x00, 0x90, 0x72, 0x04, 0x04, 0x04, 0x00, 0x00, 0x00,
  0xff, 0xe0, 0xff, 0x0f, 0x00, 0xe2, 0x4f, 0x00, 0x08, 0x78, 0x02, 0x02,
  0x00, 0x00, 0x80, 0x3f, 0x00, 0x00, 0x00, 0x00, 0x00, 0xe4, 0x0f, 0x01,
  0x10, 0x7c, 0x00, 0x00, 0x08, 0x00, 0x00, 0x00, 0xff, 0xe0, 0xff, 0x0f,
  0x00, 0xe2, 0x0f, 0x00, 0xa4, 0x72, 0x05, 0x07, 0x05, 0x00, 0x00, 0x00,
  0x09, 0x02, 0x8e, 0x0f, 0x00, 0xe4, 0x8f, 0x00, 0x3e, 0x72, 0x07, 0x02,
  0x02, 0x00, 0x00, 0x00, 0xff, 0x00, 0x00, 0x00, 0x00, 0xe4, 0x0f, 0x00,
  0x24, 0x78, 0x00, 0x0d, 0x00, 0x01, 0x00, 0x00, 0x00, 0x02, 0x8e, 0x07,
  0x00, 0xe2, 0x0f, 0x00, 0x08, 0x78, 0x03, 0x03, 0x00, 0x00, 0x80, 0x3f,
  0x00, 0x00, 0x80, 0x00, 0x00, 0xc4, 0x2f, 0x00, 0x32, 0x72, 0x05, 0xce,
  0x07, 0x00, 0x00, 0x00, 0x00, 0x00, 0x00, 0x00, 0x00, 0xe4, 0x0f, 0x08,
  0x32, 0x72, 0xcc, 0xcc, 0x07, 0x00, 0x00, 0x00, 0x00, 0x00, 0x00, 0x00,
  0x00, 0xe2, 0x0f, 0x08, 0x3e, 0x72, 0x03, 0x03, 0x03, 0x00, 0x00, 0x00,
  0xff, 0x00, 0x00, 0x00, 0x00, 0xe2, 0x0f, 0x00, 0x32, 0x72, 0xca, 0xca,
  0x07, 0x00, 0x00, 0x00, 0x00, 0x00, 0x00, 0x00, 0x00, 0xe2, 0x0f, 0x08,
  0x12, 0x78, 0x02, 0x00, 0x10, 0x00, 0x00, 0x00, 0xff, 0x3c, 0x8e, 0x07,
  0x00, 0xe2, 0x0f, 0x04, 0x32, 0x72, 0xc8, 0xc8, 0x07, 0x00, 0x00, 0x00,
  0x00, 0x00, 0x00, 0x00, 0x00, 0xe2, 0x0f, 0x00, 0x12, 0x78, 0x04, 0x00,
  0x30, 0x00, 0x00, 0x00, 0xff, 0x3c, 0x8e, 0x07, 0x00, 0xe2, 0x0f, 0x04,
  0x32, 0x72, 0xcf, 0xcf, 0x03, 0x00, 0x00, 0x00, 0x00, 0x00, 0x00, 0x00,
  0x00, 0xe2, 0x0f, 0x08, 0x12, 0x78, 0x06, 0x00, 0x40, 0x00, 0x00, 0x00,
  0xff, 0x3c, 0x8e, 0x07, 0x00, 0xe2, 0x0f, 0x04, 0x32, 0x72, 0xcd, 0xcd,
  0x03, 0x00, 0x00, 0x00, 0x00, 0x00, 0x00, 0x00, 0x00, 0xe2, 0x0f, 0x08,
  0x88, 0x73, 0x00, 0x00, 0x05, 0x00, 0x00, 0x00, 0x00, 0x08, 0x00, 0x00,
  0x00, 0xe2, 0x03, 0x00, 0x32, 0x72, 0xcb, 0xcb, 0x03, 0x00, 0x00, 0x00,
  0x00, 0x00, 0x00, 0x00, 0x00, 0xe2, 0x0f, 0x08, 0x12, 0x78, 0x08, 0x00,
  0x50, 0x00, 0x00, 0x00, 0xff, 0x3c, 0x8e, 0x07, 0x00, 0xe2, 0x0f, 0x04,
  0x32, 0x72, 0xc9, 0xc9, 0x03, 0x00, 0x00, 0x00, 0x00, 0x00, 0x00, 0x00,
  0x00, 0xe2, 0x0f, 0x08, 0x88, 0x73, 0x00, 0x00, 0xcf, 0x00, 0x08, 0x00,
  0x00, 0x08, 0x00, 0x00, 0x00, 0xe2, 0x0f, 0x00, 0x32, 0x72, 0xc7, 0xc7,
  0x03, 0x00, 0x00, 0x00, 0x00, 0x00, 0x00, 0x00, 0x00, 0xe2, 0x0f, 0x08,
  0x12, 0x78, 0x09, 0x00, 0x90, 0x00, 0x00, 0x00, 0xff, 0x3c, 0x8e, 0x07,
  0x00, 0xe2, 0x0f, 0x04, 0x32, 0x72, 0xc5, 0xc5, 0x03, 0x00, 0x00, 0x00,
  0x00, 0x00, 0x00, 0x00, 0x00, 0xe2, 0x0f, 0x08, 0x88, 0x73, 0x00, 0x02,
  0xcc, 0x00, 0x00, 0x00, 0x00, 0x08, 0x00, 0x00, 0x00, 0xe2, 0x0f, 0x00,
  0x32, 0x72, 0x1f, 0x1f, 0x03, 0x00, 0x00, 0x00, 0x00, 0x00, 0x00, 0x00,
  0x00, 0xe2, 0x0f, 0x08, 0x12, 0x78, 0x05, 0x00, 0x60, 0x00, 0x00, 0x00,
  0xff, 0x3c, 0x8e, 0x07, 0x00, 0xe2, 0x2f, 0x00, 0x32, 0x72, 0x1d, 0x1d,
  0x03, 0x00, 0x00, 0x00, 0x00, 0x00, 0x00, 0x00, 0x00, 0xe2, 0x0f, 0x08,
  0x88, 0x73, 0x00, 0x02, 0xcd, 0x00, 0x08, 0x00, 0x00, 0x08, 0x00, 0x00,
  0x00, 0xe2, 0x03, 0x00, 0x32, 0x72, 0x1b, 0x1b, 0x03, 0x00, 0x00, 0x00,
  0x00, 0x00, 0x00, 0x00, 0x00, 0xc4, 0x0f, 0x00, 0x32, 0x72, 0x19, 0x19,
  0x03, 0x00, 0x00, 0x00, 0x00, 0x00, 0x00, 0x00, 0x00, 0xe4, 0x0f, 0x08,
  0x32, 0x72, 0x17, 0x17, 0x03, 0x00, 0x00, 0x00, 0x00, 0x00, 0x00, 0x00,
  0x00, 0xe4, 0x0f, 0x08, 0x32, 0x72, 0x15, 0x15, 0x03, 0x00, 0x00, 0x00,
  0x00, 0x00, 0x00, 0x00, 0x00, 0xe4, 0x0f, 0x08, 0x32, 0x72, 0x13, 0x13,
  0x03, 0x00, 0x00, 0x00, 0x00, 0x00, 0x00, 0x00, 0x00, 0xe2, 0x0f, 0x08,
  0x12, 0x78, 0x02, 0x00, 0x70, 0x00, 0x00, 0x00, 0xff, 0x3c, 0x8e, 0x07,
  0x00, 0xe2, 0x2f, 0x00, 0x32, 0x72, 0x11, 0x11, 0x03, 0x00, 0x00, 0x00,
  0x00, 0x00, 0x00, 0x00, 0x00, 0xe4, 0x0f, 0x08, 0x32, 0x72, 0x0f, 0x0f,
  0x03, 0x00, 0x00, 0x00, 0x00, 0x00, 0x00, 0x00, 0x00, 0xc4, 0x0f, 0x00,
  0x32, 0x72, 0xd1, 0xd1, 0x03, 0x00, 0x00, 0x00, 0x00, 0x00, 0x00, 0x00,
  0x00, 0xe2, 0x0f, 0x00, 0x12, 0x78, 0x03, 0x00, 0x20, 0x00, 0x00, 0x00,
  0xff, 0x3c, 0x8e, 0x07, 0x00, 0xe2, 0x0f, 0x00, 0x32, 0x72, 0xc6, 0xc6,
  0x07, 0x00, 0x00, 0x00, 0x00, 0x00, 0x00, 0x00, 0x00, 0xe4, 0x0f, 0x08,
  0x32, 0x72, 0xc4, 0xc4, 0x07, 0x00, 0x00, 0x00, 0x00, 0x00, 0x00, 0x00,
  0x00, 0xe4, 0x0f, 0x08, 0x32, 0x72, 0x1e, 0x1e, 0x07, 0x00, 0x00, 0x00,
  0x00, 0x00, 0x00, 0x00, 0x00, 0xe2, 0x0f, 0x08, 0x88, 0x73, 0x00, 0x03,
  0xca, 0x00, 0x00, 0x00, 0x00, 0x08, 0x00, 0x00, 0x00, 0xe2, 0x0f, 0x00,
  0x32, 0x72, 0x1c, 0x1c, 0x07, 0x00, 0x00, 0x00, 0x00, 0x00, 0x00, 0x00,
  0x00, 0xe4, 0x0f, 0x08, 0x32, 0x72, 0x1a, 0x1a, 0x07, 0x00, 0x00, 0x00,
  0x00, 0x00, 0x00, 0x00, 0x00, 0xe2, 0x0f, 0x08, 0x88, 0x73, 0x00, 0x03,
  0xcb, 0x00, 0x08, 0x00, 0x00, 0x08, 0x00, 0x00, 0x00, 0xe2, 0x03, 0x00,
  0x32, 0x72, 0x18, 0x18, 0x07, 0x00, 0x00, 0x00, 0x00, 0x00, 0x00, 0x00,
  0x00, 0xc4, 0x0f, 0x00, 0x32, 0x72, 0x16, 0x16, 0x07, 0x00, 0x00, 0x00,
  0x00, 0x00, 0x00, 0x00, 0x00, 0xe2, 0x0f, 0x08, 0x88, 0x73, 0x00, 0x04,
  0xc8, 0x00, 0x00, 0x00, 0x00, 0x08, 0x00, 0x00, 0x00, 0xe2, 0x0f, 0x00,
  0x32, 0x72, 0x14, 0x14, 0x07, 0x00, 0x00, 0x00, 0x00, 0x00, 0x00, 0x00,
  0x00, 0xe4, 0x0f, 0x08, 0x32, 0x72, 0x12, 0x12, 0x07, 0x00, 0x00, 0x00,
  0x00, 0x00, 0x00, 0x00, 0x00, 0xe2, 0x0f, 0x08, 0x88, 0x73, 0x00, 0x04,
  0xc9, 0x00, 0x08, 0x00, 0x00, 0x08, 0x00, 0x00, 0x00, 0xe2, 0x05, 0x00,
  0x32, 0x72, 0x10, 0x10, 0x07, 0x00, 0x00, 0x00, 0x00, 0x00, 0x00, 0x00,
  0x00, 0xe2, 0x0f, 0x08, 0x12, 0x78, 0x03, 0x00, 0x80, 0x00, 0x00, 0x00,
  0xff, 0x3c, 0x8e, 0x07, 0x00, 0xe2, 0x2f, 0x00, 0x32, 0x72, 0x0e, 0x0e,
  0x07, 0x00, 0x00, 0x00, 0x00, 0x00, 0x00, 0x00, 0x00, 0xe2, 0x0f, 0x08,
  0x88, 0x73, 0x00, 0x06, 0xc6, 0x00, 0x00, 0x00, 0x00, 0x08, 0x00, 0x00,
  0x00, 0xe2, 0x0f, 0x00, 0x32, 0x72, 0x07, 0xd0, 0x07, 0x00, 0x00, 0x00,
  0x00, 0x00, 0x00, 0x00, 0x00, 0xc6, 0x0f, 0x00, 0x88, 0x73, 0x00, 0x06,
  0xc7, 0x00, 0x08, 0x00, 0x00, 0x08, 0x00, 0x00, 0x00, 0xe2, 0x03, 0x00,
  0x12, 0x78, 0x04, 0x00, 0xa0, 0x00, 0x00, 0x00, 0xff, 0x3c, 0x8e, 0x07,
  0x00, 0xc6, 0x4f, 0x00, 0x88, 0x73, 0x00, 0x08, 0xc4, 0x00, 0x00, 0x00,
  0x00, 0x08, 0x00, 0x00, 0x00, 0xe8, 0x0f, 0x00, 0x88, 0x73, 0x00, 0x08,
  0xc5, 0x00, 0x08, 0x00, 0x00, 0x08, 0x00, 0x00, 0x00, 0xe2, 0x0f, 0x00,
  0x12, 0x78, 0x06, 0x00, 0xe0, 0x00, 0x00, 0x00, 0xff, 0x3c, 0x8e, 0x07,
  0x00, 0xc6, 0x2f, 0x00, 0x88, 0x73, 0x00, 0x05, 0x1e, 0x00, 0x00, 0x00,
  0x00, 0x08, 0x00, 0x00, 0x00, 0xe8, 0x0f, 0x00, 0x88, 0x73, 0x00, 0x05,
  0x1f, 0x00, 0x08, 0x00, 0x00, 0x08, 0x00, 0x00, 0x00, 0xe8, 0x03, 0x00,
  0x88, 0x73, 0x00, 0x02, 0x1c, 0x00, 0x00, 0x00, 0x00, 0x08, 0x00, 0x00,
  0x00, 0xe8, 0x0f, 0x00, 0x88, 0x73, 0x00, 0x02, 0x1d, 0x00, 0x08, 0x00,
  0x00, 0x08, 0x00, 0x00, 0x00, 0xe2, 0x05, 0x00, 0x12, 0x78, 0x05, 0x00,
  0xb0, 0x00, 0x00, 0x00, 0xff, 0x3c, 0x8e, 0x07, 0x00, 0xc6, 0x2f, 0x00,
  0x88, 0x73, 0x00, 0x03, 0x1a, 0x00, 0x00, 0x00, 0x00, 0x08, 0x00, 0x00,
  0x00, 0xe8, 0x0f, 0x00, 0x88, 0x73, 0x00, 0x03, 0x1b, 0x00, 0x08, 0x00,
  0x00, 0x08, 0x00, 0x00, 0x00, 0xe2, 0x03, 0x00, 0x12, 0x78, 0x02, 0x00,
  0xc0, 0x00, 0x00, 0x00, 0xff, 0x3c, 0x8e, 0x07, 0x00, 0xc6, 0x4f, 0x00,
  0x88, 0x73, 0x00, 0x09, 0x18, 0x00, 0x00, 0x00, 0x00, 0x08, 0x00, 0x00,
  0x00, 0xe8, 0x0f, 0x00, 0x88, 0x73, 0x00, 0x09, 0x19, 0x00, 0x08, 0x00,
  0x00, 0x08, 0x00, 0x00, 0x00, 0xe2, 0x0f, 0x00, 0x12, 0x78, 0x03, 0x00,
  0xd0, 0x00, 0x00, 0x00, 0xff, 0x3c, 0x8e, 0x07, 0x00, 0xc6, 0x2f, 0x00,
  0x88, 0x73, 0x00, 0x04, 0x16, 0x00, 0x00, 0x00, 0x00, 0x08, 0x00, 0x00,
  0x00, 0xe2, 0x0f, 0x00, 0x12, 0x78, 0x00, 0x00, 0xf0, 0x00, 0x00, 0x00,
  0xff, 0x3c, 0x8e, 0x07, 0x00, 0xc6, 0x0f, 0x00, 0x88, 0x73, 0x00, 0x04,
  0x17, 0x00, 0x08, 0x00, 0x00, 0x08, 0x00, 0x00, 0x00, 0xe8, 0x03, 0x00,
  0x88, 0x73, 0x00, 0x05, 0x14, 0x00, 0x00, 0x00, 0x00, 0x08, 0x00, 0x00,
  0x00, 0xe8, 0x0f, 0x00, 0x88, 0x73, 0x00, 0x05, 0x15, 0x00, 0x08, 0x00,
  0x00, 0x08, 0x00, 0x00, 0x00, 0xe2, 0x05, 0x00, 0x24, 0x78, 0x04, 0x0c,
  0x10, 0x00, 0x00, 0x00, 0xff, 0x00, 0x8e, 0x07, 0x00, 0xc6, 0x2f, 0x00,
  0x88, 0x73, 0x00, 0x02, 0x12, 0x00, 0x00, 0x00, 0x00, 0x08, 0x00, 0x00,
  0x00, 0xe4, 0x0f, 0x00, 0x12, 0x78, 0x04, 0x04, 0xf0, 0x00, 0x00, 0x00,
  0xff, 0xc0, 0x8e, 0x07, 0x00, 0xe4, 0x0f, 0x00, 0x88, 0x73, 0x00, 0x02,
  0x13, 0x00, 0x08, 0x00, 0x00, 0x08, 0x00, 0x00, 0x00, 0xe2, 0x03, 0x00,
  0x19, 0x78, 0x05, 0xff, 0x04, 0x00, 0x00, 0x00, 0x0c, 0x16, 0x01, 0x00,
  0x00, 0xc6, 0x4f, 0x00, 0x88, 0x73, 0x00, 0x03, 0x10, 0x00, 0x00, 0x00,
  0x00, 0x08, 0x00, 0x00, 0x00, 0xe2, 0x0f, 0x00, 0x12, 0x7c, 0x19, 0x05,
  0x0a, 0x00, 0x00, 0x00, 0xff, 0xfc, 0x8e, 0x0f, 0x00, 0xc6, 0x0f, 0x00,
  0x88, 0x73, 0x00, 0x03, 0x11, 0x00, 0x08, 0x00, 0x00, 0x08, 0x00, 0x00,
  0x00, 0xe2, 0x05, 0x00, 0x02, 0x7c, 0x02, 0x00, 0x04, 0x00, 0x00, 0x00,
  0x00, 0x0f, 0x00, 0x08, 0x00, 0xe2, 0x2f, 0x00, 0x0c, 0x7c, 0x00, 0x19,
  0x06, 0x00, 0x00, 0x00, 0x70, 0x62, 0xf0, 0x0b, 0x00, 0xe4, 0x0f, 0x00,
  0x88, 0x73, 0x00, 0x06, 0x0e, 0x00, 0x00, 0x00, 0x00, 0x08, 0x00, 0x00,
  0x00, 0xe4, 0x0f, 0x00, 0x24, 0x7c, 0x02, 0x02, 0x05, 0x00, 0x00, 0x00,
  0xff, 0x02, 0x8e, 0x0f, 0x00, 0xe4, 0x0f, 0x00, 0x88, 0x73, 0x00, 0x06,
  0x0f, 0x00, 0x08, 0x00, 0x00, 0x08, 0x00, 0x00, 0x00, 0xe2, 0x03, 0x00,
  0x12, 0x78, 0x03, 0x05, 0x07, 0x00, 0x00, 0x00, 0xff, 0xc0, 0x8e, 0x07,
  0x00, 0xc6, 0x4f, 0x00, 0x88, 0x73, 0x00, 0x00, 0x07, 0x00, 0x00, 0x00,
  0x00, 0x08, 0x00, 0x00, 0x00, 0xe8, 0x0f, 0x00, 0x88, 0x73, 0x00, 0x00,
  0xd1, 0x00, 0x08, 0x00, 0x00, 0x08, 0x00, 0x00, 0x00, 0xe2, 0x05, 0x00,
  0x12, 0x78, 0x06, 0x03, 0x0f, 0x00, 0x00, 0x00, 0x0c, 0x78, 0x8e, 0x07,
  0x00, 0xe4, 0x2f, 0x00, 0x19, 0x78, 0x03, 0xff, 0x1f, 0x00, 0x00, 0x00,
  0x02, 0x14, 0x01, 0x00, 0x00, 0xc6, 0x0f, 0x00, 0x24, 0x78, 0x00, 0x05,
  0x10, 0x00, 0x00, 0x00, 0x06, 0x02, 0x8e, 0x07, 0x00, 0xe2, 0x4f, 0x00,
  0x02, 0x72, 0x05, 0x00, 0xff, 0x00, 0x00, 0x00, 0x00, 0x0f, 0x00, 0x00,
  0x00, 0xc8, 0x0f, 0x00, 0x11, 0x7c, 0x00, 0x00, 0x08, 0x00, 0x00, 0x00,
  0xff, 0x20, 0x8e, 0x0f, 0x00, 0xe2, 0x0f, 0x00, 0x35, 0x72, 0x06, 0x02,
  0x04, 0x00, 0x00, 0x00, 0x00, 0x02, 0x8e, 0x07, 0x00, 0xe4, 0x0f, 0x00,
  0x1d, 0x7b, 0x00, 0x00, 0x00, 0x00, 0x00, 0x00, 0x00, 0x00, 0x01, 0x00,
  0x00, 0xec, 0x0f, 0x00, 0x47, 0x09, 0x34, 0x00, 0x04, 0x00, 0x00, 0x00,
  0x00, 0x00, 0x80, 0x03, 0x00, 0xea, 0x0f, 0x00, 0x0c, 0x7c, 0x00, 0x04,
  0x04, 0x00, 0x00, 0x00, 0x70, 0x62, 0xf0, 0x0b, 0x00, 0xe2, 0x0f, 0x00,
  0x84, 0x79, 0x08, 0x00, 0x00, 0x00, 0x00, 0x00, 0x00, 0x0c, 0x00, 0x00,
  0x00, 0x58, 0x0e, 0x00, 0x82, 0x8b, 0x0e, 0xff, 0x00, 0x04, 0x01, 0x00,
  0x00, 0x0a, 0x00, 0x00, 0x00, 0xb0, 0x0e, 0x00, 0x82, 0x8b, 0x04, 0xff,
  0x00, 0xf8, 0x00, 0x00, 0x00, 0x0a, 0x00, 0x00, 0x00, 0xe2, 0x0e, 0x00,
  0x25, 0x82, 0x02, 0x19, 0x0e, 0x00, 0x00, 0x00, 0x06, 0x00, 0x8e, 0x07,
  0x00, 0xc8, 0x4f, 0x00, 0x24, 0x82, 0x03, 0x19, 0x0f, 0x00, 0x00, 0x00,
  0x03, 0x02, 0x8e, 0x07, 0x00, 0xe2, 0x0f, 0x04, 0x10, 0x78, 0x0f, 0x19,
  0x08, 0x00, 0x00, 0x00, 0xff, 0xe0, 0xff, 0x07, 0x00, 0xc8, 0x0f, 0x00,
  0x35, 0x82, 0x02, 0x02, 0x04, 0x00, 0x00, 0x00, 0x00, 0x02, 0x8e, 0x07,
  0x00, 0xe4, 0x8f, 0x00, 0x0c, 0x7c, 0x00, 0x0f, 0x06, 0x00, 0x00, 0x00,
  0x70, 0x62, 0xf2, 0x0b, 0x00, 0xc8, 0x0f, 0x00, 0x86, 0x89, 0x00, 0x02,
  0x08, 0x00, 0x00, 0x00, 0x0e, 0x1d, 0x10, 0x0c, 0x00, 0xf2, 0x23, 0x00,
  0x47, 0x19, 0x08, 0x00, 0x04, 0x00, 0x00, 0x00, 0x00, 0x00, 0x80, 0x03,
  0x00, 0xea, 0x0f, 0x00, 0x84, 0x79, 0x08, 0x00, 0x00, 0x00, 0x08, 0x00,
  0x00, 0x0c, 0x00, 0x00, 0x00, 0x62, 0x2e, 0x00, 0x82, 0x8b, 0x10, 0xff,
  0x00, 0x04, 0x01, 0x00, 0x00, 0x0a, 0x00, 0x00, 0x00, 0xb0, 0x0e, 0x00,
  0x82, 0x8b, 0x04, 0xff, 0x00, 0xf8, 0x00, 0x00, 0x00, 0x0a, 0x00, 0x00,
  0x00, 0xe2, 0x0e, 0x00, 0x25, 0x82, 0x02, 0x0f, 0x10, 0x00, 0x00, 0x00,
  0x06, 0x00, 0x8e, 0x07, 0x00, 0xc8, 0x4f, 0x00, 0x24, 0x82, 0x03, 0x0f,
  0x11, 0x00, 0x00, 0x00, 0x03, 0x02, 0x8e, 0x07, 0x00, 0xe2, 0x0f, 0x00,
  0x10, 0x78, 0x0f, 0x19, 0x10, 0x00, 0x00, 0x00, 0xff, 0xe0, 0xff, 0x07,
  0x00, 0xc8, 0x0f, 0x00, 0x35, 0x82, 0x02, 0x02, 0x04, 0x00, 0x00, 0x00,
  0x00, 0x02, 0x8e, 0x07, 0x00, 0xe4, 0x8f, 0x00, 0x0c, 0x7c, 0x00, 0x0f,
  0x06, 0x00, 0x00, 0x00, 0x70, 0x62, 0xf2, 0x0b, 0x00, 0xc8, 0x0f, 0x00,
  0x86, 0x89, 0x00, 0x02, 0x08, 0x00, 0x00, 0x00, 0x0e, 0x1d, 0x10, 0x0c,
  0x00, 0xf2, 0x25, 0x00, 0x47, 0x19, 0xe0, 0x00, 0x00, 0x00, 0x00, 0x00,
  0x00, 0x00, 0x80, 0x03, 0x00, 0xea, 0x0f, 0x00, 0x84, 0x79, 0x08, 0x00,
  0x00, 0x00, 0x10, 0x00, 0x00, 0x0c, 0x00, 0x00, 0x00, 0x62, 0x4e, 0x00,
  0x82, 0x8b, 0x10, 0xff, 0x00, 0x04, 0x01, 0x00, 0x00, 0x0a, 0x00, 0x00,
  0x00, 0xb0, 0x0e, 0x00, 0x82, 0x8b, 0x04, 0xff, 0x00, 0xf8, 0x00, 0x00,
  0x00, 0x0a, 0x00, 0x00, 0x00, 0xe2, 0x0e, 0x00, 0x25, 0x82, 0x02, 0x0f,
  0x10, 0x00, 0x00, 0x00, 0x06, 0x00, 0x8e, 0x07, 0x00, 0xc8, 0x4f, 0x00,
  0x24, 0x82, 0x03, 0x0f, 0x11, 0x00, 0x00, 0x00, 0x03, 0x02, 0x8e, 0x07,
  0x00, 0xe2, 0x0f, 0x00, 0x10, 0x78, 0x0f, 0x19, 0x18, 0x00, 0x00, 0x00,
  0xff, 0xe0, 0xff, 0x07, 0x00, 0xc8, 0x0f, 0x00, 0x35, 0x82, 0x02, 0x02,
  0x04, 0x00, 0x00, 0x00, 0x00, 0x02, 0x8e, 0x07, 0x00, 0xe4, 0x8f, 0x00,
  0x0c, 0x7c, 0x00, 0x0f, 0x06, 0x00, 0x00, 0x00, 0x70, 0x62, 0xf2, 0x0b,
  0x00, 0xc8, 0x0f, 0x00, 0x86, 0x89, 0x00, 0x02, 0x08, 0x00, 0x00, 0x00,
  0x0e, 0x1d, 0x10, 0x0c, 0x00, 0xf2, 0x27, 0x00, 0x47, 0x19, 0xb8, 0x00,
  0x00, 0x00, 0x00, 0x00, 0x00, 0x00, 0x80, 0x03, 0x00, 0xea, 0x0f, 0x00,
  0x84, 0x79, 0x08, 0x00, 0x00, 0x00, 0x18, 0x00, 0x00, 0x0c, 0x00, 0x00,
  0x00, 0x62, 0x8e, 0x00, 0x82, 0x8b, 0x10, 0xff, 0x00, 0x04, 0x01, 0x00,
  0x00, 0x0a, 0x00, 0x00, 0x00, 0xb0, 0x0e, 0x00, 0x82, 0x8b, 0x04, 0xff,
  0x00, 0xf8, 0x00, 0x00, 0x00, 0x0a, 0x00, 0x00, 0x00, 0xe2, 0x0e, 0x00,
  0x25, 0x82, 0x02, 0x0f, 0x10, 0x00, 0x00, 0x00, 0x06, 0x00, 0x8e, 0x07,
  0x00, 0xc8, 0x4f, 0x00, 0x24, 0x82, 0x03, 0x0f, 0x11, 0x00, 0x00, 0x00,
  0x03, 0x02, 0x8e, 0x07, 0x00, 0xe2, 0x0f, 0x00, 0x10, 0x78, 0x0f, 0x19,
  0x20, 0x00, 0x00, 0x00, 0xff, 0xe0, 0xff, 0x07, 0x00, 0xc8, 0x0f, 0x00,
  0x35, 0x82, 0x02, 0x02, 0x04, 0x00, 0x00, 0x00, 0x00, 0x02, 0x8e, 0x07,
  0x00, 0xe4, 0x8f, 0x00, 0x0c, 0x7c, 0x00, 0x0f, 0x06, 0x00, 0x00, 0x00,
  0x70, 0x62, 0xf2, 0x0b, 0x00, 0xc8, 0x0f, 0x00, 0x86, 0x89, 0x00, 0x02,
  0x08, 0x00, 0x00, 0x00, 0x0e, 0x1d, 0x10, 0x0c, 0x00, 0xf2, 0x29, 0x00,
  0x47, 0x19, 0x90, 0x00, 0x00, 0x00, 0x00, 0x00, 0x00, 0x00, 0x80, 0x03,
  0x00, 0xea, 0x0f, 0x00, 0x84, 0x79, 0x08, 0x00, 0x00, 0x00, 0x20, 0x00,
  0x00, 0x0c, 0x00, 0x00, 0x00, 0x62, 0x0e, 0x01, 0x82, 0x8b, 0x10, 0xff,
  0x00, 0x04, 0x01, 0x00, 0x00, 0x0a, 0x00, 0x00, 0x00, 0xb0, 0x0e, 0x00,
  0x82, 0x8b, 0x04, 0xff, 0x00, 0xf8, 0x00, 0x00, 0x00, 0x0a, 0x00, 0x00,
  0x00, 0xe2, 0x0e, 0x00, 0x25, 0x82, 0x02, 0x0f, 0x10, 0x00, 0x00, 0x00,
  0x06, 0x00, 0x8e, 0x07, 0x00, 0xc8, 0x4f, 0x00, 0x24, 0x82, 0x03, 0x0f,
  0x11, 0x00, 0x00, 0x00, 0x03, 0x02, 0x8e, 0x07, 0x00, 0xe2, 0x0f, 0x00,
  0x10, 0x78, 0x0f, 0x19, 0x28, 0x00, 0x00, 0x00, 0xff, 0xe0, 0xff, 0x07,
  0x00, 0xc8, 0x0f, 0x00, 0x35, 0x82, 0x02, 0x02, 0x04, 0x00, 0x00, 0x00,
  0x00, 0x02, 0x8e, 0x07, 0x00, 0xe4, 0x8f, 0x00, 0x0c, 0x7c, 0x00, 0x0f,
  0x06, 0x00, 0x00, 0x00, 0x70, 0x62, 0xf2, 0x0b, 0x00, 0xc8, 0x0f, 0x00,
  0x86, 0x89, 0x00, 0x02, 0x08, 0x00, 0x00, 0x00, 0x0e, 0x1d, 0x10, 0x0c,
  0x00, 0xf2, 0x23, 0x00, 0x47, 0x19, 0x68, 0x00, 0x00, 0x00, 0x00, 0x00,
  0x00, 0x00, 0x80, 0x03, 0x00, 0xea, 0x0f, 0x00, 0x84, 0x79, 0x08, 0x00,
  0x00, 0x00, 0x28, 0x00, 0x00, 0x0c, 0x00, 0x00, 0x00, 0x62, 0x2e, 0x00,
  0x82, 0x8b, 0x10, 0xff, 0x00, 0x04, 0x01, 0x00, 0x00, 0x0a, 0x00, 0x00,
  0x00, 0xb0, 0x0e, 0x00, 0x82, 0x8b, 0x04, 0xff, 0x00, 0xf8, 0x00, 0x00,
  0x00, 0x0a, 0x00, 0x00, 0x00, 0xe2, 0x0e, 0x00, 0x25, 0x82, 0x02, 0x0f,
  0x10, 0x00, 0x00, 0x00, 0x06, 0x00, 0x8e, 0x07, 0x00, 0xc8, 0x4f, 0x00,
  0x24, 0x82, 0x03, 0x0f, 0x11, 0x00, 0x00, 0x00, 0x03, 0x02, 0x8e, 0x07,
  0x00, 0xe2, 0x0f, 0x00, 0x10, 0x78, 0x0f, 0x19, 0x30, 0x00, 0x00, 0x00,
  0xff, 0xe0, 0xff, 0x07, 0x00, 0xc8, 0x0f, 0x00, 0x35, 0x82, 0x02, 0x02,
  0x04, 0x00, 0x00, 0x00, 0x00, 0x02, 0x8e, 0x07, 0x00, 0xe4, 0x8f, 0x00,
  0x0c, 0x7c, 0x00, 0x0f, 0x06, 0x00, 0x00, 0x00, 0x70, 0x62, 0xf2, 0x0b,
  0x00, 0xc8, 0x0f, 0x00, 0x86, 0x89, 0x00, 0x02, 0x08, 0x00, 0x00, 0x00,
  0x0e, 0x1d, 0x10, 0x0c, 0x00, 0xf2, 0x23, 0x00, 0x47, 0x19, 0x40, 0x00,
  0x00, 0x00, 0x00, 0x00, 0x00, 0x00, 0x80, 0x03, 0x00, 0xea, 0x0f, 0x00,
  0x10, 0x78, 0x19, 0x19, 0x38, 0x00, 0x00, 0x00, 0xff, 0xe0, 0xff, 0x07,
  0x00, 0xe2, 0x0f, 0x00, 0x84, 0x79, 0x10, 0x00, 0x00, 0x00, 0x30, 0x00,
  0x00, 0x0c, 0x00, 0x00, 0x00, 0xa2, 0x0e, 0x00, 0x82, 0x8b, 0x1a, 0xff,
  0x00, 0x04, 0x01, 0x00, 0x00, 0x0a, 0x00, 0x00, 0x00, 0xe6, 0x0e, 0x00,
  0x0c, 0x7c, 0x00, 0x19, 0x06, 0x00, 0x00, 0x00, 0x70, 0x66, 0x72, 0x08,
  0x00, 0xe2, 0x0f, 0x00, 0x84, 0x79, 0x14, 0x00, 0x00, 0x00, 0x38, 0x00,
  0x00, 0x0c, 0x00, 0x00, 0x00, 0x28, 0x0f, 0x00, 0x82, 0x8b, 0x08, 0xff,
  0x00, 0xf8, 0x00, 0x00, 0x00, 0x0a, 0x00, 0x00, 0x00, 0x70, 0x2e, 0x00,
  0x82, 0x9b, 0x1c, 0xff, 0x00, 0x04, 0x01, 0x00, 0x00, 0x0a, 0x00, 0x00,
  0x00, 0x70, 0x0f, 0x00, 0x82, 0x9b, 0x0a, 0xff, 0x00, 0xf8, 0x00, 0x00,
  0x00, 0x0a, 0x00, 0x00, 0x00, 0x22, 0x0f, 0x00, 0x25, 0x82, 0x02, 0x0f,
  0x1a, 0x00, 0x00, 0x00, 0x06, 0x00, 0x8e, 0x07, 0x00, 0xc8, 0x8f, 0x00,
  0x24, 0x82, 0x03, 0x0f, 0x1b, 0x00, 0x00, 0x00, 0x03, 0x02, 0x8e, 0x07,
  0x00, 0xca, 0x0f, 0x00, 0x35, 0x82, 0x02, 0x02, 0x08, 0x00, 0x00, 0x00,
  0x00, 0x02, 0x8e, 0x07, 0x00, 0xe4, 0x2f, 0x00, 0x25, 0x92, 0x04, 0x19,
  0x1c, 0x00, 0x00, 0x00, 0x06, 0x00, 0x8e, 0x07, 0x00, 0xc8, 0x0f, 0x02,
  0x86, 0x89, 0x00, 0x02, 0x10, 0x00, 0x00, 0x00, 0x0e, 0x1d, 0x10, 0x0c,
  0x00, 0xe2, 0x43, 0x00, 0x24, 0x92, 0x05, 0x19, 0x1d, 0x00, 0x00, 0x00,
  0x05, 0x02, 0x8e, 0x07, 0x00, 0xca, 0x0f, 0x00, 0x35, 0x92, 0x04, 0x04,
  0x0a, 0x00, 0x00, 0x00, 0x00, 0x02, 0x8e, 0x07, 0x00, 0xcc, 0x0f, 0x01,
  0x86, 0x99, 0x00, 0x04, 0x14, 0x00, 0x00, 0x00, 0x0e, 0x1d, 0x10, 0x0c,
  0x00, 0xe4, 0x03, 0x00, 0x41, 0x79, 0x00, 0x00, 0x00, 0x00, 0x00, 0x00,
  0x00, 0x02, 0x80, 0x03, 0x00, 0xea, 0x0f, 0x00, 0xac, 0x77, 0x08, 0xff,
  0x00, 0x7d, 0x00, 0x00, 0x00, 0x0a, 0x00, 0x08, 0x00, 0x64, 0x0f, 0x00,
  0x0c, 0x7c, 0x00, 0xff, 0x08, 0x00, 0x00, 0x00, 0x70, 0x52, 0xf1, 0x0b,
  0x00, 0xdc, 0x0f, 0x02, 0x4d, 0x89, 0x00, 0x00, 0x00, 0x00, 0x00, 0x00,
  0x00, 0x00, 0x80, 0x03, 0x00, 0xea, 0x0f, 0x00, 0x82, 0x7b, 0x06, 0xff,
  0x00, 0x06, 0x01, 0x00, 0x00, 0x0a, 0x00, 0x00, 0x00, 0x62, 0x0e, 0x00,
  0x12, 0x78, 0xff, 0x0c, 0x83, 0x03, 0x00, 0x00, 0xff, 0xc0, 0x80, 0x07,
  0x00, 0xe2, 0x0f, 0x00, 0x02, 0x7c, 0x09, 0x00, 0x05, 0x00, 0x00, 0x00,
  0x00, 0x0f, 0x00, 0x08, 0x00, 0xd8, 0xef, 0x01, 0x4d, 0x09, 0x00, 0x00,
  0x00, 0x00, 0x00, 0x00, 0x00, 0x00, 0x80, 0x03, 0x00, 0xea, 0x0f, 0x00,
  0x10, 0x7c, 0x00, 0x0d, 0x0a, 0x00, 0x00, 0x00, 0xff, 0xe0, 0xff, 0x0f,
  0x00, 0xe2, 0x0f, 0x04, 0x25, 0x72, 0x04, 0x0d, 0x06, 0x00, 0x00, 0x00,
  0xff, 0x00, 0x8e, 0x07, 0x00, 0xc8, 0x0f, 0x00, 0x0c, 0x7c, 0x00, 0x00,
  0x06, 0x00, 0x00, 0x00, 0x70, 0x62, 0xf0, 0x0b, 0x00, 0xe2, 0x0f, 0x04,
  0x24, 0x72, 0x05, 0x0d, 0x07, 0x00, 0x00, 0x00, 0x05, 0x02, 0x8e, 0x07,
  0x00, 0xe2, 0x0f, 0x00, 0x10, 0x78, 0x00, 0x00, 0x08, 0x00, 0x00, 0x00,
  0xff, 0xe0, 0xff, 0x07, 0x00, 0xe2, 0x0f, 0x00, 0x25, 0x78, 0x04, 0x09,
  0x08, 0x00, 0x00, 0x00, 0x04, 0x02, 0x8e, 0x07, 0x00, 0xc8, 0x0f, 0x00,
  0x0c, 0x7c, 0x00, 0x00, 0x06, 0x00, 0x00, 0x00, 0x70, 0x62, 0xf2, 0x0b,
  0x00, 0xcc, 0x0f, 0x00, 0x24, 0x8c, 0x02, 0x06, 0x0a, 0x00, 0x00, 0x00,
  0xff, 0x02, 0x8e, 0x0f, 0x00, 0xca, 0x0f, 0x00, 0x19, 0x88, 0x03, 0xff,
  0x1f, 0x00, 0x00, 0x00, 0x02, 0x14, 0x01, 0x00, 0x00, 0xca, 0x0f, 0x00,
  0x35, 0x82, 0x02, 0x04, 0x02, 0x00, 0x00, 0x00, 0x00, 0x02, 0x8e, 0x07,
  0x00, 0xc8, 0x0f, 0x00, 0x35, 0x8c, 0x02, 0x02, 0x08, 0x00, 0x00, 0x00,
  0x00, 0x02, 0x8e, 0x0f, 0x00, 0xcc, 0x0f, 0x00, 0x86, 0x89, 0x00, 0x02,
  0xd5, 0x00, 0x00, 0x00, 0x0e, 0x19, 0x10, 0x0c, 0x00, 0xe8, 0x03, 0x00,
  0x86, 0x89, 0x00, 0x02, 0x21, 0x04, 0x00, 0x00, 0x0e, 0x19, 0x10, 0x0c,
  0x00, 0xe2, 0x03, 0x00, 0x4d, 0x19, 0x00, 0x00, 0x00, 0x00, 0x00, 0x00,
  0x00, 0x00, 0x80, 0x03, 0x00, 0xea, 0x0f, 0x00, 0x90, 0x78, 0x04, 0x0a,
  0x08, 0x00, 0x00, 0x00, 0xff, 0xe0, 0xff, 0x0f, 0x00, 0xcc, 0x0f, 0x00,
  0x24, 0x7c, 0x02, 0x06, 0x04, 0x00, 0x00, 0x00, 0xff, 0x02, 0x8e, 0x0f,
  0x00, 0xca, 0x2f, 0x00, 0x19, 0x78, 0x03, 0xff, 0x1f, 0x00, 0x00, 0x00,
  0x02, 0x14, 0x01, 0x00, 0x00, 0xca, 0x0f, 0x00, 0x35, 0x72, 0x02, 0x04,
  0x02, 0x00, 0x00, 0x00, 0x00, 0x02, 0x8e, 0x07, 0x00, 0xc8, 0x0f, 0x00,
  0x35, 0x7c, 0x02, 0x02, 0x08, 0x00, 0x00, 0x00, 0x00, 0x02, 0x8e, 0x0f,
  0x00, 0xcc, 0x0f, 0x00, 0x86, 0x79, 0x00, 0x02, 0xd7, 0x00, 0x00, 0x00,
  0x0e, 0x19, 0x10, 0x0c, 0x00, 0xe8, 0x0f, 0x00, 0x86, 0x79, 0x00, 0x02,
  0xd8, 0x04, 0x00, 0x00, 0x0e, 0x19, 0x10, 0x0c, 0x00, 0xe2, 0x0f, 0x00,
  0x4d, 0x79, 0x00, 0x00, 0x00, 0x00, 0x00, 0x00, 0x00, 0x00, 0x80, 0x03,
  0x00, 0xea, 0x0f, 0x00, 0x47, 0x79, 0xfc, 0x00, 0xfc, 0xff, 0xff, 0xff,
  0xff, 0xff, 0x83, 0x03, 0x00, 0xc0, 0x0f, 0x00, 0x18, 0x79, 0x00, 0x00,
  0x00, 0x00, 0x00, 0x00, 0x00, 0x00, 0x00, 0x00, 0x00, 0xc0, 0x0f, 0x00,
  0x18, 0x79, 0x00, 0x00, 0x00, 0x00, 0x00, 0x00, 0x00, 0x00, 0x00, 0x00,
  0x00, 0xc0, 0x0f, 0x00, 0x18, 0x79, 0x00, 0x00, 0x00, 0x00, 0x00, 0x00,
  0x00, 0x00, 0x00, 0x00, 0x00, 0xc0, 0x0f, 0x00, 0x18, 0x79, 0x00, 0x00,
  0x00, 0x00, 0x00, 0x00, 0x00, 0x00, 0x00, 0x00, 0x00, 0xc0, 0x0f, 0x00,
  0x18, 0x79, 0x00, 0x00, 0x00, 0x00, 0x00, 0x00, 0x00, 0x00, 0x00, 0x00,
  0x00, 0xc0, 0x0f, 0x00, 0x18, 0x79, 0x00, 0x00, 0x00, 0x00, 0x00, 0x00,
  0x00, 0x00, 0x00, 0x00, 0x00, 0xc0, 0x0f, 0x00, 0x18, 0x79, 0x00, 0x00,
  0x00, 0x00, 0x00, 0x00, 0x00, 0x00, 0x00, 0x00, 0x00, 0xc0, 0x0f, 0x00,
  0x18, 0x79, 0x00, 0x00, 0x00, 0x00, 0x00, 0x00, 0x00, 0x00, 0x00, 0x00,
  0x00, 0xc0, 0x0f, 0x00, 0x18, 0x79, 0x00, 0x00, 0x00, 0x00, 0x00, 0x00,
  0x00, 0x00, 0x00, 0x00, 0x00, 0xc0, 0x0f, 0x00, 0x18, 0x79, 0x00, 0x00,
  0x00, 0x00, 0x00, 0x00, 0x00, 0x00, 0x00, 0x00, 0x00, 0xc0, 0x0f, 0x00,
  0x18, 0x79, 0x00, 0x00, 0x00, 0x00, 0x00, 0x00, 0x00, 0x00, 0x00, 0x00,
  0x00, 0xc0, 0x0f, 0x00, 0x18, 0x79, 0x00, 0x00, 0x00, 0x00, 0x00, 0x00,
  0x00, 0x00, 0x00, 0x00, 0x00, 0xc0, 0x0f, 0x00, 0x82, 0x7b, 0x01, 0xff,
  0x00, 0xdf, 0x00, 0x00, 0x00, 0x08, 0x00, 0x00, 0x00, 0x70, 0x0e, 0x00,
  0xc3, 0x79, 0x09, 0x00, 0x00, 0x00, 0x00, 0x00, 0x00, 0x27, 0x00, 0x00,
  0x00, 0xa2, 0x0e, 0x00, 0xac, 0x77, 0x04, 0xff, 0x00, 0xb3, 0x00, 0x00,
  0x00, 0x0a, 0x00, 0x08, 0x00, 0xa2, 0x0e, 0x00, 0xac, 0x77, 0x06, 0xff,
  0x00, 0xb4, 0x00, 0x00, 0x00, 0x0a, 0x00, 0x08, 0x00, 0xe2, 0x0e, 0x00,
  0xac, 0x77, 0x10, 0xff, 0x00, 0x6b, 0x00, 0x00, 0x00, 0x0a, 0x00, 0x08,
  0x00, 0x22, 0x0f, 0x00, 0x8c, 0x72, 0x00, 0x06, 0xff, 0x00, 0x00, 0x00,
  0x70, 0x52, 0xf1, 0x0b, 0x00, 0xe2, 0x8f, 0x00, 0xa5, 0x78, 0x04, 0x09,
  0x04, 0x00, 0x00, 0x00, 0x04, 0x00, 0x8e, 0x0f, 0x00, 0xcc, 0x4f, 0x00,
  0x02, 0x7c, 0x02, 0x00, 0x04, 0x00, 0x00, 0x00, 0x00, 0x0f, 0x01, 0x08,
  0x00, 0xca, 0x0f, 0x00, 0xac, 0x07, 0x04, 0xff, 0x00, 0xb4, 0x00, 0x00,
  0x00, 0x0a, 0x00, 0x08, 0x00, 0xa2, 0x0e, 0x00, 0x81, 0x79, 0x06, 0x02,
  0x10, 0x00, 0x00, 0x00, 0x00, 0x19, 0x1e, 0x0c, 0x00, 0xe2, 0x0e, 0x01,
  0xac, 0x77, 0x08, 0xff, 0x20, 0xbb, 0x00, 0x00, 0x00, 0x00, 0x00, 0x08,
  0x00, 0x26, 0x0f, 0x00, 0x81, 0x79, 0x00, 0x02, 0x10, 0x04, 0x00, 0x00,
  0x00, 0x19, 0x1e, 0x0c, 0x00, 0xe2, 0x02, 0x00, 0x1c, 0x78, 0x08, 0x00,
  0x00, 0x00, 0x00, 0x00, 0x08, 0xf0, 0xf4, 0x03, 0x00, 0xe2, 0x0f, 0x00,
  0x91, 0x02, 0x04, 0x09, 0x04, 0x00, 0x00, 0x00, 0xff, 0x10, 0x82, 0x0f,
  0x00, 0xc8, 0x4f, 0x00, 0x91, 0x02, 0x05, 0x09, 0x05, 0x00, 0x00, 0x00,
  0xff, 0x14, 0x8f, 0x08, 0x00, 0xe2, 0x0f, 0x00, 0x8c, 0x72, 0x00, 0x08,
  0xff, 0x00, 0x00, 0x00, 0x70, 0x52, 0xf2, 0x0b, 0x00, 0xca, 0x0f, 0x01,
  0x02, 0x7c, 0x04, 0x00, 0x04, 0x00, 0x00, 0x00, 0x00, 0x0f, 0x01, 0x08,
  0x00, 0xc6, 0x0f, 0x00, 0x1c, 0x78, 0x08, 0x00, 0x00, 0x00, 0x00, 0x00,
  0x18, 0xf0, 0xfc, 0x03, 0x00, 0xc6, 0x0f, 0x00, 0x81, 0x29, 0x0a, 0x04,
  0x10, 0x04, 0x00, 0x00, 0x00, 0x19, 0x1e, 0x0c, 0x00, 0x62, 0x05, 0x00,
  0xa5, 0x98, 0x04, 0x09, 0x04, 0x00, 0x00, 0x00, 0x06, 0x00, 0x8e, 0x0f,
  0x00, 0xc6, 0x0f, 0x00, 0x81, 0x29, 0x09, 0x04, 0x10, 0x00, 0x00, 0x00,
  0x00, 0x19, 0x1e, 0x0c, 0x00, 0x66, 0x05, 0x00, 0x02, 0x7c, 0x02, 0x00,
  0x04, 0x00, 0x00, 0x00, 0x00, 0x0f, 0x01, 0x08, 0x00, 0xce, 0x2f, 0x00,
  0x81, 0xe9, 0x02, 0x02, 0x10, 0x00, 0x00, 0x00, 0x00, 0x19, 0x1e, 0x0c,
  0x00, 0x62, 0x05, 0x00, 0xc3, 0x79, 0x04, 0x00, 0x00, 0x00, 0x00, 0x00,
  0x00, 0x25, 0x00, 0x00, 0x00, 0x64, 0x0e, 0x00, 0x99, 0x78, 0x04, 0x04,
  0x06, 0x00, 0x00, 0x00, 0xff, 0x06, 0x00, 0x08, 0x00, 0xe2, 0x2f, 0x00,
  0xca, 0x72, 0x0c, 0x06, 0x00, 0x00, 0x00, 0x00, 0x00, 0x00, 0x0e, 0x00,
  0x00, 0xe4, 0x8f, 0x00, 0xca, 0x72, 0x06, 0x00, 0x00, 0x00, 0x00, 0x00,
  0x00, 0x00, 0x0e, 0x00, 0x00, 0xda, 0x0f, 0x00, 0x90, 0x72, 0x06, 0x0c,
  0x06, 0x00, 0x00, 0x00, 0xff, 0xe1, 0xff, 0x0f, 0x00, 0xc8, 0x0f, 0x00,
  0x8c, 0x72, 0x00, 0x04, 0x06, 0x00, 0x00, 0x00, 0x70, 0x62, 0xf4, 0x0b,
  0x00, 0xcc, 0x0f, 0x00, 0x1c, 0x78, 0x08, 0x00, 0x00, 0x00, 0x00, 0x00,
  0x28, 0xf0, 0xf0, 0x03, 0x00, 0xda, 0x0f, 0x00, 0x4d, 0x09, 0x00, 0x00,
  0x00, 0x00, 0x00, 0x00, 0x00, 0x00, 0x80, 0x03, 0x00, 0xea, 0x4f, 0x00,
  0x82, 0x7b, 0x12, 0xff, 0x00, 0x55, 0x01, 0x00, 0x00, 0x08, 0x00, 0x00,
  0x00, 0x62, 0x0e, 0x00, 0x19, 0x79, 0x17, 0x00, 0x00, 0x00, 0x00, 0x00,
  0x00, 0x21, 0x00, 0x00, 0x00, 0xa2, 0x0e, 0x00, 0x90, 0x72, 0x05, 0x06,
  0x04, 0x00, 0x00, 0x80, 0xff, 0xe0, 0xff, 0x0f, 0x00, 0xe2, 0x0f, 0x00,
  0xac, 0x17, 0x0a, 0xff, 0x00, 0xab, 0x00, 0x00, 0x00, 0x0a, 0x00, 0x08,
  0x00, 0xe2, 0x0e, 0x00, 0xca, 0x22, 0x0d, 0x0a, 0x00, 0x00, 0x00, 0x00,
  0x00, 0x00, 0x0e, 0x00, 0x00, 0xe2, 0x0f, 0x02, 0x19, 0x79, 0x19, 0x00,
  0x00, 0x00, 0x00, 0x00, 0x00, 0x26, 0x00, 0x00, 0x00, 0x22, 0x0f, 0x00,
  0xca, 0x22, 0x0e, 0x09, 0x00, 0x00, 0x00, 0x00, 0x00, 0x00, 0x0e, 0x00,
  0x00, 0xe2, 0x0f, 0x00, 0x4a, 0x78, 0x08, 0x05, 0x40, 0x00, 0x00, 0x00,
  0x00, 0x01, 0xfe, 0x0b, 0x00, 0xe2, 0x0f, 0x00, 0x82, 0x7b, 0x1c, 0xff,
  0x00, 0xfc, 0x00, 0x00, 0x00, 0x0a, 0x00, 0x00, 0x00, 0xa2, 0x0e, 0x00,
  0xac, 0x77, 0x12, 0xff, 0x00, 0x71, 0x00, 0x00, 0x00, 0x0a, 0x00, 0x08,
  0x00, 0x62, 0x0e, 0x00, 0xac, 0x77, 0x18, 0xff, 0x00, 0x72, 0x00, 0x00,
  0x00, 0x0c, 0x00, 0x08, 0x00, 0x62, 0x0e, 0x00, 0xa4, 0x12, 0x05, 0x09,
  0x0b, 0x00, 0x00, 0x00, 0xff, 0x02, 0x8e, 0x0f, 0x00, 0xe2, 0x8f, 0x00,
  0xa4, 0x12, 0x07, 0x09, 0x0a, 0x00, 0x00, 0x00, 0xff, 0x02, 0x8e, 0x0f,
  0x00, 0xc8, 0x0f, 0x00, 0xc3, 0x79, 0x0a, 0x00, 0x00, 0x00, 0x00, 0x00,
  0x00, 0x88, 0x00, 0x00, 0x00, 0xe2, 0x0e, 0x00, 0x13, 0x72, 0x1b, 0x00,
  0x12, 0x00, 0x00, 0x00, 0x00, 0x00, 0x00, 0x00, 0x00, 0xe2, 0x2f, 0x00,
  0xac, 0x77, 0x0b, 0xff, 0x80, 0xad, 0x00, 0x00, 0x00, 0x08, 0x00, 0x08,
  0x00, 0x66, 0x0e, 0x00, 0x06, 0x73, 0x04, 0x00, 0x1b, 0x00, 0x00, 0x00,
  0x00, 0x94, 0x20, 0x00, 0x00, 0x62, 0x0e, 0x00, 0xca, 0xe2, 0x05, 0x02,
  0x00, 0x00, 0x00, 0x00, 0x00, 0x00, 0x0e, 0x00, 0x00, 0xe2, 0x0f, 0x00,
  0x82, 0x9c, 0x07, 0x00, 0x0c, 0x00, 0x00, 0x00, 0x00, 0x00, 0x00, 0x08,
  0x00, 0xe2, 0x0f, 0x00, 0x02, 0x72, 0x02, 0x00, 0xff, 0x00, 0x00, 0x00,
  0x00, 0x0f, 0x00, 0x00, 0x00, 0xe2, 0x0f, 0x00, 0x19, 0x78, 0x00, 0xff,
  0x04, 0x00, 0x00, 0x00, 0x17, 0x16, 0x01, 0x00, 0x00, 0xe2, 0x4f, 0x00,
  0x24, 0x78, 0x15, 0x17, 0x10, 0x00, 0x00, 0x00, 0xff, 0x00, 0x8e, 0x07,
  0x00, 0xe2, 0x0f, 0x00, 0x13, 0x72, 0x0a, 0x00, 0x19, 0x00, 0x00, 0x00,
  0x00, 0x00, 0x00, 0x00, 0x00, 0xc4, 0x0f, 0x01, 0x10, 0x78, 0x0f, 0x00,
  0x08, 0x00, 0x00, 0x00, 0xff, 0xe0, 0xff, 0x07, 0x00, 0xe4, 0x0f, 0x04,
  0x10, 0x78, 0x10, 0x00, 0x10, 0x00, 0x00, 0x00, 0xff, 0xe0, 0xff, 0x07,
  0x00, 0xe2, 0x0f, 0x04, 0x0c, 0x7c, 0x00, 0x00, 0x08, 0x00, 0x00, 0x00,
  0x70, 0x62, 0xf6, 0x0b, 0x00, 0xe2, 0x0f, 0x04, 0x10, 0x78, 0x11, 0x00,
  0x18, 0x00, 0x00, 0x00, 0xff, 0xe0, 0xff, 0x07, 0x00, 0xe2, 0x0f, 0x00,
  0x08, 0x73, 0x04, 0x00, 0x04, 0x00, 0x00, 0x00, 0x00, 0x10, 0x00, 0x00,
  0x00, 0x62, 0x2e, 0x00, 0x0c, 0x7c, 0x00, 0x0f, 0x08, 0x00, 0x00, 0x00,
  0x70, 0x62, 0xf8, 0x0b, 0x00, 0xe2, 0x0f, 0x00, 0x0c, 0x7c, 0x00, 0x10,
  0x08, 0x00, 0x00, 0x00, 0x70, 0x62, 0xfa, 0x0b, 0x00, 0xe2, 0x0f, 0x00,
  0x07, 0x78, 0x06, 0xff, 0x01, 0x00, 0x00, 0x00, 0x00, 0x00, 0x80, 0x01,
  0x00, 0xe2, 0x0f, 0x00, 0x10, 0x78, 0x05, 0x00, 0x28, 0x00, 0x00, 0x00,
  0xff, 0xe0, 0xff, 0x07, 0x00, 0xe2, 0x0f, 0x00, 0x0c, 0x7c, 0x00, 0x11,
  0x08, 0x00, 0x00, 0x00, 0x70, 0x62, 0xf4, 0x0b, 0x00, 0xe2, 0x0f, 0x00,
  0x07, 0x78, 0x07, 0xff, 0x02, 0x00, 0x00, 0x00, 0x00, 0x00, 0x00, 0x02,
  0x00, 0xe2, 0x0f, 0x00, 0x07, 0x78, 0x08, 0xff, 0x04, 0x00, 0x00, 0x00,
  0x00, 0x00, 0x80, 0x02, 0x00, 0xc4, 0x0f, 0x00, 0x0c, 0x7c, 0x00, 0x05,
  0x08, 0x00, 0x00, 0x00, 0x70, 0x62, 0xf2, 0x0b, 0x00, 0xc6, 0x0f, 0x00,
  0x10, 0x72, 0x06, 0x08, 0x07, 0x00, 0x00, 0x00, 0x06, 0xe0, 0xff, 0x07,
  0x00, 0xe4, 0x0f, 0x00, 0x10, 0x78, 0x07, 0x00, 0x30, 0x00, 0x00, 0x00,
  0xff, 0xe0, 0xff, 0x07, 0x00, 0xe4, 0x0f, 0x00, 0x10, 0x78, 0x03, 0x04,
  0xfe, 0xff, 0xff, 0x0f, 0xff, 0xe0, 0xff, 0x07, 0x00, 0xe4, 0x2f, 0x00,
  0x10, 0x78, 0x04, 0x00, 0x20, 0x00, 0x00, 0x00, 0xff, 0xe0, 0xff, 0x07,
  0x00, 0xe2, 0x0f, 0x00, 0x0c, 0x7c, 0x00, 0x07, 0x08, 0x00, 0x00, 0x00,
  0x70, 0x62, 0xfc, 0x0b, 0x00, 0xc6, 0x0f, 0x00, 0x05, 0x73, 0x03, 0x00,
  0x03, 0x00, 0x00, 0x00, 0x00, 0xf0, 0x21, 0x00, 0x00, 0x62, 0x0e, 0x00,
  0x0c, 0x7c, 0x00, 0x04, 0x08, 0x00, 0x00, 0x00, 0x70, 0x62, 0xf0, 0x0b,
  0x00, 0xe2, 0x0f, 0x00, 0x07, 0x78, 0x04, 0xff, 0x08, 0x00, 0x00, 0x00,
  0x00, 0x00, 0x00, 0x01, 0x00, 0xe2, 0x0f, 0x00, 0x07, 0x78, 0x0e, 0xff,
  0x00, 0x04, 0x00, 0x00, 0x00, 0x00, 0x00, 0x03, 0x00, 0xc6, 0x0f, 0x00,
  0x07, 0x78, 0x05, 0xff, 0x00, 0x01, 0x00, 0x00, 0x00, 0x00, 0x00, 0x00,
  0x00, 0xca, 0x0f, 0x00, 0x10, 0x72, 0x07, 0x05, 0x06, 0x00, 0x00, 0x00,
  0x04, 0xe0, 0xff, 0x07, 0x00, 0xe4, 0x0f, 0x00, 0x12, 0x7c, 0x04, 0x00,
  0x04, 0x00, 0x00, 0x00, 0xff, 0xfc, 0x8e, 0x0f, 0x00, 0xe4, 0x0f, 0x04,
  0x10, 0x72, 0x08, 0xff, 0x03, 0x00, 0x00, 0x80, 0xff, 0xe0, 0xff, 0x07,
  0x00, 0xe4, 0x2f, 0x00, 0x10, 0x78, 0x06, 0x00, 0x38, 0x00, 0x00, 0x00,
  0xff, 0xe0, 0xff, 0x07, 0x00, 0xe4, 0x0f, 0x00, 0x10, 0x7c, 0x05, 0x04,
  0x07, 0x00, 0x00, 0x00, 0xff, 0xe0, 0xff, 0x0f, 0x00, 0xe2, 0x0f, 0x00,
  0x07, 0x78, 0x04, 0xff, 0x00, 0x02, 0x00, 0x00, 0x00, 0x00, 0x80, 0x00,
  0x00, 0xe2, 0x0f, 0x00, 0x24, 0x72, 0x09, 0x08, 0x1b, 0x00, 0x00, 0x00,
  0xff, 0x02, 0x8e, 0x07, 0x00, 0xe2, 0x0f, 0x00, 0x0c, 0x7c, 0x00, 0x06,
  0x08, 0x00, 0x00, 0x00, 0x70, 0x62, 0xfc, 0x0b, 0x00, 0xe2, 0x0f, 0x00,
  0x82, 0x78, 0x08, 0x00, 0x00, 0x04, 0x00, 0x00, 0x00, 0x00, 0x00, 0x00,
  0x00, 0xc4, 0x0f, 0x00, 0x27, 0x72, 0x03, 0x03, 0x09, 0x00, 0x00, 0x00,
  0x02, 0x00, 0x8e, 0x07, 0x00, 0xe2, 0x0f, 0x00, 0x19, 0x78, 0x09, 0xff,
  0x1f, 0x00, 0x00, 0x00, 0x05, 0x14, 0x01, 0x00, 0x00, 0xe2, 0x0f, 0x00,
  0x91, 0x72, 0x0a, 0x0a, 0x08, 0x00, 0x00, 0x00, 0xff, 0xc0, 0x8e, 0x0f,
  0x00, 0xe2, 0x8f, 0x00, 0x12, 0x78, 0x02, 0x15, 0xf0, 0x00, 0x00, 0x00,
  0xff, 0xc0, 0x8e, 0x07, 0x00, 0xe4, 0x0f, 0x00, 0x10, 0x72, 0x0b, 0x04,
  0x07, 0x00, 0x00, 0x00, 0xff, 0xe0, 0xff, 0x07, 0x00, 0xe2, 0x0f, 0x00,
  0x27, 0x72, 0x0c, 0x03, 0x0a, 0x00, 0x00, 0x00, 0xff, 0x00, 0x8e, 0x07,
  0x00, 0xe2, 0x0f, 0x00, 0x02, 0x72, 0x03, 0x00, 0xff, 0x00, 0x00, 0x00,
  0x00, 0x0f, 0x00, 0x00, 0x00, 0xe2, 0x0f, 0x00, 0x07, 0x78, 0x0d, 0xff,
  0x00, 0x08, 0x00, 0x00, 0x00, 0x00, 0x00, 0x03, 0x00, 0xe2, 0x0f, 0x00,
  0x19, 0x78, 0x07, 0x1c, 0x03, 0x00, 0x00, 0x00, 0x1d, 0x02, 0x01, 0x00,
  0x00, 0xe2, 0x0f, 0x00, 0x24, 0x72, 0x04, 0x09, 0x1c, 0x00, 0x00, 0x00,
  0xff, 0x02, 0x8e, 0x07, 0x00, 0xe2, 0x0f, 0x00, 0x10, 0x72, 0x06, 0x0c,
  0xff, 0x00, 0x00, 0x00, 0xff, 0xe1, 0xff, 0x07, 0x00, 0xe2, 0x0f, 0x00,
  0x24, 0x78, 0x02, 0x19, 0x00, 0x01, 0x00, 0x00, 0x02, 0x02, 0x8e, 0x07,
  0x00, 0xe2, 0x0f, 0x00, 0x82, 0x7c, 0x08, 0x00, 0x06, 0x00, 0x00, 0x00,
  0x00, 0x00, 0x00, 0x08, 0x00, 0xe2, 0x0f, 0x00, 0x24, 0x72, 0x09, 0x05,
  0x1d, 0x00, 0x00, 0x00, 0x04, 0x02, 0x8e, 0x07, 0x00, 0xe2, 0x0f, 0x00,
  0x12, 0x78, 0x04, 0x00, 0x07, 0x00, 0x00, 0x00, 0xff, 0xc0, 0x8e, 0x07,
  0x00, 0xe2, 0x0f, 0x00, 0x24, 0x72, 0x0a, 0x1b, 0x06, 0x00, 0x00, 0x00,
  0x0a, 0x02, 0x8e, 0x07, 0x00, 0xe2, 0x0f, 0x00, 0x90, 0x02, 0x08, 0x0d,
  0x0e, 0x00, 0x00, 0x80, 0xff, 0xe0, 0xff, 0x0f, 0x00, 0xe2, 0x0f, 0x00,
  0x25, 0x72, 0x02, 0x05, 0x1c, 0x00, 0x00, 0x00, 0x02, 0x00, 0x8e, 0x07,
  0x00, 0xe2, 0x0f, 0x00, 0x12, 0x78, 0x05, 0x04, 0x0f, 0x00, 0x00, 0x00,
  0x17, 0x78, 0x8e, 0x07, 0x00, 0xe2, 0x0f, 0x00, 0x90, 0x78, 0x15, 0x0a,
  0x00, 0x40, 0x00, 0x00, 0xff, 0xe0, 0xff, 0x0f, 0x00, 0xe2, 0x0f, 0x00,
  0x0c, 0x72, 0x00, 0x1b, 0x0a, 0x00, 0x00, 0x00, 0x70, 0x40, 0xfc, 0x03,
  0x00, 0xe2, 0x0f, 0x00, 0x24, 0x78, 0x06, 0x1c, 0x08, 0x00, 0x00, 0x00,
  0xff, 0x00, 0x8e, 0x07, 0x00, 0xe2, 0x0f, 0x00, 0x10, 0x72, 0x03, 0x03,
  0x09, 0x00, 0x00, 0x00, 0xff, 0xe0, 0xff, 0x07, 0x00, 0xe2, 0x0f, 0x00,
  0x24, 0x78, 0x05, 0x00, 0x10, 0x00, 0x00, 0x00, 0x05, 0x02, 0x8e, 0x07,
  0x00, 0xe2, 0x0f, 0x00, 0x8c, 0x72, 0x00, 0x08, 0x0b, 0x00, 0x00, 0x00,
  0x70, 0x42, 0xf0, 0x0b, 0x00, 0xe2, 0x0f, 0x00, 0x90, 0x72, 0x0d, 0x08,
  0x04, 0x00, 0x00, 0x00, 0x06, 0xe8, 0xff, 0x0f, 0x00, 0xe2, 0x0f, 0x00,
  0x10, 0x72, 0x0d, 0x0b, 0x0e, 0x00, 0x00, 0x00, 0x0d, 0xe0, 0xff, 0x07,
  0x00, 0xe2, 0x0f, 0x00, 0x24, 0x78, 0xdb, 0x05, 0x10, 0x00, 0x00, 0x00,
  0xff, 0x00, 0x8e, 0x07, 0x00, 0xe2, 0x0f, 0x00, 0x35, 0x72, 0x04, 0x02,
  0x06, 0x00, 0x00, 0x00, 0x00, 0x02, 0x8e, 0x07, 0x00, 0xc4, 0x0f, 0x00,
  0x35, 0x7c, 0x02, 0x02, 0x12, 0x00, 0x00, 0x00, 0x00, 0x02, 0x8e, 0x0f,
  0x00, 0xc6, 0x0f, 0x00, 0x10, 0x7c, 0x13, 0xdb, 0x0a, 0x00, 0x00, 0x00,
  0xff, 0xe0, 0xff, 0x0f, 0x00, 0xe4, 0x0f, 0x00, 0x10, 0xe2, 0x0a, 0x0a,
  0x1b, 0x00, 0x00, 0x80, 0xff, 0xe0, 0xff, 0x07, 0x00, 0xe2, 0x0f, 0x00,
  0x35, 0x7c, 0x08, 0x04, 0x12, 0x00, 0x00, 0x00, 0x00, 0x02, 0x8e, 0x0f,
  0x00, 0xc6, 0x0f, 0x00, 0x10, 0xe8, 0x0c, 0x0c, 0x01, 0x00, 0x00, 0x00,
  0xff, 0xe0, 0xff, 0x07, 0x00, 0xe2, 0x0f, 0x00, 0x84, 0xf9, 0xff, 0xff,
  0x00, 0x00, 0x00, 0x00, 0x00, 0x08, 0x00, 0x00, 0x00, 0xe2, 0x0f, 0x00,
  0x84, 0xf9, 0xff, 0xff, 0x00, 0x00, 0x00, 0x00, 0x00, 0x08, 0x00, 0x00,
  0x00, 0xe2, 0x0f, 0x00, 0x84, 0xf9, 0xff, 0xff, 0x00, 0x00, 0x00, 0x00,
  0x00, 0x08, 0x00, 0x00, 0x00, 0xe2, 0x0f, 0x00, 0xae, 0x7f, 0x13, 0x02,
  0x00, 0x00, 0x00, 0x00, 0x10, 0x18, 0x98, 0x0d, 0x00, 0xe2, 0x03, 0x00,
  0x0c, 0x72, 0x00, 0x0a, 0x1b, 0x00, 0x00, 0x00, 0x70, 0x60, 0xf6, 0x03,
  0x00, 0xe2, 0x0f, 0x00, 0x35, 0x72, 0x04, 0x06, 0x04, 0x00, 0x00, 0x00,
  0x00, 0x02, 0x8e, 0x07, 0x00, 0xe4, 0x0f, 0x00, 0x90, 0x08, 0x09, 0x0d,
  0x01, 0x00, 0x00, 0x00, 0x0b, 0xe8, 0xff, 0x0f, 0x00, 0xe2, 0x0f, 0x00,
  0x82, 0x7b, 0x1a, 0xff, 0x00, 0xfe, 0x00, 0x00, 0x00, 0x0a, 0x00, 0x00,
  0x00, 0xa2, 0x0e, 0x00, 0x35, 0x7c, 0x0a, 0x04, 0x12, 0x00, 0x00, 0x00,
  0x00, 0x02, 0x8e, 0x0f, 0x00, 0xe4, 0x0f, 0x00, 0x4a, 0x02, 0x09, 0xff,
  0x09, 0x00, 0x00, 0x00, 0x00, 0x01, 0xfe, 0x0f, 0x00, 0xe2, 0x0f, 0x00,
  0x19, 0x78, 0x0e, 0xff, 0x06, 0x00, 0x00, 0x00, 0x0d, 0x16, 0x01, 0x00,
  0x00, 0xe2, 0x0f, 0x00, 0x82, 0x7c, 0x04, 0x00, 0xff, 0x00, 0x00, 0x00,
  0x00, 0x00, 0x00, 0x08, 0x00, 0xe2, 0x0f, 0x00, 0x35, 0x72, 0x04, 0x06,
  0x04, 0x00, 0x00, 0x00, 0x00, 0x02, 0x8e, 0x07, 0x00, 0xc4, 0x0f, 0x00,
  0x92, 0x08, 0x04, 0x09, 0xe0, 0xff, 0xff, 0x7f, 0xff, 0xc0, 0x8e, 0x0f,
  0x00, 0xe2, 0x0f, 0x00, 0x12, 0x72, 0x02, 0x19, 0x12, 0x00, 0x00, 0x00,
  0xff, 0x3c, 0x8e, 0x07, 0x00, 0xe2, 0x2f, 0x00, 0xae, 0x7f, 0x13, 0x08,
  0x00, 0x00, 0x80, 0x00, 0x10, 0x18, 0x18, 0x0e, 0x00, 0xe2, 0x03, 0x00,
  0x10, 0x38, 0x0c, 0x0c, 0x01, 0x00, 0x00, 0x00, 0xff, 0xe0, 0xff, 0x07,
  0x00, 0xe2, 0x0f, 0x00, 0x0c, 0x72, 0x00, 0x12, 0xff, 0x00, 0x00, 0x00,
  0x70, 0x52, 0xf6, 0x03, 0x00, 0xe2, 0x0f, 0x00, 0x19, 0x78, 0x0d, 0xff,
  0x07, 0x00, 0x00, 0x00, 0x0d, 0x16, 0x01, 0x00, 0x00, 0xe2, 0x0f, 0x00,
  0xae, 0x7f, 0x13, 0x0a, 0x00, 0x00, 0x00, 0x01, 0x10, 0x18, 0x98, 0x0e,
  0x00, 0xe2, 0x07, 0x00, 0x0c, 0x72, 0x00, 0x02, 0xff, 0x00, 0x00, 0x00,
  0x70, 0x62, 0xfc, 0x03, 0x00, 0xe2, 0x0f, 0x00, 0x12, 0x78, 0xff, 0x0e,
  0x10, 0x00, 0x00, 0x00, 0xff, 0xc0, 0x88, 0x07, 0x00, 0xe2, 0x0f, 0x00,
  0x90, 0x72, 0x0c, 0x04, 0x08, 0x00, 0x00, 0x00, 0xff, 0xe1, 0xff, 0x0f,
  0x00, 0xe2, 0x0f, 0x00, 0x02, 0x72, 0x0e, 0x00, 0x0c, 0x00, 0x00, 0x00,
  0x00, 0x0f, 0x00, 0x00, 0x00, 0xe2, 0x0f, 0x00, 0x10, 0x7c, 0x02, 0x00,
  0x05, 0x00, 0x00, 0x00, 0xff, 0xe0, 0xff, 0x0f, 0x00, 0xc4, 0x0f, 0x00,
  0x12, 0x78, 0xff, 0x0d, 0x10, 0x00, 0x00, 0x00, 0xff, 0xc0, 0x8a, 0x07,
  0x00, 0xe2, 0x0f, 0x00, 0x4a, 0x78, 0x09, 0x0c, 0x20, 0x00, 0x00, 0x00,
  0x00, 0x01, 0xfe, 0x0b, 0x00, 0xe2, 0x0f, 0x00, 0x35, 0x7c, 0x08, 0x04,
  0x12, 0x00, 0x00, 0x00, 0x00, 0x02, 0x8e, 0x0f, 0x00, 0xe4, 0x2f, 0x00,
  0x82, 0x7b, 0x1c, 0xff, 0x00, 0x00, 0x01, 0x00, 0x00, 0x0a, 0x00, 0x00,
  0x00, 0x62, 0x0e, 0x00, 0x19, 0x78, 0x03, 0xff, 0x1f, 0x00, 0x00, 0x00,
  0x02, 0x14, 0x01, 0x00, 0x00, 0xe2, 0x0f, 0x00, 0x35, 0x72, 0x0a, 0x06,
  0x04, 0x00, 0x00, 0x00, 0x00, 0x02, 0x8e, 0x07, 0x00, 0xc6, 0x8f, 0x00,
  0x10, 0xe2, 0x0e, 0x0e, 0xff, 0x00, 0x00, 0x00, 0xff, 0xe1, 0xff, 0x07,
  0x00, 0xe4, 0x0f, 0x00, 0x12, 0xb2, 0x0e, 0xff, 0x12, 0x00, 0x00, 0x00,
  0xff, 0x33, 0x8e, 0x07, 0x00, 0xe2, 0x0f, 0x00, 0x35, 0x7c, 0x0c, 0x0a,
  0x12, 0x00, 0x00, 0x00, 0x00, 0x02, 0x8e, 0x0f, 0x00, 0xe4, 0x0f, 0x00,
  0xae, 0x7f, 0x13, 0x08, 0x00, 0x00, 0x80, 0x01, 0x10, 0x18, 0x18, 0x0d,
  0x00, 0xe2, 0x0f, 0x00, 0x82, 0x7c, 0x05, 0x00, 0xff, 0x00, 0x00, 0x00,
  0x00, 0x00, 0x00, 0x08, 0x00, 0xe2, 0x0f, 0x00, 0x0c, 0x7c, 0x00, 0x10,
  0x09, 0x00, 0x00, 0x00, 0x70, 0x62, 0xf6, 0x0b, 0x00, 0xe2, 0x0f, 0x00,
  0x25, 0x78, 0x04, 0x0e, 0x00, 0x01, 0x00, 0x00, 0xff, 0x02, 0x8e, 0x07,
  0x00, 0xe2, 0x0f, 0x00, 0xae, 0x7f, 0x13, 0x0c, 0x00, 0x00, 0x00, 0x02,
  0x10, 0x18, 0x18, 0x0c, 0x00, 0xe2, 0x07, 0x00, 0x0c, 0x7c, 0x00, 0x11,
  0x09, 0x00, 0x00, 0x00, 0x70, 0x62, 0xf0, 0x0b, 0x00, 0xe2, 0x0f, 0x00,
  0x35, 0x7c, 0x10, 0x02, 0x04, 0x00, 0x00, 0x00, 0x00, 0x02, 0x8e, 0x0f,
  0x00, 0xc4, 0x0f, 0x00, 0x0c, 0x7c, 0x00, 0x0f, 0x09, 0x00, 0x00, 0x00,
  0x70, 0x62, 0xf4, 0x0b, 0x00, 0xe2, 0x0f, 0x00, 0x35, 0x72, 0x0a, 0x06,
  0x0a, 0x00, 0x00, 0x00, 0x00, 0x02, 0x8e, 0x07, 0x00, 0xe4, 0x0f, 0x00,
  0x0c, 0x7c, 0x00, 0x00, 0x09, 0x00, 0x00, 0x00, 0x70, 0x62, 0xfc, 0x0b,
  0x00, 0xe2, 0x0f, 0x00, 0x12, 0x78, 0x0e, 0x04, 0xf0, 0x00, 0x00, 0x00,
  0x15, 0xf8, 0x8e, 0x07, 0x00, 0xe2, 0x0f, 0x00, 0x24, 0x72, 0x00, 0x11,
  0x1a, 0x00, 0x00, 0x00, 0xff, 0x02, 0x8e, 0x07, 0x00, 0xe2, 0x4f, 0x00,
  0x02, 0x72, 0x0f, 0x00, 0x05, 0x00, 0x00, 0x00, 0x00, 0x0f, 0x00, 0x00,
  0x00, 0xe2, 0x0f, 0x00, 0x35, 0x72, 0x02, 0x06, 0x0a, 0x00, 0x00, 0x00,
  0x00, 0x02, 0x8e, 0x07, 0x00, 0xe4, 0x0f, 0x00, 0x35, 0x7c, 0x0a, 0x0a,
  0x12, 0x00, 0x00, 0x00, 0x00, 0x02, 0x8e, 0x0f, 0x00, 0xe4, 0x0f, 0x00,
  0x24, 0x72, 0x05, 0x10, 0x1b, 0x00, 0x00, 0x00, 0x00, 0x02, 0x8e, 0x07,
  0x00, 0xe2, 0x0f, 0x00, 0x35, 0x72, 0x06, 0x06, 0x02, 0x00, 0x00, 0x00,
  0x00, 0x02, 0x8e, 0x07, 0x00, 0xc4, 0x0f, 0x00, 0x25, 0x72, 0x0c, 0x10,
  0x1a, 0x00, 0x00, 0x00, 0x0e, 0x00, 0x8e, 0x07, 0x00, 0xe2, 0x8f, 0x00,
  0xae, 0x7f, 0x13, 0x0a, 0x00, 0x00, 0x80, 0x02, 0x10, 0x18, 0x98, 0x0c,
  0x00, 0xe2, 0x05, 0x00, 0x35, 0x7c, 0x02, 0x02, 0x12, 0x00, 0x00, 0x00,
  0x00, 0x02, 0x8e, 0x0f, 0x00, 0xe4, 0x0f, 0x00, 0x24, 0x72, 0x00, 0x11,
  0x1c, 0x00, 0x00, 0x00, 0xff, 0x02, 0x8e, 0x07, 0x00, 0xe2, 0x2f, 0x00,
  0x10, 0x72, 0x0d, 0x0d, 0x05, 0x00, 0x00, 0x00, 0xff, 0xe0, 0xff, 0x07,
  0x00, 0xe4, 0x0f, 0x00, 0x11, 0x72, 0x08, 0x1a, 0x0c, 0x00, 0x00, 0x00,
  0xff, 0x20, 0x82, 0x07, 0x00, 0xe2, 0x0f, 0x00, 0x35, 0x7c, 0x06, 0x06,
  0x12, 0x00, 0x00, 0x00, 0x00, 0x02, 0x8e, 0x0f, 0x00, 0xe4, 0x0f, 0x00,
  0x24, 0x78, 0x04, 0x1a, 0x08, 0x00, 0x00, 0x00, 0xff, 0x00, 0x8e, 0x07,
  0x00, 0xe2, 0x0f, 0x04, 0x19, 0x78, 0x05, 0x1a, 0x03, 0x00, 0x00, 0x00,
  0x1b, 0x02, 0x01, 0x00, 0x00, 0xe2, 0x0f, 0x14, 0xae, 0x7f, 0x13, 0x02,
  0x00, 0x00, 0x00, 0x03, 0x10, 0x18, 0x18, 0x0a, 0x00, 0xe2, 0x03, 0x00,
  0x11, 0x72, 0x09, 0x1a, 0x0d, 0x00, 0x00, 0x00, 0x1b, 0x24, 0x8f, 0x00,
  0x00, 0xe2, 0x0f, 0x00, 0x24, 0x72, 0x1b, 0x10, 0x1d, 0x00, 0x00, 0x00,
  0x00, 0x02, 0x8e, 0x07, 0x00, 0xe2, 0x0f, 0x00, 0x19, 0x78, 0x0b, 0x1c,
  0x03, 0x00, 0x00, 0x00, 0x1d, 0x02, 0x01, 0x00, 0x00, 0xe2, 0x4f, 0x00,
  0x25, 0x72, 0x10, 0x10, 0x1c, 0x00, 0x00, 0x00, 0x0e, 0x00, 0x8e, 0x07,
  0x00, 0xe2, 0x0f, 0x00, 0xae, 0x7f, 0x13, 0x06, 0x00, 0x00, 0x80, 0x03,
  0x10, 0x18, 0x98, 0x0a, 0x00, 0xe2, 0x05, 0x00, 0x90, 0x78, 0x16, 0x0a,
  0x00, 0x60, 0x00, 0x00, 0xff, 0xe0, 0xff, 0x0f, 0x00, 0xe2, 0x0f, 0x00,
  0x35, 0x7c, 0xd2, 0x0c, 0x18, 0x00, 0x00, 0x00, 0x00, 0x02, 0x8e, 0x0f,
  0x00, 0xc6, 0x0f, 0x00, 0x10, 0x72, 0x11, 0x11, 0x1b, 0x00, 0x00, 0x00,
  0xff, 0xe0, 0xff, 0x07, 0x00, 0xe4, 0x0f, 0x00, 0x11, 0x72, 0x0e, 0x1c,
  0x10, 0x00, 0x00, 0x00, 0xff, 0x20, 0x82, 0x07, 0x00, 0xe2, 0x0f, 0x04,
  0x24, 0x78, 0x0a, 0x1c, 0x08, 0x00, 0x00, 0x00, 0xff, 0x00, 0x8e, 0x07,
  0x00, 0xe2, 0x0f, 0x00, 0x35, 0x72, 0x02, 0x04, 0x0c, 0x00, 0x00, 0x00,
  0x00, 0x02, 0x8e, 0x07, 0x00, 0xc6, 0x2f, 0x00, 0x10, 0x7c, 0xdc, 0xdb,
  0x15, 0x00, 0x00, 0x00, 0xff, 0xe0, 0xff, 0x0f, 0x00, 0xe4, 0x0f, 0x00,
  0x11, 0x72, 0x0f, 0x1c, 0x11, 0x00, 0x00, 0x00, 0x1d, 0x24, 0x8f, 0x00,
  0x00, 0xe2, 0x0f, 0x00, 0x35, 0x7c, 0x02, 0x02, 0x18, 0x00, 0x00, 0x00,
  0x00, 0x02, 0x8e, 0x0f, 0x00, 0xe4, 0x0f, 0x00, 0x35, 0x72, 0x06, 0x04,
  0x08, 0x00, 0x00, 0x00, 0x00, 0x02, 0x8e, 0x07, 0x00, 0xe4, 0x4f, 0x00,
  0x35, 0x72, 0x0c, 0x0a, 0x10, 0x00, 0x00, 0x00, 0x00, 0x02, 0x8e, 0x07,
  0x00, 0xe4, 0x0f, 0x00, 0x35, 0x7c, 0x04, 0x08, 0x18, 0x00, 0x00, 0x00,
  0x00, 0x02, 0x8e, 0x0f, 0x00, 0xe4, 0x0f, 0x00, 0x35, 0x72, 0x0a, 0x0a,
  0x0e, 0x00, 0x00, 0x00, 0x00, 0x02, 0x8e, 0x07, 0x00, 0xc4, 0x0f, 0x00,
  0x35, 0x7c, 0x06, 0x06, 0x18, 0x00, 0x00, 0x00, 0x00, 0x02, 0x8e, 0x0f,
  0x00, 0xe4, 0x0f, 0x00, 0x35, 0x7c, 0xd4, 0x10, 0x1a, 0x00, 0x00, 0x00,
  0x00, 0x02, 0x8e, 0x0f, 0x00, 0xc6, 0x0f, 0x00, 0x10, 0x7c, 0xdb, 0xdb,
  0x16, 0x00, 0x00, 0x00, 0xff, 0xe0, 0xff, 0x0f, 0x00, 0xe2, 0x0f, 0x00,
  0x35, 0x7c, 0x0c, 0x0c, 0x1a, 0x00, 0x00, 0x00, 0x00, 0x02, 0x8e, 0x0f,
  0x00, 0xe4, 0x0f, 0x00, 0xae, 0x7f, 0xdc, 0xd2, 0x00, 0x00, 0x00, 0x00,
  0x10, 0x18, 0x18, 0x0f, 0x00, 0xe2, 0x0f, 0x00, 0x35, 0x7c, 0x0e, 0x0e,
  0x1a, 0x00, 0x00, 0x00, 0x00, 0x02, 0x8e, 0x0f, 0x00, 0xe4, 0x0f, 0x00,
  0x35, 0x7c, 0x0a, 0x0a, 0x1a, 0x00, 0x00, 0x00, 0x00, 0x02, 0x8e, 0x0f,
  0x00, 0xe4, 0x0f, 0x00, 0xae, 0x7f, 0xdc, 0x02, 0x00, 0x00, 0x80, 0x00,
  0x10, 0x18, 0x18, 0x0d, 0x00, 0xe2, 0x0f, 0x00, 0x82, 0x7b, 0x12, 0xff,
  0x00, 0xf6, 0x00, 0x00, 0x00, 0x0a, 0x00, 0x00, 0x00, 0x62, 0x0e, 0x00,
  0x19, 0x78, 0x00, 0xff, 0x01, 0x00, 0x00, 0x00, 0x17, 0x16, 0x01, 0x00,
  0x00, 0xc4, 0x0f, 0x00, 0xae, 0x7f, 0xdc, 0x04, 0x00, 0x00, 0x00, 0x01,
  0x10, 0x18, 0x98, 0x0d, 0x00, 0xe2, 0x05, 0x00, 0x02, 0x78, 0x08, 0x00,
  0xff, 0xff, 0x7f, 0xff, 0x00, 0x0f, 0x00, 0x00, 0x00, 0xc6, 0x0f, 0x00,
  0xae, 0x7f, 0xdc, 0x06, 0x00, 0x00, 0x80, 0x01, 0x10, 0x18, 0x18, 0x0c,
  0x00, 0xe8, 0x0f, 0x00, 0xae, 0x7f, 0xdb, 0xd4, 0x00, 0x00, 0x00, 0x00,
  0x10, 0x18, 0x18, 0x0f, 0x00, 0xe8, 0x0f, 0x00, 0xae, 0x7f, 0xdb, 0x0c,
  0x00, 0x00, 0x80, 0x00, 0x10, 0x18, 0x18, 0x0d, 0x00, 0xe8, 0x07, 0x00,
  0xae, 0x7f, 0xdb, 0x0e, 0x00, 0x00, 0x00, 0x01, 0x10, 0x18, 0x98, 0x0d,
  0x00, 0xe8, 0x0f, 0x00, 0xae, 0x7f, 0xdb, 0x0a, 0x00, 0x00, 0x80, 0x01,
  0x10, 0x18, 0x18, 0x0c, 0x00, 0xe2, 0x09, 0x00, 0x0c, 0x72, 0x00, 0x12,
  0xff, 0x00, 0x00, 0x00, 0x70, 0x52, 0xf1, 0x03, 0x00, 0xc6, 0x2f, 0x00,
  0xaf, 0x79, 0x00, 0x00, 0x00, 0x00, 0x00, 0x00, 0x00, 0x00, 0x00, 0x00,
  0x00, 0x22, 0x0e, 0x00, 0x19, 0x78, 0x05, 0xff, 0x03, 0x00, 0x00, 0x00,
  0x17, 0x16, 0x01, 0x00, 0x00, 0xe4, 0x4f, 0x00, 0x12, 0x78, 0x04, 0x00,
  0x30, 0x00, 0x00, 0x00, 0xff, 0xc0, 0x8e, 0x07, 0x00, 0xe4, 0x0f, 0x04,
  0x12, 0x78, 0x00, 0x00, 0x08, 0x00, 0x00, 0x00, 0xff, 0xc0, 0x8e, 0x07,
  0x00, 0xe4, 0x0f, 0x00, 0x12, 0x78, 0x05, 0x05, 0x01, 0x00, 0x00, 0x00,
  0xff, 0xc0, 0x8e, 0x07, 0x00, 0xc8, 0x0f, 0x00, 0x25, 0x08, 0x02, 0x19,
  0x04, 0x00, 0x00, 0x00, 0x12, 0x00, 0x8e, 0x07, 0x00, 0xe2, 0x0f, 0x00,
  0x1a, 0x79, 0x00, 0x00, 0x00, 0x80, 0x00, 0x00, 0x00, 0x00, 0x00, 0x00,
  0x00, 0xc8, 0x0f, 0x00, 0x1d, 0x7b, 0x00, 0x00, 0x00, 0x00, 0x00, 0x00,
  0x00, 0x00, 0x01, 0x00, 0x00, 0xe2, 0x0f, 0x00, 0x12, 0x78, 0x00, 0x00,
  0x07, 0x00, 0x00, 0x00, 0x17, 0xf8, 0x8e, 0x07, 0x00, 0xe4, 0x0f, 0x10,
  0x12, 0x78, 0x05, 0x05, 0x07, 0x00, 0x00, 0x00, 0x17, 0x78, 0x8e, 0x07,
  0x00, 0xe4, 0x0f, 0x00, 0x12, 0x78, 0x15, 0x15, 0x70, 0x00, 0x00, 0x00,
  0xff, 0xc0, 0x8e, 0x07, 0x00, 0xc6, 0x0f, 0x00, 0x24, 0x78, 0x00, 0x00,
  0x10, 0x00, 0x00, 0x00, 0x05, 0x02, 0x8e, 0x07, 0x00, 0xe2, 0x0f, 0x00,
  0x12, 0x78, 0x15, 0x15, 0x10, 0x00, 0x00, 0x00, 0x17, 0x78, 0x8e, 0x07,
  0x00, 0xe4, 0x0f, 0x10, 0x12, 0x78, 0x04, 0x04, 0x0f, 0x00, 0x00, 0x00,
  0x17, 0xf8, 0x8e, 0x07, 0x00, 0xe2, 0x0f, 0x00, 0x24, 0x78, 0xe2, 0x00,
  0x10, 0x00, 0x00, 0x00, 0xff, 0x00, 0x8e, 0x07, 0x00, 0xe2, 0x0f, 0x00,
  0x81, 0x09, 0x08, 0x02, 0x10, 0x00, 0x00, 0x00, 0x00, 0x19, 0x1e, 0x0c,
  0x00, 0x66, 0x03, 0x00, 0x24, 0x78, 0x0d, 0x04, 0x00, 0x01, 0x00, 0x00,
  0x15, 0x02, 0x8e, 0x07, 0x00, 0xe2, 0x8f, 0x00, 0x12, 0x78, 0xda, 0xe2,
  0x20, 0x00, 0x00, 0x00, 0xff, 0x3c, 0x8e, 0x07, 0x00, 0xe2, 0x0f, 0x04,
  0x90, 0x78, 0x0e, 0x0d, 0x40, 0x00, 0x00, 0x00, 0xff, 0xe0, 0xff, 0x0f,
  0x00, 0xe2, 0x0f, 0x00, 0x12, 0x78, 0xd9, 0xe2, 0x40, 0x00, 0x00, 0x00,
  0xff, 0x3c, 0x8e, 0x07, 0x00, 0xe2, 0x0f, 0x04, 0x3b, 0x78, 0x40, 0xe2,
  0x15, 0x00, 0x00, 0x00, 0x00, 0x02, 0x00, 0x08, 0x00, 0xe2, 0x04, 0x00,
  0x12, 0x78, 0x09, 0xe2, 0x60, 0x00, 0x00, 0x00, 0xff, 0x3c, 0x8e, 0x07,
  0x00, 0xe2, 0x0f, 0x04, 0x4a, 0x72, 0x09, 0x0e, 0x08, 0x00, 0x00, 0x00,
  0x00, 0x01, 0xfe, 0x0b, 0x00, 0xe2, 0x0f, 0x00, 0x12, 0x78, 0x0a, 0xe2,
  0xa0, 0x00, 0x00, 0x00, 0xff, 0x3c, 0x8e, 0x07, 0x00, 0xe2, 0x0f, 0x05,
  0x3b, 0x78, 0x44, 0xe2, 0x15, 0x00, 0x10, 0x00, 0x00, 0x02, 0x00, 0x08,
  0x00, 0x22, 0x05, 0x00, 0x24, 0x78, 0x02, 0x17, 0x00, 0x01, 0x00, 0x00,
  0xff, 0x00, 0x8e, 0x07, 0x00, 0xe2, 0x2f, 0x00, 0x12, 0x78, 0x0b, 0xe2,
  0xc0, 0x00, 0x00, 0x00, 0xff, 0x3c, 0x8e, 0x07, 0x00, 0xe2, 0x0f, 0x04,
  0x90, 0x78, 0x09, 0x09, 0x1f, 0x00, 0x00, 0x00, 0xff, 0xe0, 0xff, 0x0f,
  0x00, 0xe2, 0x0f, 0x00, 0x12, 0x78, 0x0c, 0xe2, 0xe0, 0x00, 0x00, 0x00,
  0xff, 0x3c, 0x8e, 0x07, 0x00, 0xe2, 0x0f, 0x00, 0x3b, 0x78, 0x48, 0xda,
  0x15, 0x00, 0x00, 0x00, 0x00, 0x02, 0x00, 0x08, 0x00, 0x62, 0x04, 0x00,
  0x12, 0x78, 0xdd, 0x15, 0x00, 0x0f, 0x00, 0x00, 0x02, 0xf8, 0x8e, 0x07,
  0x00, 0xe2, 0x0f, 0x00, 0x90, 0x02, 0x0b, 0x0e, 0x0b, 0x00, 0x00, 0x80,
  0xff, 0xe0, 0xff, 0x0f, 0x00, 0xe2, 0x0f, 0x00, 0x12, 0x78, 0x20, 0x0d,
  0x20, 0x00, 0x00, 0x00, 0xff, 0x3c, 0x8e, 0x07, 0x00, 0xe2, 0x0f, 0x00,
  0x3b, 0x78, 0x4c, 0xda, 0x15, 0x00, 0x10, 0x00, 0x00, 0x02, 0x00, 0x08,
  0x00, 0x62, 0x04, 0x00, 0x12, 0x78, 0x07, 0xdd, 0x20, 0x00, 0x00, 0x00,
  0xff, 0x3c, 0x8e, 0x07, 0x00, 0xe2, 0x0f, 0x04, 0x4a, 0x02, 0x0b, 0xff,
  0x0b, 0x00, 0x00, 0x00, 0x00, 0x01, 0xfe, 0x0f, 0x00, 0xe2, 0x0f, 0x00,
  0x12, 0x78, 0x06, 0xdd, 0x40, 0x00, 0x00, 0x00, 0xff, 0x3c, 0x8e, 0x07,
  0x00, 0xe2, 0x0f, 0x04, 0x3b, 0x78, 0x50, 0xd9, 0x15, 0x00, 0x00, 0x00,
  0x00, 0x02, 0x00, 0x08, 0x00, 0x62, 0x04, 0x00, 0x12, 0x78, 0x05, 0xdd,
  0x60, 0x00, 0x00, 0x00, 0xff, 0x3c, 0x8e, 0x07, 0x00, 0xe2, 0x0f, 0x04,
  0x92, 0x08, 0x05, 0x0b, 0xe0, 0xff, 0xff, 0x7f, 0xff, 0xc0, 0x8e, 0x0f,
  0x00, 0xe2, 0x0f, 0x00, 0x12, 0x78, 0x04, 0xdd, 0x80, 0x00, 0x00, 0x00,
  0xff, 0xfc, 0x8e, 0x07, 0x00, 0xe2, 0x0f, 0x04, 0x3b, 0x78, 0x54, 0xd9,
  0x15, 0x00, 0x10, 0x00, 0x00, 0x02, 0x00, 0x08, 0x00, 0x62, 0x04, 0x00,
  0x12, 0x78, 0x03, 0xdd, 0xa0, 0x00, 0x00, 0x00, 0xff, 0x3c, 0x8e, 0x07,
  0x00, 0xe2, 0x0f, 0x04, 0x05, 0x78, 0xce, 0x00, 0x00, 0x00, 0x00, 0x00,
  0x00, 0xff, 0x01, 0x00, 0x00, 0xe2, 0x0f, 0x00, 0x12, 0x78, 0x02, 0xdd,
  0xc0, 0x00, 0x00, 0x00, 0xff, 0x3c, 0x8e, 0x07, 0x00, 0xe2, 0x0f, 0x04,
  0x3b, 0x78, 0x58, 0x09, 0x15, 0x00, 0x00, 0x00, 0x00, 0x02, 0x00, 0x08,
  0x00, 0x62, 0x04, 0x00, 0x12, 0x78, 0x00, 0xdd, 0xe0, 0x00, 0x00, 0x00,
  0xff, 0x3c, 0x8e, 0x07, 0x00, 0xe2, 0x0f, 0x00, 0x05, 0x78, 0xcc, 0x00,
  0x00, 0x00, 0x00, 0x00, 0x00, 0xff, 0x01, 0x00, 0x00, 0xe2, 0x0f, 0x00,
  0x12, 0x78, 0x24, 0x0d, 0x40, 0x00, 0x00, 0x00, 0xff, 0x3c, 0x8e, 0x07,
  0x00, 0xe2, 0x0f, 0x04, 0x3b, 0x78, 0x5c, 0x09, 0x15, 0x00, 0x10, 0x00,
  0x00, 0x02, 0x00, 0x08, 0x00, 0x62, 0x04, 0x00, 0x12, 0x78, 0x28, 0x0d,
  0x60, 0x00, 0x00, 0x00, 0xff, 0x3c, 0x8e, 0x07, 0x00, 0xe2, 0x0f, 0x04,
  0x05, 0x78, 0xca, 0x00, 0x00, 0x00, 0x00, 0x00, 0x00, 0xff, 0x01, 0x00,
  0x00, 0xe2, 0x0f, 0x00, 0x12, 0x78, 0x34, 0x0d, 0xa0, 0x00, 0x00, 0x00,
  0xff, 0x3c, 0x8e, 0x07, 0x00, 0xe2, 0x0f, 0x04, 0x3b, 0x78, 0x60, 0xe2,
  0x15, 0x80, 0x00, 0x00, 0x00, 0x02, 0x00, 0x08, 0x00, 0x62, 0x04, 0x00,
  0x12, 0x78, 0x38, 0x0d, 0xc0, 0x00, 0x00, 0x00, 0xff, 0x3c, 0x8e, 0x07,
  0x00, 0xe2, 0x0f, 0x04, 0x05, 0x78, 0xc8, 0x00, 0x00, 0x00, 0x00, 0x00,
  0x00, 0xff, 0x01, 0x00, 0x00, 0xe2, 0x0f, 0x00, 0x12, 0x78, 0x3c, 0x0d,
  0xe0, 0x00, 0x00, 0x00, 0xff, 0x3c, 0x8e, 0x07, 0x00, 0xe2, 0x0f, 0x00,
  0x3b, 0x78, 0x64, 0xe2, 0x15, 0x80, 0x10, 0x00, 0x00, 0x02, 0x00, 0x08,
  0x00, 0x62, 0x04, 0x00, 0x05, 0x78, 0xc6, 0x00, 0x00, 0x00, 0x00, 0x00,
  0x00, 0xff, 0x01, 0x00, 0x00, 0xe2, 0x0f, 0x00, 0x05, 0x78, 0xc4, 0x00,
  0x00, 0x00, 0x00, 0x00, 0x00, 0xff, 0x01, 0x00, 0x00, 0xe2, 0x0f, 0x00,
  0x05, 0x78, 0x1e, 0x00, 0x00, 0x00, 0x00, 0x00, 0x00, 0xff, 0x01, 0x00,
  0x00, 0xe2, 0x0f, 0x00, 0x3b, 0x78, 0x68, 0x0a, 0x15, 0x00, 0x00, 0x00,
  0x00, 0x02, 0x00, 0x08, 0x00, 0x62, 0x04, 0x00, 0x05, 0x78, 0x1c, 0x00,
  0x00, 0x00, 0x00, 0x00, 0x00, 0xff, 0x01, 0x00, 0x00, 0xe2, 0x0f, 0x00,
  0x05, 0x78, 0x1a, 0x00, 0x00, 0x00, 0x00, 0x00, 0x00, 0xff, 0x01, 0x00,
  0x00, 0xe2, 0x0f, 0x00, 0x05, 0x78, 0x18, 0x00, 0x00, 0x00, 0x00, 0x00,
  0x00, 0xff, 0x01, 0x00, 0x00, 0xe2, 0x0f, 0x00, 0x3b, 0x78, 0x6c, 0x0a,
  0x15, 0x00, 0x10, 0x00, 0x00, 0x02, 0x00, 0x08, 0x00, 0x62, 0x04, 0x00,
  0x05, 0x78, 0x16, 0x00, 0x00, 0x00, 0x00, 0x00, 0x00, 0xff, 0x01, 0x00,
  0x00, 0xe2, 0x0f, 0x00, 0x05, 0x78, 0x14, 0x00, 0x00, 0x00, 0x00, 0x00,
  0x00, 0xff, 0x01, 0x00, 0x00, 0xe2, 0x0f, 0x00, 0x05, 0x78, 0x12, 0x00,
  0x00, 0x00, 0x00, 0x00, 0x00, 0xff, 0x01, 0x00, 0x00, 0xe2, 0x0f, 0x00,
  0x3b, 0x78, 0x70, 0x0b, 0x15, 0x00, 0x00, 0x00, 0x00, 0x02, 0x00, 0x08,
  0x00, 0x62, 0x04, 0x00, 0x05, 0x78, 0x10, 0x00, 0x00, 0x00, 0x00, 0x00,
  0x00, 0xff, 0x01, 0x00, 0x00, 0xe2, 0x0f, 0x00, 0x05, 0x78, 0x0e, 0x00,
  0x00, 0x00, 0x00, 0x00, 0x00, 0xff, 0x01, 0x00, 0x00, 0xe2, 0x0f, 0x00,
  0x05, 0x78, 0xd0, 0x00, 0x00, 0x00, 0x00, 0x00, 0x00, 0xff, 0x01, 0x00,
  0x00, 0xe2, 0x0f, 0x00, 0x3b, 0x78, 0x74, 0x0b, 0x15, 0x00, 0x10, 0x00,
  0x00, 0x02, 0x00, 0x08, 0x00, 0x68, 0x04, 0x00, 0x3b, 0x78, 0x78, 0x0c,
  0x15, 0x00, 0x00, 0x00, 0x00, 0x02, 0x00, 0x08, 0x00, 0x68, 0x04, 0x00,
  0x3b, 0x78, 0x7c, 0x0c, 0x15, 0x00, 0x10, 0x00, 0x00, 0x02, 0x00, 0x08,
  0x00, 0x68, 0x04, 0x00, 0x3b, 0x78, 0x80, 0xdd, 0x16, 0x00, 0x00, 0x00,
  0x00, 0x42, 0x00, 0x08, 0x00, 0x68, 0x04, 0x00, 0x3b, 0x78, 0x84, 0x07,
  0x16, 0x00, 0x00, 0x00, 0x00, 0x42, 0x00, 0x08, 0x00, 0x68, 0x04, 0x00,
  0x3b, 0x78, 0x88, 0x06, 0x16, 0x00, 0x00, 0x00, 0x00, 0x42, 0x00, 0x08,
  0x00, 0x68, 0x04, 0x00, 0x3b, 0x78, 0x8c, 0x05, 0x16, 0x00, 0x00, 0x00,
  0x00, 0x42, 0x00, 0x08, 0x00, 0x68, 0x04, 0x00, 0x3b, 0x78, 0x90, 0x04,
  0x16, 0x00, 0x00, 0x00, 0x00, 0x42, 0x00, 0x08, 0x00, 0x68, 0x04, 0x00,
  0x3b, 0x78, 0x94, 0x03, 0x16, 0x00, 0x00, 0x00, 0x00, 0x42, 0x00, 0x08,
  0x00, 0x68, 0x04, 0x00, 0x3b, 0x78, 0x98, 0x02, 0x16, 0x00, 0x00, 0x00,
  0x00, 0x42, 0x00, 0x08, 0x00, 0x68, 0x04, 0x00, 0x3b, 0x78, 0x9c, 0x00,
  0x16, 0x00, 0x00, 0x00, 0x00, 0x42, 0x00, 0x08, 0x00, 0x68, 0x04, 0x00,
  0x3b, 0x78, 0xa0, 0xdd, 0x16, 0x00, 0x10, 0x00, 0x00, 0x42, 0x00, 0x08,
  0x00, 0x68, 0x04, 0x00, 0x3b, 0x78, 0xa4, 0x07, 0x16, 0x00, 0x10, 0x00,
  0x00, 0x42, 0x00, 0x08, 0x00, 0x68, 0x04, 0x00, 0x3b, 0x78, 0xa8, 0x06,
  0x16, 0x00, 0x10, 0x00, 0x00, 0x42, 0x00, 0x08, 0x00, 0x68, 0x04, 0x00,
  0x3b, 0x78, 0xac, 0x05, 0x16, 0x00, 0x10, 0x00, 0x00, 0x42, 0x00, 0x08,
  0x00, 0x68, 0x04, 0x00, 0x3b, 0x78, 0xb0, 0x04, 0x16, 0x00, 0x10, 0x00,
  0x00, 0x42, 0x00, 0x08, 0x00, 0x68, 0x04, 0x00, 0x3b, 0x78, 0xb4, 0x03,
  0x16, 0x00, 0x10, 0x00, 0x00, 0x42, 0x00, 0x08, 0x00, 0x68, 0x04, 0x00,
  0x3b, 0x78, 0xb8, 0x02, 0x16, 0x00, 0x10, 0x00, 0x00, 0x42, 0x00, 0x08,
  0x00, 0x68, 0x04, 0x00, 0x3b, 0x78, 0xbc, 0x00, 0x16, 0x00, 0x10, 0x00,
  0x00, 0x42, 0x00, 0x08, 0x00, 0x68, 0x04, 0x00, 0x3b, 0x78, 0x20, 0x20,
  0x0a, 0x00, 0x00, 0x00, 0x00, 0x02, 0x00, 0x08, 0x00, 0x68, 0x0e, 0x00,
  0x3b, 0x78, 0x24, 0x24, 0x0a, 0x00, 0x00, 0x00, 0x00, 0x02, 0x00, 0x08,
  0x00, 0x68, 0x0e, 0x00, 0x3b, 0x78, 0x28, 0x28, 0x0a, 0x00, 0x00, 0x00,
  0x00, 0x02, 0x00, 0x08, 0x00, 0x68, 0x0e, 0x00, 0x3b, 0x78, 0x2c, 0x0d,
  0x0a, 0x00, 0x00, 0x00, 0x00, 0x02, 0x00, 0x08, 0x00, 0x68, 0x04, 0x00,
  0x3b, 0x78, 0x30, 0x0d, 0x0a, 0x80, 0x00, 0x00, 0x00, 0x02, 0x00, 0x08,
  0x00, 0x68, 0x04, 0x00, 0x3b, 0x78, 0x34, 0x34, 0x0a, 0x00, 0x00, 0x00,
  0x00, 0x02, 0x00, 0x08, 0x00, 0x68, 0x0e, 0x00, 0x3b, 0x78, 0x38, 0x38,
  0x0a, 0x00, 0x00, 0x00, 0x00, 0x02, 0x00, 0x08, 0x00, 0x68, 0x0e, 0x00,
  0x3b, 0x78, 0x3c, 0x3c, 0x0a, 0x00, 0x00, 0x00, 0x00, 0x02, 0x00, 0x08,
  0x00, 0x62, 0x0e, 0x00, 0x99, 0x78, 0x0a, 0xff, 0x1f, 0x00, 0x00, 0x00,
  0x09, 0x14, 0x01, 0x08, 0x00, 0xc8, 0x0f, 0x00, 0x91, 0x72, 0x0a, 0x0a,
  0x09, 0x00, 0x00, 0x00, 0xff, 0x28, 0x8f, 0x0f, 0x00, 0xc8, 0x0f, 0x00,
  0x92, 0x78, 0x12, 0x0a, 0xe0, 0xff, 0xff, 0xff, 0xff, 0xc0, 0x8e, 0x0f,
  0x00, 0xc8, 0x0f, 0x00, 0x8c, 0x72, 0x00, 0x04, 0x12, 0x00, 0x00, 0x00,
  0x70, 0x62, 0xf0, 0x0b, 0x00, 0xd2, 0x0f, 0x00, 0x47, 0x75, 0x38, 0x00,
  0x35, 0x00, 0x00, 0x00, 0x00, 0x00, 0x80, 0x0b, 0x00, 0xea, 0xcf, 0x01,
  0x99, 0x78, 0x09, 0xff, 0x1f, 0x00, 0x00, 0x00, 0x0d, 0x14, 0x01, 0x08,
  0x00, 0xe2, 0x0f, 0x00, 0xac, 0x77, 0x0a, 0xff, 0x00, 0xb6, 0x00, 0x00,
  0x00, 0x00, 0x00, 0x08, 0x00, 0xa6, 0x0e, 0x00, 0x91, 0x72, 0x09, 0x09,
  0x0d, 0x00, 0x00, 0x00, 0xff, 0x28, 0x8f, 0x0f, 0x00, 0xe2, 0x0f, 0x00,
  0xac, 0x77, 0x19, 0xff, 0x80, 0xad, 0x00, 0x00, 0x00, 0x08, 0x00, 0x08,
  0x00, 0xe6, 0x0e, 0x00, 0x92, 0x78, 0x13, 0x09, 0xe0, 0xff, 0xff, 0xff,
  0xff, 0xc0, 0x8e, 0x0f, 0x00, 0xe2, 0x0f, 0x00, 0xac, 0x77, 0x14, 0xff,
  0x00, 0xb6, 0x00, 0x00, 0x00, 0x00, 0x00, 0x08, 0x00, 0x22, 0x0f, 0x00,
  0xac, 0x77, 0x17, 0xff, 0x00, 0xb8, 0x00, 0x00, 0x00, 0x08, 0x00, 0x08,
  0x00, 0x62, 0x0e, 0x00, 0xac, 0x77, 0x18, 0xff, 0x80, 0xb6, 0x00, 0x00,
  0x00, 0x08, 0x00, 0x08, 0x00, 0x62, 0x0e, 0x00, 0xac, 0x77, 0x1c, 0xff,
  0x80, 0xb8, 0x00, 0x00, 0x00, 0x08, 0x00, 0x08, 0x00, 0x62, 0x0e, 0x00,
  0xac, 0x77, 0x1a, 0xff, 0x00, 0xb7, 0x00, 0x00, 0x00, 0x0a, 0x00, 0x08,
  0x00, 0x62, 0x0e, 0x00, 0x82, 0x7c, 0x09, 0x00, 0x04, 0x00, 0x00, 0x00,
  0x00, 0x00, 0x00, 0x08, 0x00, 0xe2, 0x0f, 0x00, 0x82, 0x7c, 0x0b, 0x00,
  0x0c, 0x00, 0x00, 0x00, 0x00, 0x00, 0x00, 0x08, 0x00, 0xca, 0x0f, 0x00,
  0x90, 0x78, 0x0d, 0x09, 0x20, 0x00, 0x00, 0x00, 0xff, 0xe0, 0xff, 0x0f,
  0x00, 0xc8, 0x0f, 0x00, 0x8c, 0x72, 0x00, 0x0d, 0x12, 0x00, 0x00, 0x00,
  0x70, 0x62, 0xf4, 0x0b, 0x00, 0xd2, 0x0f, 0x00, 0x47, 0x75, 0xf4, 0x02,
  0x01, 0x00, 0x00, 0x00, 0x00, 0x00, 0x80, 0x0b, 0x00, 0xea, 0x6f, 0x00,
  0x19, 0x79, 0xc0, 0x00, 0x00, 0x00, 0x00, 0x00, 0x00, 0x21, 0x00, 0x00,
  0x00, 0x22, 0x0f, 0x00, 0x82, 0x7b, 0xc2, 0xff, 0x00, 0xfe, 0x00, 0x00,
  0x00, 0x0a, 0x00, 0x00, 0x00, 0xe2, 0x0e, 0x00, 0x90, 0x78, 0x0c, 0x0c,
  0xe0, 0xff, 0xff, 0xff, 0xff, 0xe0, 0xff, 0x0f, 0x00, 0xe2, 0x0f, 0x00,
  0x90, 0x78, 0x0b, 0x0b, 0xe0, 0xff, 0xff, 0xff, 0xff, 0xe0, 0xff, 0x0f,
  0x00, 0xc6, 0x0f, 0x00, 0x4a, 0x78, 0x0d, 0x0c, 0x20, 0x00, 0x00, 0x00,
  0x00, 0x01, 0xfe, 0x0b, 0x00, 0xe2, 0x0f, 0x00, 0x4a, 0x78, 0x0e, 0x0b,
  0x20, 0x00, 0x00, 0x00, 0x00, 0x01, 0xfe, 0x0b, 0x00, 0xe4, 0x0f, 0x00,
  0x1d, 0x7b, 0x00, 0x00, 0x00, 0x00, 0x00, 0x00, 0x00, 0x00, 0x01, 0x00,
  0x00, 0xe2, 0x0f, 0x00, 0x11, 0x72, 0xde, 0xc2, 0xd2, 0x00, 0x00, 0x00,
  0xff, 0x28, 0x88, 0x07, 0x00, 0xe2, 0x8f, 0x04, 0x25, 0x78, 0xe4, 0xc2,
  0x28, 0x00, 0x00, 0x00, 0xd2, 0x00, 0x8e, 0x07, 0x00, 0xc6, 0x0f, 0x00,
  0x11, 0x72, 0xdf, 0xc2, 0xd3, 0x00, 0x00, 0x00, 0xc3, 0x2c, 0x0f, 0x02,
  0x00, 0xe2, 0x0f, 0x04, 0x24, 0x78, 0xeb, 0xc3, 0x28, 0x00, 0x00, 0x00,
  0xff, 0x02, 0x8e, 0x07, 0x00, 0xe2, 0x0f, 0x04, 0x02, 0x72, 0xea, 0x00,
  0xe4, 0x00, 0x00, 0x00, 0x00, 0x0f, 0x00, 0x00, 0x00, 0xe2, 0x0f, 0x00,
  0x19, 0x78, 0xe3, 0xff, 0x04, 0x00, 0x00, 0x00, 0xc0, 0x16, 0x01, 0x00,
  0x00, 0xe2, 0x0f, 0x01, 0x24, 0x78, 0xe9, 0xc3, 0x30, 0x00, 0x00, 0x00,
  0xff, 0x02, 0x8e, 0x07, 0x00, 0xe4, 0x0f, 0x00, 0x25, 0x78, 0xe6, 0xc2,
  0x38, 0x00, 0x00, 0x00, 0xd2, 0x00, 0x8e, 0x07, 0x00, 0xe2, 0x0f, 0x10,
  0x10, 0x72, 0xeb, 0xe5, 0xeb, 0x00, 0x00, 0x00, 0xff, 0xe0, 0xff, 0x07,
  0x00, 0xe4, 0x0f, 0x00, 0x10, 0x78, 0xc0, 0xe3, 0x08, 0x00, 0x00, 0x00,
  0xff, 0xe0, 0xff, 0x07, 0x00, 0xe4, 0x0f, 0x04, 0x10, 0x78, 0xc1, 0xe3,
  0x10, 0x00, 0x00, 0x00, 0xff, 0xe0, 0xff, 0x07, 0x00, 0xe2, 0x0f, 0x04,
  0x0c, 0x7c, 0x00, 0xe3, 0x0d, 0x00, 0x00, 0x00, 0x70, 0x62, 0xfa, 0x0b,
  0x00, 0xe2, 0x0f, 0x04, 0x0c, 0x7c, 0x00, 0xe3, 0x0e, 0x00, 0x00, 0x00,
  0x70, 0x62, 0xf8, 0x0b, 0x00, 0xe2, 0x0f, 0x04, 0x10, 0x78, 0xe3, 0xe3,
  0x18, 0x00, 0x00, 0x00, 0xff, 0xe0, 0xff, 0x07, 0x00, 0xe2, 0x0f, 0x00,
  0x0c, 0x7c, 0x00, 0xc0, 0x0d, 0x00, 0x00, 0x00, 0x70, 0x62, 0xf0, 0x0b,
  0x00, 0xe2, 0x0f, 0x04, 0x0c, 0x7c, 0x00, 0xc0, 0x0e, 0x00, 0x00, 0x00,
  0x70, 0x62, 0xf4, 0x0b, 0x00, 0xe2, 0x0f, 0x00, 0x0c, 0x7c, 0x00, 0xc1,
  0x0d, 0x00, 0x00, 0x00, 0x70, 0x62, 0xf6, 0x0b, 0x00, 0xe2, 0x0f, 0x04,
  0x0c, 0x7c, 0x00, 0xc1, 0x0e, 0x00, 0x00, 0x00, 0x70, 0x62, 0xf2, 0x0b,
  0x00, 0xe2, 0x0f, 0x00, 0x24, 0x78, 0xc3, 0xc3, 0x38, 0x00, 0x00, 0x00,
  0xff, 0x02, 0x8e, 0x07, 0x00, 0xe2, 0x0f, 0x00, 0x82, 0x7b, 0xc0, 0xff,
  0x00, 0x00, 0x01, 0x00, 0x00, 0x0a, 0x00, 0x00, 0x00, 0xe2, 0x0e, 0x00,
  0x0c, 0x7c, 0x00, 0xe3, 0x0d, 0x00, 0x00, 0x00, 0x70, 0x62, 0xfc, 0x0b,
  0x00, 0xe2, 0x0f, 0x00, 0x25, 0x78, 0xe0, 0xc2, 0x30, 0x00, 0x00, 0x00,
  0xd2, 0x00, 0x8e, 0x07, 0x00, 0xc4, 0x0f, 0x00, 0x10, 0x72, 0xe7, 0xe7,
  0xc3, 0x00, 0x00, 0x00, 0xff, 0xe0, 0xff, 0x07, 0x00, 0xe2, 0x0f, 0x00,
  0x84, 0xf9, 0xff, 0xff, 0x00, 0x00, 0x00, 0x00, 0x00, 0x08, 0x00, 0x00,
  0x00, 0xe2, 0x0f, 0x00, 0x84, 0xf9, 0xff, 0xff, 0x00, 0x00, 0x00, 0x00,
  0x00, 0x08, 0x00, 0x00, 0x00, 0xe2, 0x0f, 0x00, 0x84, 0xf9, 0xff, 0xff,
  0x00, 0x00, 0x00, 0x00, 0x00, 0x08, 0x00, 0x00, 0x00, 0xe2, 0x0f, 0x00,
  0xae, 0x7f, 0xdc, 0xde, 0x00, 0x00, 0x00, 0x00, 0x10, 0x18, 0x98, 0x0e,
  0x00, 0xe2, 0x0f, 0x00, 0x0c, 0x7c, 0x00, 0xe3, 0x0e, 0x00, 0x00, 0x00,
  0x70, 0x62, 0xfa, 0x0b, 0x00, 0xe2, 0x0f, 0x00, 0x10, 0x72, 0xe9, 0xe1,
  0xe9, 0x00, 0x00, 0x00, 0xff, 0xe0, 0xff, 0x07, 0x00, 0xe2, 0x0f, 0x00,
  0x02, 0x72, 0xe8, 0x00, 0xe0, 0x00, 0x00, 0x00, 0x00, 0x0f, 0x00, 0x00,
  0x00, 0xe2, 0x0f, 0x00, 0xae, 0x7f, 0xdc, 0xea, 0x00, 0x00, 0x80, 0x00,
  0x10, 0x18, 0x18, 0x0c, 0x00, 0xe8, 0x09, 0x00, 0xae, 0x7f, 0xdc, 0xe8,
  0x00, 0x00, 0x00, 0x01, 0x10, 0x18, 0x98, 0x0d, 0x00, 0xe8, 0x05, 0x00,
  0xae, 0x7f, 0xdc, 0xe6, 0x00, 0x00, 0x80, 0x01, 0x10, 0x18, 0x18, 0x0f,
  0x00, 0xe2, 0x05, 0x00, 0x25, 0x78, 0xe4, 0xc0, 0x28, 0x00, 0x00, 0x00,
  0xd4, 0x00, 0x8e, 0x07, 0x00, 0xe2, 0x8f, 0x04, 0x11, 0x72, 0xc2, 0xc0,
  0xd4, 0x00, 0x00, 0x00, 0xff, 0x28, 0x80, 0x07, 0x00, 0xc6, 0x0f, 0x00,
  0x24, 0x78, 0xc3, 0xc1, 0x28, 0x00, 0x00, 0x00, 0xff, 0x02, 0x8e, 0x07,
  0x00, 0xe4, 0x0f, 0x00, 0x25, 0x78, 0xd2, 0xc0, 0x30, 0x00, 0x00, 0x00,
  0xd4, 0x00, 0x8e, 0x07, 0x00, 0xc6, 0x0f, 0x00, 0x10, 0x72, 0xe5, 0xe5,
  0xc3, 0x00, 0x00, 0x00, 0xff, 0xe0, 0xff, 0x07, 0x00, 0xe2, 0x0f, 0x00,
  0x24, 0x78, 0xe3, 0xc1, 0x30, 0x00, 0x00, 0x00, 0xff, 0x02, 0x8e, 0x07,
  0x00, 0xe2, 0x0f, 0x00, 0x11, 0x72, 0xc3, 0xc0, 0xd5, 0x00, 0x00, 0x00,
  0xc1, 0x2c, 0x0f, 0x00, 0x00, 0xe2, 0x0f, 0x04, 0x25, 0x78, 0xe0, 0xc0,
  0x38, 0x00, 0x00, 0x00, 0xd4, 0x00, 0x8e, 0x07, 0x00, 0xe2, 0x0f, 0x00,
  0x02, 0x72, 0xea, 0x00, 0xd2, 0x00, 0x00, 0x00, 0x00, 0x0f, 0x00, 0x00,
  0x00, 0xe2, 0x0f, 0x01, 0x02, 0x72, 0xd2, 0x00, 0xde, 0x00, 0x00, 0x00,
  0x00, 0x0f, 0x00, 0x00, 0x00, 0xe2, 0x0f, 0x00, 0x10, 0x72, 0xeb, 0xd3,
  0xe3, 0x00, 0x00, 0x00, 0xff, 0xe0, 0xff, 0x07, 0x00, 0xe2, 0x0f, 0x00,
  0x24, 0x78, 0xed, 0xc1, 0x38, 0x00, 0x00, 0x00, 0xff, 0x02, 0x8e, 0x07,
  0x00, 0xe2, 0x0f, 0x00, 0xae, 0x7f, 0xdb, 0xc2, 0x00, 0x00, 0x00, 0x00,
  0x10, 0x18, 0x18, 0x0e, 0x00, 0xe2, 0x05, 0x00, 0x02, 0x72, 0xd4, 0x00,
  0xc2, 0x00, 0x00, 0x00, 0x00, 0x0f, 0x00, 0x00, 0x00, 0xe2, 0x0f, 0x00,
  0x02, 0x72, 0xd3, 0x00, 0xdf, 0x00, 0x00, 0x00, 0x00, 0x0f, 0x00, 0x00,
  0x00, 0xe2, 0x0f, 0x00, 0x02, 0x72, 0xd5, 0x00, 0xc3, 0x00, 0x00, 0x00,
  0x00, 0x0f, 0x00, 0x00, 0x00, 0xe2, 0x0f, 0x00, 0x10, 0x72, 0xe1, 0xe1,
  0xed, 0x00, 0x00, 0x00, 0xff, 0xe0, 0xff, 0x07, 0x00, 0xe2, 0x0f, 0x00,
  0xae, 0x7f, 0xdb, 0xe4, 0x00, 0x00, 0x80, 0x00, 0x10, 0x18, 0x18, 0x0d,
  0x00, 0xe8, 0x05, 0x00, 0xae, 0x7f, 0xdb, 0xea, 0x00, 0x00, 0x00, 0x01,
  0x10, 0x18, 0x98, 0x0c, 0x00, 0xe8, 0x05, 0x00, 0xae, 0x7f, 0xdb, 0xe0,
  0x00, 0x00, 0x80, 0x01, 0x10, 0x18, 0x98, 0x0e, 0x00, 0xe8, 0x05, 0x00,
  0xaf, 0x79, 0x00, 0x00, 0x00, 0x00, 0x00, 0x00, 0x00, 0x00, 0x00, 0x00,
  0x00, 0x24, 0x0e, 0x00, 0x3c, 0x72, 0xe0, 0x2c, 0x42, 0x00, 0x00, 0x00,
  0xff, 0x08, 0x00, 0x00, 0x00, 0xe2, 0x6f, 0x00, 0x82, 0x7b, 0xe5, 0xff,
  0x00, 0x5d, 0x01, 0x00, 0x00, 0x08, 0x00, 0x00, 0x00, 0x62, 0x0e, 0x00,
  0x8c, 0x72, 0x00, 0x09, 0x05, 0x00, 0x00, 0x00, 0x70, 0x40, 0xf0, 0x0b,
  0x00, 0xe2, 0x0f, 0x00, 0x8c, 0x72, 0x00, 0x09, 0x13, 0x00, 0x00, 0x00,
  0x70, 0x62, 0xf2, 0x0b, 0x00, 0xc6, 0x0f, 0x00, 0x8c, 0x72, 0x00, 0x08,
  0x19, 0x00, 0x00, 0x00, 0x70, 0x42, 0x70, 0x0c, 0x00, 0xe2, 0x8f, 0x00,
  0x8c, 0x72, 0x00, 0x0a, 0xff, 0x00, 0x00, 0x00, 0x70, 0x56, 0xf2, 0x08,
  0x00, 0xc8, 0x0f, 0x00, 0x9c, 0x78, 0x8f, 0x00, 0x00, 0x00, 0x00, 0x00,
  0x70, 0x1f, 0xf0, 0x00, 0x00, 0xca, 0x0f, 0x00, 0x3c, 0x72, 0xc0, 0x2c,
  0x44, 0x00, 0x00, 0x00, 0xff, 0x08, 0x00, 0x00, 0x00, 0xde, 0x0f, 0x00,
  0x18, 0x79, 0x00, 0x00, 0x00, 0x00, 0x00, 0x00, 0x00, 0x00, 0x00, 0x00,
  0x00, 0xe2, 0x0f, 0x00, 0x3c, 0x72, 0xde, 0x2c, 0x40, 0x00, 0x00, 0x00,
  0xff, 0x08, 0x00, 0x00, 0x00, 0xde, 0x0f, 0x00, 0x18, 0x79, 0x00, 0x00,
  0x00, 0x00, 0x00, 0x00, 0x00, 0x00, 0x00, 0x00, 0x00, 0xe2, 0x0f, 0x00,
  0x3c, 0x72, 0xc2, 0x2c, 0x46, 0x00, 0x00, 0x00, 0xff, 0x08, 0x00, 0x00,
  0x00, 0xde, 0x0f, 0x00, 0x18, 0x79, 0x00, 0x00, 0x00, 0x00, 0x00, 0x00,
  0x00, 0x00, 0x00, 0x00, 0x00, 0xe2, 0x0f, 0x00, 0x3c, 0x72, 0xe0, 0x20,
  0x4a, 0x00, 0x00, 0x00, 0xe0, 0x08, 0x00, 0x00, 0x00, 0xde, 0x0f, 0x00,
  0x18, 0x79, 0x00, 0x00, 0x00, 0x00, 0x00, 0x00, 0x00, 0x00, 0x00, 0x00,
  0x00, 0xe2, 0x0f, 0x00, 0x3c, 0x72, 0xc0, 0x20, 0x4c, 0x00, 0x00, 0x00,
  0xc0, 0x08, 0x00, 0x00, 0x00, 0xde, 0x0f, 0x00, 0x18, 0x79, 0x00, 0x00,
  0x00, 0x00, 0x00, 0x00, 0x00, 0x00, 0x00, 0x00, 0x00, 0xe2, 0x0f, 0x00,
  0x3c, 0x72, 0xde, 0x20, 0x48, 0x00, 0x00, 0x00, 0xde, 0x08, 0x00, 0x00,
  0x00, 0xde, 0x0f, 0x00, 0x18, 0x79, 0x00, 0x00, 0x00, 0x00, 0x00, 0x00,
  0x00, 0x00, 0x00, 0x00, 0x00, 0xe2, 0x0f, 0x00, 0x3c, 0x72, 0xc2, 0x20,
  0x4e, 0x00, 0x00, 0x00, 0xc2, 0x08, 0x00, 0x00, 0x00, 0xde, 0x0f, 0x00,
  0x18, 0x79, 0x00, 0x00, 0x00, 0x00, 0x00, 0x00, 0x00, 0x00, 0x00, 0x00,
  0x00, 0xe2, 0x0f, 0x00, 0x3c, 0x72, 0xe0, 0x24, 0x52, 0x00, 0x00, 0x00,
  0xe0, 0x08, 0x00, 0x00, 0x00, 0xde, 0x0f, 0x00, 0x18, 0x79, 0x00, 0x00,
  0x00, 0x00, 0x00, 0x00, 0x00, 0x00, 0x00, 0x00, 0x00, 0xe2, 0x0f, 0x00,
  0x3c, 0x72, 0xc0, 0x24, 0x54, 0x00, 0x00, 0x00, 0xc0, 0x08, 0x00, 0x00,
  0x00, 0xde, 0x0f, 0x00, 0x18, 0x79, 0x00, 0x00, 0x00, 0x00, 0x00, 0x00,
  0x00, 0x00, 0x00, 0x00, 0x00, 0xe2, 0x0f, 0x00, 0x3c, 0x72, 0xde, 0x24,
  0x50, 0x00, 0x00, 0x00, 0xde, 0x08, 0x00, 0x00, 0x00, 0xde, 0x0f, 0x00,
  0x18, 0x79, 0x00, 0x00, 0x00, 0x00, 0x00, 0x00, 0x00, 0x00, 0x00, 0x00,
  0x00, 0xe2, 0x0f, 0x00, 0x3c, 0x72, 0xc2, 0x24, 0x56, 0x00, 0x00, 0x00,
  0xc2, 0x08, 0x00, 0x00, 0x00, 0xde, 0x0f, 0x00, 0x18, 0x79, 0x00, 0x00,
  0x00, 0x00, 0x00, 0x00, 0x00, 0x00, 0x00, 0x00, 0x00, 0xe2, 0x0f, 0x00,
  0x3c, 0x72, 0xe0, 0x28, 0x5a, 0x00, 0x00, 0x00, 0xe0, 0x08, 0x00, 0x00,
  0x00, 0xde, 0x0f, 0x00, 0x18, 0x79, 0x00, 0x00, 0x00, 0x00, 0x00, 0x00,
  0x00, 0x00, 0x00, 0x00, 0x00, 0xe2, 0x0f, 0x00, 0x3c, 0x72, 0xc0, 0x28,
  0x5c, 0x00, 0x00, 0x00, 0xc0, 0x08, 0x00, 0x00, 0x00, 0xde, 0x0f, 0x00,
  0x18, 0x79, 0x00, 0x00, 0x00, 0x00, 0x00, 0x00, 0x00, 0x00, 0x00, 0x00,
  0x00, 0xe2, 0x0f, 0x00, 0x3c, 0x72, 0xde, 0x28, 0x58, 0x00, 0x00, 0x00,
  0xde, 0x08, 0x00, 0x00, 0x00, 0xde, 0x0f, 0x00, 0x18, 0x79, 0x00, 0x00,
  0x00, 0x00, 0x00, 0x00, 0x00, 0x00, 0x00, 0x00, 0x00, 0xe2, 0x0f, 0x00,
  0x3c, 0x72, 0xc2, 0x28, 0x5e, 0x00, 0x00, 0x00, 0xc2, 0x08, 0x00, 0x00,
  0x00, 0xde, 0x0f, 0x00, 0x18, 0x79, 0x00, 0x00, 0x00, 0x00, 0x00, 0x00,
  0x00, 0x00, 0x00, 0x00, 0x00, 0xe2, 0x0f, 0x00, 0x3c, 0x72, 0xe0, 0x30,
  0x62, 0x00, 0x00, 0x00, 0xe0, 0x08, 0x00, 0x00, 0x00, 0xde, 0x0f, 0x00,
  0x18, 0x79, 0x00, 0x00, 0x00, 0x00, 0x00, 0x00, 0x00, 0x00, 0x00, 0x00,
  0x00, 0xe2, 0x0f, 0x00, 0x3c, 0x72, 0xc0, 0x30, 0x64, 0x00, 0x00, 0x00,
  0xc0, 0x08, 0x00, 0x00, 0x00, 0xde, 0x0f, 0x00, 0x18, 0x79, 0x00, 0x00,
  0x00, 0x00, 0x00, 0x00, 0x00, 0x00, 0x00, 0x00, 0x00, 0xe2, 0x0f, 0x00,
  0x3c, 0x72, 0xde, 0x30, 0x60, 0x00, 0x00, 0x00, 0xde, 0x08, 0x00, 0x00,
  0x00, 0xde, 0x0f, 0x00, 0x18, 0x79, 0x00, 0x00, 0x00, 0x00, 0x00, 0x00,
  0x00, 0x00, 0x00, 0x00, 0x00, 0xe2, 0x0f, 0x00, 0x3c, 0x72, 0xc2, 0x30,
  0x66, 0x00, 0x00, 0x00, 0xc2, 0x08, 0x00, 0x00, 0x00, 0xde, 0x0f, 0x00,
  0x18, 0x79, 0x00, 0x00, 0x00, 0x00, 0x00, 0x00, 0x00, 0x00, 0x00, 0x00,
  0x00, 0xe2, 0x0f, 0x00, 0x3c, 0x72, 0xe0, 0x34, 0x6a, 0x00, 0x00, 0x00,
  0xe0, 0x08, 0x00, 0x00, 0x00, 0xde, 0x0f, 0x00, 0x18, 0x79, 0x00, 0x00,
  0x00, 0x00, 0x00, 0x00, 0x00, 0x00, 0x00, 0x00, 0x00, 0xe2, 0x0f, 0x00,
  0x3c, 0x72, 0xc0, 0x34, 0x6c, 0x00, 0x00, 0x00, 0xc0, 0x08, 0x00, 0x00,
  0x00, 0xde, 0x0f, 0x00, 0x18, 0x79, 0x00, 0x00, 0x00, 0x00, 0x00, 0x00,
  0x00, 0x00, 0x00, 0x00, 0x00, 0xe2, 0x0f, 0x00, 0x3c, 0x72, 0xde, 0x34,
  0x68, 0x00, 0x00, 0x00, 0xde, 0x08, 0x00, 0x00, 0x00, 0xde, 0x0f, 0x00,
  0x18, 0x79, 0x00, 0x00, 0x00, 0x00, 0x00, 0x00, 0x00, 0x00, 0x00, 0x00,
  0x00, 0xe2, 0x0f, 0x00, 0x3c, 0x72, 0xc2, 0x34, 0x6e, 0x00, 0x00, 0x00,
  0xc2, 0x08, 0x00, 0x00, 0x00, 0xde, 0x0f, 0x00, 0x18, 0x79, 0x00, 0x00,
  0x00, 0x00, 0x00, 0x00, 0x00, 0x00, 0x00, 0x00, 0x00, 0xe2, 0x0f, 0x00,
  0x3c, 0x72, 0xe0, 0x38, 0x72, 0x00, 0x00, 0x00, 0xe0, 0x08, 0x00, 0x00,
  0x00, 0xde, 0x0f, 0x00, 0x18, 0x79, 0x00, 0x00, 0x00, 0x00, 0x00, 0x00,
  0x00, 0x00, 0x00, 0x00, 0x00, 0xe2, 0x0f, 0x00, 0x3c, 0x72, 0xc0, 0x38,
  0x74, 0x00, 0x00, 0x00, 0xc0, 0x08, 0x00, 0x00, 0x00, 0xde, 0x0f, 0x00,
  0x18, 0x79, 0x00, 0x00, 0x00, 0x00, 0x00, 0x00, 0x00, 0x00, 0x00, 0x00,
  0x00, 0xe2, 0x0f, 0x00, 0x3c, 0x72, 0xde, 0x38, 0x70, 0x00, 0x00, 0x00,
  0xde, 0x08, 0x00, 0x00, 0x00, 0xde, 0x0f, 0x00, 0x18, 0x79, 0x00, 0x00,
  0x00, 0x00, 0x00, 0x00, 0x00, 0x00, 0x00, 0x00, 0x00, 0xe2, 0x0f, 0x00,
  0x3c, 0x72, 0xc2, 0x38, 0x76, 0x00, 0x00, 0x00, 0xc2, 0x08, 0x00, 0x00,
  0x00, 0xde, 0x0f, 0x00, 0x18, 0x79, 0x00, 0x00, 0x00, 0x00, 0x00, 0x00,
  0x00, 0x00, 0x00, 0x00, 0x00, 0xe2, 0x0f, 0x00, 0x3c, 0x72, 0xe0, 0x3c,
  0x7a, 0x00, 0x00, 0x00, 0xe0, 0x08, 0x00, 0x00, 0x00, 0xde, 0x0f, 0x00,
  0x18, 0x79, 0x00, 0x00, 0x00, 0x00, 0x00, 0x00, 0x00, 0x00, 0x00, 0x00,
  0x00, 0xe2, 0x0f, 0x00, 0x3c, 0x72, 0xc0, 0x3c, 0x7c, 0x00, 0x00, 0x00,
  0xc0, 0x08, 0x00, 0x00, 0x00, 0xd8, 0x0f, 0x00, 0x32, 0x72, 0xe0, 0xe0,
  0xe5, 0x00, 0x00, 0x00, 0x00, 0x00, 0x00, 0x00, 0x00, 0xe4, 0x2f, 0x08,
  0x32, 0x72, 0xe1, 0xe1, 0xe5, 0x00, 0x00, 0x00, 0x00, 0x00, 0x00, 0x00,
  0x00, 0xe4, 0x0f, 0x00, 0x3c, 0x72, 0xde, 0x3c, 0x78, 0x00, 0x00, 0x00,
  0xde, 0x08, 0x00, 0x00, 0x00, 0xe6, 0x0f, 0x00, 0x40, 0x78, 0xe1, 0xe1,
  0xff, 0x7b, 0xff, 0x7b, 0x00, 0x02, 0x84, 0x03, 0x00, 0xd2, 0x0f, 0x00,
  0x32, 0x72, 0xe3, 0xc0, 0xe5, 0x00, 0x00, 0x00, 0x00, 0x00, 0x00, 0x00,
  0x00, 0xe2, 0x0f, 0x08, 0x40, 0x78, 0xc0, 0xe0, 0xff, 0x7b, 0xff, 0x7b,
  0x00, 0x02, 0x84, 0x03, 0x00, 0xe2, 0x0f, 0x00, 0x32, 0x72, 0xc1, 0xc1,
  0xe5, 0x00, 0x00, 0x00, 0x00, 0x00, 0x00, 0x00, 0x00, 0xe4, 0x0f, 0x00,
  0x3c, 0x72, 0xc2, 0x3c, 0x7e, 0x00, 0x00, 0x00, 0xc2, 0x08, 0x00, 0x00,
  0x00, 0xe2, 0x0f, 0x00, 0x40, 0x78, 0xe3, 0xe3, 0xff, 0x7b, 0xff, 0x7b,
  0x00, 0x02, 0x84, 0x03, 0x00, 0xe2, 0x0f, 0x00, 0x30, 0x72, 0xec, 0xff,
  0xc0, 0x00, 0x00, 0x20, 0x00, 0x41, 0x00, 0x00, 0x00, 0xe2, 0x0f, 0x10,
  0x40, 0x78, 0xc1, 0xc1, 0xff, 0x7b, 0xff, 0x7b, 0x00, 0x02, 0x84, 0x03,
  0x00, 0xe2, 0x0f, 0x00, 0x30, 0x72, 0xe8, 0xff, 0xc0, 0x00, 0x00, 0x30,
  0x00, 0x41, 0x00, 0x00, 0x00, 0xe4, 0x0f, 0x00, 0x30, 0x72, 0xe9, 0xff,
  0xe3, 0x00, 0x00, 0x20, 0x00, 0x41, 0x00, 0x00, 0x00, 0xc4, 0x0f, 0x00,
  0x30, 0x72, 0xea, 0xff, 0xe3, 0x00, 0x00, 0x30, 0x00, 0x41, 0x00, 0x00,
  0x00, 0xe4, 0x0f, 0x00, 0x30, 0x72, 0xe3, 0xff, 0xc1, 0x00, 0x00, 0x20,
  0x00, 0x41, 0x00, 0x00, 0x00, 0xe4, 0x0f, 0x10, 0x32, 0x72, 0xde, 0xde,
  0xe5, 0x00, 0x00, 0x00, 0x00, 0x00, 0x00, 0x00, 0x00, 0xe4, 0x0f, 0x08,
  0x30, 0x72, 0xe4, 0xff, 0xc1, 0x00, 0x00, 0x30, 0x00, 0x41, 0x00, 0x00,
  0x00, 0xe4, 0x0f, 0x00, 0x32, 0x72, 0xdf, 0xdf, 0xe5, 0x00, 0x00, 0x00,
  0x00, 0x00, 0x00, 0x00, 0x00, 0xe2, 0x0f, 0x00, 0x40, 0x78, 0xde, 0xde,
  0xff, 0x7b, 0xff, 0x7b, 0x00, 0x02, 0x84, 0x03, 0x00, 0xc8, 0x0f, 0x00,
  0x40, 0x78, 0xdf, 0xdf, 0xff, 0x7b, 0xff, 0x7b, 0x00, 0x02, 0x84, 0x03,
  0x00, 0xe2, 0x0f, 0x00, 0x30, 0x72, 0xf5, 0xff, 0xde, 0x00, 0x00, 0x20,
  0x00, 0x41, 0x00, 0x00, 0x00, 0xe4, 0x0f, 0x10, 0x30, 0x72, 0xe6, 0xff,
  0xde, 0x00, 0x00, 0x30, 0x00, 0x41, 0x00, 0x00, 0x00, 0xe4, 0x0f, 0x00,
  0x30, 0x72, 0xe0, 0xff, 0xdf, 0x00, 0x00, 0x20, 0x00, 0x41, 0x00, 0x00,
  0x00, 0xe4, 0x0f, 0x00, 0x32, 0x72, 0xc2, 0xc2, 0xe5, 0x00, 0x00, 0x00,
  0x00, 0x00, 0x00, 0x00, 0x00, 0xe4, 0x0f, 0x08, 0x30, 0x72, 0xde, 0xff,
  0xe1, 0x00, 0x00, 0x20, 0x00, 0x41, 0x00, 0x00, 0x00, 0xe4, 0x0f, 0x00,
  0x32, 0x72, 0xe5, 0xc3, 0xe5, 0x00, 0x00, 0x00, 0x00, 0x00, 0x00, 0x00,
  0x00, 0xc4, 0x0f, 0x00, 0x30, 0x72, 0xc3, 0xff, 0xdf, 0x00, 0x00, 0x30,
  0x00, 0x41, 0x00, 0x00, 0x00, 0xe2, 0x0f, 0x00, 0x40, 0x78, 0xc2, 0xc2,
  0xff, 0x7b, 0xff, 0x7b, 0x00, 0x02, 0x84, 0x03, 0x00, 0xe2, 0x0f, 0x00,
  0x30, 0x72, 0xdf, 0xff, 0xe1, 0x00, 0x00, 0x30, 0x00, 0x41, 0x00, 0x00,
  0x00, 0xe2, 0x0f, 0x00, 0x40, 0x78, 0xc0, 0xe5, 0xff, 0x7b, 0xff, 0x7b,
  0x00, 0x02, 0x84, 0x03, 0x00, 0xc6, 0x0f, 0x00, 0x30, 0x72, 0xe5, 0xff,
  0xc2, 0x00, 0x00, 0x20, 0x00, 0x41, 0x00, 0x00, 0x00, 0xe4, 0x0f, 0x00,
  0x30, 0x72, 0xeb, 0xff, 0xc0, 0x00, 0x00, 0x30, 0x00, 0x41, 0x00, 0x00,
  0x00, 0xe4, 0x0f, 0x00, 0x30, 0x72, 0xe1, 0xff, 0xc2, 0x00, 0x00, 0x30,
  0x00, 0x41, 0x00, 0x00, 0x00, 0xe2, 0x0f, 0x00, 0x02, 0x72, 0xc2, 0x00,
  0x0d, 0x00, 0x00, 0x00, 0x00, 0x0f, 0x00, 0x00, 0x00, 0xe2, 0x0f, 0x00,
  0x30, 0x72, 0xc1, 0xff, 0xc0, 0x00, 0x00, 0x20, 0x00, 0x41, 0x00, 0x00,
  0x00, 0xe2, 0x0f, 0x00, 0x02, 0x72, 0xc0, 0x00, 0xd7, 0x00, 0x00, 0x00,
  0x00, 0x0f, 0x00, 0x00, 0x00, 0xe2, 0x0f, 0x00, 0x02, 0x72, 0xe7, 0x00,
  0xeb, 0x00, 0x00, 0x00, 0x00, 0x0f, 0x00, 0x00, 0x00, 0xe2, 0x0f, 0x00,
  0x47, 0x75, 0xdc, 0x08, 0x11, 0x00, 0x00, 0x00, 0x00, 0x00, 0x80, 0x0b,
  0x00, 0xec, 0x0f, 0x00, 0x82, 0x7c, 0x0a, 0x00, 0x14, 0x00, 0x00, 0x00,
  0x00, 0x00, 0x00, 0x08, 0x00, 0xe2, 0x0f, 0x01, 0x45, 0x79, 0x00, 0x00,
  0x50, 0x13, 0x00, 0x00, 0x00, 0x02, 0x80, 0x03, 0x00, 0xe2, 0x0f, 0x00,
  0x8c, 0x72, 0x00, 0x0a, 0xff, 0x00, 0x00, 0x00, 0x70, 0x52, 0xf0, 0x0b,
  0x00, 0xd2, 0x0f, 0x00, 0x47, 0x75, 0x6c, 0x08, 0x0d, 0x00, 0x00, 0x00,
  0x00, 0x00, 0x80, 0x0b, 0x00, 0xea, 0x0f, 0x00, 0x19, 0x79, 0xd7, 0x00,
  0x00, 0x00, 0x00, 0x00, 0x00, 0x21, 0x00, 0x00, 0x00, 0x62, 0x0e, 0x00,
  0xc3, 0x79, 0x0d, 0x00, 0x00, 0x00, 0x00, 0x00, 0x00, 0x26, 0x00, 0x00,
  0x00, 0xa2, 0x0e, 0x00, 0x02, 0x78, 0xef, 0x00, 0xff, 0xff, 0x7f, 0xff,
  0x00, 0x0f, 0x00, 0x00, 0x00, 0xe2, 0x0f, 0x00, 0x02, 0x78, 0xf1, 0x00,
  0xff, 0xff, 0x7f, 0xff, 0x00, 0x0f, 0x00, 0x00, 0x00, 0xe2, 0x0f, 0x00,
  0x19, 0x79, 0xe7, 0x00, 0x00, 0x00, 0x00, 0x00, 0x00, 0x25, 0x00, 0x00,
  0x00, 0xe2, 0x0e, 0x00, 0x02, 0x78, 0xf0, 0x00, 0xff, 0xff, 0x7f, 0xff,
  0x00, 0x0f, 0x00, 0x00, 0x00, 0xe2, 0x0f, 0x00, 0x02, 0x78, 0xf2, 0x00,
  0xff, 0xff, 0x7f, 0xff, 0x00, 0x0f, 0x00, 0x00, 0x00, 0xe2, 0x0f, 0x00,
  0x02, 0x78, 0xf9, 0x00, 0xff, 0xff, 0x7f, 0xff, 0x00, 0x0f, 0x00, 0x00,
  0x00, 0xe2, 0x0f, 0x00, 0x02, 0x78, 0xfb, 0x00, 0xff, 0xff, 0x7f, 0xff,
  0x00, 0x0f, 0x00, 0x00, 0x00, 0xe2, 0x0f, 0x00, 0x02, 0x78, 0xfc, 0x00,
  0xff, 0xff, 0x7f, 0xff, 0x00, 0x0f, 0x00, 0x00, 0x00, 0xe2, 0x0f, 0x00,
  0x90, 0x72, 0x0d, 0x0d, 0x17, 0x00, 0x00, 0x00, 0xff, 0xe0, 0xff, 0x0f,
  0x00, 0xc8, 0x4f, 0x00, 0x8c, 0x72, 0x00, 0x0d, 0x18, 0x00, 0x00, 0x00,
  0x70, 0x62, 0xf0, 0x0b, 0x00, 0xe2, 0x0f, 0x00, 0x19, 0x78, 0x0d, 0xff,
  0x01, 0x00, 0x00, 0x00, 0xd7, 0x16, 0x01, 0x00, 0x00, 0xe4, 0x2f, 0x10,
  0x19, 0x78, 0xf4, 0xff, 0x03, 0x00, 0x00, 0x00, 0xd7, 0x16, 0x01, 0x00,
  0x00, 0xe4, 0x0f, 0x10, 0x12, 0x78, 0xee, 0x0d, 0x30, 0x00, 0x00, 0x00,
  0xff, 0xc0, 0x8e, 0x07, 0x00, 0xe4, 0x0f, 0x00, 0x19, 0x78, 0x0d, 0xff,
  0x02, 0x00, 0x00, 0x00, 0xd7, 0x16, 0x01, 0x00, 0x00, 0xe4, 0x0f, 0x00,
  0x11, 0x7c, 0xe7, 0xe7, 0x06, 0x00, 0x00, 0x80, 0xff, 0x30, 0x8e, 0x0f,
  0x00, 0xe4, 0x8f, 0x00, 0x82, 0x8c, 0x0e, 0x00, 0x0d, 0x00, 0x00, 0x00,
  0x00, 0x00, 0x00, 0x08, 0x00, 0xe2, 0x0f, 0x00, 0x12, 0x78, 0xee, 0xee,
  0x07, 0x00, 0x00, 0x00, 0x0d, 0xf8, 0x8e, 0x07, 0x00, 0xe2, 0x0f, 0x00,
  0x90, 0x02, 0x0e, 0x0d, 0x18, 0x00, 0x00, 0x80, 0xff, 0xe0, 0xff, 0x0f,
  0x00, 0xe2, 0x0f, 0x00, 0x10, 0x72, 0x0d, 0xd7, 0xd7, 0x00, 0x00, 0x00,
  0xff, 0xe0, 0xff, 0x07, 0x00, 0xc4, 0x0f, 0x00, 0x12, 0x78, 0xf4, 0xf4,
  0x70, 0x00, 0x00, 0x00, 0xff, 0xc0, 0x8e, 0x07, 0x00, 0xe2, 0x0f, 0x00,
  0x82, 0x88, 0x0f, 0x00, 0x02, 0x00, 0x00, 0x00, 0x00, 0x00, 0x00, 0x00,
  0x00, 0xe2, 0x0f, 0x00, 0x10, 0x7c, 0xe7, 0xee, 0x08, 0x00, 0x00, 0x00,
  0xe7, 0xe0, 0xff, 0x0f, 0x00, 0xe2, 0x0f, 0x00, 0x82, 0x08, 0x0f, 0x00,
  0x01, 0x00, 0x00, 0x00, 0x00, 0x00, 0x00, 0x00, 0x00, 0xe2, 0x0f, 0x00,
  0x12, 0x78, 0xf4, 0xf4, 0x06, 0x00, 0x00, 0x00, 0x0d, 0xf8, 0x8e, 0x07,
  0x00, 0xe2, 0x0f, 0x00, 0x90, 0x72, 0x0f, 0x0f, 0x0e, 0x00, 0x00, 0x00,
  0x0e, 0xe0, 0xff, 0x0f, 0x00, 0xe2, 0x0f, 0x00, 0x02, 0x7c, 0xee, 0x00,
  0x19, 0x00, 0x00, 0x00, 0x00, 0x0f, 0x00, 0x08, 0x00, 0xe2, 0x0f, 0x00,
  0x02, 0x7c, 0xd7, 0x00, 0x09, 0x00, 0x00, 0x00, 0x00, 0x0f, 0x00, 0x08,
  0x00, 0xe2, 0x0f, 0x00, 0x10, 0x7c, 0xf6, 0xf4, 0x09, 0x00, 0x00, 0x00,
  0xff, 0xe0, 0xff, 0x0f, 0x00, 0xe2, 0x0f, 0x00, 0x5e, 0x72, 0x0f, 0x00,
  0x0f, 0x00, 0x00, 0x00, 0x00, 0x14, 0x20, 0x08, 0x00, 0xe4, 0x0f, 0x00,
  0x10, 0x78, 0x0d, 0xe7, 0x01, 0x00, 0x00, 0x00, 0xee, 0xe8, 0xff, 0x07,
  0x00, 0xc4, 0x0f, 0x00, 0x10, 0x78, 0xee, 0xf4, 0x08, 0x00, 0x00, 0x00,
  0xd7, 0xe0, 0xff, 0x07, 0x00, 0xe2, 0x0f, 0x00, 0x56, 0x72, 0x0f, 0x0f,
  0x1a, 0x00, 0x00, 0x00, 0x00, 0x00, 0x41, 0x08, 0x00, 0xe4, 0x0f, 0x00,
  0x0c, 0x72, 0x00, 0x0d, 0xf6, 0x00, 0x00, 0x00, 0x70, 0x42, 0xf0, 0x03,
  0x00, 0xe4, 0x0f, 0x04, 0x0c, 0x72, 0x00, 0x0d, 0xee, 0x00, 0x00, 0x00,
  0x70, 0x42, 0xf2, 0x03, 0x00, 0xc6, 0x0f, 0x00, 0x0c, 0x72, 0x00, 0xe7,
  0xf6, 0x00, 0x00, 0x00, 0x70, 0x16, 0x70, 0x00, 0x00, 0xe4, 0x0f, 0x04,
  0x0c, 0x72, 0x00, 0xe7, 0xee, 0x00, 0x00, 0x00, 0x70, 0x16, 0xf2, 0x00,
  0x00, 0xe2, 0x0f, 0x00, 0x08, 0x7d, 0xf3, 0x00, 0x0f, 0x00, 0x00, 0x00,
  0x00, 0x08, 0x00, 0x08, 0x00, 0x74, 0x0e, 0x00, 0x82, 0x8b, 0xd7, 0xff,
  0x00, 0x71, 0x01, 0x00, 0x00, 0x08, 0x00, 0x00, 0x00, 0xb0, 0x0e, 0x00,
  0x82, 0x9b, 0xed, 0xff, 0x00, 0x71, 0x01, 0x00, 0x00, 0x08, 0x00, 0x00,
  0x00, 0xe2, 0x0e, 0x00, 0x20, 0x7c, 0xf3, 0xf3, 0x1b, 0x00, 0x00, 0x00,
  0x00, 0x00, 0x41, 0x08, 0x00, 0xe2, 0x2f, 0x00, 0x10, 0x8c, 0xd7, 0xf4,
  0x09, 0x00, 0x00, 0x00, 0xd7, 0xe0, 0xff, 0x0f, 0x00, 0xc8, 0x4f, 0x00,
  0x45, 0x82, 0xee, 0x00, 0xd7, 0x00, 0x00, 0x00, 0x00, 0x14, 0x20, 0x00,
  0x00, 0xe4, 0x0f, 0x00, 0x10, 0x9c, 0xd7, 0xf4, 0x09, 0x00, 0x00, 0x00,
  0xed, 0xe0, 0xff, 0x0f, 0x00, 0xc6, 0x8f, 0x00, 0x20, 0x82, 0xee, 0xf3,
  0xee, 0x00, 0x00, 0x00, 0x00, 0x00, 0x41, 0x00, 0x00, 0xe2, 0x0f, 0x00,
  0x02, 0x7c, 0xed, 0x00, 0x09, 0x00, 0x00, 0x00, 0x00, 0x0f, 0x00, 0x08,
  0x00, 0xc6, 0x0f, 0x00, 0x23, 0x8c, 0xef, 0xf5, 0x1b, 0x00, 0x00, 0x00,
  0xee, 0x00, 0x01, 0x08, 0x00, 0xe2, 0x0f, 0x00, 0x10, 0x78, 0xf5, 0xf6,
  0x01, 0x00, 0x00, 0x00, 0xff, 0xe0, 0xff, 0x07, 0x00, 0xe4, 0x0f, 0x00,
  0x10, 0x98, 0xd7, 0xd7, 0x08, 0x00, 0x00, 0x00, 0xff, 0xe0, 0xff, 0x07,
  0x00, 0xe4, 0x0f, 0x00, 0x10, 0x78, 0xf8, 0xf4, 0x10, 0x00, 0x00, 0x00,
  0xed, 0xe0, 0xff, 0x07, 0x00, 0xe2, 0x0f, 0x00, 0x0c, 0x72, 0x00, 0x0d,
  0xf5, 0x00, 0x00, 0x00, 0x70, 0x42, 0xf0, 0x03, 0x00, 0xe2, 0x0f, 0x00,
  0x45, 0x92, 0xee, 0x00, 0xd7, 0x00, 0x00, 0x00, 0x00, 0x14, 0x20, 0x00,
  0x00, 0xc6, 0x0f, 0x00, 0x0c, 0x72, 0x00, 0x0d, 0xf8, 0x00, 0x00, 0x00,
  0x70, 0x42, 0xf4, 0x03, 0x00, 0xe2, 0x0f, 0x00, 0x0c, 0x72, 0x00, 0xe7,
  0xf6, 0x00, 0x00, 0x00, 0x70, 0x36, 0x70, 0x00, 0x00, 0xe2, 0x0f, 0x00,
  0x20, 0x92, 0xd7, 0xf3, 0xee, 0x00, 0x00, 0x00, 0x00, 0x00, 0x41, 0x00,
  0x00, 0xc6, 0x0f, 0x00, 0x0c, 0x72, 0x00, 0xe7, 0xf8, 0x00, 0x00, 0x00,
  0x70, 0x16, 0x74, 0x01, 0x00, 0xe2, 0x0f, 0x00, 0x23, 0x9c, 0xf1, 0xec,
  0x1b, 0x00, 0x00, 0x00, 0xd7, 0x00, 0x01, 0x08, 0x00, 0xe2, 0x0f, 0x00,
  0x10, 0x78, 0xec, 0xf4, 0x09, 0x00, 0x00, 0x00, 0xed, 0xe0, 0xff, 0x07,
  0x00, 0xca, 0x0f, 0x00, 0x0c, 0x72, 0x00, 0x0d, 0xec, 0x00, 0x00, 0x00,
  0x70, 0x42, 0xf2, 0x03, 0x00, 0xe4, 0x0f, 0x08, 0x82, 0x8b, 0xd7, 0xff,
  0x00, 0x71, 0x01, 0x00, 0x00, 0x08, 0x00, 0x00, 0x00, 0x66, 0x0e, 0x00,
  0x0c, 0x72, 0x00, 0xe7, 0xec, 0x00, 0x00, 0x00, 0x70, 0x16, 0xf2, 0x00,
  0x00, 0xca, 0x0f, 0x00, 0x82, 0xab, 0xf7, 0xff, 0x00, 0x71, 0x01, 0x00,
  0x00, 0x08, 0x00, 0x00, 0x00, 0xb0, 0x0e, 0x00, 0x82, 0x9b, 0xed, 0xff,
  0x00, 0x71, 0x01, 0x00, 0x00, 0x08, 0x00, 0x00, 0x00, 0xe2, 0x0e, 0x00,
  0x10, 0x8c, 0xd7, 0xf4, 0x09, 0x00, 0x00, 0x00, 0xd7, 0xe0, 0xff, 0x0f,
  0x00, 0xc8, 0x2f, 0x00, 0x10, 0x88, 0xd7, 0xd7, 0x01, 0x00, 0x00, 0x00,
  0xff, 0xe0, 0xff, 0x07, 0x00, 0xc8, 0x0f, 0x00, 0x45, 0x82, 0xee, 0x00,
  0xd7, 0x00, 0x00, 0x00, 0x00, 0x14, 0x20, 0x00, 0x00, 0xca, 0x0f, 0x00,
  0x20, 0x82, 0xd7, 0xf3, 0xee, 0x00, 0x00, 0x00, 0x00, 0x00, 0x41, 0x00,
  0x00, 0xc8, 0x0f, 0x00, 0x23, 0x8c, 0xf0, 0xe6, 0x1b, 0x00, 0x00, 0x00,
  0xd7, 0x00, 0x01, 0x08, 0x00, 0xe2, 0x0f, 0x00, 0x02, 0x7c, 0xd7, 0x00,
  0x09, 0x00, 0x00, 0x00, 0x00, 0x0f, 0x00, 0x08, 0x00, 0xca, 0x0f, 0x00,
  0x10, 0x78, 0xe6, 0xf4, 0x11, 0x00, 0x00, 0x00, 0xd7, 0xe0, 0xff, 0x07,
  0x00, 0xe4, 0x0f, 0x04, 0x10, 0x9c, 0xd7, 0xf4, 0x09, 0x00, 0x00, 0x00,
  0xed, 0xe0, 0xff, 0x0f, 0x00, 0xc6, 0x8f, 0x00, 0x0c, 0x72, 0x00, 0x0d,
  0xe6, 0x00, 0x00, 0x00, 0x70, 0x42, 0xf0, 0x03, 0x00, 0xe2, 0x0f, 0x00,
  0x10, 0x98, 0xd7, 0xd7, 0x09, 0x00, 0x00, 0x00, 0xff, 0xe0, 0xff, 0x07,
  0x00, 0xc8, 0x0f, 0x00, 0x0c, 0x72, 0x00, 0xe7, 0xe6, 0x00, 0x00, 0x00,
  0x70, 0x16, 0x70, 0x00, 0x00, 0xe2, 0x0f, 0x00, 0x45, 0x92, 0xee, 0x00,
  0xd7, 0x00, 0x00, 0x00, 0x00, 0x14, 0x20, 0x00, 0x00, 0xca, 0x0f, 0x00,
  0x20, 0x92, 0xd7, 0xf3, 0xee, 0x00, 0x00, 0x00, 0x00, 0x00, 0x41, 0x00,
  0x00, 0xc8, 0x0f, 0x00, 0x23, 0x9c, 0xf2, 0xe8, 0x1b, 0x00, 0x00, 0x00,
  0xd7, 0x00, 0x01, 0x08, 0x00, 0xe2, 0x0f, 0x00, 0x10, 0xac, 0xd7, 0xf4,
  0x09, 0x00, 0x00, 0x00, 0xf7, 0xe0, 0xff, 0x0f, 0x00, 0xe4, 0x4f, 0x00,
  0x82, 0x8b, 0xed, 0xff, 0x00, 0x71, 0x01, 0x00, 0x00, 0x08, 0x00, 0x00,
  0x00, 0x62, 0x0e, 0x00, 0x02, 0x7c, 0xf7, 0x00, 0x09, 0x00, 0x00, 0x00,
  0x00, 0x0f, 0x00, 0x08, 0x00, 0xe2, 0x0f, 0x00, 0x10, 0xa8, 0xd7, 0xd7,
  0x10, 0x00, 0x00, 0x00, 0xff, 0xe0, 0xff, 0x07, 0x00, 0xc8, 0x0f, 0x00,
  0x10, 0x78, 0xe8, 0xf4, 0x18, 0x00, 0x00, 0x00, 0xf7, 0xe0, 0xff, 0x07,
  0x00, 0xe4, 0x0f, 0x00, 0x45, 0xa2, 0xee, 0x00, 0xd7, 0x00, 0x00, 0x00,
  0x00, 0x14, 0x20, 0x00, 0x00, 0xc6, 0x0f, 0x00, 0x0c, 0x72, 0x00, 0x0d,
  0xe8, 0x00, 0x00, 0x00, 0x70, 0x42, 0xf2, 0x03, 0x00, 0xe4, 0x0f, 0x00,
  0x20, 0xa2, 0xfa, 0xf3, 0xee, 0x00, 0x00, 0x00, 0x00, 0x00, 0x41, 0x00,
  0x00, 0xe2, 0x0f, 0x00, 0x02, 0x78, 0xee, 0x00, 0xff, 0xff, 0x7f, 0xff,
  0x00, 0x0f, 0x00, 0x00, 0x00, 0xe4, 0x0f, 0x00, 0x0c, 0x72, 0x00, 0xe7,
  0xe8, 0x00, 0x00, 0x00, 0x70, 0x16, 0xf2, 0x00, 0x00, 0xe2, 0x0f, 0x00,
  0x23, 0xac, 0xee, 0xe9, 0x1b, 0x00, 0x00, 0x00, 0xfa, 0x00, 0x01, 0x08,
  0x00, 0xe2, 0x0f, 0x00, 0x10, 0x8c, 0xd7, 0xf4, 0x09, 0x00, 0x00, 0x00,
  0xed, 0xe0, 0xff, 0x0f, 0x00, 0xe2, 0x2f, 0x00, 0x02, 0x78, 0xed, 0x00,
  0xff, 0xff, 0x7f, 0xff, 0x00, 0x0f, 0x00, 0x00, 0x00, 0xd4, 0x0f, 0x00,
  0x82, 0x9b, 0xe9, 0xff, 0x00, 0x71, 0x01, 0x00, 0x00, 0x08, 0x00, 0x00,
  0x00, 0x62, 0x0e, 0x00, 0x10, 0x88, 0xd7, 0xd7, 0x11, 0x00, 0x00, 0x00,
  0xff, 0xe0, 0xff, 0x07, 0x00, 0xc8, 0x0f, 0x00, 0x45, 0x82, 0xfa, 0x00,
  0xd7, 0x00, 0x00, 0x00, 0x00, 0x14, 0x20, 0x00, 0x00, 0xca, 0x0f, 0x00,
  0x20, 0x82, 0xd7, 0xf3, 0xfa, 0x00, 0x00, 0x00, 0x00, 0x00, 0x41, 0x00,
  0x00, 0xc8, 0x0f, 0x00, 0x23, 0x8c, 0xed, 0xea, 0x1b, 0x00, 0x00, 0x00,
  0xd7, 0x00, 0x01, 0x08, 0x00, 0xe2, 0x0f, 0x00, 0x02, 0x7c, 0xd7, 0x00,
  0x09, 0x00, 0x00, 0x00, 0x00, 0x0f, 0x00, 0x08, 0x00, 0xca, 0x0f, 0x00,
  0x10, 0x78, 0xea, 0xf4, 0x19, 0x00, 0x00, 0x00, 0xd7, 0xe0, 0xff, 0x07,
  0x00, 0xe2, 0x0f, 0x04, 0x02, 0x78, 0xd7, 0x00, 0xff, 0xff, 0x7f, 0xff,
  0x00, 0x0f, 0x00, 0x00, 0x00, 0xe2, 0x0f, 0x00, 0x10, 0x9c, 0xe9, 0xf4,
  0x09, 0x00, 0x00, 0x00, 0xe9, 0xe0, 0xff, 0x0f, 0x00, 0xc6, 0x2f, 0x00,
  0x0c, 0x72, 0x00, 0x0d, 0xea, 0x00, 0x00, 0x00, 0x70, 0x42, 0xf0, 0x03,
  0x00, 0xe2, 0x0f, 0x00, 0x10, 0x98, 0x0d, 0xe9, 0x18, 0x00, 0x00, 0x00,
  0xff, 0xe0, 0xff, 0x07, 0x00, 0xc8, 0x0f, 0x00, 0x0c, 0x72, 0x00, 0xe7,
  0xea, 0x00, 0x00, 0x00, 0x70, 0x16, 0x70, 0x00, 0x00, 0xe2, 0x0f, 0x00,
  0x45, 0x92, 0xfa, 0x00, 0x0d, 0x00, 0x00, 0x00, 0x00, 0x14, 0x20, 0x00,
  0x00, 0xca, 0x0f, 0x00, 0x20, 0x92, 0xfa, 0xf3, 0xfa, 0x00, 0x00, 0x00,
  0x00, 0x00, 0x41, 0x00, 0x00, 0xc8, 0x0f, 0x00, 0x23, 0x9c, 0xd7, 0xe5,
  0x1b, 0x00, 0x00, 0x00, 0xfa, 0x00, 0x01, 0x08, 0x00, 0xe2, 0x0f, 0x00,
  0x02, 0x7c, 0xfa, 0x00, 0x19, 0x00, 0x00, 0x00, 0x00, 0x0f, 0x00, 0x08,
  0x00, 0xe2, 0x0f, 0x00, 0x10, 0x78, 0xe5, 0xe7, 0x08, 0x00, 0x00, 0x00,
  0xff, 0xe0, 0xff, 0x07, 0x00, 0xe2, 0x0f, 0x00, 0x82, 0x8b, 0x0d, 0xff,
  0x00, 0x71, 0x01, 0x00, 0x00, 0x08, 0x00, 0x00, 0x00, 0x66, 0x0e, 0x00,
  0x10, 0x78, 0xe9, 0xe5, 0x01, 0x00, 0x00, 0x00, 0xfa, 0xe8, 0xff, 0x07,
  0x00, 0xca, 0x0f, 0x00, 0x0c, 0x72, 0x00, 0xe9, 0xf6, 0x00, 0x00, 0x00,
  0x70, 0x42, 0xf2, 0x03, 0x00, 0xe2, 0x0f, 0x04, 0x0c, 0x72, 0x00, 0xe9,
  0xec, 0x00, 0x00, 0x00, 0x70, 0x42, 0xf4, 0x03, 0x00, 0xe2, 0x0f, 0x04,
  0x0c, 0x72, 0x00, 0xe9, 0xf8, 0x00, 0x00, 0x00, 0x70, 0x42, 0xfa, 0x03,
  0x00, 0xe2, 0x0f, 0x04, 0x0c, 0x72, 0x00, 0xe9, 0xe6, 0x00, 0x00, 0x00,
  0x70, 0x42, 0xfc, 0x03, 0x00, 0xe2, 0x0f, 0x04, 0x0c, 0x72, 0x00, 0xe9,
  0xea, 0x00, 0x00, 0x00, 0x70, 0x42, 0xf8, 0x03, 0x00, 0xe2, 0x0f, 0x00,
  0x0c, 0x72, 0x00, 0xe5, 0xf6, 0x00, 0x00, 0x00, 0x70, 0x16, 0xf2, 0x00,
  0x00, 0xe2, 0x0f, 0x04, 0x0c, 0x72, 0x00, 0xe5, 0xec, 0x00, 0x00, 0x00,
  0x70, 0x16, 0x74, 0x01, 0x00, 0xe2, 0x0f, 0x04, 0x0c, 0x72, 0x00, 0xe5,
  0xf8, 0x00, 0x00, 0x00, 0x70, 0x16, 0xfa, 0x02, 0x00, 0xe2, 0x0f, 0x04,
  0x0c, 0x72, 0x00, 0xe5, 0xe6, 0x00, 0x00, 0x00, 0x70, 0x16, 0x7c, 0x03,
  0x00, 0xe2, 0x0f, 0x04, 0x0c, 0x72, 0x00, 0xe5, 0xea, 0x00, 0x00, 0x00,
  0x70, 0x16, 0x78, 0x02, 0x00, 0xe2, 0x0f, 0x00, 0x02, 0x78, 0xf8, 0x00,
  0xff, 0xff, 0x7f, 0xff, 0x00, 0x0f, 0x00, 0x00, 0x00, 0xe2, 0x0f, 0x00,
  0x02, 0x72, 0xec, 0x00, 0xf1, 0x00, 0x00, 0x00, 0x00, 0x0f, 0x00, 0x00,
  0x00, 0xe2, 0x0f, 0x00, 0x02, 0x72, 0xe6, 0x00, 0xf0, 0x00, 0x00, 0x00,
  0x00, 0x0f, 0x00, 0x00, 0x00, 0xe2, 0x0f, 0x00, 0x02, 0x72, 0xea, 0x00,
  0xed, 0x00, 0x00, 0x00, 0x00, 0x0f, 0x00, 0x00, 0x00, 0xe2, 0x0f, 0x00,
  0x10, 0x8c, 0x0d, 0xf4, 0x09, 0x00, 0x00, 0x00, 0x0d, 0xe0, 0xff, 0x0f,
  0x00, 0xc8, 0x2f, 0x00, 0x82, 0x9b, 0xf7, 0xff, 0x00, 0x71, 0x01, 0x00,
  0x00, 0x08, 0x00, 0x00, 0x00, 0x62, 0x0e, 0x00, 0x10, 0x88, 0x0d, 0x0d,
  0x19, 0x00, 0x00, 0x00, 0xff, 0xe0, 0xff, 0x07, 0x00, 0xc8, 0x0f, 0x00,
  0x45, 0x82, 0xfa, 0x00, 0x0d, 0x00, 0x00, 0x00, 0x00, 0x14, 0x20, 0x00,
  0x00, 0xe2, 0x0f, 0x00, 0x02, 0x78, 0x0d, 0x00, 0xff, 0xff, 0x7f, 0xff,
  0x00, 0x0f, 0x00, 0x00, 0x00, 0xc8, 0x0f, 0x00, 0x20, 0x82, 0xfa, 0xf3,
  0xfa, 0x00, 0x00, 0x00, 0x00, 0x00, 0x41, 0x00, 0x00, 0xc8, 0x0f, 0x00,
  0x23, 0x8c, 0x0d, 0xe1, 0x1b, 0x00, 0x00, 0x00, 0xfa, 0x00, 0x01, 0x08,
  0x00, 0xe2, 0x0f, 0x00, 0x02, 0x7c, 0xfa, 0x00, 0x19, 0x00, 0x00, 0x00,
  0x00, 0x0f, 0x00, 0x08, 0x00, 0xe2, 0x0f, 0x00, 0x0c, 0x72, 0x00, 0xe9,
  0xf5, 0x00, 0x00, 0x00, 0x70, 0x42, 0xf0, 0x03, 0x00, 0xe2, 0x0f, 0x00,
  0x10, 0x78, 0xe1, 0xf6, 0x08, 0x00, 0x00, 0x00, 0xff, 0xe0, 0xff, 0x07,
  0x00, 0xe2, 0x0f, 0x00, 0x02, 0x72, 0xf5, 0x00, 0xef, 0x00, 0x00, 0x00,
  0x00, 0x0f, 0x00, 0x00, 0x00, 0xe4, 0x0f, 0x00, 0x10, 0x78, 0xfa, 0xe7,
  0x09, 0x00, 0x00, 0x00, 0xfa, 0xe8, 0xff, 0x07, 0x00, 0xe4, 0x0f, 0x00,
  0x10, 0x9c, 0xf7, 0xf4, 0x09, 0x00, 0x00, 0x00, 0xf7, 0xe0, 0xff, 0x0f,
  0x00, 0xe2, 0x2f, 0x00, 0x0c, 0x72, 0x00, 0xe5, 0xf6, 0x00, 0x00, 0x00,
  0x70, 0x36, 0x70, 0x00, 0x00, 0xe4, 0x0f, 0x00, 0x0c, 0x72, 0x00, 0xfa,
  0xe1, 0x00, 0x00, 0x00, 0x70, 0x42, 0xf6, 0x03, 0x00, 0xe2, 0x0f, 0x00,
  0x45, 0x92, 0xfa, 0x00, 0xf7, 0x00, 0x00, 0x00, 0x00, 0x14, 0x20, 0x00,
  0x00, 0xe2, 0x0f, 0x00, 0x02, 0x78, 0xf7, 0x00, 0xff, 0xff, 0x7f, 0xff,
  0x00, 0x0f, 0x00, 0x00, 0x00, 0xc8, 0x0f, 0x00, 0x20, 0x92, 0xe1, 0xf3,
  0xfa, 0x00, 0x00, 0x00, 0x00, 0x00, 0x41, 0x00, 0x00, 0xe2, 0x0f, 0x00,
  0x02, 0x78, 0xfa, 0x00, 0xff, 0xff, 0x7f, 0xff, 0x00, 0x0f, 0x00, 0x00,
  0x00, 0xc6, 0x0f, 0x00, 0x23, 0x9c, 0xf7, 0xe0, 0x1b, 0x00, 0x00, 0x00,
  0xe1, 0x00, 0x01, 0x08, 0x00, 0xe2, 0x0f, 0x00, 0x0c, 0x72, 0x00, 0xe7,
  0xf6, 0x00, 0x00, 0x00, 0x70, 0x16, 0xf2, 0x01, 0x00, 0xe2, 0x0f, 0x00,
  0x82, 0x8b, 0xe1, 0xff, 0x00, 0x71, 0x01, 0x00, 0x00, 0x08, 0x00, 0x00,
  0x00, 0x62, 0x0e, 0x00, 0x0c, 0x72, 0x00, 0xe9, 0xe8, 0x00, 0x00, 0x00,
  0x70, 0x42, 0xf6, 0x03, 0x00, 0xe2, 0x0f, 0x00, 0x02, 0x78, 0xf6, 0x00,
  0xff, 0xff, 0x7f, 0xff, 0x00, 0x0f, 0x00, 0x00, 0x00, 0xe2, 0x0f, 0x00,
  0x02, 0x78, 0xe7, 0x00, 0xff, 0xff, 0x7f, 0xff, 0x00, 0x0f, 0x00, 0x00,
  0x00, 0xe2, 0x0f, 0x00, 0x02, 0x72, 0xe9, 0x00, 0xee, 0x00, 0x00, 0x00,
  0x00, 0x0f, 0x00, 0x00, 0x00, 0xe4, 0x0f, 0x00, 0x0c, 0x72, 0x00, 0xe5,
  0xe8, 0x00, 0x00, 0x00, 0x70, 0x16, 0xf6, 0x01, 0x00, 0xe2, 0x0f, 0x00,
  0x02, 0x72, 0xe8, 0x00, 0xf2, 0x00, 0x00, 0x00, 0x00, 0x0f, 0x00, 0x00,
  0x00, 0xe2, 0x0f, 0x00, 0x82, 0xab, 0xe5, 0xff, 0x00, 0x71, 0x01, 0x00,
  0x00, 0x08, 0x00, 0x00, 0x00, 0xa2, 0x0e, 0x00, 0x10, 0x8c, 0xe1, 0xf4,
  0x09, 0x00, 0x00, 0x00, 0xe1, 0xe0, 0xff, 0x0f, 0x00, 0xc8, 0x2f, 0x00,
  0x10, 0x88, 0xe1, 0xe1, 0x01, 0x00, 0x00, 0x00, 0xff, 0xe0, 0xff, 0x07,
  0x00, 0xe4, 0x0f, 0x00, 0x10, 0xac, 0xe5, 0xf4, 0x09, 0x00, 0x00, 0x00,
  0xe5, 0xe0, 0xff, 0x0f, 0x00, 0xe4, 0x4f, 0x00, 0x45, 0x82, 0xe0, 0x00,
  0xe1, 0x00, 0x00, 0x00, 0x00, 0x14, 0x20, 0x00, 0x00, 0xe4, 0x0f, 0x00,
  0x82, 0xbb, 0xe1, 0xff, 0x00, 0x71, 0x01, 0x00, 0x00, 0x08, 0x00, 0x00,
  0x00, 0x62, 0x0e, 0x00, 0x10, 0xa8, 0xe5, 0xe5, 0x09, 0x00, 0x00, 0x00,
  0xff, 0xe0, 0xff, 0x07, 0x00, 0xe4, 0x0f, 0x00, 0x20, 0x82, 0xe0, 0xf3,
  0xe0, 0x00, 0x00, 0x00, 0x00, 0x00, 0x41, 0x00, 0x00, 0xc8, 0x0f, 0x00,
  0x23, 0x8c, 0xf6, 0xc3, 0x1b, 0x00, 0x00, 0x00, 0xe0, 0x00, 0x01, 0x08,
  0x00, 0xe2, 0x0f, 0x00, 0x45, 0xa2, 0xe0, 0x00, 0xe5, 0x00, 0x00, 0x00,
  0x00, 0x14, 0x20, 0x00, 0x00, 0xe2, 0x0f, 0x00, 0x82, 0xdb, 0xc3, 0xff,
  0x00, 0x71, 0x01, 0x00, 0x00, 0x08, 0x00, 0x00, 0x00, 0xa2, 0x0e, 0x00,
  0x02, 0x72, 0xe5, 0x00, 0xd7, 0x00, 0x00, 0x00, 0x00, 0x0f, 0x00, 0x00,
  0x00, 0xc6, 0x0f, 0x00, 0x20, 0xa2, 0xe0, 0xf3, 0xe0, 0x00, 0x00, 0x00,
  0x00, 0x00, 0x41, 0x00, 0x00, 0xc8, 0x0f, 0x00, 0x23, 0xac, 0xf9, 0xdf,
  0x1b, 0x00, 0x00, 0x00, 0xe0, 0x00, 0x01, 0x08, 0x00, 0xe4, 0x0f, 0x00,
  0x82, 0xeb, 0xdf, 0xff, 0x00, 0x71, 0x01, 0x00, 0x00, 0x08, 0x00, 0x00,
  0x00, 0xe2, 0x0e, 0x00, 0x10, 0xbc, 0xe1, 0xf4, 0x09, 0x00, 0x00, 0x00,
  0xe1, 0xe0, 0xff, 0x0f, 0x00, 0xc8, 0x2f, 0x00, 0x10, 0xb8, 0xe1, 0xe1,
  0x18, 0x00, 0x00, 0x00, 0xff, 0xe0, 0xff, 0x07, 0x00, 0xe4, 0x0f, 0x00,
  0x10, 0xdc, 0xc3, 0xf4, 0x09, 0x00, 0x00, 0x00, 0xc3, 0xe0, 0xff, 0x0f,
  0x00, 0xc8, 0x4f, 0x00, 0x10, 0xd8, 0xc3, 0xc3, 0x10, 0x00, 0x00, 0x00,
  0xff, 0xe0, 0xff, 0x07, 0x00, 0xc8, 0x0f, 0x00, 0x45, 0xd2, 0xe0, 0x00,
  0xc3, 0x00, 0x00, 0x00, 0x00, 0x14, 0x20, 0x00, 0x00, 0xe4, 0x0f, 0x00,
  0x10, 0xec, 0xdf, 0xf4, 0x09, 0x00, 0x00, 0x00, 0xdf, 0xe0, 0xff, 0x0f,
  0x00, 0xc6, 0x8f, 0x00, 0x20, 0xd2, 0xe0, 0xf3, 0xe0, 0x00, 0x00, 0x00,
  0x00, 0x00, 0x41, 0x00, 0x00, 0xe2, 0x0f, 0x00, 0x10, 0xe8, 0xdf, 0xdf,
  0x11, 0x00, 0x00, 0x00, 0xff, 0xe0, 0xff, 0x07, 0x00, 0xc6, 0x0f, 0x00,
  0x23, 0xdc, 0xfa, 0xe3, 0x1b, 0x00, 0x00, 0x00, 0xe0, 0x00, 0x01, 0x08,
  0x00, 0xe2, 0x0f, 0x00, 0x45, 0xe2, 0xe0, 0x00, 0xdf, 0x00, 0x00, 0x00,
  0x00, 0x14, 0x20, 0x00, 0x00, 0xe2, 0x0f, 0x00, 0x02, 0x72, 0xdf, 0x00,
  0xf9, 0x00, 0x00, 0x00, 0x00, 0x0f, 0x00, 0x00, 0x00, 0xc6, 0x0f, 0x00,
  0x02, 0x72, 0xe3, 0x00, 0xfa, 0x00, 0x00, 0x00, 0x00, 0x0f, 0x00, 0x00,
  0x00, 0xe2, 0x0f, 0x00, 0x20, 0xe2, 0xc3, 0xf3, 0xe0, 0x00, 0x00, 0x00,
  0x00, 0x00, 0x41, 0x00, 0x00, 0xe2, 0x0f, 0x04, 0x45, 0xb2, 0xe0, 0x00,
  0xe1, 0x00, 0x00, 0x00, 0x00, 0x14, 0x20, 0x00, 0x00, 0xe2, 0x0f, 0x00,
  0x02, 0x72, 0xe1, 0x00, 0x0d, 0x00, 0x00, 0x00, 0x00, 0x0f, 0x00, 0x00,
  0x00, 0xe4, 0x0f, 0x00, 0x23, 0xec, 0xfb, 0xe4, 0x1b, 0x00, 0x00, 0x00,
  0xc3, 0x00, 0x01, 0x08, 0x00, 0xe4, 0x0f, 0x00, 0x82, 0x9b, 0xc3, 0xff,
  0x00, 0x71, 0x01, 0x00, 0x00, 0x08, 0x00, 0x00, 0x00, 0x62, 0x0e, 0x00,
  0x20, 0xb2, 0xe0, 0xf3, 0xe0, 0x00, 0x00, 0x00, 0x00, 0x00, 0x41, 0x00,
  0x00, 0xe4, 0x0f, 0x00, 0x02, 0x72, 0xe4, 0x00, 0xfb, 0x00, 0x00, 0x00,
  0x00, 0x0f, 0x00, 0x00, 0x00, 0xc4, 0x0f, 0x00, 0x23, 0xbc, 0xf8, 0xc1,
  0x1b, 0x00, 0x00, 0x00, 0xe0, 0x00, 0x01, 0x08, 0x00, 0xe2, 0x0f, 0x00,
  0x10, 0x9c, 0xc3, 0xf4, 0x09, 0x00, 0x00, 0x00, 0xc3, 0xe0, 0xff, 0x0f,
  0x00, 0xc8, 0x2f, 0x00, 0x10, 0x98, 0xc3, 0xc3, 0x08, 0x00, 0x00, 0x00,
  0xff, 0xe0, 0xff, 0x07, 0x00, 0xc8, 0x0f, 0x00, 0x45, 0x92, 0xe0, 0x00,
  0xc3, 0x00, 0x00, 0x00, 0x00, 0x14, 0x20, 0x00, 0x00, 0xe2, 0x0f, 0x00,
  0x02, 0x72, 0xc3, 0x00, 0xf6, 0x00, 0x00, 0x00, 0x00, 0x0f, 0x00, 0x00,
  0x00, 0xc8, 0x0f, 0x00, 0x20, 0x92, 0xc1, 0xf3, 0xe0, 0x00, 0x00, 0x00,
  0x00, 0x00, 0x41, 0x00, 0x00, 0xe2, 0x0f, 0x00, 0x02, 0x72, 0xe0, 0x00,
  0xf7, 0x00, 0x00, 0x00, 0x00, 0x0f, 0x00, 0x00, 0x00, 0xc6, 0x0f, 0x00,
  0x23, 0x9c, 0xfc, 0xde, 0x1b, 0x00, 0x00, 0x00, 0xc1, 0x00, 0x01, 0x08,
  0x00, 0xe2, 0x0f, 0x00, 0x02, 0x72, 0xc1, 0x00, 0xf8, 0x00, 0x00, 0x00,
  0x00, 0x0f, 0x00, 0x00, 0x00, 0xc8, 0x0f, 0x00, 0x02, 0x72, 0xde, 0x00,
  0xfc, 0x00, 0x00, 0x00, 0x00, 0x0f, 0x00, 0x00, 0x00, 0xe2, 0x0f, 0x00,
  0x47, 0x49, 0xb4, 0x00, 0x04, 0x00, 0x00, 0x00, 0x00, 0x00, 0x80, 0x03,
  0x00, 0xec, 0x0f, 0x00, 0x02, 0x7c, 0xc1, 0x00, 0x1c, 0x00, 0x00, 0x00,
  0x00, 0x0f, 0x00, 0x08, 0x00, 0xe2, 0x0f, 0x00, 0x02, 0x72, 0xe4, 0x00,
  0xfb, 0x00, 0x00, 0x00, 0x00, 0x0f, 0x00, 0x00, 0x00, 0xe2, 0x0f, 0x00,
  0x02, 0x72, 0xe3, 0x00, 0xfa, 0x00, 0x00, 0x00, 0x00, 0x0f, 0x00, 0x00,
  0x00, 0xe2, 0x0f, 0x00, 0x02, 0x72, 0xdf, 0x00, 0xf9, 0x00, 0x00, 0x00,
  0x00, 0x0f, 0x00, 0x00, 0x00, 0xe2, 0x0f, 0x00, 0x02, 0x72, 0xde, 0x00,
  0xfc, 0x00, 0x00, 0x00, 0x00, 0x0f, 0x00, 0x00, 0x00, 0xe2, 0x0f, 0x00,
  0x10, 0x7c, 0xf4, 0xf4, 0x09, 0x00, 0x00, 0x00, 0xc1, 0xe0, 0xff, 0x0f,
  0x00, 0xe2, 0x0f, 0x00, 0x02, 0x72, 0xc1, 0x00, 0xf8, 0x00, 0x00, 0x00,
  0x00, 0x0f, 0x00, 0x00, 0x00, 0xe2, 0x0f, 0x00, 0x02, 0x72, 0xc3, 0x00,
  0xf6, 0x00, 0x00, 0x00, 0x00, 0x0f, 0x00, 0x00, 0x00, 0xe2, 0x0f, 0x00,
  0x02, 0x72, 0xe0, 0x00, 0xf7, 0x00, 0x00, 0x00, 0x00, 0x0f, 0x00, 0x00,
  0x00, 0xe2, 0x0f, 0x00, 0x10, 0x78, 0xf4, 0xf4, 0x19, 0x00, 0x00, 0x00,
  0xff, 0xe0, 0xff, 0x07, 0x00, 0xe2, 0x0f, 0x00, 0x02, 0x72, 0xe1, 0x00,
  0x0d, 0x00, 0x00, 0x00, 0x00, 0x0f, 0x00, 0x00, 0x00, 0xe2, 0x0f, 0x00,
  0x02, 0x72, 0xe5, 0x00, 0xd7, 0x00, 0x00, 0x00, 0x00, 0x0f, 0x00, 0x00,
  0x00, 0xe2, 0x0f, 0x00, 0x02, 0x72, 0xea, 0x00, 0xed, 0x00, 0x00, 0x00,
  0x00, 0x0f, 0x00, 0x00, 0x00, 0xe2, 0x0f, 0x00, 0x02, 0x72, 0xe9, 0x00,
  0xee, 0x00, 0x00, 0x00, 0x00, 0x0f, 0x00, 0x00, 0x00, 0xe2, 0x0f, 0x00,
  0x45, 0x72, 0xf4, 0x00, 0xf4, 0x00, 0x00, 0x00, 0x00, 0x14, 0x20, 0x00,
  0x00, 0xe2, 0x0f, 0x00, 0x02, 0x72, 0xe8, 0x00, 0xf2, 0x00, 0x00, 0x00,
  0x00, 0x0f, 0x00, 0x00, 0x00, 0xe2, 0x0f, 0x00, 0x02, 0x72, 0xec, 0x00,
  0xf1, 0x00, 0x00, 0x00, 0x00, 0x0f, 0x00, 0x00, 0x00, 0xe2, 0x0f, 0x00,
  0x02, 0x72, 0xe6, 0x00, 0xf0, 0x00, 0x00, 0x00, 0x00, 0x0f, 0x00, 0x00,
  0x00, 0xc4, 0x0f, 0x00, 0x20, 0x72, 0xf4, 0xf3, 0xf4, 0x00, 0x00, 0x00,
  0x00, 0x00, 0x41, 0x00, 0x00, 0xe2, 0x0f, 0x00, 0x02, 0x72, 0xf5, 0x00,
  0xef, 0x00, 0x00, 0x00, 0x00, 0x0f, 0x00, 0x00, 0x00, 0xc6, 0x0f, 0x00,
  0x23, 0x7c, 0xe7, 0xeb, 0x1b, 0x00, 0x00, 0x00, 0xf4, 0x00, 0x01, 0x08,
  0x00, 0xe2, 0x0f, 0x00, 0x47, 0x79, 0x5c, 0x00, 0x04, 0x00, 0x00, 0x00,
  0x00, 0x00, 0x80, 0x03, 0x00, 0xec, 0x0f, 0x00, 0x19, 0x79, 0x0d, 0x00,
  0x00, 0x00, 0x00, 0x00, 0x00, 0x21, 0x00, 0x00, 0x00, 0x62, 0x0e, 0x00,
  0x19, 0x79, 0xe7, 0x00, 0x00, 0x00, 0x00, 0x00, 0x00, 0x25, 0x00, 0x00,
  0x00, 0xa2, 0x0e, 0x00, 0x19, 0x78, 0xd7, 0xff, 0x01, 0x00, 0x00, 0x00,
  0x0d, 0x16, 0x01, 0x00, 0x00, 0xe4, 0x2f, 0x10, 0x19, 0x78, 0xee, 0xff,
  0x02, 0x00, 0x00, 0x00, 0x0d, 0x16, 0x01, 0x00, 0x00, 0xe4, 0x0f, 0x00,
  0x12, 0x78, 0xd7, 0xd7, 0x30, 0x00, 0x00, 0x00, 0xff, 0xc0, 0x8e, 0x07,
  0x00, 0xe4, 0x0f, 0x00, 0x11, 0x7c, 0xe7, 0xe7, 0x06, 0x00, 0x00, 0x80,
  0xff, 0x30, 0x8e, 0x0f, 0x00, 0xe4, 0x4f, 0x00, 0x12, 0x78, 0xf0, 0xd7,
  0x07, 0x00, 0x00, 0x00, 0xee, 0xf8, 0x8e, 0x07, 0x00, 0xc4, 0x0f, 0x00,
  0x19, 0x78, 0xd7, 0xff, 0x03, 0x00, 0x00, 0x00, 0x0d, 0x16, 0x01, 0x00,
  0x00, 0xe4, 0x0f, 0x00, 0x10, 0x72, 0xee, 0x0d, 0x0d, 0x00, 0x00, 0x00,
  0xff, 0xe0, 0xff, 0x07, 0x00, 0xe4, 0x0f, 0x00, 0x10, 0x7c, 0xf0, 0xf0,
  0x08, 0x00, 0x00, 0x00, 0xe7, 0xe0, 0xff, 0x0f, 0x00, 0xe4, 0x0f, 0x00,
  0x12, 0x78, 0xd7, 0xd7, 0x70, 0x00, 0x00, 0x00, 0xff, 0xc0, 0x8e, 0x07,
  0x00, 0xc8, 0x0f, 0x00, 0x12, 0x78, 0xd7, 0xd7, 0x06, 0x00, 0x00, 0x00,
  0xee, 0xf8, 0x8e, 0x07, 0x00, 0xe4, 0x0f, 0x00, 0x10, 0x7c, 0xee, 0xf0,
  0x19, 0x00, 0x00, 0x80, 0xff, 0xe0, 0xff, 0x0f, 0x00, 0xe4, 0x0f, 0x00,
  0x10, 0x7c, 0xf1, 0xd7, 0x09, 0x00, 0x00, 0x00, 0xff, 0xe0, 0xff, 0x0f,
  0x00, 0xe4, 0x0f, 0x00, 0x10, 0x78, 0xf2, 0xee, 0x01, 0x00, 0x00, 0x00,
  0xff, 0xe0, 0xff, 0x07, 0x00, 0xe4, 0x0f, 0x04, 0x10, 0x78, 0xee, 0xee,
  0x09, 0x00, 0x00, 0x00, 0xff, 0xe0, 0xff, 0x07, 0x00, 0xe4, 0x0f, 0x00,
  0x10, 0x78, 0x0d, 0xf1, 0x08, 0x00, 0x00, 0x00, 0xff, 0xe0, 0xff, 0x07,
  0x00, 0xc4, 0x0f, 0x00, 0x10, 0x78, 0xe7, 0xf1, 0x09, 0x00, 0x00, 0x00,
  0xff, 0xe0, 0xff, 0x07, 0x00, 0xe2, 0x0f, 0x04, 0x0c, 0x72, 0x00, 0xf2,
  0xf1, 0x00, 0x00, 0x00, 0x70, 0x42, 0xfc, 0x03, 0x00, 0xe2, 0x0f, 0x08,
  0x0c, 0x72, 0x00, 0xf0, 0xf1, 0x00, 0x00, 0x00, 0x70, 0x62, 0xf6, 0x03,
  0x00, 0xe2, 0x0f, 0x04, 0x10, 0x78, 0xd7, 0xf1, 0x10, 0x00, 0x00, 0x00,
  0xff, 0xe0, 0xff, 0x07, 0x00, 0xe2, 0x0f, 0x04, 0x0c, 0x72, 0x00, 0xf0,
  0x0d, 0x00, 0x00, 0x00, 0x70, 0x62, 0xf2, 0x03, 0x00, 0xe2, 0x0f, 0x08,
  0x0c, 0x72, 0x00, 0xf2, 0x0d, 0x00, 0x00, 0x00, 0x70, 0x42, 0xf4, 0x03,
  0x00, 0xe2, 0x0f, 0x08, 0x0c, 0x72, 0x00, 0xee, 0x0d, 0x00, 0x00, 0x00,
  0x70, 0x42, 0xf8, 0x03, 0x00, 0xe2, 0x0f, 0x00, 0x10, 0x78, 0x0d, 0xf1,
  0x01, 0x00, 0x00, 0x00, 0xff, 0xe0, 0xff, 0x07, 0x00, 0xe2, 0x0f, 0x00,
  0x08, 0x78, 0xf5, 0xf5, 0xff, 0xff, 0x7f, 0xff, 0x00, 0x00, 0x00, 0x07,
  0x00, 0xe2, 0x0f, 0x00, 0x10, 0x78, 0xed, 0xf1, 0x18, 0x00, 0x00, 0x00,
  0xff, 0xe0, 0xff, 0x07, 0x00, 0xe2, 0x0f, 0x04, 0x08, 0x78, 0xec, 0xec,
  0xff, 0xff, 0x7f, 0xff, 0x00, 0x00, 0x00, 0x05, 0x00, 0xe2, 0x0f, 0x00,
  0x08, 0x78, 0xde, 0xde, 0xff, 0xff, 0x7f, 0xff, 0x00, 0x00, 0x00, 0x06,
  0x00, 0xe2, 0x0f, 0x00, 0x0c, 0x72, 0x00, 0xf2, 0x0d, 0x00, 0x00, 0x00,
  0x70, 0x42, 0xfa, 0x03, 0x00, 0xe2, 0x0f, 0x08, 0x0c, 0x72, 0x00, 0xee,
  0x0d, 0x00, 0x00, 0x00, 0x70, 0x42, 0xf0, 0x03, 0x00, 0xe2, 0x0f, 0x00,
  0x10, 0x78, 0x0d, 0xf1, 0x11, 0x00, 0x00, 0x00, 0xff, 0xe0, 0xff, 0x07,
  0x00, 0xe2, 0x0f, 0x00, 0x0c, 0x72, 0x00, 0xf2, 0xe7, 0x00, 0x00, 0x00,
  0x70, 0x42, 0xf4, 0x03, 0x00, 0xe2, 0x0f, 0x00, 0x08, 0x78, 0xf5, 0xf5,
  0xff, 0xff, 0x7f, 0xff, 0x00, 0x00, 0x80, 0x01, 0x00, 0xe2, 0x0f, 0x00,
  0x08, 0x78, 0xe6, 0xe6, 0xff, 0xff, 0x7f, 0xff, 0x00, 0x00, 0x80, 0x06,
  0x00, 0xe2, 0x0f, 0x00, 0x08, 0x78, 0xde, 0xde, 0xff, 0xff, 0x7f, 0xff,
  0x00, 0x00, 0x80, 0x01, 0x00, 0xe2, 0x0f, 0x00, 0x0c, 0x72, 0x00, 0xf2,
  0x0d, 0x00, 0x00, 0x00, 0x70, 0x42, 0xfa, 0x03, 0x00, 0xe2, 0x0f, 0x04,
  0x0c, 0x72, 0x00, 0xf2, 0xd7, 0x00, 0x00, 0x00, 0x70, 0x42, 0xf8, 0x03,
  0x00, 0xe2, 0x0f, 0x00, 0x0c, 0x72, 0x00, 0xf0, 0xf1, 0x00, 0x00, 0x00,
  0x70, 0x42, 0xfc, 0x03, 0x00, 0xe2, 0x0f, 0x04, 0x0c, 0x72, 0x00, 0xf0,
  0xe7, 0x00, 0x00, 0x00, 0x70, 0x62, 0xf6, 0x03, 0x00, 0xe2, 0x0f, 0x00,
  0x08, 0x78, 0xe8, 0xe8, 0xff, 0xff, 0x7f, 0xff, 0x00, 0x00, 0x00, 0x05,
  0x00, 0xe2, 0x0f, 0x00, 0x08, 0x78, 0xc3, 0xc3, 0xff, 0xff, 0x7f, 0xff,
  0x00, 0x00, 0x00, 0x04, 0x00, 0xe2, 0x0f, 0x00, 0x10, 0x78, 0xef, 0xf1,
  0x19, 0x00, 0x00, 0x00, 0xff, 0xe0, 0xff, 0x07, 0x00, 0xe2, 0x0f, 0x00,
  0x0c, 0x72, 0x00, 0xf0, 0x0d, 0x00, 0x00, 0x00, 0x70, 0x62, 0xf4, 0x03,
  0x00, 0xe2, 0x0f, 0x00, 0x08, 0x78, 0xea, 0xea, 0xff, 0xff, 0x7f, 0xff,
  0x00, 0x00, 0x80, 0x06, 0x00, 0xe2, 0x0f, 0x00, 0x0c, 0x72, 0x00, 0xf2,
  0xed, 0x00, 0x00, 0x00, 0x70, 0x42, 0xf0, 0x03, 0x00, 0xe2, 0x0f, 0x00,
  0x08, 0x78, 0xec, 0xec, 0xff, 0xff, 0x7f, 0xff, 0x00, 0x00, 0x80, 0x00,
  0x00, 0xe2, 0x0f, 0x00, 0x08, 0x78, 0xe6, 0xe6, 0xff, 0xff, 0x7f, 0xff,
  0x00, 0x00, 0x00, 0x03, 0x00, 0xe2, 0x0f, 0x00, 0x08, 0x78, 0xe8, 0xe8,
  0xff, 0xff, 0x7f, 0xff, 0x00, 0x00, 0x80, 0x01, 0x00, 0xe2, 0x0f, 0x00,
  0x08, 0x78, 0xe9, 0xe9, 0xff, 0xff, 0x7f, 0xff, 0x00, 0x00, 0x00, 0x06,
  0x00, 0xe2, 0x0f, 0x00, 0x0c, 0x72, 0x00, 0xf2, 0xef, 0x00, 0x00, 0x00,
  0x70, 0x42, 0xf2, 0x03, 0x00, 0xe2, 0x0f, 0x00, 0x0c, 0x72, 0x00, 0xf0,
  0xd7, 0x00, 0x00, 0x00, 0x70, 0x62, 0xfc, 0x03, 0x00, 0xe2, 0x0f, 0x04,
  0x0c, 0x72, 0x00, 0xf0, 0xed, 0x00, 0x00, 0x00, 0x70, 0x62, 0xf6, 0x03,
  0x00, 0xe2, 0x0f, 0x04, 0x0c, 0x72, 0x00, 0xf0, 0xef, 0x00, 0x00, 0x00,
  0x70, 0x62, 0xf8, 0x03, 0x00, 0xe2, 0x0f, 0x00, 0x08, 0x78, 0xea, 0xea,
  0xff, 0xff, 0x7f, 0xff, 0x00, 0x00, 0x00, 0x01, 0x00, 0xe2, 0x0f, 0x00,
  0x10, 0x78, 0xf0, 0xf0, 0x08, 0x00, 0x00, 0x00, 0xff, 0xe0, 0xff, 0x07,
  0x00, 0xe2, 0x0f, 0x00, 0x0c, 0x72, 0x00, 0xee, 0xf1, 0x00, 0x00, 0x00,
  0x70, 0x42, 0xf4, 0x03, 0x00, 0xe2, 0x0f, 0x08, 0x08, 0x78, 0xe5, 0xe5,
  0xff, 0xff, 0x7f, 0xff, 0x00, 0x00, 0x00, 0x04, 0x00, 0xe2, 0x0f, 0x00,
  0x08, 0x78, 0xe9, 0xe9, 0xff, 0xff, 0x7f, 0xff, 0x00, 0x00, 0x00, 0x03,
  0x00, 0xe2, 0x0f, 0x00, 0x08, 0x78, 0xe1, 0xe1, 0xff, 0xff, 0x7f, 0xff,
  0x00, 0x00, 0x80, 0x04, 0x00, 0xe2, 0x0f, 0x00, 0x0c, 0x72, 0x00, 0xf0,
  0xf1, 0x00, 0x00, 0x00, 0x70, 0x62, 0xfc, 0x03, 0x00, 0xe2, 0x0f, 0x00,
  0x0c, 0x72, 0x00, 0xee, 0xe7, 0x00, 0x00, 0x00, 0x70, 0x42, 0xf2, 0x03,
  0x00, 0xe2, 0x0f, 0x00, 0x08, 0x78, 0xe0, 0xe0, 0xff, 0xff, 0x7f, 0xff,
  0x00, 0x00, 0x00, 0x05, 0x00, 0xe2, 0x0f, 0x00, 0x08, 0x78, 0xe5, 0xe5,
  0xff, 0xff, 0x7f, 0xff, 0x00, 0x00, 0x80, 0x01, 0x00, 0xe2, 0x0f, 0x00,
  0x0c, 0x72, 0x00, 0xee, 0xd7, 0x00, 0x00, 0x00, 0x70, 0x42, 0xf6, 0x03,
  0x00, 0xe2, 0x0f, 0x00, 0x0c, 0x72, 0x00, 0xf0, 0xe7, 0x00, 0x00, 0x00,
  0x70, 0x62, 0xf0, 0x03, 0x00, 0xe2, 0x0f, 0x00, 0x08, 0x78, 0xdf, 0xdf,
  0xff, 0xff, 0x7f, 0xff, 0x00, 0x00, 0x80, 0x04, 0x00, 0xe2, 0x0f, 0x00,
  0x08, 0x78, 0xe0, 0xe0, 0xff, 0xff, 0x7f, 0xff, 0x00, 0x00, 0x00, 0x03,
  0x00, 0xe2, 0x0f, 0x00, 0x0c, 0x72, 0x00, 0xee, 0x0d, 0x00, 0x00, 0x00,
  0x70, 0x42, 0xfc, 0x03, 0x00, 0xe2, 0x0f, 0x04, 0x0c, 0x72, 0x00, 0xee,
  0xed, 0x00, 0x00, 0x00, 0x70, 0x42, 0xf2, 0x03, 0x00, 0xe2, 0x0f, 0x04,
  0x08, 0x78, 0xe3, 0xe3, 0xff, 0xff, 0x7f, 0xff, 0x00, 0x00, 0x80, 0x05,
  0x00, 0xe2, 0x0f, 0x00, 0x0c, 0x72, 0x00, 0xee, 0xef, 0x00, 0x00, 0x00,
  0x70, 0x42, 0xf6, 0x03, 0x00, 0xe2, 0x0f, 0x00, 0x08, 0x78, 0xe1, 0xe1,
  0xff, 0xff, 0x7f, 0xff, 0x00, 0x00, 0x00, 0x02, 0x00, 0xe2, 0x0f, 0x00,
  0x08, 0x78, 0xe4, 0xe4, 0xff, 0xff, 0x7f, 0xff, 0x00, 0x00, 0x00, 0x07,
  0x00, 0xe2, 0x0f, 0x00, 0x08, 0x78, 0xc1, 0xc1, 0xff, 0xff, 0x7f, 0xff,
  0x00, 0x00, 0x80, 0x04, 0x00, 0xe2, 0x0f, 0x00, 0x0c, 0x72, 0x00, 0xf0,
  0xf1, 0x00, 0x00, 0x00, 0x70, 0x42, 0xfa, 0x03, 0x00, 0xe2, 0x0f, 0x04,
  0x0c, 0x72, 0x00, 0xf0, 0xd7, 0x00, 0x00, 0x00, 0x70, 0x62, 0xf4, 0x03,
  0x00, 0xe2, 0x0f, 0x04, 0x0c, 0x72, 0x00, 0xf0, 0x0d, 0x00, 0x00, 0x00,
  0x70, 0x62, 0xf8, 0x03, 0x00, 0xe2, 0x0f, 0x04, 0x0c, 0x72, 0x00, 0xf0,
  0xed, 0x00, 0x00, 0x00, 0x70, 0x62, 0xfc, 0x03, 0x00, 0xe2, 0x0f, 0x04,
  0x0c, 0x72, 0x00, 0xf0, 0xef, 0x00, 0x00, 0x00, 0x70, 0x62, 0xf2, 0x03,
  0x00, 0xe2, 0x0f, 0x00, 0x08, 0x78, 0xe7, 0xeb, 0xff, 0xff, 0x7f, 0xff,
  0x00, 0x00, 0x80, 0x05, 0x00, 0xe2, 0x0f, 0x00, 0x08, 0x78, 0xc3, 0xc3,
  0xff, 0xff, 0x7f, 0xff, 0x00, 0x00, 0x80, 0x02, 0x00, 0xe2, 0x0f, 0x00,
  0x08, 0x78, 0xdf, 0xdf, 0xff, 0xff, 0x7f, 0xff, 0x00, 0x00, 0x00, 0x00,
  0x00, 0xe2, 0x0f, 0x00, 0x08, 0x78, 0xe3, 0xe3, 0xff, 0xff, 0x7f, 0xff,
  0x00, 0x00, 0x00, 0x01, 0x00, 0xe2, 0x0f, 0x00, 0x08, 0x78, 0xe4, 0xe4,
  0xff, 0xff, 0x7f, 0xff, 0x00, 0x00, 0x00, 0x02, 0x00, 0xe2, 0x0f, 0x00,
  0x08, 0x78, 0xc1, 0xc1, 0xff, 0xff, 0x7f, 0xff, 0x00, 0x00, 0x00, 0x03,
  0x00, 0xe2, 0x0f, 0x00, 0x08, 0x78, 0xe7, 0xe7, 0xff, 0xff, 0x7f, 0xff,
  0x00, 0x00, 0x80, 0x00, 0x00, 0xce, 0x0f, 0x00, 0x41, 0x79, 0x00, 0x00,
  0x00, 0x00, 0x00, 0x00, 0x00, 0x02, 0x80, 0x03, 0x00, 0xea, 0x0f, 0x00,
  0x8c, 0x72, 0x00, 0x09, 0x04, 0x00, 0x00, 0x00, 0x70, 0x52, 0xf0, 0x0b,
  0x00, 0xd2, 0x0f, 0x00, 0x47, 0x75, 0x94, 0x00, 0x05, 0x00, 0x00, 0x00,
  0x00, 0x00, 0x80, 0x0b, 0x00, 0xea, 0x0f, 0x00, 0x09, 0x72, 0x0d, 0xe6,
  0xf5, 0x00, 0x00, 0x00, 0x00, 0x00, 0x81, 0x07, 0x00, 0xca, 0x0f, 0x00,
  0x09, 0x72, 0x0d, 0x0d, 0xec, 0x00, 0x00, 0x00, 0x00, 0x00, 0x81, 0x07,
  0x00, 0xca, 0x0f, 0x00, 0x09, 0x72, 0xc0, 0x0d, 0xe8, 0x00, 0x00, 0x00,
  0x00, 0x00, 0x81, 0x07, 0x00, 0xca, 0x0f, 0x00, 0x09, 0x72, 0x0d, 0xc0,
  0xe9, 0x00, 0x00, 0x00, 0x00, 0x00, 0x81, 0x07, 0x00, 0xca, 0x0f, 0x00,
  0x09, 0x72, 0xc0, 0x0d, 0xea, 0x00, 0x00, 0x00, 0x00, 0x00, 0x81, 0x07,
  0x00, 0xe2, 0x0f, 0x00, 0x09, 0x72, 0x0d, 0xc3, 0xe0, 0x00, 0x00, 0x00,
  0x00, 0x00, 0x81, 0x07, 0x00, 0xc8, 0x0f, 0x00, 0x09, 0x72, 0xc0, 0xc0,
  0xe5, 0x00, 0x00, 0x00, 0x00, 0x00, 0x81, 0x07, 0x00, 0xe2, 0x0f, 0x00,
  0x09, 0x72, 0xc2, 0x0d, 0xde, 0x00, 0x00, 0x00, 0x00, 0x00, 0x81, 0x07,
  0x00, 0xc8, 0x0f, 0x00, 0x09, 0x72, 0xc0, 0xc0, 0xe1, 0x00, 0x00, 0x00,
  0x00, 0x00, 0x81, 0x07, 0x00, 0xe2, 0x0f, 0x00, 0x09, 0x72, 0xc2, 0xc2,
  0xdf, 0x00, 0x00, 0x00, 0x00, 0x00, 0x81, 0x07, 0x00, 0xc8, 0x0f, 0x00,
  0x89, 0x7f, 0xd7, 0xc0, 0x00, 0x1f, 0x20, 0x0c, 0x00, 0x00, 0x0e, 0x00,
  0x00, 0x62, 0x0e, 0x00, 0x09, 0x72, 0x0d, 0xc2, 0xe3, 0x00, 0x00, 0x00,
  0x00, 0x00, 0x81, 0x07, 0x00, 0xca, 0x0f, 0x00, 0x09, 0x72, 0xc2, 0x0d,
  0xe4, 0x00, 0x00, 0x00, 0x00, 0x00, 0x81, 0x07, 0x00, 0xca, 0x0f, 0x00,
  0x09, 0x72, 0xc2, 0xc2, 0xc1, 0x00, 0x00, 0x00, 0x00, 0x00, 0x81, 0x07,
  0x00, 0xca, 0x0f, 0x00, 0x09, 0x72, 0xc2, 0xc2, 0xe7, 0x00, 0x00, 0x00,
  0x00, 0x00, 0x81, 0x07, 0x00, 0xca, 0x0f, 0x00, 0x89, 0x7f, 0xeb, 0xc2,
  0x00, 0x1f, 0x20, 0x0c, 0x00, 0x00, 0x0e, 0x00, 0x00, 0xe2, 0x0f, 0x00,
  0x09, 0x72, 0xd7, 0xc0, 0xd7, 0x00, 0x00, 0x00, 0x00, 0x00, 0x81, 0x07,
  0x00, 0xca, 0x2f, 0x00, 0x89, 0x7f, 0xd6, 0xd7, 0x00, 0x1f, 0x40, 0x0c,
  0x00, 0x00, 0x0e, 0x00, 0x00, 0x64, 0x0e, 0x00, 0x09, 0x72, 0x0d, 0xd7,
  0xd6, 0x00, 0x00, 0x00, 0x00, 0x00, 0x81, 0x07, 0x00, 0xe2, 0x2f, 0x00,
  0x09, 0x72, 0xd6, 0xc2, 0xeb, 0x00, 0x00, 0x00, 0x00, 0x00, 0x81, 0x07,
  0x00, 0xc8, 0x0f, 0x00, 0x0b, 0x78, 0x00, 0x0d, 0xff, 0xff, 0x7f, 0xff,
  0x00, 0xd0, 0xf1, 0x03, 0x00, 0xe2, 0x0f, 0x04, 0x89, 0x7f, 0xed, 0xd6,
  0x00, 0x1f, 0x40, 0x0c, 0x00, 0x00, 0x0e, 0x00, 0x00, 0x68, 0x0e, 0x00,
  0x08, 0x72, 0xc0, 0x0d, 0xff, 0x00, 0x00, 0x00, 0x00, 0x00, 0x00, 0x00,
  0x00, 0xca, 0x0f, 0x00, 0x21, 0x72, 0xd7, 0xc0, 0xe8, 0x00, 0x00, 0x00,
  0x00, 0x01, 0x01, 0x00, 0x00, 0xe2, 0x0f, 0x04, 0x21, 0x72, 0xe6, 0xc0,
  0xe6, 0x00, 0x00, 0x00, 0x00, 0x01, 0x01, 0x00, 0x00, 0xe2, 0x0f, 0x04,
  0x21, 0x72, 0xc2, 0xc0, 0xec, 0x00, 0x00, 0x00, 0x00, 0x01, 0x01, 0x00,
  0x00, 0xe2, 0x0f, 0x04, 0x21, 0x72, 0xf5, 0xc0, 0xf5, 0x00, 0x00, 0x00,
  0x00, 0x01, 0x01, 0x00, 0x00, 0xe2, 0x0f, 0x00, 0x20, 0x78, 0xee, 0xd7,
  0x3b, 0xaa, 0xb8, 0x3f, 0x00, 0x00, 0x41, 0x00, 0x00, 0xe2, 0x0f, 0x00,
  0x20, 0x78, 0xd8, 0xe6, 0x3b, 0xaa, 0xb8, 0x3f, 0x00, 0x00, 0x41, 0x00,
  0x00, 0xe2, 0x0f, 0x00, 0x20, 0x78, 0xc2, 0xc2, 0x3b, 0xaa, 0xb8, 0x3f,
  0x00, 0x00, 0x41, 0x00, 0x00, 0xe2, 0x0f, 0x00, 0x21, 0x72, 0xe6, 0xc0,
  0xe9, 0x00, 0x00, 0x00, 0x00, 0x01, 0x01, 0x00, 0x00, 0xe2, 0x0f, 0x04,
  0x20, 0x78, 0xf5, 0xf5, 0x3b, 0xaa, 0xb8, 0x3f, 0x00, 0x00, 0x41, 0x00,
  0x00, 0xe2, 0x0f, 0x00, 0x21, 0x72, 0xea, 0xc0, 0xea, 0x00, 0x00, 0x00,
  0x00, 0x01, 0x01, 0x00, 0x00, 0xe2, 0x0f, 0x00, 0x08, 0x73, 0xe8, 0x00,
  0xc2, 0x00, 0x00, 0x00, 0x00, 0x08, 0x00, 0x00, 0x00, 0xe2, 0x05, 0x00,
  0x20, 0x78, 0xe6, 0xe6, 0x3b, 0xaa, 0xb8, 0x3f, 0x00, 0x00, 0x41, 0x00,
  0x00, 0xc4, 0x0f, 0x00, 0x20, 0x78, 0xea, 0xea, 0x3b, 0xaa, 0xb8, 0x3f,
  0x00, 0x00, 0x41, 0x00, 0x00, 0xe2, 0x0f, 0x00, 0x09, 0x72, 0xd7, 0xd6,
  0xed, 0x00, 0x00, 0x00, 0x00, 0x00, 0x81, 0x07, 0x00, 0xe2, 0x2f, 0x00,
  0x21, 0x72, 0xd6, 0xc0, 0xe5, 0x00, 0x00, 0x00, 0x00, 0x01, 0x01, 0x00,
  0x00, 0xe2, 0x0f, 0x04, 0x08, 0x73, 0xeb, 0x00, 0xf5, 0x00, 0x00, 0x00,
  0x00, 0x08, 0x00, 0x00, 0x00, 0xe2, 0x0f, 0x00, 0x21, 0x72, 0xc2, 0xc0,
  0xe1, 0x00, 0x00, 0x00, 0x00, 0x01, 0x01, 0x00, 0x00, 0xe4, 0x4f, 0x00,
  0x0b, 0x78, 0x00, 0xd7, 0xff, 0xff, 0x7f, 0xff, 0x00, 0xd0, 0xf1, 0x03,
  0x00, 0xe2, 0x0f, 0x00, 0x20, 0x78, 0xd6, 0xd6, 0x3b, 0xaa, 0xb8, 0x3f,
  0x00, 0x00, 0x41, 0x00, 0x00, 0xe2, 0x0f, 0x00, 0x20, 0x78, 0xc2, 0xc2,
  0x3b, 0xaa, 0xb8, 0x3f, 0x00, 0x00, 0x41, 0x00, 0x00, 0xc6, 0x0f, 0x00,
  0x08, 0x72, 0xc0, 0xd7, 0xff, 0x00, 0x00, 0x00, 0x00, 0x00, 0x00, 0x00,
  0x00, 0xe2, 0x0f, 0x00, 0x08, 0x73, 0xec, 0x00, 0xd8, 0x00, 0x00, 0x00,
  0x00, 0x08, 0x00, 0x00, 0x00, 0xe8, 0x03, 0x00, 0x21, 0x72, 0xed, 0xc0,
  0xc3, 0x00, 0x00, 0x00, 0x00, 0x01, 0x01, 0x00, 0x00, 0xe2, 0x0f, 0x04,
  0x21, 0x72, 0xde, 0xc0, 0xde, 0x00, 0x00, 0x00, 0x00, 0x01, 0x01, 0x00,
  0x00, 0xe2, 0x0f, 0x04, 0x21, 0x72, 0xdf, 0xc0, 0xdf, 0x00, 0x00, 0x00,
  0x00, 0x01, 0x01, 0x00, 0x00, 0xe2, 0x0f, 0x04, 0x21, 0x72, 0xe3, 0xc0,
  0xe3, 0x00, 0x00, 0x00, 0x00, 0x01, 0x01, 0x00, 0x00, 0xe2, 0x0f, 0x04,
  0x08, 0x73, 0xe6, 0x00, 0xe6, 0x00, 0x00, 0x00, 0x00, 0x08, 0x00, 0x00,
  0x00, 0xe2, 0x0f, 0x00, 0x21, 0x72, 0xd8, 0xc0, 0xe0, 0x00, 0x00, 0x00,
  0x00, 0x01, 0x01, 0x00, 0x00, 0xe2, 0x2f, 0x04, 0x21, 0x72, 0xc1, 0xc0,
  0xc1, 0x00, 0x00, 0x00, 0x00, 0x01, 0x01, 0x00, 0x00, 0xe2, 0x0f, 0x00,
  0x20, 0x78, 0xde, 0xde, 0x3b, 0xaa, 0xb8, 0x3f, 0x00, 0x00, 0x41, 0x00,
  0x00, 0xe2, 0x0f, 0x00, 0x20, 0x78, 0xdf, 0xdf, 0x3b, 0xaa, 0xb8, 0x3f,
  0x00, 0x00, 0x41, 0x00, 0x00, 0xe2, 0x0f, 0x00, 0x20, 0x78, 0xd8, 0xd8,
  0x3b, 0xaa, 0xb8, 0x3f, 0x00, 0x00, 0x41, 0x00, 0x00, 0xe2, 0x0f, 0x00,
  0x20, 0x78, 0xc1, 0xc1, 0x3b, 0xaa, 0xb8, 0x3f, 0x00, 0x00, 0x41, 0x00,
  0x00, 0xe2, 0x0f, 0x00, 0x08, 0x73, 0xe5, 0x00, 0xea, 0x00, 0x00, 0x00,
  0x00, 0x08, 0x00, 0x00, 0x00, 0xa2, 0x02, 0x00, 0x08, 0x73, 0xe9, 0x00,
  0xee, 0x00, 0x00, 0x00, 0x00, 0x08, 0x00, 0x00, 0x00, 0xe2, 0x0f, 0x00,
  0x20, 0x78, 0xea, 0xed, 0x3b, 0xaa, 0xb8, 0x3f, 0x00, 0x00, 0x41, 0x00,
  0x00, 0xe2, 0x2f, 0x00, 0x08, 0x73, 0xe1, 0x00, 0xd6, 0x00, 0x00, 0x00,
  0x00, 0x08, 0x00, 0x00, 0x00, 0xe2, 0x03, 0x00, 0x08, 0x73, 0xe0, 0x00,
  0xc2, 0x00, 0x00, 0x00, 0x00, 0x08, 0x00, 0x00, 0x00, 0x22, 0x07, 0x00,
  0x21, 0x72, 0xd6, 0xc0, 0xe4, 0x00, 0x00, 0x00, 0x00, 0x01, 0x01, 0x00,
  0x00, 0xe2, 0x2f, 0x04, 0x21, 0x72, 0xc0, 0xc0, 0xe7, 0x00, 0x00, 0x00,
  0x00, 0x01, 0x01, 0x00, 0x00, 0xe2, 0x0f, 0x00, 0x21, 0x72, 0xe7, 0xe6,
  0xe5, 0x00, 0x00, 0x00, 0x00, 0x00, 0x01, 0x00, 0x00, 0xc4, 0x4f, 0x00,
  0x20, 0x78, 0xd6, 0xd6, 0x3b, 0xaa, 0xb8, 0x3f, 0x00, 0x00, 0x41, 0x00,
  0x00, 0xe2, 0x0f, 0x00, 0x20, 0x78, 0xc0, 0xc0, 0x3b, 0xaa, 0xb8, 0x3f,
  0x00, 0x00, 0x41, 0x00, 0x00, 0xe2, 0x0f, 0x00, 0x08, 0x73, 0xc3, 0x00,
  0xd8, 0x00, 0x00, 0x00, 0x00, 0x08, 0x00, 0x00, 0x00, 0xe2, 0x03, 0x00,
  0x20, 0x78, 0xc2, 0xe3, 0x3b, 0xaa, 0xb8, 0x3f, 0x00, 0x00, 0x41, 0x00,
  0x00, 0xe2, 0x8f, 0x00, 0x08, 0x73, 0xea, 0x00, 0xea, 0x00, 0x00, 0x00,
  0x00, 0x08, 0x00, 0x00, 0x00, 0xa2, 0x0e, 0x00, 0x21, 0x72, 0xd8, 0xeb,
  0xec, 0x00, 0x00, 0x00, 0x00, 0x00, 0x01, 0x00, 0x00, 0xc8, 0x2f, 0x00,
  0x21, 0x72, 0xd8, 0xff, 0xd8, 0x00, 0x00, 0x00, 0x00, 0x00, 0x01, 0x00,
  0x00, 0xe2, 0x0f, 0x00, 0x08, 0x73, 0xed, 0x00, 0xde, 0x00, 0x00, 0x00,
  0x00, 0x08, 0x00, 0x00, 0x00, 0xe6, 0x0f, 0x00, 0x21, 0x72, 0xd8, 0xd8,
  0xe7, 0x00, 0x00, 0x00, 0x00, 0x00, 0x01, 0x00, 0x00, 0xe2, 0x0f, 0x00,
  0x21, 0x72, 0xe7, 0xe1, 0xe0, 0x00, 0x00, 0x00, 0x00, 0x00, 0x01, 0x00,
  0x00, 0xe2, 0x0f, 0x01, 0x08, 0x73, 0xee, 0x00, 0xdf, 0x00, 0x00, 0x00,
  0x00, 0x08, 0x00, 0x00, 0x00, 0x62, 0x0e, 0x00, 0x08, 0x73, 0xe4, 0x00,
  0xc2, 0x00, 0x00, 0x00, 0x00, 0x08, 0x00, 0x00, 0x00, 0xe2, 0x07, 0x00,
  0x08, 0x73, 0xe3, 0x00, 0xd6, 0x00, 0x00, 0x00, 0x00, 0x08, 0x00, 0x00,
  0x00, 0x22, 0x0f, 0x00, 0x21, 0x72, 0xc2, 0xe8, 0xe9, 0x00, 0x00, 0x00,
  0x00, 0x00, 0x01, 0x00, 0x00, 0xc8, 0x8f, 0x00, 0x21, 0x72, 0xc2, 0xff,
  0xc2, 0x00, 0x00, 0x00, 0x00, 0x00, 0x01, 0x00, 0x00, 0xe2, 0x0f, 0x00,
  0x08, 0x73, 0xdf, 0x00, 0xc1, 0x00, 0x00, 0x00, 0x00, 0x08, 0x00, 0x00,
  0x00, 0xe6, 0x03, 0x00, 0x21, 0x72, 0xe7, 0xc2, 0xe7, 0x00, 0x00, 0x00,
  0x00, 0x00, 0x01, 0x00, 0x00, 0xe2, 0x0f, 0x00, 0x21, 0x72, 0xc2, 0xc3,
  0xea, 0x00, 0x00, 0x00, 0x00, 0x00, 0x01, 0x00, 0x00, 0xc6, 0x4f, 0x00,
  0x21, 0x72, 0xe7, 0xd8, 0xe7, 0x00, 0x00, 0x00, 0x00, 0x00, 0x01, 0x00,
  0x00, 0xe2, 0x0f, 0x00, 0x21, 0x72, 0xc2, 0xff, 0xc2, 0x00, 0x00, 0x00,
  0x00, 0x00, 0x01, 0x00, 0x00, 0xe2, 0x0f, 0x00, 0x08, 0x73, 0xde, 0x00,
  0xc0, 0x00, 0x00, 0x00, 0x00, 0x08, 0x00, 0x00, 0x00, 0xe2, 0x04, 0x00,
  0x21, 0x72, 0xc1, 0xed, 0xee, 0x00, 0x00, 0x00, 0x00, 0x00, 0x01, 0x00,
  0x00, 0xe2, 0x2f, 0x00, 0x21, 0x72, 0xef, 0xe4, 0xe3, 0x00, 0x00, 0x00,
  0x00, 0x00, 0x01, 0x00, 0x00, 0xc6, 0x0f, 0x01, 0x21, 0x72, 0xc1, 0xff,
  0xc1, 0x00, 0x00, 0x00, 0x00, 0x00, 0x01, 0x00, 0x00, 0xe2, 0x0f, 0x00,
  0x21, 0x72, 0xc2, 0xc2, 0xef, 0x00, 0x00, 0x00, 0x00, 0x00, 0x01, 0x00,
  0x00, 0xe2, 0x0f, 0x00, 0x89, 0x7f, 0xc0, 0xe7, 0x00, 0x1f, 0x20, 0x0c,
  0x00, 0x00, 0x0e, 0x00, 0x00, 0x62, 0x4e, 0x00, 0x21, 0x72, 0xd6, 0xdf,
  0xde, 0x00, 0x00, 0x00, 0x00, 0x00, 0x01, 0x00, 0x00, 0xc8, 0x8f, 0x00,
  0x21, 0x72, 0xc1, 0xc1, 0xd6, 0x00, 0x00, 0x00, 0x00, 0x00, 0x01, 0x00,
  0x00, 0xc8, 0x0f, 0x00, 0x21, 0x72, 0xc1, 0xc2, 0xc1, 0x00, 0x00, 0x00,
  0x00, 0x00, 0x01, 0x00, 0x00, 0xca, 0x0f, 0x00, 0x89, 0x7f, 0xc2, 0xc1,
  0x00, 0x1f, 0x20, 0x0c, 0x00, 0x00, 0x0e, 0x00, 0x00, 0xa2, 0x0e, 0x00,
  0x21, 0x72, 0xc0, 0xe7, 0xc0, 0x00, 0x00, 0x00, 0x00, 0x00, 0x01, 0x00,
  0x00, 0xca, 0x2f, 0x00, 0x89, 0x7f, 0xef, 0xc0, 0x00, 0x1f, 0x40, 0x0c,
  0x00, 0x00, 0x0e, 0x00, 0x00, 0x62, 0x0e, 0x00, 0x21, 0x72, 0xc2, 0xc1,
  0xc2, 0x00, 0x00, 0x00, 0x00, 0x00, 0x01, 0x00, 0x00, 0xca, 0x4f, 0x00,
  0x89, 0x7f, 0xf1, 0xc2, 0x00, 0x1f, 0x40, 0x0c, 0x00, 0x00, 0x0e, 0x00,
  0x00, 0xa2, 0x0e, 0x00, 0x21, 0x72, 0xd6, 0xc0, 0xef, 0x00, 0x00, 0x00,
  0x00, 0x00, 0x01, 0x00, 0x00, 0xe2, 0x2f, 0x00, 0x21, 0x72, 0xd8, 0xc2,
  0xf1, 0x00, 0x00, 0x00, 0x00, 0x00, 0x01, 0x00, 0x00, 0xe2, 0x4f, 0x00,
  0x47, 0x79, 0x40, 0x00, 0x08, 0x00, 0x00, 0x00, 0x00, 0x00, 0x80, 0x03,
  0x00, 0xec, 0x0f, 0x00, 0x09, 0x72, 0x0d, 0xe6, 0xf5, 0x00, 0x00, 0x00,
  0x00, 0x00, 0x81, 0x07, 0x00, 0xe2, 0x0f, 0x00, 0x09, 0x72, 0xd7, 0xc3,
  0xe0, 0x00, 0x00, 0x00, 0x00, 0x00, 0x81, 0x07, 0x00, 0xc8, 0x0f, 0x00,
  0x09, 0x72, 0x0d, 0x0d, 0xec, 0x00, 0x00, 0x00, 0x00, 0x00, 0x81, 0x07,
  0x00, 0xca, 0x0f, 0x00, 0x09, 0x72, 0xee, 0x0d, 0xe8, 0x00, 0x00, 0x00,
  0x00, 0x00, 0x81, 0x07, 0x00, 0xca, 0x0f, 0x00, 0x09, 0x72, 0x0d, 0xee,
  0xe9, 0x00, 0x00, 0x00, 0x00, 0x00, 0x81, 0x07, 0x00, 0xca, 0x0f, 0x00,
  0x09, 0x72, 0xee, 0x0d, 0xea, 0x00, 0x00, 0x00, 0x00, 0x00, 0x81, 0x07,
  0x00, 0xca, 0x0f, 0x00, 0x09, 0x72, 0xee, 0xee, 0xe5, 0x00, 0x00, 0x00,
  0x00, 0x00, 0x81, 0x07, 0x00, 0xca, 0x0f, 0x00, 0x09, 0x72, 0xf0, 0xee,
  0xe1, 0x00, 0x00, 0x00, 0x00, 0x00, 0x81, 0x07, 0x00, 0xe2, 0x0f, 0x00,
  0x09, 0x72, 0xee, 0xd7, 0xde, 0x00, 0x00, 0x00, 0x00, 0x00, 0x81, 0x07,
  0x00, 0xc8, 0x0f, 0x00, 0x89, 0x7f, 0x0d, 0xf0, 0x00, 0x1f, 0x20, 0x0c,
  0x00, 0x00, 0x0e, 0x00, 0x00, 0x62, 0x0e, 0x00, 0x09, 0x72, 0xee, 0xee,
  0xdf, 0x00, 0x00, 0x00, 0x00, 0x00, 0x81, 0x07, 0x00, 0xe2, 0x0f, 0x00,
  0x09, 0x72, 0xd7, 0xf0, 0x0d, 0x00, 0x00, 0x00, 0x00, 0x00, 0x81, 0x07,
  0x00, 0xc8, 0x2f, 0x00, 0x09, 0x72, 0x0d, 0xee, 0xe3, 0x00, 0x00, 0x00,
  0x00, 0x00, 0x81, 0x07, 0x00, 0xe4, 0x0f, 0x00, 0x89, 0x7f, 0xee, 0xd7,
  0x00, 0x1f, 0x40, 0x0c, 0x00, 0x00, 0x0e, 0x00, 0x00, 0x66, 0x0e, 0x00,
  0x09, 0x72, 0xf2, 0x0d, 0xe4, 0x00, 0x00, 0x00, 0x00, 0x00, 0x81, 0x07,
  0x00, 0xca, 0x0f, 0x00, 0x09, 0x72, 0xf2, 0xf2, 0xc1, 0x00, 0x00, 0x00,
  0x00, 0x00, 0x81, 0x07, 0x00, 0xca, 0x0f, 0x00, 0x09, 0x72, 0xf2, 0xf2,
  0xe7, 0x00, 0x00, 0x00, 0x00, 0x00, 0x81, 0x07, 0x00, 0xca, 0x0f, 0x00,
  0x89, 0x7f, 0xeb, 0xf2, 0x00, 0x1f, 0x20, 0x0c, 0x00, 0x00, 0x0e, 0x00,
  0x00, 0xa2, 0x0e, 0x00, 0x09, 0x72, 0x0d, 0xd7, 0xee, 0x00, 0x00, 0x00,
  0x00, 0x00, 0x81, 0x07, 0x00, 0xca, 0x2f, 0x00, 0x09, 0x72, 0x0d, 0x0d,
  0xc2, 0x00, 0x00, 0x00, 0x00, 0x00, 0x81, 0x07, 0x00, 0xca, 0x0f, 0x00,
  0x0b, 0x78, 0x00, 0x0d, 0xff, 0xff, 0x7f, 0xff, 0x00, 0xd0, 0xf1, 0x03,
  0x00, 0xca, 0x0f, 0x00, 0x08, 0x72, 0xed, 0x0d, 0xff, 0x00, 0x00, 0x00,
  0x00, 0x00, 0x00, 0x00, 0x00, 0xe2, 0x0f, 0x00, 0x09, 0x72, 0xee, 0xf2,
  0xeb, 0x00, 0x00, 0x00, 0x00, 0x00, 0x81, 0x07, 0x00, 0xc8, 0x4f, 0x00,
  0x21, 0x72, 0xe6, 0xed, 0xe6, 0x00, 0x00, 0x00, 0x00, 0x01, 0x01, 0x00,
  0x00, 0xe2, 0x0f, 0x04, 0x89, 0x7f, 0xef, 0xee, 0x00, 0x1f, 0x40, 0x0c,
  0x00, 0x00, 0x0e, 0x00, 0x00, 0x62, 0x0e, 0x00, 0x21, 0x72, 0xf5, 0xed,
  0xf5, 0x00, 0x00, 0x00, 0x00, 0x01, 0x01, 0x00, 0x00, 0xe2, 0x0f, 0x04,
  0x21, 0x72, 0xea, 0xed, 0xea, 0x00, 0x00, 0x00, 0x00, 0x01, 0x01, 0x00,
  0x00, 0xe2, 0x0f, 0x04, 0x20, 0x78, 0xd7, 0xe6, 0x3b, 0xaa, 0xb8, 0x3f,
  0x00, 0x00, 0x41, 0x00, 0x00, 0xe2, 0x0f, 0x00, 0x21, 0x72, 0xe6, 0xed,
  0xec, 0x00, 0x00, 0x00, 0x00, 0x01, 0x01, 0x00, 0x00, 0xe2, 0x0f, 0x00,
  0x20, 0x78, 0xf5, 0xf5, 0x3b, 0xaa, 0xb8, 0x3f, 0x00, 0x00, 0x41, 0x00,
  0x00, 0xe2, 0x0f, 0x00, 0x20, 0x78, 0xea, 0xea, 0x3b, 0xaa, 0xb8, 0x3f,
  0x00, 0x00, 0x41, 0x00, 0x00, 0xe2, 0x0f, 0x00, 0x08, 0x73, 0xec, 0x00,
  0xd7, 0x00, 0x00, 0x00, 0x00, 0x08, 0x00, 0x00, 0x00, 0xe2, 0x05, 0x00,
  0x20, 0x78, 0xf0, 0xe6, 0x3b, 0xaa, 0xb8, 0x3f, 0x00, 0x00, 0x41, 0x00,
  0x00, 0xe2, 0x0f, 0x00, 0x21, 0x72, 0xe6, 0xed, 0xe8, 0x00, 0x00, 0x00,
  0x00, 0x01, 0x01, 0x00, 0x00, 0xc8, 0x0f, 0x00, 0x20, 0x78, 0xf1, 0xe6,
  0x3b, 0xaa, 0xb8, 0x3f, 0x00, 0x00, 0x41, 0x00, 0x00, 0xe2, 0x0f, 0x00,
  0x21, 0x72, 0xe6, 0xed, 0xe9, 0x00, 0x00, 0x00, 0x00, 0x01, 0x01, 0x00,
  0x00, 0xe2, 0x0f, 0x04, 0x08, 0x73, 0xe8, 0x00, 0xf0, 0x00, 0x00, 0x00,
  0x00, 0x08, 0x00, 0x00, 0x00, 0xe6, 0x07, 0x00, 0x20, 0x78, 0xe6, 0xe6,
  0x3b, 0xaa, 0xb8, 0x3f, 0x00, 0x00, 0x41, 0x00, 0x00, 0xe2, 0x0f, 0x00,
  0x08, 0x73, 0xeb, 0x00, 0xf5, 0x00, 0x00, 0x00, 0x00, 0x08, 0x00, 0x00,
  0x00, 0x22, 0x0f, 0x00, 0x09, 0x72, 0xef, 0xee, 0xef, 0x00, 0x00, 0x00,
  0x00, 0x00, 0x81, 0x07, 0x00, 0xe2, 0x2f, 0x00, 0x21, 0x72, 0xee, 0xed,
  0xe5, 0x00, 0x00, 0x00, 0x00, 0x01, 0x01, 0x00, 0x00, 0xe2, 0x0f, 0x04,
  0x21, 0x72, 0xed, 0xed, 0xe1, 0x00, 0x00, 0x00, 0x00, 0x01, 0x01, 0x00,
  0x00, 0xc6, 0x0f, 0x00, 0x09, 0x72, 0xd7, 0xef, 0xc0, 0x00, 0x00, 0x00,
  0x00, 0x00, 0x81, 0x07, 0x00, 0xe2, 0x4f, 0x00, 0x20, 0x78, 0xef, 0xed,
  0x3b, 0xaa, 0xb8, 0x3f, 0x00, 0x00, 0x41, 0x00, 0x00, 0xe2, 0x0f, 0x00,
  0x08, 0x73, 0xe9, 0x00, 0xf1, 0x00, 0x00, 0x00, 0x00, 0x08, 0x00, 0x00,
  0x00, 0xe2, 0x03, 0x00, 0x20, 0x78, 0xee, 0xee, 0x3b, 0xaa, 0xb8, 0x3f,
  0x00, 0x00, 0x41, 0x00, 0x00, 0xe4, 0x0f, 0x00, 0x0b, 0x78, 0x00, 0xd7,
  0xff, 0xff, 0x7f, 0xff, 0x00, 0xd0, 0xf1, 0x03, 0x00, 0xe2, 0x0f, 0x04,
  0x21, 0x72, 0xc0, 0xd7, 0xc0, 0x00, 0x00, 0x00, 0x00, 0x01, 0x01, 0x00,
  0x00, 0xc8, 0x0f, 0x00, 0x08, 0x72, 0xf0, 0xd7, 0xff, 0x00, 0x00, 0x00,
  0x00, 0x00, 0x00, 0x00, 0x00, 0xe2, 0x8f, 0x00, 0x08, 0x73, 0xe6, 0x00,
  0xe6, 0x00, 0x00, 0x00, 0x00, 0x08, 0x00, 0x00, 0x00, 0xe8, 0x0f, 0x00,
  0x21, 0x72, 0xed, 0xf0, 0xe0, 0x00, 0x00, 0x00, 0x00, 0x01, 0x01, 0x00,
  0x00, 0xe2, 0x0f, 0x04, 0x21, 0x72, 0xe3, 0xf0, 0xe3, 0x00, 0x00, 0x00,
  0x00, 0x01, 0x01, 0x00, 0x00, 0xe2, 0x0f, 0x04, 0x21, 0x72, 0xde, 0xf0,
  0xde, 0x00, 0x00, 0x00, 0x00, 0x01, 0x01, 0x00, 0x00, 0xe2, 0x0f, 0x04,
  0x21, 0x72, 0xdf, 0xf0, 0xdf, 0x00, 0x00, 0x00, 0x00, 0x01, 0x01, 0x00,
  0x00, 0xe2, 0x0f, 0x04, 0x08, 0x73, 0xe5, 0x00, 0xea, 0x00, 0x00, 0x00,
  0x00, 0x08, 0x00, 0x00, 0x00, 0xe2, 0x05, 0x00, 0x20, 0x78, 0xf1, 0xed,
  0x3b, 0xaa, 0xb8, 0x3f, 0x00, 0x00, 0x41, 0x00, 0x00, 0xe2, 0x2f, 0x00,
  0x21, 0x72, 0xed, 0xf0, 0xc3, 0x00, 0x00, 0x00, 0x00, 0x01, 0x01, 0x00,
  0x00, 0xe2, 0x0f, 0x00, 0x20, 0x78, 0xde, 0xde, 0x3b, 0xaa, 0xb8, 0x3f,
  0x00, 0x00, 0x41, 0x00, 0x00, 0xe2, 0x0f, 0x00, 0x20, 0x78, 0xdf, 0xdf,
  0x3b, 0xaa, 0xb8, 0x3f, 0x00, 0x00, 0x41, 0x00, 0x00, 0xe2, 0x0f, 0x00,
  0x21, 0x72, 0xc1, 0xf0, 0xc1, 0x00, 0x00, 0x00, 0x00, 0x01, 0x01, 0x00,
  0x00, 0xe2, 0x0f, 0x04, 0x21, 0x72, 0xe7, 0xf0, 0xe7, 0x00, 0x00, 0x00,
  0x00, 0x01, 0x01, 0x00, 0x00, 0xe2, 0x0f, 0x04, 0x08, 0x73, 0xe0, 0x00,
  0xef, 0x00, 0x00, 0x00, 0x00, 0x08, 0x00, 0x00, 0x00, 0xe2, 0x03, 0x00,
  0x20, 0x78, 0xea, 0xed, 0x3b, 0xaa, 0xb8, 0x3f, 0x00, 0x00, 0x41, 0x00,
  0x00, 0xe2, 0x4f, 0x00, 0x20, 0x78, 0xc1, 0xc1, 0x3b, 0xaa, 0xb8, 0x3f,
  0x00, 0x00, 0x41, 0x00, 0x00, 0xe2, 0x0f, 0x00, 0x20, 0x78, 0xe7, 0xe7,
  0x3b, 0xaa, 0xb8, 0x3f, 0x00, 0x00, 0x41, 0x00, 0x00, 0xe2, 0x0f, 0x00,
  0x08, 0x73, 0xe1, 0x00, 0xee, 0x00, 0x00, 0x00, 0x00, 0x08, 0x00, 0x00,
  0x00, 0xa2, 0x0e, 0x00, 0x20, 0x78, 0xef, 0xe3, 0x3b, 0xaa, 0xb8, 0x3f,
  0x00, 0x00, 0x41, 0x00, 0x00, 0xe2, 0x2f, 0x00, 0x21, 0x72, 0xe3, 0xf0,
  0xe4, 0x00, 0x00, 0x00, 0x00, 0x01, 0x01, 0x00, 0x00, 0xe2, 0x0f, 0x00,
  0x21, 0x72, 0xf0, 0xeb, 0xec, 0x00, 0x00, 0x00, 0x00, 0x00, 0x01, 0x00,
  0x00, 0xc6, 0x0f, 0x01, 0x20, 0x78, 0xe3, 0xe3, 0x3b, 0xaa, 0xb8, 0x3f,
  0x00, 0x00, 0x41, 0x00, 0x00, 0xe2, 0x0f, 0x00, 0x21, 0x72, 0xf0, 0xff,
  0xf0, 0x00, 0x00, 0x00, 0x00, 0x00, 0x01, 0x00, 0x00, 0xe2, 0x0f, 0x00,
  0x08, 0x73, 0xc3, 0x00, 0xf1, 0x00, 0x00, 0x00, 0x00, 0x08, 0x00, 0x00,
  0x00, 0xe2, 0x0f, 0x00, 0x08, 0x73, 0xea, 0x00, 0xea, 0x00, 0x00, 0x00,
  0x00, 0x08, 0x00, 0x00, 0x00, 0x62, 0x0e, 0x00, 0x21, 0x72, 0xf2, 0xe1,
  0xe0, 0x00, 0x00, 0x00, 0x00, 0x00, 0x01, 0x00, 0x00, 0xe2, 0x4f, 0x00,
  0x08, 0x73, 0xed, 0x00, 0xde, 0x00, 0x00, 0x00, 0x00, 0x08, 0x00, 0x00,
  0x00, 0xe2, 0x05, 0x00, 0x08, 0x73, 0xee, 0x00, 0xdf, 0x00, 0x00, 0x00,
  0x00, 0x08, 0x00, 0x00, 0x00, 0x22, 0x07, 0x00, 0x21, 0x72, 0xde, 0xe8,
  0xe9, 0x00, 0x00, 0x00, 0x00, 0x00, 0x01, 0x00, 0x00, 0xe2, 0x4f, 0x00,
  0x21, 0x72, 0xf1, 0xc3, 0xea, 0x00, 0x00, 0x00, 0x00, 0x00, 0x01, 0x00,
  0x00, 0xc8, 0x2f, 0x00, 0x21, 0x72, 0xf1, 0xff, 0xf1, 0x00, 0x00, 0x00,
  0x00, 0x00, 0x01, 0x00, 0x00, 0xe2, 0x0f, 0x00, 0x08, 0x73, 0xe4, 0x00,
  0xef, 0x00, 0x00, 0x00, 0x00, 0x08, 0x00, 0x00, 0x00, 0xe2, 0x03, 0x00,
  0x21, 0x72, 0xdf, 0xe6, 0xe5, 0x00, 0x00, 0x00, 0x00, 0x00, 0x01, 0x00,
  0x00, 0xc8, 0x8f, 0x00, 0x21, 0x72, 0xf0, 0xf0, 0xdf, 0x00, 0x00, 0x00,
  0x00, 0x00, 0x01, 0x00, 0x00, 0xe2, 0x0f, 0x00, 0x08, 0x73, 0xe3, 0x00,
  0xe3, 0x00, 0x00, 0x00, 0x00, 0x08, 0x00, 0x00, 0x00, 0xa2, 0x0e, 0x00,
  0x21, 0x72, 0xef, 0xff, 0xde, 0x00, 0x00, 0x00, 0x00, 0x00, 0x01, 0x00,
  0x00, 0xc8, 0x2f, 0x00, 0x21, 0x72, 0xef, 0xef, 0xf2, 0x00, 0x00, 0x00,
  0x00, 0x00, 0x01, 0x00, 0x00, 0xe2, 0x0f, 0x00, 0x08, 0x73, 0xdf, 0x00,
  0xc1, 0x00, 0x00, 0x00, 0x00, 0x08, 0x00, 0x00, 0x00, 0xe6, 0x09, 0x00,
  0x21, 0x72, 0xef, 0xf0, 0xef, 0x00, 0x00, 0x00, 0x00, 0x00, 0x01, 0x00,
  0x00, 0xca, 0x0f, 0x00, 0x89, 0x7f, 0xf0, 0xef, 0x00, 0x1f, 0x20, 0x0c,
  0x00, 0x00, 0x0e, 0x00, 0x00, 0x62, 0x0e, 0x00, 0x08, 0x73, 0xde, 0x00,
  0xe7, 0x00, 0x00, 0x00, 0x00, 0x08, 0x00, 0x00, 0x00, 0xe2, 0x0e, 0x00,
  0x21, 0x72, 0xc1, 0xed, 0xee, 0x00, 0x00, 0x00, 0x00, 0x00, 0x01, 0x00,
  0x00, 0xe2, 0x0f, 0x01, 0x21, 0x72, 0xf2, 0xe4, 0xe3, 0x00, 0x00, 0x00,
  0x00, 0x00, 0x01, 0x00, 0x00, 0xc6, 0x4f, 0x00, 0x21, 0x72, 0xc1, 0xff,
  0xc1, 0x00, 0x00, 0x00, 0x00, 0x00, 0x01, 0x00, 0x00, 0xe2, 0x0f, 0x00,
  0x21, 0x72, 0xf1, 0xf1, 0xf2, 0x00, 0x00, 0x00, 0x00, 0x00, 0x01, 0x00,
  0x00, 0xe2, 0x0f, 0x00, 0x21, 0x72, 0xf2, 0xdf, 0xde, 0x00, 0x00, 0x00,
  0x00, 0x00, 0x01, 0x00, 0x00, 0xc8, 0x8f, 0x00, 0x21, 0x72, 0xf2, 0xc1,
  0xf2, 0x00, 0x00, 0x00, 0x00, 0x00, 0x01, 0x00, 0x00, 0xe2, 0x0f, 0x00,
  0x21, 0x72, 0xf0, 0xef, 0xf0, 0x00, 0x00, 0x00, 0x00, 0x00, 0x01, 0x00,
  0x00, 0xe2, 0x2f, 0x00, 0x21, 0x72, 0xc1, 0x0d, 0xc2, 0x00, 0x00, 0x00,
  0x00, 0x01, 0x01, 0x00, 0x00, 0xe2, 0x0f, 0x00, 0x20, 0x78, 0xc2, 0xc0,
  0x3b, 0xaa, 0xb8, 0x3f, 0x00, 0x00, 0x41, 0x00, 0x00, 0xe2, 0x0f, 0x00,
  0x21, 0x72, 0xf1, 0xf1, 0xf2, 0x00, 0x00, 0x00, 0x00, 0x00, 0x01, 0x00,
  0x00, 0xe4, 0x0f, 0x00, 0x89, 0x7f, 0xf3, 0xf0, 0x00, 0x1f, 0x40, 0x0c,
  0x00, 0x00, 0x0e, 0x00, 0x00, 0x62, 0x0e, 0x00, 0x20, 0x78, 0xc1, 0xc1,
  0x3b, 0xaa, 0xb8, 0x3f, 0x00, 0x00, 0x41, 0x00, 0x00, 0xe2, 0x0f, 0x00,
  0x08, 0x73, 0xe7, 0x00, 0xc2, 0x00, 0x00, 0x00, 0x00, 0x08, 0x00, 0x00,
  0x00, 0xe4, 0x0f, 0x00, 0x89, 0x7f, 0xf2, 0xf1, 0x00, 0x1f, 0x20, 0x0c,
  0x00, 0x00, 0x0e, 0x00, 0x00, 0xa6, 0x0e, 0x00, 0x08, 0x73, 0xc1, 0x00,
  0xc1, 0x00, 0x00, 0x00, 0x00, 0x08, 0x00, 0x00, 0x00, 0xe2, 0x0e, 0x00,
  0x21, 0x72, 0xc0, 0xf0, 0xf3, 0x00, 0x00, 0x00, 0x00, 0x00, 0x01, 0x00,
  0x00, 0xe2, 0x2f, 0x00, 0x21, 0x72, 0xf2, 0xf1, 0xf2, 0x00, 0x00, 0x00,
  0x00, 0x00, 0x01, 0x00, 0x00, 0xc6, 0x4f, 0x00, 0x23, 0x72, 0xd6, 0xc1,
  0xd6, 0x00, 0x00, 0x00, 0xc0, 0x00, 0x01, 0x00, 0x00, 0xe2, 0x8f, 0x04,
  0x3e, 0x72, 0xc0, 0xc1, 0xc1, 0x00, 0x00, 0x00, 0xff, 0x00, 0x00, 0x00,
  0x00, 0xe2, 0x0f, 0x00, 0x89, 0x7f, 0xf5, 0xf2, 0x00, 0x1f, 0x40, 0x0c,
  0x00, 0x00, 0x0e, 0x00, 0x00, 0x68, 0x0e, 0x00, 0x32, 0x72, 0xce, 0xc0,
  0xce, 0x00, 0x00, 0x00, 0x00, 0x00, 0x00, 0x00, 0x00, 0xe4, 0x0f, 0x04,
  0x32, 0x72, 0xcc, 0xc0, 0xcc, 0x00, 0x00, 0x00, 0x00, 0x00, 0x00, 0x00,
  0x00, 0xe4, 0x0f, 0x04, 0x32, 0x72, 0xca, 0xc0, 0xca, 0x00, 0x00, 0x00,
  0x00, 0x00, 0x00, 0x00, 0x00, 0xc4, 0x0f, 0x00, 0x32, 0x72, 0xc8, 0xc0,
  0xc8, 0x00, 0x00, 0x00, 0x00, 0x00, 0x00, 0x00, 0x00, 0xe4, 0x0f, 0x04,
  0x32, 0x72, 0xc6, 0xc0, 0xc6, 0x00, 0x00, 0x00, 0x00, 0x00, 0x00, 0x00,
  0x00, 0xe4, 0x0f, 0x04, 0x32, 0x72, 0xc4, 0xc0, 0xc4, 0x00, 0x00, 0x00,
  0x00, 0x00, 0x00, 0x00, 0x00, 0xe4, 0x0f, 0x04, 0x32, 0x72, 0x1e, 0xc0,
  0x1e, 0x00, 0x00, 0x00, 0x00, 0x00, 0x00, 0x00, 0x00, 0xe4, 0x0f, 0x04,
  0x32, 0x72, 0x1c, 0xc0, 0x1c, 0x00, 0x00, 0x00, 0x00, 0x00, 0x00, 0x00,
  0x00, 0xe4, 0x0f, 0x04, 0x32, 0x72, 0x1a, 0xc0, 0x1a, 0x00, 0x00, 0x00,
  0x00, 0x00, 0x00, 0x00, 0x00, 0xc4, 0x0f, 0x00, 0x32, 0x72, 0x18, 0xc0,
  0x18, 0x00, 0x00, 0x00, 0x00, 0x00, 0x00, 0x00, 0x00, 0xe4, 0x0f, 0x04,
  0x32, 0x72, 0x16, 0xc0, 0x16, 0x00, 0x00, 0x00, 0x00, 0x00, 0x00, 0x00,
  0x00, 0xe4, 0x0f, 0x04, 0x21, 0x72, 0xf4, 0xf2, 0xf5, 0x00, 0x00, 0x00,
  0x00, 0x00, 0x01, 0x00, 0x00, 0xe2, 0x2f, 0x00, 0x32, 0x72, 0x14, 0xc0,
  0x14, 0x00, 0x00, 0x00, 0x00, 0x00, 0x00, 0x00, 0x00, 0xe4, 0x0f, 0x04,
  0x32, 0x72, 0x12, 0xc0, 0x12, 0x00, 0x00, 0x00, 0x00, 0x00, 0x00, 0x00,
  0x00, 0xe4, 0x0f, 0x04, 0x23, 0x72, 0xd8, 0xe7, 0xd8, 0x00, 0x00, 0x00,
  0xf4, 0x00, 0x01, 0x00, 0x00, 0xe2, 0x0f, 0x04, 0x3e, 0x72, 0xe7, 0xe7,
  0xe7, 0x00, 0x00, 0x00, 0xff, 0x00, 0x00, 0x00, 0x00, 0xe2, 0x0f, 0x00,
  0x32, 0x72, 0x10, 0xc0, 0x10, 0x00, 0x00, 0x00, 0x00, 0x00, 0x00, 0x00,
  0x00, 0xc4, 0x0f, 0x00, 0x32, 0x72, 0x0e, 0xc0, 0x0e, 0x00, 0x00, 0x00,
  0x00, 0x00, 0x00, 0x00, 0x00, 0xe4, 0x0f, 0x04, 0x32, 0x72, 0xd0, 0xc0,
  0xd0, 0x00, 0x00, 0x00, 0x00, 0x00, 0x00, 0x00, 0x00, 0xe4, 0x0f, 0x00,
  0x32, 0x72, 0xcf, 0xe7, 0xcf, 0x00, 0x00, 0x00, 0x00, 0x00, 0x00, 0x00,
  0x00, 0xe4, 0x0f, 0x04, 0x32, 0x72, 0xcd, 0xe7, 0xcd, 0x00, 0x00, 0x00,
  0x00, 0x00, 0x00, 0x00, 0x00, 0xe4, 0x0f, 0x04, 0x32, 0x72, 0xcb, 0xe7,
  0xcb, 0x00, 0x00, 0x00, 0x00, 0x00, 0x00, 0x00, 0x00, 0xe4, 0x0f, 0x04,
  0x32, 0x72, 0xc9, 0xe7, 0xc9, 0x00, 0x00, 0x00, 0x00, 0x00, 0x00, 0x00,
  0x00, 0xc4, 0x0f, 0x00, 0x32, 0x72, 0xc7, 0xe7, 0xc7, 0x00, 0x00, 0x00,
  0x00, 0x00, 0x00, 0x00, 0x00, 0xe4, 0x0f, 0x04, 0x32, 0x72, 0xc5, 0xe7,
  0xc5, 0x00, 0x00, 0x00, 0x00, 0x00, 0x00, 0x00, 0x00, 0xe4, 0x0f, 0x04,
  0x32, 0x72, 0x1f, 0xe7, 0x1f, 0x00, 0x00, 0x00, 0x00, 0x00, 0x00, 0x00,
  0x00, 0xe4, 0x0f, 0x04, 0x32, 0x72, 0x1d, 0xe7, 0x1d, 0x00, 0x00, 0x00,
  0x00, 0x00, 0x00, 0x00, 0x00, 0xe4, 0x0f, 0x04, 0x32, 0x72, 0x1b, 0xe7,
  0x1b, 0x00, 0x00, 0x00, 0x00, 0x00, 0x00, 0x00, 0x00, 0xe4, 0x0f, 0x04,
  0x32, 0x72, 0x19, 0xe7, 0x19, 0x00, 0x00, 0x00, 0x00, 0x00, 0x00, 0x00,
  0x00, 0xc4, 0x0f, 0x00, 0x32, 0x72, 0x17, 0xe7, 0x17, 0x00, 0x00, 0x00,
  0x00, 0x00, 0x00, 0x00, 0x00, 0xe4, 0x0f, 0x04, 0x32, 0x72, 0x15, 0xe7,
  0x15, 0x00, 0x00, 0x00, 0x00, 0x00, 0x00, 0x00, 0x00, 0xe4, 0x0f, 0x04,
  0x32, 0x72, 0x13, 0xe7, 0x13, 0x00, 0x00, 0x00, 0x00, 0x00, 0x00, 0x00,
  0x00, 0xe4, 0x0f, 0x04, 0x32, 0x72, 0x11, 0xe7, 0x11, 0x00, 0x00, 0x00,
  0x00, 0x00, 0x00, 0x00, 0x00, 0xe4, 0x0f, 0x04, 0x32, 0x72, 0x0f, 0xe7,
  0x0f, 0x00, 0x00, 0x00, 0x00, 0x00, 0x00, 0x00, 0x00, 0xe4, 0x0f, 0x04,
  0x32, 0x72, 0xd1, 0xe7, 0xd1, 0x00, 0x00, 0x00, 0x00, 0x00, 0x00, 0x00,
  0x00, 0xce, 0x0f, 0x00, 0x3e, 0x72, 0xc1, 0xea, 0xc3, 0x00, 0x00, 0x00,
  0xff, 0x00, 0x00, 0x00, 0x00, 0xe4, 0x0f, 0x00, 0x3e, 0x72, 0xc0, 0xec,
  0xeb, 0x00, 0x00, 0x00, 0xff, 0x00, 0x00, 0x00, 0x00, 0xe4, 0x0f, 0x00,
  0x3e, 0x72, 0xc2, 0xe9, 0xe8, 0x00, 0x00, 0x00, 0xff, 0x00, 0x00, 0x00,
  0x00, 0xe4, 0x0f, 0x00, 0x3e, 0x72, 0xc3, 0xee, 0xed, 0x00, 0x00, 0x00,
  0xff, 0x00, 0x00, 0x00, 0x00, 0xe2, 0x0f, 0x00, 0x47, 0x75, 0x48, 0x02,
  0x01, 0x00, 0x00, 0x00, 0x00, 0x00, 0x80, 0x0b, 0x00, 0xec, 0x0f, 0x00,
  0x1a, 0x79, 0x00, 0x00, 0x00, 0x80, 0x00, 0x00, 0x00, 0x00, 0x00, 0x00,
  0x00, 0xc8, 0x0f, 0x00, 0x1d, 0x7b, 0x00, 0x00, 0x00, 0x00, 0x00, 0x00,
  0x00, 0x00, 0x01, 0x00, 0x00, 0xec, 0x0f, 0x00, 0x3b, 0x78, 0x40, 0xe2,
  0x15, 0x00, 0x00, 0x00, 0x00, 0x02, 0x00, 0x08, 0x00, 0xa8, 0x02, 0x00,
  0x3b, 0x78, 0x44, 0xe2, 0x15, 0x00, 0x10, 0x00, 0x00, 0x02, 0x00, 0x08,
  0x00, 0xe8, 0x02, 0x00, 0x3b, 0x78, 0x48, 0xda, 0x15, 0x00, 0x00, 0x00,
  0x00, 0x02, 0x00, 0x08, 0x00, 0x28, 0x03, 0x00, 0x3b, 0x78, 0x4c, 0xda,
  0x15, 0x00, 0x10, 0x00, 0x00, 0x02, 0x00, 0x08, 0x00, 0x68, 0x02, 0x00,
  0x3b, 0x78, 0x50, 0xd9, 0x15, 0x00, 0x00, 0x00, 0x00, 0x02, 0x00, 0x08,
  0x00, 0x68, 0x02, 0x00, 0x3b, 0x78, 0x54, 0xd9, 0x15, 0x00, 0x10, 0x00,
  0x00, 0x02, 0x00, 0x08, 0x00, 0x68, 0x02, 0x00, 0x3b, 0x78, 0x58, 0x09,
  0x15, 0x00, 0x00, 0x00, 0x00, 0x02, 0x00, 0x08, 0x00, 0x68, 0x02, 0x00,
  0x3b, 0x78, 0x5c, 0x09, 0x15, 0x00, 0x10, 0x00, 0x00, 0x02, 0x00, 0x08,
  0x00, 0x68, 0x02, 0x00, 0x3b, 0x78, 0x60, 0xe2, 0x15, 0x80, 0x00, 0x00,
  0x00, 0x02, 0x00, 0x08, 0x00, 0x68, 0x02, 0x00, 0x3b, 0x78, 0x64, 0xe2,
  0x15, 0x80, 0x10, 0x00, 0x00, 0x02, 0x00, 0x08, 0x00, 0x68, 0x02, 0x00,
  0x3b, 0x78, 0x68, 0x0a, 0x15, 0x00, 0x00, 0x00, 0x00, 0x02, 0x00, 0x08,
  0x00, 0x68, 0x02, 0x00, 0x3b, 0x78, 0x6c, 0x0a, 0x15, 0x00, 0x10, 0x00,
  0x00, 0x02, 0x00, 0x08, 0x00, 0x68, 0x02, 0x00, 0x3b, 0x78, 0x70, 0x0b,
  0x15, 0x00, 0x00, 0x00, 0x00, 0x02, 0x00, 0x08, 0x00, 0x68, 0x02, 0x00,
  0x3b, 0x78, 0x74, 0x0b, 0x15, 0x00, 0x10, 0x00, 0x00, 0x02, 0x00, 0x08,
  0x00, 0x68, 0x02, 0x00, 0x3b, 0x78, 0x78, 0x0c, 0x15, 0x00, 0x00, 0x00,
  0x00, 0x02, 0x00, 0x08, 0x00, 0x68, 0x02, 0x00, 0x3b, 0x78, 0x7c, 0x0c,
  0x15, 0x00, 0x10, 0x00, 0x00, 0x02, 0x00, 0x08, 0x00, 0x64, 0xc2, 0x01,
  0x3c, 0x72, 0xce, 0xc0, 0x80, 0x00, 0x00, 0x00, 0xce, 0x08, 0x00, 0x00,
  0x00, 0xde, 0x0f, 0x00, 0x18, 0x79, 0x00, 0x00, 0x00, 0x00, 0x00, 0x00,
  0x00, 0x00, 0x00, 0x00, 0x00, 0xe2, 0x0f, 0x00, 0x3c, 0x72, 0xcc, 0xc0,
  0x82, 0x00, 0x00, 0x00, 0xcc, 0x08, 0x00, 0x00, 0x00, 0xde, 0x0f, 0x00,
  0x18, 0x79, 0x00, 0x00, 0x00, 0x00, 0x00, 0x00, 0x00, 0x00, 0x00, 0x00,
  0x00, 0xe2, 0x0f, 0x00, 0x3c, 0x72, 0xca, 0xc0, 0x84, 0x00, 0x00, 0x00,
  0xca, 0x08, 0x00, 0x00, 0x00, 0xde, 0x0f, 0x00, 0x18, 0x79, 0x00, 0x00,
  0x00, 0x00, 0x00, 0x00, 0x00, 0x00, 0x00, 0x00, 0x00, 0xe2, 0x0f, 0x00,
  0x3c, 0x72, 0xc8, 0xc0, 0x86, 0x00, 0x00, 0x00, 0xc8, 0x08, 0x00, 0x00,
  0x00, 0xde, 0x0f, 0x00, 0x18, 0x79, 0x00, 0x00, 0x00, 0x00, 0x00, 0x00,
  0x00, 0x00, 0x00, 0x00, 0x00, 0xe2, 0x0f, 0x00, 0x3c, 0x72, 0xc6, 0xc0,
  0x88, 0x00, 0x00, 0x00, 0xc6, 0x08, 0x00, 0x00, 0x00, 0xde, 0x0f, 0x00,
  0x18, 0x79, 0x00, 0x00, 0x00, 0x00, 0x00, 0x00, 0x00, 0x00, 0x00, 0x00,
  0x00, 0xe2, 0x0f, 0x00, 0x3c, 0x72, 0xc4, 0xc0, 0x8a, 0x00, 0x00, 0x00,
  0xc4, 0x08, 0x00, 0x00, 0x00, 0xde, 0x0f, 0x00, 0x18, 0x79, 0x00, 0x00,
  0x00, 0x00, 0x00, 0x00, 0x00, 0x00, 0x00, 0x00, 0x00, 0xe2, 0x0f, 0x00,
  0x3c, 0x72, 0x1e, 0xc0, 0x8c, 0x00, 0x00, 0x00, 0x1e, 0x08, 0x00, 0x00,
  0x00, 0xde, 0x0f, 0x00, 0x18, 0x79, 0x00, 0x00, 0x00, 0x00, 0x00, 0x00,
  0x00, 0x00, 0x00, 0x00, 0x00, 0xe2, 0x0f, 0x00, 0x3c, 0x72, 0x1c, 0xc0,
  0x8e, 0x00, 0x00, 0x00, 0x1c, 0x08, 0x00, 0x00, 0x00, 0xde, 0x0f, 0x00,
  0x18, 0x79, 0x00, 0x00, 0x00, 0x00, 0x00, 0x00, 0x00, 0x00, 0x00, 0x00,
  0x00, 0xe2, 0x0f, 0x00, 0x3c, 0x72, 0x1a, 0xc0, 0x90, 0x00, 0x00, 0x00,
  0x1a, 0x08, 0x00, 0x00, 0x00, 0xde, 0x0f, 0x00, 0x18, 0x79, 0x00, 0x00,
  0x00, 0x00, 0x00, 0x00, 0x00, 0x00, 0x00, 0x00, 0x00, 0xe2, 0x0f, 0x00,
  0x3c, 0x72, 0x18, 0xc0, 0x92, 0x00, 0x00, 0x00, 0x18, 0x08, 0x00, 0x00,
  0x00, 0xde, 0x0f, 0x00, 0x18, 0x79, 0x00, 0x00, 0x00, 0x00, 0x00, 0x00,
  0x00, 0x00, 0x00, 0x00, 0x00, 0xe2, 0x0f, 0x00, 0x3c, 0x72, 0x16, 0xc0,
  0x94, 0x00, 0x00, 0x00, 0x16, 0x08, 0x00, 0x00, 0x00, 0xde, 0x0f, 0x00,
  0x18, 0x79, 0x00, 0x00, 0x00, 0x00, 0x00, 0x00, 0x00, 0x00, 0x00, 0x00,
  0x00, 0xe2, 0x0f, 0x00, 0x3c, 0x72, 0x14, 0xc0, 0x96, 0x00, 0x00, 0x00,
  0x14, 0x08, 0x00, 0x00, 0x00, 0xde, 0x0f, 0x00, 0x18, 0x79, 0x00, 0x00,
  0x00, 0x00, 0x00, 0x00, 0x00, 0x00, 0x00, 0x00, 0x00, 0xe2, 0x0f, 0x00,
  0x3c, 0x72, 0x12, 0xc0, 0x98, 0x00, 0x00, 0x00, 0x12, 0x08, 0x00, 0x00,
  0x00, 0xde, 0x0f, 0x00, 0x18, 0x79, 0x00, 0x00, 0x00, 0x00, 0x00, 0x00,
  0x00, 0x00, 0x00, 0x00, 0x00, 0xe2, 0x0f, 0x00, 0x3c, 0x72, 0x10, 0xc0,
  0x9a, 0x00, 0x00, 0x00, 0x10, 0x08, 0x00, 0x00, 0x00, 0xde, 0x0f, 0x00,
  0x18, 0x79, 0x00, 0x00, 0x00, 0x00, 0x00, 0x00, 0x00, 0x00, 0x00, 0x00,
  0x00, 0xe2, 0x0f, 0x00, 0x3c, 0x72, 0x0e, 0xc0, 0x9c, 0x00, 0x00, 0x00,
  0x0e, 0x08, 0x00, 0x00, 0x00, 0xde, 0x0f, 0x00, 0x18, 0x79, 0x00, 0x00,
  0x00, 0x00, 0x00, 0x00, 0x00, 0x00, 0x00, 0x00, 0x00, 0xe2, 0x0f, 0x00,
  0x3c, 0x72, 0xd0, 0xc0, 0x9e, 0x00, 0x00, 0x00, 0xd0, 0x08, 0x00, 0x00,
  0x00, 0xf0, 0x0f, 0x00, 0x3e, 0x72, 0xc0, 0xe5, 0xe6, 0x00, 0x00, 0x00,
  0xff, 0x00, 0x00, 0x00, 0x00, 0xe4, 0x0f, 0x00, 0x3e, 0x72, 0xc1, 0xe3,
  0xe4, 0x00, 0x00, 0x00, 0xff, 0x00, 0x00, 0x00, 0x00, 0xc4, 0x0f, 0x00,
  0x3e, 0x72, 0xc2, 0xe0, 0xe1, 0x00, 0x00, 0x00, 0xff, 0x00, 0x00, 0x00,
  0x00, 0xe4, 0x0f, 0x00, 0x3e, 0x72, 0xc3, 0xde, 0xdf, 0x00, 0x00, 0x00,
  0xff, 0x00, 0x00, 0x00, 0x00, 0xce, 0x0f, 0x00, 0x3c, 0x72, 0xce, 0xc0,
  0xa0, 0x00, 0x00, 0x00, 0xce, 0x08, 0x00, 0x00, 0x00, 0xde, 0x0f, 0x00,
  0x18, 0x79, 0x00, 0x00, 0x00, 0x00, 0x00, 0x00, 0x00, 0x00, 0x00, 0x00,
  0x00, 0xe2, 0x0f, 0x00, 0x3c, 0x72, 0xcc, 0xc0, 0xa2, 0x00, 0x00, 0x00,
  0xcc, 0x08, 0x00, 0x00, 0x00, 0xde, 0x0f, 0x00, 0x18, 0x79, 0x00, 0x00,
  0x00, 0x00, 0x00, 0x00, 0x00, 0x00, 0x00, 0x00, 0x00, 0xe2, 0x0f, 0x00,
  0x3c, 0x72, 0xca, 0xc0, 0xa4, 0x00, 0x00, 0x00, 0xca, 0x08, 0x00, 0x00,
  0x00, 0xde, 0x0f, 0x00, 0x18, 0x79, 0x00, 0x00, 0x00, 0x00, 0x00, 0x00,
  0x00, 0x00, 0x00, 0x00, 0x00, 0xe2, 0x0f, 0x00, 0x3c, 0x72, 0xc8, 0xc0,
  0xa6, 0x00, 0x00, 0x00, 0xc8, 0x08, 0x00, 0x00, 0x00, 0xde, 0x0f, 0x00,
  0x18, 0x79, 0x00, 0x00, 0x00, 0x00, 0x00, 0x00, 0x00, 0x00, 0x00, 0x00,
  0x00, 0xe2, 0x0f, 0x00, 0x3c, 0x72, 0xc6, 0xc0, 0xa8, 0x00, 0x00, 0x00,
  0xc6, 0x08, 0x00, 0x00, 0x00, 0xde, 0x0f, 0x00, 0x18, 0x79, 0x00, 0x00,
  0x00, 0x00, 0x00, 0x00, 0x00, 0x00, 0x00, 0x00, 0x00, 0xe2, 0x0f, 0x00,
  0x3c, 0x72, 0xc4, 0xc0, 0xaa, 0x00, 0x00, 0x00, 0xc4, 0x08, 0x00, 0x00,
  0x00, 0xde, 0x0f, 0x00, 0x18, 0x79, 0x00, 0x00, 0x00, 0x00, 0x00, 0x00,
  0x00, 0x00, 0x00, 0x00, 0x00, 0xe2, 0x0f, 0x00, 0x3c, 0x72, 0x1e, 0xc0,
  0xac, 0x00, 0x00, 0x00, 0x1e, 0x08, 0x00, 0x00, 0x00, 0xde, 0x0f, 0x00,
  0x18, 0x79, 0x00, 0x00, 0x00, 0x00, 0x00, 0x00, 0x00, 0x00, 0x00, 0x00,
  0x00, 0xe2, 0x0f, 0x00, 0x3c, 0x72, 0x1c, 0xc0, 0xae, 0x00, 0x00, 0x00,
  0x1c, 0x08, 0x00, 0x00, 0x00, 0xde, 0x0f, 0x00, 0x18, 0x79, 0x00, 0x00,
  0x00, 0x00, 0x00, 0x00, 0x00, 0x00, 0x00, 0x00, 0x00, 0xe2, 0x0f, 0x00,
  0x3c, 0x72, 0x1a, 0xc0, 0xb0, 0x00, 0x00, 0x00, 0x1a, 0x08, 0x00, 0x00,
  0x00, 0xde, 0x0f, 0x00, 0x18, 0x79, 0x00, 0x00, 0x00, 0x00, 0x00, 0x00,
  0x00, 0x00, 0x00, 0x00, 0x00, 0xe2, 0x0f, 0x00, 0x3c, 0x72, 0x18, 0xc0,
  0xb2, 0x00, 0x00, 0x00, 0x18, 0x08, 0x00, 0x00, 0x00, 0xde, 0x0f, 0x00,
  0x18, 0x79, 0x00, 0x00, 0x00, 0x00, 0x00, 0x00, 0x00, 0x00, 0x00, 0x00,
  0x00, 0xe2, 0x0f, 0x00, 0x3c, 0x72, 0x16, 0xc0, 0xb4, 0x00, 0x00, 0x00,
  0x16, 0x08, 0x00, 0x00, 0x00, 0xde, 0x0f, 0x00, 0x18, 0x79, 0x00, 0x00,
  0x00, 0x00, 0x00, 0x00, 0x00, 0x00, 0x00, 0x00, 0x00, 0xe2, 0x0f, 0x00,
  0x3c, 0x72, 0x14, 0xc0, 0xb6, 0x00, 0x00, 0x00, 0x14, 0x08, 0x00, 0x00,
  0x00, 0xde, 0x0f, 0x00, 0x18, 0x79, 0x00, 0x00, 0x00, 0x00, 0x00, 0x00,
  0x00, 0x00, 0x00, 0x00, 0x00, 0xe2, 0x0f, 0x00, 0x3c, 0x72, 0x12, 0xc0,
  0xb8, 0x00, 0x00, 0x00, 0x12, 0x08, 0x00, 0x00, 0x00, 0xde, 0x0f, 0x00,
  0x18, 0x79, 0x00, 0x00, 0x00, 0x00, 0x00, 0x00, 0x00, 0x00, 0x00, 0x00,
  0x00, 0xe2, 0x0f, 0x00, 0x3c, 0x72, 0x10, 0xc0, 0xba, 0x00, 0x00, 0x00,
  0x10, 0x08, 0x00, 0x00, 0x00, 0xde, 0x0f, 0x00, 0x18, 0x79, 0x00, 0x00,
  0x00, 0x00, 0x00, 0x00, 0x00, 0x00, 0x00, 0x00, 0x00, 0xe2, 0x0f, 0x00,
  0x3c, 0x72, 0x0e, 0xc0, 0xbc, 0x00, 0x00, 0x00, 0x0e, 0x08, 0x00, 0x00,
  0x00, 0xde, 0x0f, 0x00, 0x18, 0x79, 0x00, 0x00, 0x00, 0x00, 0x00, 0x00,
  0x00, 0x00, 0x00, 0x00, 0x00, 0xe2, 0x0f, 0x00, 0x3c, 0x72, 0xd0, 0xc0,
  0xbe, 0x00, 0x00, 0x00, 0xd0, 0x08, 0x00, 0x00, 0x00, 0xe2, 0x0f, 0x00,
  0x18, 0x79, 0x00, 0x00, 0x00, 0x00, 0x00, 0x00, 0x00, 0x00, 0x00, 0x00,
  0x00, 0xda, 0x0f, 0x00, 0x47, 0x75, 0x40, 0x02, 0x01, 0x00, 0x00, 0x00,
  0x00, 0x00, 0x80, 0x0b, 0x00, 0xde, 0x0f, 0x00, 0x3b, 0x78, 0x80, 0xdd,
  0x16, 0x00, 0x00, 0x00, 0x00, 0x42, 0x00, 0x08, 0x00, 0xe8, 0x04, 0x00,
  0x3b, 0x78, 0x84, 0x07, 0x16, 0x00, 0x00, 0x00, 0x00, 0x42, 0x00, 0x08,
  0x00, 0x28, 0x05, 0x00, 0x3b, 0x78, 0x88, 0x06, 0x16, 0x00, 0x00, 0x00,
  0x00, 0x42, 0x00, 0x08, 0x00, 0x68, 0x04, 0x00, 0x3b, 0x78, 0x8c, 0x05,
  0x16, 0x00, 0x00, 0x00, 0x00, 0x42, 0x00, 0x08, 0x00, 0x68, 0x04, 0x00,
  0x3b, 0x78, 0x90, 0x04, 0x16, 0x00, 0x00, 0x00, 0x00, 0x42, 0x00, 0x08,
  0x00, 0x68, 0x04, 0x00, 0x3b, 0x78, 0x94, 0x03, 0x16, 0x00, 0x00, 0x00,
  0x00, 0x42, 0x00, 0x08, 0x00, 0x68, 0x04, 0x00, 0x3b, 0x78, 0x98, 0x02,
  0x16, 0x00, 0x00, 0x00, 0x00, 0x42, 0x00, 0x08, 0x00, 0x68, 0x04, 0x00,
  0x3b, 0x78, 0x9c, 0x00, 0x16, 0x00, 0x00, 0x00, 0x00, 0x42, 0x00, 0x08,
  0x00, 0x68, 0x04, 0x00, 0x3b, 0x78, 0xa0, 0xdd, 0x16, 0x00, 0x10, 0x00,
  0x00, 0x42, 0x00, 0x08, 0x00, 0x68, 0x04, 0x00, 0x3b, 0x78, 0xa4, 0x07,
  0x16, 0x00, 0x10, 0x00, 0x00, 0x42, 0x00, 0x08, 0x00, 0x68, 0x04, 0x00,
  0x3b, 0x78, 0xa8, 0x06, 0x16, 0x00, 0x10, 0x00, 0x00, 0x42, 0x00, 0x08,
  0x00, 0x68, 0x04, 0x00, 0x3b, 0x78, 0xac, 0x05, 0x16, 0x00, 0x10, 0x00,
  0x00, 0x42, 0x00, 0x08, 0x00, 0x68, 0x04, 0x00, 0x3b, 0x78, 0xb0, 0x04,
  0x16, 0x00, 0x10, 0x00, 0x00, 0x42, 0x00, 0x08, 0x00, 0x68, 0x04, 0x00,
  0x3b, 0x78, 0xb4, 0x03, 0x16, 0x00, 0x10, 0x00, 0x00, 0x42, 0x00, 0x08,
  0x00, 0x68, 0x04, 0x00, 0x3b, 0x78, 0xb8, 0x02, 0x16, 0x00, 0x10, 0x00,
  0x00, 0x42, 0x00, 0x08, 0x00, 0x68, 0x04, 0x00, 0x3b, 0x78, 0xbc, 0x00,
  0x16, 0x00, 0x10, 0x00, 0x00, 0x42, 0x00, 0x08, 0x00, 0x64, 0x84, 0x01,
  0x90, 0x78, 0x09, 0x09, 0x20, 0x00, 0x00, 0x00, 0xff, 0xe0, 0xff, 0x0f,
  0x00, 0xc8, 0x0f, 0x00, 0x8c, 0x72, 0x00, 0x09, 0x12, 0x00, 0x00, 0x00,
  0x70, 0x62, 0xf0, 0x0b, 0x00, 0xd2, 0x0f, 0x00, 0x47, 0x75, 0xf8, 0x08,
  0xc9, 0xff, 0xff, 0xff, 0xff, 0xff, 0x83, 0x0b, 0x00, 0xea, 0x0f, 0x00,
  0x21, 0x72, 0x00, 0x0d, 0x08, 0x00, 0x00, 0x00, 0x00, 0x01, 0x01, 0x00,
  0x00, 0xe2, 0x4f, 0x12, 0x21, 0x72, 0x08, 0xd7, 0x08, 0x00, 0x00, 0x00,
  0x00, 0x01, 0x01, 0x00, 0x00, 0xe2, 0x0f, 0x00, 0x19, 0x79, 0x20, 0x00,
  0x00, 0x00, 0x00, 0x00, 0x00, 0x21, 0x00, 0x00, 0x00, 0x62, 0x2e, 0x00,
  0xc3, 0x79, 0x05, 0x00, 0x00, 0x00, 0x00, 0x00, 0x00, 0x88, 0x00, 0x00,
  0x00, 0xa2, 0x0e, 0x00, 0x20, 0x78, 0x00, 0x00, 0x3b, 0xaa, 0xb8, 0x3f,
  0x00, 0x00, 0x41, 0x00, 0x00, 0xe2, 0x0f, 0x00, 0x20, 0x78, 0x08, 0x08,
  0x3b, 0xaa, 0xb8, 0x3f, 0x00, 0x00, 0x41, 0x00, 0x00, 0xcc, 0x0f, 0x00,
  0x1d, 0x7b, 0x00, 0x00, 0x00, 0x00, 0x00, 0x00, 0x00, 0x00, 0x01, 0x00,
  0x00, 0xec, 0x0f, 0x00, 0x08, 0x73, 0x03, 0x00, 0x00, 0x00, 0x00, 0x00,
  0x00, 0x08, 0x00, 0x00, 0x00, 0xe2, 0x0e, 0x00, 0x82, 0x78, 0x04, 0x00,
  0x00, 0x04, 0x00, 0x00, 0x00, 0x00, 0x00, 0x00, 0x00, 0xe2, 0x0f, 0x00,
  0xc3, 0x79, 0x0a, 0x00, 0x00, 0x00, 0x00, 0x00, 0x00, 0x25, 0x00, 0x00,
  0x00, 0x22, 0x0f, 0x00, 0x45, 0x79, 0x00, 0x00, 0x70, 0x0c, 0x00, 0x00,
  0x00, 0x02, 0x80, 0x03, 0x00, 0xe2, 0x0f, 0x00, 0x08, 0x73, 0x05, 0x00,
  0x08, 0x00, 0x00, 0x00, 0x00, 0x08, 0x00, 0x00, 0x00, 0x6c, 0x0e, 0x00,
  0xc3, 0x79, 0x09, 0x00, 0x00, 0x00, 0x00, 0x00, 0x00, 0x26, 0x00, 0x00,
  0x00, 0x22, 0x0f, 0x00, 0x91, 0x72, 0x08, 0x05, 0x04, 0x00, 0x00, 0x00,
  0xff, 0xc0, 0x8e, 0x0f, 0x00, 0xe2, 0x4f, 0x00, 0xac, 0x77, 0x04, 0xff,
  0x80, 0xa9, 0x00, 0x00, 0x00, 0x08, 0x00, 0x08, 0x00, 0xa2, 0x0e, 0x00,
  0x21, 0x72, 0x21, 0x03, 0xd6, 0x00, 0x00, 0x00, 0x00, 0x00, 0x01, 0x00,
  0x00, 0xe2, 0x8f, 0x00, 0xac, 0x77, 0x05, 0xff, 0x80, 0xac, 0x00, 0x00,
  0x00, 0x08, 0x00, 0x08, 0x00, 0xe6, 0x0e, 0x00, 0x08, 0x73, 0x02, 0x00,
  0x21, 0x00, 0x00, 0x00, 0x00, 0x10, 0x00, 0x00, 0x00, 0xe2, 0x0e, 0x00,
  0x24, 0x78, 0x00, 0x20, 0x04, 0x00, 0x00, 0x00, 0xff, 0x00, 0x8e, 0x07,
  0x00, 0xe2, 0x2f, 0x00, 0x19, 0x78, 0x04, 0xff, 0x01, 0x00, 0x00, 0x00,
  0x20, 0x16, 0x01, 0x00, 0x00, 0xe2, 0x0f, 0x00, 0x21, 0x72, 0xd8, 0x05,
  0xd8, 0x00, 0x00, 0x00, 0x00, 0x00, 0x01, 0x00, 0x00, 0xe2, 0x0f, 0x00,
  0x0b, 0x72, 0x00, 0x21, 0xff, 0x00, 0x00, 0x00, 0x00, 0x50, 0xf1, 0x03,
  0x00, 0xc4, 0x0f, 0x00, 0x12, 0x78, 0x00, 0x00, 0x7c, 0x00, 0x00, 0x00,
  0xff, 0xc0, 0x8e, 0x07, 0x00, 0xe2, 0x0f, 0x00, 0x99, 0x78, 0x0a, 0x0a,
  0x06, 0x00, 0x00, 0x00, 0xff, 0x06, 0x00, 0x08, 0x00, 0xe2, 0x0f, 0x01,
  0x08, 0x73, 0x03, 0x00, 0xd8, 0x00, 0x00, 0x00, 0x00, 0x10, 0x00, 0x00,
  0x00, 0x62, 0x0e, 0x00, 0x0b, 0x72, 0x00, 0xd8, 0xff, 0x00, 0x00, 0x00,
  0x00, 0x50, 0xf3, 0x03, 0x00, 0xe2, 0x0f, 0x00, 0x19, 0x78, 0x05, 0xff,
  0x02, 0x00, 0x00, 0x00, 0x20, 0x16, 0x01, 0x00, 0x00, 0xe4, 0x0f, 0x00,
  0x12, 0x78, 0x04, 0x04, 0x30, 0x00, 0x00, 0x00, 0xff, 0xc0, 0x8e, 0x07,
  0x00, 0xe2, 0x0f, 0x00, 0xa4, 0x72, 0x07, 0x07, 0x04, 0x00, 0x00, 0x00,
  0x09, 0x02, 0x8e, 0x0f, 0x00, 0xe2, 0x4f, 0x00, 0x10, 0x7c, 0x00, 0x00,
  0x08, 0x00, 0x00, 0x00, 0xff, 0xe0, 0xff, 0x0f, 0x00, 0xe4, 0x0f, 0x00,
  0x12, 0x78, 0x23, 0x04, 0x07, 0x00, 0x00, 0x00, 0x05, 0xf8, 0x8e, 0x07,
  0x00, 0xe2, 0x0f, 0x00, 0x90, 0x72, 0x04, 0x05, 0x05, 0x00, 0x00, 0x00,
  0xff, 0xe0, 0xff, 0x0f, 0x00, 0xe2, 0x8f, 0x00, 0x08, 0x78, 0x02, 0x02,
  0x00, 0x00, 0x80, 0x3f, 0x00, 0x00, 0x00, 0x00, 0x00, 0xc6, 0x0f, 0x00,
  0x24, 0x78, 0x00, 0x23, 0x00, 0x01, 0x00, 0x00, 0x00, 0x02, 0x8e, 0x07,
  0x00, 0xe2, 0x0f, 0x00, 0xa4, 0x72, 0x0c, 0x07, 0x04, 0x00, 0x00, 0x00,
  0xff, 0x02, 0x8e, 0x0f, 0x00, 0xe2, 0x0f, 0x00, 0x3e, 0x72, 0x07, 0x02,
  0x02, 0x00, 0x00, 0x00, 0xff, 0x00, 0x00, 0x00, 0x00, 0xe2, 0x0f, 0x00,
  0x08, 0x78, 0x03, 0x03, 0x00, 0x00, 0x80, 0x3f, 0x00, 0x00, 0x80, 0x00,
  0x00, 0xe4, 0x2f, 0x00, 0x12, 0x78, 0x02, 0x00, 0x10, 0x00, 0x00, 0x00,
  0xff, 0x3c, 0x8e, 0x07, 0x00, 0xe4, 0x0f, 0x04, 0x32, 0x72, 0x05, 0xce,
  0x07, 0x00, 0x00, 0x00, 0x00, 0x00, 0x00, 0x00, 0x00, 0xe2, 0x0f, 0x08,
  0x12, 0x78, 0x04, 0x00, 0x20, 0x00, 0x00, 0x00, 0xff, 0x3c, 0x8e, 0x07,
  0x00, 0xe2, 0x0f, 0x04, 0x32, 0x72, 0xcc, 0xcc, 0x07, 0x00, 0x00, 0x00,
  0x00, 0x00, 0x00, 0x00, 0x00, 0xe2, 0x0f, 0x08, 0x3e, 0x72, 0x03, 0x03,
  0x03, 0x00, 0x00, 0x00, 0xff, 0x00, 0x00, 0x00, 0x00, 0xe2, 0x0f, 0x00,
  0x32, 0x72, 0xca, 0xca, 0x07, 0x00, 0x00, 0x00, 0x00, 0x00, 0x00, 0x00,
  0x00, 0xe2, 0x0f, 0x08, 0x12, 0x78, 0x06, 0x00, 0x30, 0x00, 0x00, 0x00,
  0xff, 0x3c, 0x8e, 0x07, 0x00, 0xe2, 0x0f, 0x04, 0x32, 0x72, 0xc8, 0xc8,
  0x07, 0x00, 0x00, 0x00, 0x00, 0x00, 0x00, 0x00, 0x00, 0xe2, 0x0f, 0x00,
  0x12, 0x78, 0x08, 0x00, 0x40, 0x00, 0x00, 0x00, 0xff, 0x3c, 0x8e, 0x07,
  0x00, 0xe2, 0x0f, 0x04, 0x32, 0x72, 0xcf, 0xcf, 0x03, 0x00, 0x00, 0x00,
  0x00, 0x00, 0x00, 0x00, 0x00, 0xe2, 0x0f, 0x08, 0x88, 0x73, 0x00, 0x00,
  0x05, 0x00, 0x00, 0x00, 0x00, 0x08, 0x00, 0x00, 0x00, 0xe2, 0x03, 0x00,
  0x32, 0x72, 0xcd, 0xcd, 0x03, 0x00, 0x00, 0x00, 0x00, 0x00, 0x00, 0x00,
  0x00, 0xe2, 0x0f, 0x08, 0x12, 0x78, 0x09, 0x00, 0x50, 0x00, 0x00, 0x00,
  0xff, 0x3c, 0x8e, 0x07, 0x00, 0xe2, 0x0f, 0x04, 0x32, 0x72, 0xcb, 0xcb,
  0x03, 0x00, 0x00, 0x00, 0x00, 0x00, 0x00, 0x00, 0x00, 0xe2, 0x0f, 0x08,
  0x88, 0x73, 0x00, 0x00, 0xcf, 0x00, 0x08, 0x00, 0x00, 0x08, 0x00, 0x00,
  0x00, 0xe2, 0x0f, 0x00, 0x32, 0x72, 0xc9, 0xc9, 0x03, 0x00, 0x00, 0x00,
  0x00, 0x00, 0x00, 0x00, 0x00, 0xe2, 0x0f, 0x00, 0x99, 0x78, 0x0d, 0xff,
  0x1f, 0x00, 0x00, 0x00, 0x0c, 0x14, 0x01, 0x08, 0x00, 0xe2, 0x0f, 0x00,
  0x32, 0x72, 0xc6, 0xc6, 0x07, 0x00, 0x00, 0x00, 0x00, 0x00, 0x00, 0x00,
  0x00, 0xe2, 0x0f, 0x00, 0x88, 0x73, 0x00, 0x02, 0xcc, 0x00, 0x00, 0x00,
  0x00, 0x08, 0x00, 0x00, 0x00, 0xe2, 0x0f, 0x00, 0x32, 0x72, 0xc7, 0xc7,
  0x03, 0x00, 0x00, 0x00, 0x00, 0x00, 0x00, 0x00, 0x00, 0xe2, 0x0f, 0x00,
  0x12, 0x78, 0x05, 0x00, 0x60, 0x00, 0x00, 0x00, 0xff, 0x3c, 0x8e, 0x07,
  0x00, 0xe2, 0x2f, 0x00, 0x32, 0x72, 0xc4, 0xc4, 0x07, 0x00, 0x00, 0x00,
  0x00, 0x00, 0x00, 0x00, 0x00, 0xe2, 0x0f, 0x00, 0x88, 0x73, 0x00, 0x02,
  0xcd, 0x00, 0x08, 0x00, 0x00, 0x08, 0x00, 0x00, 0x00, 0xe2, 0x03, 0x00,
  0x32, 0x72, 0xc5, 0xc5, 0x03, 0x00, 0x00, 0x00, 0x00, 0x00, 0x00, 0x00,
  0x00, 0xc4, 0x0f, 0x00, 0x32, 0x72, 0x1e, 0x1e, 0x07, 0x00, 0x00, 0x00,
  0x00, 0x00, 0x00, 0x00, 0x00, 0xe2, 0x0f, 0x00, 0x88, 0x73, 0x00, 0x04,
  0xca, 0x00, 0x00, 0x00, 0x00, 0x08, 0x00, 0x00, 0x00, 0xe2, 0x0f, 0x00,
  0x32, 0x72, 0x1f, 0x1f, 0x03, 0x00, 0x00, 0x00, 0x00, 0x00, 0x00, 0x00,
  0x00, 0xe4, 0x0f, 0x00, 0x32, 0x72, 0x1c, 0x1c, 0x07, 0x00, 0x00, 0x00,
  0x00, 0x00, 0x00, 0x00, 0x00, 0xe2, 0x0f, 0x00, 0x88, 0x73, 0x00, 0x04,
  0xcb, 0x00, 0x08, 0x00, 0x00, 0x08, 0x00, 0x00, 0x00, 0xe2, 0x05, 0x00,
  0x32, 0x72, 0x1d, 0x1d, 0x03, 0x00, 0x00, 0x00, 0x00, 0x00, 0x00, 0x00,
  0x00, 0xe2, 0x0f, 0x00, 0x12, 0x78, 0x02, 0x00, 0x70, 0x00, 0x00, 0x00,
  0xff, 0x3c, 0x8e, 0x07, 0x00, 0xe2, 0x2f, 0x00, 0x32, 0x72, 0x1a, 0x1a,
  0x07, 0x00, 0x00, 0x00, 0x00, 0x00, 0x00, 0x00, 0x00, 0xe2, 0x0f, 0x00,
  0x88, 0x73, 0x00, 0x06, 0xc8, 0x00, 0x00, 0x00, 0x00, 0x08, 0x00, 0x00,
  0x00, 0xe2, 0x0f, 0x00, 0x32, 0x72, 0x1b, 0x1b, 0x03, 0x00, 0x00, 0x00,
  0x00, 0x00, 0x00, 0x00, 0x00, 0xc4, 0x0f, 0x00, 0x32, 0x72, 0x18, 0x18,
  0x07, 0x00, 0x00, 0x00, 0x00, 0x00, 0x00, 0x00, 0x00, 0xe2, 0x0f, 0x00,
  0x88, 0x73, 0x00, 0x06, 0xc9, 0x00, 0x08, 0x00, 0x00, 0x08, 0x00, 0x00,
  0x00, 0xe2, 0x03, 0x00, 0x32, 0x72, 0x19, 0x19, 0x03, 0x00, 0x00, 0x00,
  0x00, 0x00, 0x00, 0x00, 0x00, 0xe2, 0x0f, 0x00, 0x12, 0x78, 0x04, 0x00,
  0x80, 0x00, 0x00, 0x00, 0xff, 0x3c, 0x8e, 0x07, 0x00, 0xe2, 0x4f, 0x04,
  0x32, 0x72, 0x16, 0x16, 0x07, 0x00, 0x00, 0x00, 0x00, 0x00, 0x00, 0x00,
  0x00, 0xe2, 0x0f, 0x00, 0x88, 0x73, 0x00, 0x08, 0xc6, 0x00, 0x00, 0x00,
  0x00, 0x08, 0x00, 0x00, 0x00, 0xe2, 0x0f, 0x00, 0x32, 0x72, 0x17, 0x17,
  0x03, 0x00, 0x00, 0x00, 0x00, 0x00, 0x00, 0x00, 0x00, 0xe4, 0x0f, 0x00,
  0x32, 0x72, 0x14, 0x14, 0x07, 0x00, 0x00, 0x00, 0x00, 0x00, 0x00, 0x00,
  0x00, 0xe2, 0x0f, 0x00, 0x88, 0x73, 0x00, 0x08, 0xc7, 0x00, 0x08, 0x00,
  0x00, 0x08, 0x00, 0x00, 0x00, 0xe2, 0x05, 0x00, 0x32, 0x72, 0x15, 0x15,
  0x03, 0x00, 0x00, 0x00, 0x00, 0x00, 0x00, 0x00, 0x00, 0xe2, 0x0f, 0x00,
  0x12, 0x78, 0x06, 0x00, 0x90, 0x00, 0x00, 0x00, 0xff, 0x3c, 0x8e, 0x07,
  0x00, 0xe2, 0x2f, 0x00, 0x32, 0x72, 0x12, 0x12, 0x07, 0x00, 0x00, 0x00,
  0x00, 0x00, 0x00, 0x00, 0x00, 0xe2, 0x0f, 0x00, 0x88, 0x73, 0x00, 0x09,
  0xc4, 0x00, 0x00, 0x00, 0x00, 0x08, 0x00, 0x00, 0x00, 0xe2, 0x0f, 0x00,
  0x32, 0x72, 0x13, 0x13, 0x03, 0x00, 0x00, 0x00, 0x00, 0x00, 0x00, 0x00,
  0x00, 0xc4, 0x0f, 0x00, 0x32, 0x72, 0x10, 0x10, 0x07, 0x00, 0x00, 0x00,
  0x00, 0x00, 0x00, 0x00, 0x00, 0xe2, 0x0f, 0x00, 0x88, 0x73, 0x00, 0x09,
  0xc5, 0x00, 0x08, 0x00, 0x00, 0x08, 0x00, 0x00, 0x00, 0xe2, 0x03, 0x00,
  0x32, 0x72, 0x11, 0x11, 0x03, 0x00, 0x00, 0x00, 0x00, 0x00, 0x00, 0x00,
  0x00, 0xe2, 0x0f, 0x00, 0x12, 0x78, 0x08, 0x00, 0xa0, 0x00, 0x00, 0x00,
  0xff, 0x3c, 0x8e, 0x07, 0x00, 0xe2, 0x4f, 0x04, 0x32, 0x72, 0x0e, 0x0e,
  0x07, 0x00, 0x00, 0x00, 0x00, 0x00, 0x00, 0x00, 0x00, 0xe2, 0x0f, 0x00,
  0x88, 0x73, 0x00, 0x05, 0x1e, 0x00, 0x00, 0x00, 0x00, 0x08, 0x00, 0x00,
  0x00, 0xe2, 0x0f, 0x00, 0x32, 0x72, 0x0f, 0x0f, 0x03, 0x00, 0x00, 0x00,
  0x00, 0x00, 0x00, 0x00, 0x00, 0xe4, 0x0f, 0x00, 0x32, 0x72, 0x07, 0xd0,
  0x07, 0x00, 0x00, 0x00, 0x00, 0x00, 0x00, 0x00, 0x00, 0xe2, 0x0f, 0x00,
  0x88, 0x73, 0x00, 0x05, 0x1f, 0x00, 0x08, 0x00, 0x00, 0x08, 0x00, 0x00,
  0x00, 0xe2, 0x05, 0x00, 0x32, 0x72, 0x03, 0xd1, 0x03, 0x00, 0x00, 0x00,
  0x00, 0x00, 0x00, 0x00, 0x00, 0xe2, 0x0f, 0x00, 0x12, 0x78, 0x09, 0x00,
  0xe0, 0x00, 0x00, 0x00, 0xff, 0x3c, 0x8e, 0x07, 0x00, 0xc4, 0x2f, 0x00,
  0x88, 0x73, 0x00, 0x02, 0x1c, 0x00, 0x00, 0x00, 0x00, 0x08, 0x00, 0x00,
  0x00, 0xe8, 0x0f, 0x00, 0x88, 0x73, 0x00, 0x02, 0x1d, 0x00, 0x08, 0x00,
  0x00, 0x08, 0x00, 0x00, 0x00, 0xe2, 0x03, 0x00, 0x12, 0x78, 0x05, 0x00,
  0xb0, 0x00, 0x00, 0x00, 0xff, 0x3c, 0x8e, 0x07, 0x00, 0xc6, 0x4f, 0x00,
  0x88, 0x73, 0x00, 0x04, 0x1a, 0x00, 0x00, 0x00, 0x00, 0x08, 0x00, 0x00,
  0x00, 0xe8, 0x0f, 0x00, 0x88, 0x73, 0x00, 0x04, 0x1b, 0x00, 0x08, 0x00,
  0x00, 0x08, 0x00, 0x00, 0x00, 0xe2, 0x05, 0x00, 0x12, 0x78, 0x02, 0x00,
  0xc0, 0x00, 0x00, 0x00, 0xff, 0x3c, 0x8e, 0x07, 0x00, 0xc6, 0x2f, 0x00,
  0x88, 0x73, 0x00, 0x06, 0x18, 0x00, 0x00, 0x00, 0x00, 0x08, 0x00, 0x00,
  0x00, 0xe8, 0x0f, 0x00, 0x88, 0x73, 0x00, 0x06, 0x19, 0x00, 0x08, 0x00,
  0x00, 0x08, 0x00, 0x00, 0x00, 0xe2, 0x03, 0x00, 0x12, 0x78, 0x04, 0x00,
  0xd0, 0x00, 0x00, 0x00, 0xff, 0x3c, 0x8e, 0x07, 0x00, 0xc6, 0x4f, 0x00,
  0x88, 0x73, 0x00, 0x08, 0x16, 0x00, 0x00, 0x00, 0x00, 0x08, 0x00, 0x00,
  0x00, 0xe2, 0x0f, 0x00, 0x12, 0x78, 0x00, 0x00, 0xf0, 0x00, 0x00, 0x00,
  0xff, 0x3c, 0x8e, 0x07, 0x00, 0xc6, 0x0f, 0x00, 0x88, 0x73, 0x00, 0x08,
  0x17, 0x00, 0x08, 0x00, 0x00, 0x08, 0x00, 0x00, 0x00, 0xe2, 0x0f, 0x00,
  0x02, 0x72, 0x19, 0x00, 0x0d, 0x00, 0x00, 0x00, 0x00, 0x0f, 0x00, 0x00,
  0x00, 0xc6, 0x2f, 0x00, 0x88, 0x73, 0x00, 0x05, 0x14, 0x00, 0x00, 0x00,
  0x00, 0x08, 0x00, 0x00, 0x00, 0xe8, 0x0f, 0x00, 0x88, 0x73, 0x00, 0x05,
  0x15, 0x00, 0x08, 0x00, 0x00, 0x08, 0x00, 0x00, 0x00, 0xe8, 0x03, 0x00,
  0x88, 0x73, 0x00, 0x02, 0x12, 0x00, 0x00, 0x00, 0x00, 0x08, 0x00, 0x00,
  0x00, 0xe8, 0x0f, 0x00, 0x88, 0x73, 0x00, 0x02, 0x13, 0x00, 0x08, 0x00,
  0x00, 0x08, 0x00, 0x00, 0x00, 0xe2, 0x05, 0x00, 0x19, 0x78, 0x05, 0xff,
  0x04, 0x00, 0x00, 0x00, 0x20, 0x16, 0x01, 0x00, 0x00, 0xc6, 0x2f, 0x00,
  0x88, 0x73, 0x00, 0x04, 0x10, 0x00, 0x00, 0x00, 0x00, 0x08, 0x00, 0x00,
  0x00, 0xe2, 0x0f, 0x00, 0x12, 0x7c, 0x17, 0x05, 0x0a, 0x00, 0x00, 0x00,
  0xff, 0xfc, 0x8e, 0x0f, 0x00, 0xe4, 0x0f, 0x04, 0x12, 0x78, 0x0b, 0x05,
  0x07, 0x00, 0x00, 0x00, 0xff, 0xc0, 0x8e, 0x07, 0x00, 0xe2, 0x0f, 0x00,
  0x88, 0x73, 0x00, 0x04, 0x11, 0x00, 0x08, 0x00, 0x00, 0x08, 0x00, 0x00,
  0x00, 0xe2, 0x03, 0x00, 0x24, 0x78, 0x02, 0x20, 0x10, 0x00, 0x00, 0x00,
  0xff, 0x00, 0x8e, 0x07, 0x00, 0xe2, 0x4f, 0x00, 0x0c, 0x7c, 0x00, 0x17,
  0x06, 0x00, 0x00, 0x00, 0x70, 0x62, 0xf0, 0x0b, 0x00, 0xe4, 0x0f, 0x00,
  0x88, 0x73, 0x00, 0x09, 0x0e, 0x00, 0x00, 0x00, 0x00, 0x08, 0x00, 0x00,
  0x00, 0xe4, 0x0f, 0x00, 0x12, 0x78, 0x02, 0x02, 0xf0, 0x00, 0x00, 0x00,
  0xff, 0xc0, 0x8e, 0x07, 0x00, 0xc4, 0x0f, 0x00, 0x88, 0x73, 0x00, 0x09,
  0x0f, 0x00, 0x08, 0x00, 0x00, 0x08, 0x00, 0x00, 0x00, 0xe2, 0x0f, 0x00,
  0x12, 0x78, 0x04, 0x0b, 0x0f, 0x00, 0x00, 0x00, 0x20, 0x78, 0x8e, 0x07,
  0x00, 0xc6, 0x2f, 0x00, 0x88, 0x73, 0x00, 0x00, 0x07, 0x00, 0x00, 0x00,
  0x00, 0x08, 0x00, 0x00, 0x00, 0xe8, 0x0f, 0x00, 0x88, 0x73, 0x00, 0x00,
  0x03, 0x00, 0x08, 0x00, 0x00, 0x08, 0x00, 0x00, 0x00, 0xe4, 0x03, 0x00,
  0x24, 0x78, 0x00, 0x05, 0x10, 0x00, 0x00, 0x00, 0x04, 0x02, 0x8e, 0x07,
  0x00, 0xe2, 0x2f, 0x00, 0x02, 0x72, 0x03, 0x00, 0xff, 0x00, 0x00, 0x00,
  0x00, 0x0f, 0x00, 0x00, 0x00, 0xc8, 0x0f, 0x00, 0x11, 0x7c, 0x00, 0x00,
  0x08, 0x00, 0x00, 0x00, 0xff, 0x20, 0x8e, 0x0f, 0x00, 0xe2, 0x0f, 0x00,
  0x35, 0x7c, 0x06, 0x02, 0x0c, 0x00, 0x00, 0x00, 0x00, 0x02, 0x8e, 0x0f,
  0x00, 0xe4, 0x0f, 0x00, 0x1d, 0x7b, 0x00, 0x00, 0x00, 0x00, 0x00, 0x00,
  0x00, 0x00, 0x01, 0x00, 0x00, 0xec, 0x0f, 0x00, 0x47, 0x09, 0x34, 0x00,
  0x04, 0x00, 0x00, 0x00, 0x00, 0x00, 0x80, 0x03, 0x00, 0xea, 0x0f, 0x00,
  0x0c, 0x7c, 0x00, 0x02, 0x04, 0x00, 0x00, 0x00, 0x70, 0x62, 0xf0, 0x0b,
  0x00, 0xe2, 0x0f, 0x00, 0x84, 0x79, 0x08, 0x00, 0x00, 0x00, 0x00, 0x00,
  0x00, 0x0c, 0x00, 0x00, 0x00, 0x58, 0x0e, 0x00, 0x82, 0x8b, 0x0c, 0xff,
  0x00, 0x04, 0x01, 0x00, 0x00, 0x0a, 0x00, 0x00, 0x00, 0xb0, 0x0e, 0x00,
  0x82, 0x8b, 0x04, 0xff, 0x00, 0xf8, 0x00, 0x00, 0x00, 0x0a, 0x00, 0x00,
  0x00, 0xe2, 0x0e, 0x00, 0x25, 0x82, 0x02, 0x17, 0x0c, 0x00, 0x00, 0x00,
  0x06, 0x00, 0x8e, 0x07, 0x00, 0xc8, 0x4f, 0x00, 0x24, 0x82, 0x03, 0x17,
  0x0d, 0x00, 0x00, 0x00, 0x03, 0x02, 0x8e, 0x07, 0x00, 0xe2, 0x0f, 0x04,
  0x10, 0x78, 0x0d, 0x17, 0x08, 0x00, 0x00, 0x00, 0xff, 0xe0, 0xff, 0x07,
  0x00, 0xc8, 0x0f, 0x00, 0x35, 0x82, 0x02, 0x02, 0x04, 0x00, 0x00, 0x00,
  0x00, 0x02, 0x8e, 0x07, 0x00, 0xe4, 0x8f, 0x00, 0x0c, 0x7c, 0x00, 0x0d,
  0x06, 0x00, 0x00, 0x00, 0x70, 0x62, 0xf2, 0x0b, 0x00, 0xc8, 0x0f, 0x00,
  0x86, 0x89, 0x00, 0x02, 0x08, 0x00, 0x00, 0x00, 0x10, 0x1d, 0x10, 0x0c,
  0x00, 0xf2, 0x23, 0x00, 0x47, 0x19, 0x08, 0x00, 0x04, 0x00, 0x00, 0x00,
  0x00, 0x00, 0x80, 0x03, 0x00, 0xea, 0x0f, 0x00, 0x84, 0x79, 0x08, 0x00,
  0x00, 0x00, 0x08, 0x00, 0x00, 0x0c, 0x00, 0x00, 0x00, 0x62, 0x2e, 0x00,
  0x82, 0x8b, 0x0e, 0xff, 0x00, 0x04, 0x01, 0x00, 0x00, 0x0a, 0x00, 0x00,
  0x00, 0xb0, 0x0e, 0x00, 0x82, 0x8b, 0x04, 0xff, 0x00, 0xf8, 0x00, 0x00,
  0x00, 0x0a, 0x00, 0x00, 0x00, 0xe2, 0x0e, 0x00, 0x25, 0x82, 0x02, 0x0d,
  0x0e, 0x00, 0x00, 0x00, 0x06, 0x00, 0x8e, 0x07, 0x00, 0xc8, 0x4f, 0x00,
  0x24, 0x82, 0x03, 0x0d, 0x0f, 0x00, 0x00, 0x00, 0x03, 0x02, 0x8e, 0x07,
  0x00, 0xe2, 0x0f, 0x00, 0x10, 0x78, 0x0d, 0x17, 0x10, 0x00, 0x00, 0x00,
  0xff, 0xe0, 0xff, 0x07, 0x00, 0xc8, 0x0f, 0x00, 0x35, 0x82, 0x02, 0x02,
  0x04, 0x00, 0x00, 0x00, 0x00, 0x02, 0x8e, 0x07, 0x00, 0xe4, 0x8f, 0x00,
  0x0c, 0x7c, 0x00, 0x0d, 0x06, 0x00, 0x00, 0x00, 0x70, 0x62, 0xf2, 0x0b,
  0x00, 0xc8, 0x0f, 0x00, 0x86, 0x89, 0x00, 0x02, 0x08, 0x00, 0x00, 0x00,
  0x10, 0x1d, 0x10, 0x0c, 0x00, 0xf2, 0x25, 0x00, 0x47, 0x19, 0xe0, 0x00,
  0x00, 0x00, 0x00, 0x00, 0x00, 0x00, 0x80, 0x03, 0x00, 0xea, 0x0f, 0x00,
  0x84, 0x79, 0x08, 0x00, 0x00, 0x00, 0x10, 0x00, 0x00, 0x0c, 0x00, 0x00,
  0x00, 0x62, 0x4e, 0x00, 0x82, 0x8b, 0x0e, 0xff, 0x00, 0x04, 0x01, 0x00,
  0x00, 0x0a, 0x00, 0x00, 0x00, 0xb0, 0x0e, 0x00, 0x82, 0x8b, 0x04, 0xff,
  0x00, 0xf8, 0x00, 0x00, 0x00, 0x0a, 0x00, 0x00, 0x00, 0xe2, 0x0e, 0x00,
  0x25, 0x82, 0x02, 0x0d, 0x0e, 0x00, 0x00, 0x00, 0x06, 0x00, 0x8e, 0x07,
  0x00, 0xc8, 0x4f, 0x00, 0x24, 0x82, 0x03, 0x0d, 0x0f, 0x00, 0x00, 0x00,
  0x03, 0x02, 0x8e, 0x07, 0x00, 0xe2, 0x0f, 0x00, 0x10, 0x78, 0x0d, 0x17,
  0x18, 0x00, 0x00, 0x00, 0xff, 0xe0, 0xff, 0x07, 0x00, 0xc8, 0x0f, 0x00,
  0x35, 0x82, 0x02, 0x02, 0x04, 0x00, 0x00, 0x00, 0x00, 0x02, 0x8e, 0x07,
  0x00, 0xe4, 0x8f, 0x00, 0x0c, 0x7c, 0x00, 0x0d, 0x06, 0x00, 0x00, 0x00,
  0x70, 0x62, 0xf2, 0x0b, 0x00, 0xc8, 0x0f, 0x00, 0x86, 0x89, 0x00, 0x02,
  0x08, 0x00, 0x00, 0x00, 0x10, 0x1d, 0x10, 0x0c, 0x00, 0xf2, 0x27, 0x00,
  0x47, 0x19, 0xb8, 0x00, 0x00, 0x00, 0x00, 0x00, 0x00, 0x00, 0x80, 0x03,
  0x00, 0xea, 0x0f, 0x00, 0x84, 0x79, 0x08, 0x00, 0x00, 0x00, 0x18, 0x00,
  0x00, 0x0c, 0x00, 0x00, 0x00, 0x62, 0x8e, 0x00, 0x82, 0x8b, 0x0e, 0xff,
  0x00, 0x04, 0x01, 0x00, 0x00, 0x0a, 0x00, 0x00, 0x00, 0xb0, 0x0e, 0x00,
  0x82, 0x8b, 0x04, 0xff, 0x00, 0xf8, 0x00, 0x00, 0x00, 0x0a, 0x00, 0x00,
  0x00, 0xe2, 0x0e, 0x00, 0x25, 0x82, 0x02, 0x0d, 0x0e, 0x00, 0x00, 0x00,
  0x06, 0x00, 0x8e, 0x07, 0x00, 0xc8, 0x4f, 0x00, 0x24, 0x82, 0x03, 0x0d,
  0x0f, 0x00, 0x00, 0x00, 0x03, 0x02, 0x8e, 0x07, 0x00, 0xe2, 0x0f, 0x00,
  0x10, 0x78, 0x0d, 0x17, 0x20, 0x00, 0x00, 0x00, 0xff, 0xe0, 0xff, 0x07,
  0x00, 0xc8, 0x0f, 0x00, 0x35, 0x82, 0x02, 0x02, 0x04, 0x00, 0x00, 0x00,
  0x00, 0x02, 0x8e, 0x07, 0x00, 0xe4, 0x8f, 0x00, 0x0c, 0x7c, 0x00, 0x0d,
  0x06, 0x00, 0x00, 0x00, 0x70, 0x62, 0xf2, 0x0b, 0x00, 0xc8, 0x0f, 0x00,
  0x86, 0x89, 0x00, 0x02, 0x08, 0x00, 0x00, 0x00, 0x10, 0x1d, 0x10, 0x0c,
  0x00, 0xf2, 0x29, 0x00, 0x47, 0x19, 0x90, 0x00, 0x00, 0x00, 0x00, 0x00,
  0x00, 0x00, 0x80, 0x03, 0x00, 0xea, 0x0f, 0x00, 0x84, 0x79, 0x08, 0x00,
  0x00, 0x00, 0x20, 0x00, 0x00, 0x0c, 0x00, 0x00, 0x00, 0x62, 0x0e, 0x01,
  0x82, 0x8b, 0x0e, 0xff, 0x00, 0x04, 0x01, 0x00, 0x00, 0x0a, 0x00, 0x00,
  0x00, 0xb0, 0x0e, 0x00, 0x82, 0x8b, 0x04, 0xff, 0x00, 0xf8, 0x00, 0x00,
  0x00, 0x0a, 0x00, 0x00, 0x00, 0xe2, 0x0e, 0x00, 0x25, 0x82, 0x02, 0x0d,
  0x0e, 0x00, 0x00, 0x00, 0x06, 0x00, 0x8e, 0x07, 0x00, 0xc8, 0x4f, 0x00,
  0x24, 0x82, 0x03, 0x0d, 0x0f, 0x00, 0x00, 0x00, 0x03, 0x02, 0x8e, 0x07,
  0x00, 0xe2, 0x0f, 0x00, 0x10, 0x78, 0x0d, 0x17, 0x28, 0x00, 0x00, 0x00,
  0xff, 0xe0, 0xff, 0x07, 0x00, 0xc8, 0x0f, 0x00, 0x35, 0x82, 0x02, 0x02,
  0x04, 0x00, 0x00, 0x00, 0x00, 0x02, 0x8e, 0x07, 0x00, 0xe4, 0x8f, 0x00,
  0x0c, 0x7c, 0x00, 0x0d, 0x06, 0x00, 0x00, 0x00, 0x70, 0x62, 0xf2, 0x0b,
  0x00, 0xc8, 0x0f, 0x00, 0x86, 0x89, 0x00, 0x02, 0x08, 0x00, 0x00, 0x00,
  0x10, 0x1d, 0x10, 0x0c, 0x00, 0xf2, 0x23, 0x00, 0x47, 0x19, 0x68, 0x00,
  0x00, 0x00, 0x00, 0x00, 0x00, 0x00, 0x80, 0x03, 0x00, 0xea, 0x0f, 0x00,
  0x84, 0x79, 0x08, 0x00, 0x00, 0x00, 0x28, 0x00, 0x00, 0x0c, 0x00, 0x00,
  0x00, 0x62, 0x2e, 0x00, 0x82, 0x8b, 0x0e, 0xff, 0x00, 0x04, 0x01, 0x00,
  0x00, 0x0a, 0x00, 0x00, 0x00, 0xa2, 0x0e, 0x00, 0x10, 0x78, 0x15, 0x17,
  0x30, 0x00, 0x00, 0x00, 0xff, 0xe0, 0xff, 0x07, 0x00, 0xca, 0x0f, 0x00,
  0x0c, 0x7c, 0x00, 0x15, 0x06, 0x00, 0x00, 0x00, 0x70, 0x62, 0xf2, 0x0b,
  0x00, 0xe4, 0x0f, 0x00, 0x82, 0x8b, 0x04, 0xff, 0x00, 0xf8, 0x00, 0x00,
  0x00, 0x0a, 0x00, 0x00, 0x00, 0xe2, 0x0e, 0x00, 0x25, 0x82, 0x02, 0x0d,
  0x0e, 0x00, 0x00, 0x00, 0x06, 0x00, 0x8e, 0x07, 0x00, 0xc8, 0x4f, 0x00,
  0x24, 0x82, 0x03, 0x0d, 0x0f, 0x00, 0x00, 0x00, 0x03, 0x02, 0x8e, 0x07,
  0x00, 0xca, 0x0f, 0x00, 0x35, 0x82, 0x02, 0x02, 0x04, 0x00, 0x00, 0x00,
  0x00, 0x02, 0x8e, 0x07, 0x00, 0xcc, 0x8f, 0x00, 0x86, 0x89, 0x00, 0x02,
  0x08, 0x00, 0x00, 0x00, 0x10, 0x1d, 0x10, 0x0c, 0x00, 0xe2, 0x23, 0x00,
  0x47, 0x19, 0x40, 0x00, 0x00, 0x00, 0x00, 0x00, 0x00, 0x00, 0x80, 0x03,
  0x00, 0xea, 0x0f, 0x00, 0x10, 0x78, 0x17, 0x17, 0x38, 0x00, 0x00, 0x00,
  0xff, 0xe0, 0xff, 0x07, 0x00, 0xe2, 0x0f, 0x00, 0x84, 0x79, 0x0c, 0x00,
  0x00, 0x00, 0x30, 0x00, 0x00, 0x0c, 0x00, 0x00, 0x00, 0xa2, 0x0e, 0x00,
  0x82, 0x8b, 0x1a, 0xff, 0x00, 0x04, 0x01, 0x00, 0x00, 0x0a, 0x00, 0x00,
  0x00, 0xe6, 0x0e, 0x00, 0x0c, 0x7c, 0x00, 0x17, 0x06, 0x00, 0x00, 0x00,
  0x70, 0x66, 0x72, 0x08, 0x00, 0xe2, 0x0f, 0x00, 0x84, 0x79, 0x10, 0x00,
  0x00, 0x00, 0x38, 0x00, 0x00, 0x0c, 0x00, 0x00, 0x00, 0x28, 0x0f, 0x00,
  0x82, 0x8b, 0x08, 0xff, 0x00, 0xf8, 0x00, 0x00, 0x00, 0x0a, 0x00, 0x00,
  0x00, 0x70, 0x2e, 0x00, 0x82, 0x9b, 0x1c, 0xff, 0x00, 0x04, 0x01, 0x00,
  0x00, 0x0a, 0x00, 0x00, 0x00, 0x70, 0x0f, 0x00, 0x82, 0x9b, 0x0a, 0xff,
  0x00, 0xf8, 0x00, 0x00, 0x00, 0x0a, 0x00, 0x00, 0x00, 0x22, 0x0f, 0x00,
  0x25, 0x82, 0x02, 0x15, 0x1a, 0x00, 0x00, 0x00, 0x06, 0x00, 0x8e, 0x07,
  0x00, 0xc8, 0x8f, 0x00, 0x24, 0x82, 0x03, 0x15, 0x1b, 0x00, 0x00, 0x00,
  0x03, 0x02, 0x8e, 0x07, 0x00, 0xca, 0x0f, 0x00, 0x35, 0x82, 0x02, 0x02,
  0x08, 0x00, 0x00, 0x00, 0x00, 0x02, 0x8e, 0x07, 0x00, 0xe4, 0x2f, 0x00,
  0x25, 0x92, 0x04, 0x17, 0x1c, 0x00, 0x00, 0x00, 0x06, 0x00, 0x8e, 0x07,
  0x00, 0xc8, 0x0f, 0x02, 0x86, 0x89, 0x00, 0x02, 0x0c, 0x00, 0x00, 0x00,
  0x10, 0x1d, 0x10, 0x0c, 0x00, 0xe2, 0x43, 0x00, 0x24, 0x92, 0x05, 0x17,
  0x1d, 0x00, 0x00, 0x00, 0x05, 0x02, 0x8e, 0x07, 0x00, 0xca, 0x0f, 0x00,
  0x35, 0x92, 0x04, 0x04, 0x0a, 0x00, 0x00, 0x00, 0x00, 0x02, 0x8e, 0x07,
  0x00, 0xcc, 0x0f, 0x01, 0x86, 0x99, 0x00, 0x04, 0x10, 0x00, 0x00, 0x00,
  0x10, 0x1d, 0x10, 0x0c, 0x00, 0xe4, 0x03, 0x00, 0x41, 0x79, 0x00, 0x00,
  0x00, 0x00, 0x00, 0x00, 0x00, 0x02, 0x80, 0x03, 0x00, 0xea, 0x0f, 0x00,
  0xac, 0x77, 0x08, 0xff, 0x00, 0x7d, 0x00, 0x00, 0x00, 0x0a, 0x00, 0x08,
  0x00, 0x64, 0x0f, 0x00, 0x0c, 0x7c, 0x00, 0xff, 0x08, 0x00, 0x00, 0x00,
  0x70, 0x52, 0xf1, 0x0b, 0x00, 0xdc, 0x0f, 0x02, 0x4d, 0x89, 0x00, 0x00,
  0x00, 0x00, 0x00, 0x00, 0x00, 0x00, 0x80, 0x03, 0x00, 0xea, 0x0f, 0x00,
  0x82, 0x7b, 0x06, 0xff, 0x00, 0x06, 0x01, 0x00, 0x00, 0x0a, 0x00, 0x00,
  0x00, 0x62, 0x0e, 0x00, 0x12, 0x78, 0xff, 0x20, 0x83, 0x03, 0x00, 0x00,
  0xff, 0xc0, 0x80, 0x07, 0x00, 0xe2, 0x0f, 0x00, 0x02, 0x7c, 0x09, 0x00,
  0x07, 0x00, 0x00, 0x00, 0x00, 0x0f, 0x00, 0x08, 0x00, 0xd8, 0xef, 0x01,
  0x4d, 0x09, 0x00, 0x00, 0x00, 0x00, 0x00, 0x00, 0x00, 0x00, 0x80, 0x03,
  0x00, 0xea, 0x0f, 0x00, 0x10, 0x7c, 0x00, 0x23, 0x0a, 0x00, 0x00, 0x00,
  0xff, 0xe0, 0xff, 0x0f, 0x00, 0xe2, 0x0f, 0x04, 0x25, 0x72, 0x04, 0x23,
  0x06, 0x00, 0x00, 0x00, 0xff, 0x00, 0x8e, 0x07, 0x00, 0xc8, 0x0f, 0x00,
  0x0c, 0x7c, 0x00, 0x00, 0x06, 0x00, 0x00, 0x00, 0x70, 0x62, 0xf0, 0x0b,
  0x00, 0xe2, 0x0f, 0x04, 0x24, 0x72, 0x05, 0x23, 0x07, 0x00, 0x00, 0x00,
  0x05, 0x02, 0x8e, 0x07, 0x00, 0xe2, 0x0f, 0x00, 0x10, 0x78, 0x00, 0x00,
  0x08, 0x00, 0x00, 0x00, 0xff, 0xe0, 0xff, 0x07, 0x00, 0xe2, 0x0f, 0x00,
  0x25, 0x78, 0x04, 0x09, 0x08, 0x00, 0x00, 0x00, 0x04, 0x02, 0x8e, 0x07,
  0x00, 0xc8, 0x0f, 0x00, 0x0c, 0x7c, 0x00, 0x00, 0x06, 0x00, 0x00, 0x00,
  0x70, 0x62, 0xf2, 0x0b, 0x00, 0xcc, 0x0f, 0x00, 0x24, 0x8c, 0x02, 0x06,
  0x0a, 0x00, 0x00, 0x00, 0xff, 0x02, 0x8e, 0x0f, 0x00, 0xca, 0x0f, 0x00,
  0x19, 0x88, 0x03, 0xff, 0x1f, 0x00, 0x00, 0x00, 0x02, 0x14, 0x01, 0x00,
  0x00, 0xca, 0x0f, 0x00, 0x35, 0x82, 0x02, 0x04, 0x02, 0x00, 0x00, 0x00,
  0x00, 0x02, 0x8e, 0x07, 0x00, 0xc8, 0x0f, 0x00, 0x35, 0x8c, 0x02, 0x02,
  0x08, 0x00, 0x00, 0x00, 0x00, 0x02, 0x8e, 0x0f, 0x00, 0xcc, 0x0f, 0x00,
  0x86, 0x89, 0x00, 0x02, 0x19, 0x00, 0x00, 0x00, 0x10, 0x19, 0x10, 0x0c,
  0x00, 0xe8, 0x03, 0x00, 0x86, 0x89, 0x00, 0x02, 0x21, 0x04, 0x00, 0x00,
  0x10, 0x19, 0x10, 0x0c, 0x00, 0xe2, 0x03, 0x00, 0x4d, 0x19, 0x00, 0x00,
  0x00, 0x00, 0x00, 0x00, 0x00, 0x00, 0x80, 0x03, 0x00, 0xea, 0x0f, 0x00,
  0x90, 0x78, 0x04, 0x0a, 0x08, 0x00, 0x00, 0x00, 0xff, 0xe0, 0xff, 0x0f,
  0x00, 0xcc, 0x0f, 0x00, 0x24, 0x7c, 0x02, 0x06, 0x04, 0x00, 0x00, 0x00,
  0xff, 0x02, 0x8e, 0x0f, 0x00, 0xca, 0x2f, 0x00, 0x19, 0x78, 0x03, 0xff,
  0x1f, 0x00, 0x00, 0x00, 0x02, 0x14, 0x01, 0x00, 0x00, 0xca, 0x0f, 0x00,
  0x35, 0x72, 0x02, 0x04, 0x02, 0x00, 0x00, 0x00, 0x00, 0x02, 0x8e, 0x07,
  0x00, 0xc8, 0x0f, 0x00, 0x35, 0x7c, 0x02, 0x02, 0x08, 0x00, 0x00, 0x00,
  0x00, 0x02, 0x8e, 0x0f, 0x00, 0xcc, 0x0f, 0x00, 0x86, 0x79, 0x00, 0x02,
  0xd7, 0x00, 0x00, 0x00, 0x10, 0x19, 0x10, 0x0c, 0x00, 0xe8, 0x0f, 0x00,
  0x86, 0x79, 0x00, 0x02, 0xd8, 0x04, 0x00, 0x00, 0x10, 0x19, 0x10, 0x0c,
  0x00, 0xe2, 0x0f, 0x00, 0x4d, 0x79, 0x00, 0x00, 0x00, 0x00, 0x00, 0x00,
  0x00, 0x00, 0x80, 0x03, 0x00, 0xea, 0x0f, 0x00, 0x47, 0x79, 0xfc, 0x00,
  0xfc, 0xff, 0xff, 0xff, 0xff, 0xff, 0x83, 0x03, 0x00, 0xc0, 0x0f, 0x00,
  0x18, 0x79, 0x00, 0x00, 0x00, 0x00, 0x00, 0x00, 0x00, 0x00, 0x00, 0x00,
  0x00, 0xc0, 0x0f, 0x00, 0x18, 0x79, 0x00, 0x00, 0x00, 0x00, 0x00, 0x00,
  0x00, 0x00, 0x00, 0x00, 0x00, 0xc0, 0x0f, 0x00, 0x18, 0x79, 0x00, 0x00,
  0x00, 0x00, 0x00, 0x00, 0x00, 0x00, 0x00, 0x00, 0x00, 0xc0, 0x0f, 0x00,
  0x18, 0x79, 0x00, 0x00, 0x00, 0x00, 0x00, 0x00, 0x00, 0x00, 0x00, 0x00,
  0x00, 0xc0, 0x0f, 0x00, 0x18, 0x79, 0x00, 0x00, 0x00, 0x00, 0x00, 0x00,
  0x00, 0x00, 0x00, 0x00, 0x00, 0xc0, 0x0f, 0x00, 0x18, 0x79, 0x00, 0x00,
  0x00, 0x00, 0x00, 0x00, 0x00, 0x00, 0x00, 0x00, 0x00, 0xc0, 0x0f, 0x00,
  0x18, 0x79, 0x00, 0x00, 0x00, 0x00, 0x00, 0x00, 0x00, 0x00, 0x00, 0x00,
  0x00, 0xc0, 0x0f, 0x00, 0x18, 0x79, 0x00, 0x00, 0x00, 0x00, 0x00, 0x00,
  0x00, 0x00, 0x00, 0x00, 0x00, 0xc0, 0x0f, 0x00, 0x82, 0x7b, 0x01, 0xff,
  0x00, 0xdf, 0x00, 0x00, 0x00, 0x08, 0x00, 0x00, 0x00, 0x70, 0x0e, 0x00,
  0xc3, 0x79, 0x0a, 0x00, 0x00, 0x00, 0x00, 0x00, 0x00, 0x27, 0x00, 0x00,
  0x00, 0xa2, 0x0e, 0x00, 0xac, 0x77, 0x04, 0xff, 0x00, 0xb3, 0x00, 0x00,
  0x00, 0x0a, 0x00, 0x08, 0x00, 0xa2, 0x0e, 0x00, 0xac, 0x77, 0x06, 0xff,
  0x00, 0xb4, 0x00, 0x00, 0x00, 0x0a, 0x00, 0x08, 0x00, 0xe2, 0x0e, 0x00,
  0xac, 0x77, 0x0e, 0xff, 0x00, 0x6b, 0x00, 0x00, 0x00, 0x0a, 0x00, 0x08,
  0x00, 0x22, 0x0f, 0x00, 0x8c, 0x72, 0x00, 0x06, 0xff, 0x00, 0x00, 0x00,
  0x70, 0x52, 0xf1, 0x0b, 0x00, 0xe2, 0x8f, 0x00, 0xa5, 0x78, 0x04, 0x0a,
  0x04, 0x00, 0x00, 0x00, 0x04, 0x00, 0x8e, 0x0f, 0x00, 0xcc, 0x4f, 0x00,
  0x02, 0x7c, 0x02, 0x00, 0x04, 0x00, 0x00, 0x00, 0x00, 0x0f, 0x01, 0x08,
  0x00, 0xca, 0x0f, 0x00, 0xac, 0x07, 0x04, 0xff, 0x00, 0xb4, 0x00, 0x00,
  0x00, 0x0a, 0x00, 0x08, 0x00, 0xa2, 0x0e, 0x00, 0x81, 0x79, 0x09, 0x02,
  0x0e, 0x00, 0x00, 0x00, 0x00, 0x19, 0x1e, 0x0c, 0x00, 0xe8, 0x0e, 0x01,
  0x81, 0x79, 0x00, 0x02, 0x0e, 0x04, 0x00, 0x00, 0x00, 0x19, 0x1e, 0x0c,
  0x00, 0xe2, 0x08, 0x00, 0x1c, 0x78, 0x08, 0x00, 0x00, 0x00, 0x00, 0x00,
  0x08, 0xf0, 0xf0, 0x03, 0x00, 0xe2, 0x0f, 0x00, 0x91, 0x02, 0x04, 0x0a,
  0x04, 0x00, 0x00, 0x00, 0xff, 0x10, 0x82, 0x0f, 0x00, 0xc8, 0x4f, 0x00,
  0x91, 0x02, 0x05, 0x0a, 0x05, 0x00, 0x00, 0x00, 0xff, 0x14, 0x8f, 0x08,
  0x00, 0xcc, 0x0f, 0x00, 0x02, 0x7c, 0x04, 0x00, 0x04, 0x00, 0x00, 0x00,
  0x00, 0x0f, 0x01, 0x08, 0x00, 0xe4, 0x0f, 0x00, 0xac, 0x77, 0x04, 0xff,
  0x20, 0xbb, 0x00, 0x00, 0x00, 0x00, 0x00, 0x08, 0x00, 0xa8, 0x0e, 0x00,
  0x81, 0x09, 0x07, 0x04, 0x0e, 0x04, 0x00, 0x00, 0x00, 0x19, 0x1e, 0x0c,
  0x00, 0x68, 0x03, 0x00, 0x81, 0x09, 0x08, 0x04, 0x0e, 0x00, 0x00, 0x00,
  0x00, 0x19, 0x1e, 0x0c, 0x00, 0x62, 0x03, 0x00, 0x8c, 0x72, 0x00, 0x04,
  0xff, 0x00, 0x00, 0x00, 0x70, 0x52, 0xf2, 0x0b, 0x00, 0xcc, 0x4f, 0x00,
  0x1c, 0x78, 0x08, 0x00, 0x00, 0x00, 0x00, 0x00, 0x18, 0xf0, 0xf2, 0x03,
  0x00, 0xca, 0x0f, 0x00, 0xa5, 0x98, 0x04, 0x0a, 0x04, 0x00, 0x00, 0x00,
  0x06, 0x00, 0x8e, 0x0f, 0x00, 0xcc, 0x0f, 0x00, 0x02, 0x7c, 0x02, 0x00,
  0x04, 0x00, 0x00, 0x00, 0x00, 0x0f, 0x01, 0x08, 0x00, 0xcc, 0x0f, 0x01,
  0x81, 0x99, 0x06, 0x02, 0x0e, 0x00, 0x00, 0x00, 0x00, 0x19, 0x1e, 0x0c,
  0x00, 0x62, 0x05, 0x00, 0xc3, 0x79, 0x08, 0x00, 0x00, 0x00, 0x00, 0x00,
  0x00, 0x25, 0x00, 0x00, 0x00, 0x24, 0x0f, 0x00, 0x99, 0x78, 0x08, 0x08,
  0x06, 0x00, 0x00, 0x00, 0xff, 0x06, 0x00, 0x08, 0x00, 0xe2, 0x0f, 0x01,
  0xca, 0x72, 0x07, 0x09, 0x00, 0x00, 0x00, 0x00, 0x00, 0x00, 0x0e, 0x00,
  0x00, 0xe4, 0x8f, 0x00, 0xca, 0x72, 0x04, 0x00, 0x00, 0x00, 0x00, 0x00,
  0x00, 0x00, 0x0e, 0x00, 0x00, 0xda, 0x0f, 0x00, 0x90, 0x72, 0x06, 0x07,
  0x04, 0x00, 0x00, 0x00, 0xff, 0xe1, 0xff, 0x0f, 0x00, 0xc8, 0x0f, 0x00,
  0x8c, 0x72, 0x00, 0x08, 0x06, 0x00, 0x00, 0x00, 0x70, 0x62, 0xf4, 0x0b,
  0x00, 0xcc, 0x0f, 0x00, 0x1c, 0x78, 0x08, 0x00, 0x00, 0x00, 0x00, 0x00,
  0x28, 0xf0, 0xf4, 0x03, 0x00, 0xda, 0x0f, 0x00, 0x4d, 0x29, 0x00, 0x00,
  0x00, 0x00, 0x00, 0x00, 0x00, 0x00, 0x80, 0x03, 0x00, 0xea, 0x6f, 0x00,
  0x19, 0x79, 0x00, 0x00, 0x00, 0x00, 0x00, 0x00, 0x00, 0x21, 0x00, 0x00,
  0x00, 0x62, 0x0e, 0x00, 0x82, 0x7b, 0x18, 0xff, 0x00, 0x55, 0x01, 0x00,
  0x00, 0x08, 0x00, 0x00, 0x00, 0xa2, 0x0e, 0x00, 0x90, 0x72, 0x04, 0x06,
  0x08, 0x00, 0x00, 0x80, 0xff, 0xe0, 0xff, 0x0f, 0x00, 0xe2, 0x0f, 0x00,
  0xac, 0x17, 0x0c, 0xff, 0x00, 0xab, 0x00, 0x00, 0x00, 0x0a, 0x00, 0x08,
  0x00, 0xe2, 0x0e, 0x00, 0x19, 0x79, 0x17, 0x00, 0x00, 0x00, 0x00, 0x00,
  0x00, 0x26, 0x00, 0x00, 0x00, 0x22, 0x0f, 0x00, 0xca, 0x02, 0x0b, 0x07,
  0x00, 0x00, 0x00, 0x00, 0x00, 0x00, 0x0e, 0x00, 0x00, 0xe2, 0x0f, 0x02,
  0x4a, 0x78, 0x04, 0x04, 0x40, 0x00, 0x00, 0x00, 0x00, 0x01, 0xfe, 0x0b,
  0x00, 0xe2, 0x0f, 0x00, 0xca, 0x02, 0x10, 0x08, 0x00, 0x00, 0x00, 0x00,
  0x00, 0x00, 0x0e, 0x00, 0x00, 0xe4, 0x0f, 0x00, 0x82, 0x7b, 0x0c, 0xff,
  0x00, 0xfc, 0x00, 0x00, 0x00, 0x0a, 0x00, 0x00, 0x00, 0x62, 0x0e, 0x00,
  0xac, 0x77, 0x14, 0xff, 0x00, 0x72, 0x00, 0x00, 0x00, 0x0c, 0x00, 0x08,
  0x00, 0x62, 0x0e, 0x00, 0x02, 0x78, 0xd2, 0x00, 0xff, 0xff, 0x7f, 0xff,
  0x00, 0x0f, 0x00, 0x00, 0x00, 0xcc, 0x0f, 0x00, 0xc3, 0x79, 0x09, 0x00,
  0x00, 0x00, 0x00, 0x00, 0x00, 0x88, 0x00, 0x00, 0x00, 0x62, 0x0e, 0x00,
  0xa4, 0x12, 0x05, 0x0a, 0x0c, 0x00, 0x00, 0x00, 0xff, 0x02, 0x8e, 0x0f,
  0x00, 0xe2, 0x8f, 0x00, 0x13, 0x72, 0x16, 0x00, 0x18, 0x00, 0x00, 0x00,
  0x00, 0x00, 0x00, 0x00, 0x00, 0xcc, 0x4f, 0x00, 0x82, 0x7b, 0x1a, 0xff,
  0x00, 0xfe, 0x00, 0x00, 0x00, 0x0a, 0x00, 0x00, 0x00, 0xa2, 0x0e, 0x00,
  0x82, 0x9c, 0x05, 0x00, 0x07, 0x00, 0x00, 0x00, 0x00, 0x00, 0x00, 0x08,
  0x00, 0xe2, 0x0f, 0x00, 0x06, 0x73, 0x02, 0x00, 0x16, 0x00, 0x00, 0x00,
  0x00, 0x94, 0x20, 0x00, 0x00, 0xe2, 0x0e, 0x00, 0x82, 0x78, 0x07, 0x00,
  0x00, 0x04, 0x00, 0x00, 0x00, 0x00, 0x00, 0x00, 0x00, 0xe2, 0x0f, 0x00,
  0x19, 0x78, 0x0f, 0xff, 0x04, 0x00, 0x00, 0x00, 0x00, 0x16, 0x01, 0x00,
  0x00, 0xe2, 0x2f, 0x00, 0x24, 0x78, 0x14, 0x00, 0x10, 0x00, 0x00, 0x00,
  0xff, 0x00, 0x8e, 0x07, 0x00, 0xc6, 0x0f, 0x00, 0x82, 0x7b, 0x1c, 0xff,
  0x00, 0x00, 0x01, 0x00, 0x00, 0x0a, 0x00, 0x00, 0x00, 0x62, 0x0e, 0x00,
  0x10, 0x78, 0x03, 0x0f, 0x20, 0x00, 0x00, 0x00, 0xff, 0xe0, 0xff, 0x07,
  0x00, 0xe4, 0x0f, 0x04, 0x10, 0x78, 0x04, 0x0f, 0x30, 0x00, 0x00, 0x00,
  0xff, 0xe0, 0xff, 0x07, 0x00, 0xe4, 0x0f, 0x04, 0x10, 0x78, 0x12, 0x0f,
  0x08, 0x00, 0x00, 0x00, 0xff, 0xe0, 0xff, 0x07, 0x00, 0xe4, 0x0f, 0x04,
  0x10, 0x78, 0x13, 0x0f, 0x10, 0x00, 0x00, 0x00, 0xff, 0xe0, 0xff, 0x07,
  0x00, 0xe4, 0x0f, 0x04, 0x10, 0x78, 0x05, 0x0f, 0x38, 0x00, 0x00, 0x00,
  0xff, 0xe0, 0xff, 0x07, 0x00, 0xe2, 0x0f, 0x00, 0x0c, 0x7c, 0x00, 0x03,
  0x04, 0x00, 0x00, 0x00, 0x70, 0x62, 0xf8, 0x0b, 0x00, 0xe2, 0x0f, 0x00,
  0x0c, 0x7c, 0x00, 0x04, 0x04, 0x00, 0x00, 0x00, 0x70, 0x62, 0xfc, 0x0b,
  0x00, 0xe2, 0x0f, 0x00, 0x08, 0x73, 0x03, 0x00, 0x02, 0x00, 0x00, 0x00,
  0x00, 0x10, 0x00, 0x00, 0x00, 0x22, 0x87, 0x00, 0x0c, 0x7c, 0x00, 0x0f,
  0x04, 0x00, 0x00, 0x00, 0x70, 0x62, 0xf4, 0x0b, 0x00, 0xe2, 0x0f, 0x00,
  0x0c, 0x7c, 0x00, 0x12, 0x04, 0x00, 0x00, 0x00, 0x70, 0x62, 0xf0, 0x0b,
  0x00, 0xe2, 0x0f, 0x00, 0x0c, 0x7c, 0x00, 0x13, 0x04, 0x00, 0x00, 0x00,
  0x70, 0x62, 0xfa, 0x0b, 0x00, 0xe2, 0x0f, 0x00, 0x10, 0x78, 0x1e, 0x0f,
  0x18, 0x00, 0x00, 0x00, 0xff, 0xe0, 0xff, 0x07, 0x00, 0xe2, 0x0f, 0x00,
  0x0c, 0x7c, 0x00, 0x05, 0x04, 0x00, 0x00, 0x00, 0x70, 0x62, 0xf6, 0x0b,
  0x00, 0xe2, 0x0f, 0x00, 0x07, 0x78, 0x0b, 0xff, 0x00, 0x04, 0x00, 0x00,
  0x00, 0x00, 0x00, 0x03, 0x00, 0xe2, 0x0f, 0x00, 0x07, 0x78, 0x05, 0xff,
  0x01, 0x00, 0x00, 0x00, 0x00, 0x00, 0x00, 0x01, 0x00, 0xe2, 0x0f, 0x00,
  0x07, 0x78, 0x08, 0xff, 0x02, 0x00, 0x00, 0x00, 0x00, 0x00, 0x00, 0x00,
  0x00, 0xe2, 0x0f, 0x00, 0x07, 0x78, 0x07, 0xff, 0x04, 0x00, 0x00, 0x00,
  0x00, 0x00, 0x80, 0x02, 0x00, 0xe2, 0x0f, 0x00, 0x0c, 0x7c, 0x00, 0x1e,
  0x04, 0x00, 0x00, 0x00, 0x70, 0x62, 0xfc, 0x0b, 0x00, 0xe2, 0x0f, 0x00,
  0x10, 0x78, 0x04, 0x0f, 0x28, 0x00, 0x00, 0x00, 0xff, 0xe0, 0xff, 0x07,
  0x00, 0xe2, 0x0f, 0x04, 0x07, 0x78, 0x0a, 0xff, 0x00, 0x01, 0x00, 0x00,
  0x00, 0x00, 0x00, 0x02, 0x00, 0xe2, 0x0f, 0x00, 0x12, 0x7c, 0x02, 0x0f,
  0x08, 0x00, 0x00, 0x00, 0xff, 0xfc, 0x8e, 0x0f, 0x00, 0xe2, 0x8f, 0x00,
  0x91, 0x72, 0x09, 0x09, 0x07, 0x00, 0x00, 0x00, 0xff, 0xc0, 0x8e, 0x0f,
  0x00, 0xe2, 0x0f, 0x00, 0x10, 0x72, 0x05, 0x07, 0x08, 0x00, 0x00, 0x00,
  0x05, 0xe0, 0xff, 0x07, 0x00, 0xe2, 0x0f, 0x00, 0x07, 0x78, 0x09, 0xff,
  0x08, 0x00, 0x00, 0x00, 0x00, 0x00, 0x00, 0x03, 0x00, 0xe2, 0x0f, 0x00,
  0x07, 0x78, 0x07, 0xff, 0x00, 0x08, 0x00, 0x00, 0x00, 0x00, 0x80, 0x01,
  0x00, 0xe2, 0x0f, 0x00, 0x0c, 0x7c, 0x00, 0x04, 0x04, 0x00, 0x00, 0x00,
  0x70, 0x62, 0xf6, 0x0b, 0x00, 0xe2, 0x0f, 0x00, 0x10, 0x78, 0x04, 0x03,
  0xfe, 0xff, 0xff, 0x0f, 0xff, 0xe0, 0xff, 0x07, 0x00, 0xc4, 0x0f, 0x01,
  0x12, 0x78, 0x0e, 0x14, 0xf0, 0x00, 0x00, 0x00, 0xff, 0xc0, 0x8e, 0x07,
  0x00, 0xe2, 0x0f, 0x00, 0xa4, 0x12, 0x04, 0x0a, 0x0d, 0x00, 0x00, 0x00,
  0xff, 0x02, 0x8e, 0x0f, 0x00, 0xe2, 0x0f, 0x00, 0x10, 0x72, 0x0a, 0x0a,
  0x05, 0x00, 0x00, 0x00, 0x09, 0xe0, 0xff, 0x07, 0x00, 0xe2, 0x0f, 0x00,
  0xac, 0x77, 0x0c, 0xff, 0x00, 0x71, 0x00, 0x00, 0x00, 0x0a, 0x00, 0x08,
  0x00, 0xe2, 0x0e, 0x00, 0x10, 0x7c, 0x09, 0x02, 0x05, 0x00, 0x00, 0x00,
  0xff, 0xe0, 0xff, 0x0f, 0x00, 0xe2, 0x0f, 0x00, 0x05, 0x73, 0x05, 0x00,
  0x04, 0x00, 0x00, 0x00, 0x00, 0xf0, 0x21, 0x00, 0x00, 0x22, 0x0f, 0x00,
  0x07, 0x78, 0x03, 0xff, 0x00, 0x02, 0x00, 0x00, 0x00, 0x00, 0x80, 0x01,
  0x00, 0xe2, 0x0f, 0x00, 0x24, 0x78, 0x02, 0x17, 0x00, 0x01, 0x00, 0x00,
  0x0e, 0x02, 0x8e, 0x07, 0x00, 0xe2, 0x0f, 0x00, 0xca, 0x92, 0x04, 0x06,
  0x00, 0x00, 0x00, 0x00, 0x00, 0x00, 0x0e, 0x00, 0x00, 0xe2, 0x0f, 0x00,
  0x82, 0x7c, 0x07, 0x00, 0x06, 0x00, 0x00, 0x00, 0x00, 0x00, 0x00, 0x08,
  0x00, 0xe2, 0x0f, 0x00, 0x19, 0x78, 0x11, 0xff, 0x1f, 0x00, 0x00, 0x00,
  0x09, 0x14, 0x01, 0x00, 0x00, 0xe2, 0x0f, 0x00, 0x90, 0x02, 0x07, 0x0b,
  0x10, 0x00, 0x00, 0x80, 0xff, 0xe0, 0xff, 0x0f, 0x00, 0xe2, 0x0f, 0x00,
  0x10, 0x72, 0x0a, 0x03, 0x0a, 0x00, 0x00, 0x00, 0xff, 0xe0, 0xff, 0x07,
  0x00, 0xe2, 0x0f, 0x00, 0x02, 0x72, 0x03, 0x00, 0xff, 0x00, 0x00, 0x00,
  0x00, 0x0f, 0x00, 0x00, 0x00, 0xe2, 0x0f, 0x00, 0x90, 0x78, 0x12, 0x09,
  0x00, 0x40, 0x00, 0x00, 0xff, 0xe0, 0xff, 0x0f, 0x00, 0xe2, 0x0f, 0x00,
  0x24, 0x72, 0x08, 0x11, 0x0c, 0x00, 0x00, 0x00, 0xff, 0x02, 0x8e, 0x07,
  0x00, 0xe2, 0x0f, 0x08, 0x13, 0x72, 0x11, 0x00, 0x17, 0x00, 0x00, 0x00,
  0x00, 0x00, 0x00, 0x00, 0x00, 0xe2, 0x0f, 0x00, 0x4a, 0x78, 0x0a, 0x07,
  0x20, 0x00, 0x00, 0x00, 0x00, 0x01, 0xfe, 0x0b, 0x00, 0xe2, 0x0f, 0x00,
  0x25, 0x72, 0x02, 0x09, 0x0c, 0x00, 0x00, 0x00, 0x02, 0x00, 0x8e, 0x07,
  0x00, 0xe2, 0x0f, 0x04, 0x10, 0x72, 0x0a, 0x0a, 0x0b, 0x00, 0x00, 0x00,
  0x07, 0xe0, 0xff, 0x07, 0x00, 0xe2, 0x0f, 0x00, 0x90, 0x78, 0x13, 0x09,
  0x00, 0x60, 0x00, 0x00, 0xff, 0xe0, 0xff, 0x0f, 0x00, 0xe2, 0x0f, 0x00,
  0x10, 0x72, 0x04, 0xff, 0x05, 0x00, 0x00, 0x80, 0xff, 0xe0, 0xff, 0x07,
  0x00, 0xe2, 0x0f, 0x01, 0x24, 0x72, 0x09, 0x09, 0x0d, 0x00, 0x00, 0x00,
  0x08, 0x02, 0x8e, 0x07, 0x00, 0xe2, 0x0f, 0x00, 0x12, 0x78, 0x07, 0x0f,
  0x07, 0x00, 0x00, 0x00, 0xff, 0xc0, 0x8e, 0x07, 0x00, 0xc4, 0x0f, 0x00,
  0x19, 0x78, 0x06, 0xff, 0x06, 0x00, 0x00, 0x00, 0x0a, 0x16, 0x01, 0x00,
  0x00, 0xe4, 0x0f, 0x00, 0x10, 0x72, 0x03, 0x03, 0x09, 0x00, 0x00, 0x00,
  0xff, 0xe0, 0xff, 0x07, 0x00, 0xe2, 0x0f, 0x00, 0x02, 0x72, 0x09, 0x00,
  0x04, 0x00, 0x00, 0x00, 0x00, 0x0f, 0x00, 0x00, 0x00, 0xe2, 0x0f, 0x00,
  0x12, 0x78, 0x04, 0x07, 0x0f, 0x00, 0x00, 0x00, 0x00, 0x78, 0x8e, 0x07,
  0x00, 0xe4, 0x0f, 0x00, 0x12, 0x78, 0xff, 0x06, 0x10, 0x00, 0x00, 0x00,
  0xff, 0xc0, 0x82, 0x07, 0x00, 0xe2, 0x0f, 0x00, 0x24, 0x78, 0x06, 0x0c,
  0x08, 0x00, 0x00, 0x00, 0xff, 0x00, 0x8e, 0x07, 0x00, 0xe4, 0x0f, 0x00,
  0x24, 0x78, 0xd3, 0x0f, 0x10, 0x00, 0x00, 0x00, 0x04, 0x02, 0x8e, 0x07,
  0x00, 0xe2, 0x0f, 0x00, 0x02, 0x72, 0x04, 0x00, 0xff, 0x00, 0x00, 0x00,
  0x00, 0x0f, 0x00, 0x00, 0x00, 0xe2, 0x0f, 0x00, 0x24, 0x72, 0x07, 0x09,
  0x16, 0x00, 0x00, 0x00, 0xff, 0x02, 0x8e, 0x07, 0x00, 0xc4, 0x0f, 0x00,
  0x24, 0x78, 0xd3, 0xd3, 0x10, 0x00, 0x00, 0x00, 0xff, 0x00, 0x8e, 0x07,
  0x00, 0xe4, 0x0f, 0x00, 0x27, 0x72, 0x08, 0x05, 0x07, 0x00, 0x00, 0x00,
  0x04, 0x00, 0x8e, 0x07, 0x00, 0xe2, 0x0f, 0x00, 0x19, 0x78, 0x07, 0x0c,
  0x03, 0x00, 0x00, 0x00, 0x0d, 0x02, 0x01, 0x00, 0x00, 0xe2, 0x0f, 0x00,
  0x35, 0x7c, 0x04, 0x02, 0x0c, 0x00, 0x00, 0x00, 0x00, 0x02, 0x8e, 0x0f,
  0x00, 0xc6, 0x8f, 0x00, 0x10, 0x7c, 0x15, 0xd3, 0x09, 0x00, 0x00, 0x00,
  0xff, 0xe0, 0xff, 0x0f, 0x00, 0xe4, 0x0f, 0x00, 0x19, 0x78, 0x0c, 0xff,
  0x07, 0x00, 0x00, 0x00, 0x0a, 0x16, 0x01, 0x00, 0x00, 0xe2, 0x0f, 0x00,
  0x27, 0x72, 0x10, 0x08, 0x11, 0x00, 0x00, 0x00, 0xff, 0x00, 0x8e, 0x07,
  0x00, 0xe2, 0x0f, 0x00, 0x35, 0x72, 0x02, 0x02, 0x06, 0x00, 0x00, 0x00,
  0x00, 0x02, 0x8e, 0x07, 0x00, 0xe4, 0x0f, 0x00, 0x84, 0xf9, 0xff, 0xff,
  0x00, 0x00, 0x00, 0x00, 0x00, 0x08, 0x00, 0x00, 0x00, 0xe2, 0x0f, 0x00,
  0x84, 0xf9, 0xff, 0xff, 0x00, 0x00, 0x00, 0x00, 0x00, 0x08, 0x00, 0x00,
  0x00, 0xe2, 0x0f, 0x00, 0x84, 0xf9, 0xff, 0xff, 0x00, 0x00, 0x00, 0x00,
  0x00, 0x08, 0x00, 0x00, 0x00, 0xe2, 0x0f, 0x00, 0xae, 0x7f, 0x15, 0x04,
  0x00, 0x00, 0x00, 0x00, 0x0e, 0x18, 0x18, 0x0d, 0x00, 0xe2, 0x07, 0x00,
  0x12, 0x78, 0xff, 0x0c, 0x10, 0x00, 0x00, 0x00, 0xff, 0xc0, 0x84, 0x07,
  0x00, 0xe2, 0x0f, 0x00, 0x35, 0x7c, 0x08, 0x02, 0x0c, 0x00, 0x00, 0x00,
  0x00, 0x02, 0x8e, 0x0f, 0x00, 0xc6, 0x0f, 0x00, 0x10, 0x72, 0x0b, 0x10,
  0xff, 0x00, 0x00, 0x00, 0xff, 0xe1, 0xff, 0x07, 0x00, 0xe2, 0x0f, 0x00,
  0x35, 0x72, 0x02, 0x06, 0x02, 0x00, 0x00, 0x00, 0x00, 0x02, 0x8e, 0x07,
  0x00, 0xc6, 0x0f, 0x00, 0x10, 0x7c, 0xd4, 0xd3, 0x12, 0x00, 0x00, 0x00,
  0xff, 0xe0, 0xff, 0x0f, 0x00, 0xe2, 0x0f, 0x00, 0xae, 0x7f, 0x15, 0x08,
  0x00, 0x00, 0x80, 0x00, 0x0e, 0x18, 0x18, 0x0c, 0x00, 0xe2, 0x09, 0x00,
  0x24, 0x72, 0x11, 0x16, 0x0b, 0x00, 0x00, 0x00, 0x11, 0x02, 0x8e, 0x07,
  0x00, 0xe2, 0x0f, 0x00, 0x35, 0x7c, 0x0a, 0x02, 0x0c, 0x00, 0x00, 0x00,
  0x00, 0x02, 0x8e, 0x0f, 0x00, 0xe4, 0x0f, 0x00, 0x35, 0x72, 0x02, 0x06,
  0x02, 0x00, 0x00, 0x00, 0x00, 0x02, 0x8e, 0x07, 0x00, 0xe4, 0x0f, 0x00,
  0x0c, 0x72, 0x00, 0x16, 0x11, 0x00, 0x00, 0x00, 0x70, 0x40, 0xf0, 0x03,
  0x00, 0xe2, 0x0f, 0x00, 0x10, 0x7c, 0xd3, 0xd3, 0x13, 0x00, 0x00, 0x00,
  0xff, 0xe0, 0xff, 0x0f, 0x00, 0xe2, 0x0f, 0x00, 0x35, 0x7c, 0x04, 0x02,
  0x0c, 0x00, 0x00, 0x00, 0x00, 0x02, 0x8e, 0x0f, 0x00, 0xe4, 0x8f, 0x00,
  0x35, 0x72, 0x02, 0x06, 0x02, 0x00, 0x00, 0x00, 0x00, 0x02, 0x8e, 0x07,
  0x00, 0xc4, 0x0f, 0x00, 0xae, 0x7f, 0x15, 0x0a, 0x00, 0x00, 0x00, 0x01,
  0x0e, 0x18, 0x98, 0x0e, 0x00, 0xe2, 0x07, 0x00, 0x0c, 0x7c, 0x00, 0x0f,
  0x0a, 0x00, 0x00, 0x00, 0x70, 0x62, 0xfa, 0x0b, 0x00, 0xe2, 0x0f, 0x00,
  0x35, 0x7c, 0x0c, 0x02, 0x0c, 0x00, 0x00, 0x00, 0x00, 0x02, 0x8e, 0x0f,
  0x00, 0xe4, 0x0f, 0x00, 0x35, 0x72, 0x02, 0x06, 0x02, 0x00, 0x00, 0x00,
  0x00, 0x02, 0x8e, 0x07, 0x00, 0xe4, 0x0f, 0x00, 0xae, 0x7f, 0x15, 0x04,
  0x00, 0x00, 0x80, 0x01, 0x0e, 0x18, 0x18, 0x0f, 0x00, 0xe2, 0x03, 0x00,
  0x10, 0x82, 0x11, 0x11, 0x16, 0x00, 0x00, 0x80, 0xff, 0xe0, 0xff, 0x07,
  0x00, 0xe2, 0x0f, 0x08, 0x35, 0x7c, 0x08, 0x02, 0x0c, 0x00, 0x00, 0x00,
  0x00, 0x02, 0x8e, 0x0f, 0x00, 0xe4, 0x0f, 0x01, 0xae, 0x7f, 0x15, 0x0c,
  0x00, 0x00, 0x00, 0x02, 0x0e, 0x18, 0x18, 0x0e, 0x00, 0xe2, 0x09, 0x00,
  0x10, 0x88, 0x10, 0x10, 0x01, 0x00, 0x00, 0x00, 0xff, 0xe0, 0xff, 0x07,
  0x00, 0xe2, 0x0f, 0x00, 0x0c, 0x72, 0x00, 0x11, 0x16, 0x00, 0x00, 0x00,
  0x70, 0x60, 0xfc, 0x03, 0x00, 0xe2, 0x0f, 0x00, 0x12, 0x72, 0x0a, 0x17,
  0x18, 0x00, 0x00, 0x00, 0xff, 0x3c, 0x8e, 0x07, 0x00, 0xe2, 0x8f, 0x00,
  0xae, 0x7f, 0x15, 0x08, 0x00, 0x00, 0x80, 0x02, 0x0e, 0x18, 0x98, 0x0d,
  0x00, 0xe2, 0x07, 0x00, 0x10, 0x7c, 0x11, 0x0f, 0x04, 0x00, 0x00, 0x00,
  0xff, 0xe0, 0xff, 0x0f, 0x00, 0xe2, 0x0f, 0x00, 0x0c, 0x72, 0x00, 0x18,
  0xff, 0x00, 0x00, 0x00, 0x70, 0x52, 0xf0, 0x03, 0x00, 0xe2, 0x0f, 0x00,
  0x02, 0x72, 0x0f, 0x00, 0xff, 0x00, 0x00, 0x00, 0x00, 0x0f, 0x00, 0x00,
  0x00, 0xe2, 0x0f, 0x00, 0x0c, 0x72, 0x00, 0x0a, 0xff, 0x00, 0x00, 0x00,
  0x70, 0x62, 0xf6, 0x03, 0x00, 0xe2, 0x0f, 0x00, 0x35, 0x72, 0x02, 0x06,
  0x02, 0x00, 0x00, 0x00, 0x00, 0x02, 0x8e, 0x07, 0x00, 0xc4, 0x0f, 0x00,
  0x0c, 0x7c, 0x00, 0x12, 0x0a, 0x00, 0x00, 0x00, 0x70, 0x62, 0xf8, 0x0b,
  0x00, 0xe2, 0x0f, 0x00, 0x19, 0x78, 0x19, 0xff, 0x1f, 0x00, 0x00, 0x00,
  0x11, 0x14, 0x01, 0x00, 0x00, 0xe2, 0x0f, 0x00, 0x35, 0x7c, 0x04, 0x02,
  0x0c, 0x00, 0x00, 0x00, 0x00, 0x02, 0x8e, 0x0f, 0x00, 0xc6, 0x2f, 0x00,
  0x10, 0x68, 0x10, 0x10, 0x01, 0x00, 0x00, 0x00, 0xff, 0xe0, 0xff, 0x07,
  0x00, 0xe2, 0x0f, 0x00, 0x25, 0x72, 0x0a, 0x11, 0x1a, 0x00, 0x00, 0x00,
  0x0e, 0x00, 0x8e, 0x07, 0x00, 0xe2, 0x4f, 0x00, 0x35, 0x72, 0x06, 0x06,
  0x02, 0x00, 0x00, 0x00, 0x00, 0x02, 0x8e, 0x07, 0x00, 0xe4, 0x0f, 0x00,
  0xae, 0x7f, 0x15, 0x04, 0x00, 0x00, 0x00, 0x03, 0x0e, 0x18, 0x98, 0x08,
  0x00, 0xe2, 0x03, 0x00, 0x24, 0x72, 0x0c, 0x19, 0x1a, 0x00, 0x00, 0x00,
  0xff, 0x02, 0x8e, 0x07, 0x00, 0xe2, 0x0f, 0x05, 0x10, 0xb2, 0x10, 0x10,
  0xff, 0x00, 0x00, 0x00, 0xff, 0xe1, 0xff, 0x07, 0x00, 0xe2, 0x0f, 0x00,
  0x24, 0x72, 0x02, 0x19, 0x1c, 0x00, 0x00, 0x00, 0xff, 0x02, 0x8e, 0x07,
  0x00, 0xe2, 0x0f, 0x00, 0x12, 0x82, 0x10, 0xff, 0x18, 0x00, 0x00, 0x00,
  0xff, 0x33, 0x8e, 0x07, 0x00, 0xe2, 0x0f, 0x00, 0x24, 0x72, 0x09, 0x11,
  0x1b, 0x00, 0x00, 0x00, 0x0c, 0x02, 0x8e, 0x07, 0x00, 0xe2, 0x8f, 0x00,
  0x35, 0x7c, 0x06, 0x06, 0x0c, 0x00, 0x00, 0x00, 0x00, 0x02, 0x8e, 0x0f,
  0x00, 0xc4, 0x0f, 0x00, 0x25, 0x72, 0x0e, 0x11, 0x1c, 0x00, 0x00, 0x00,
  0x0e, 0x00, 0x8e, 0x07, 0x00, 0xe2, 0x0f, 0x00, 0x0c, 0x7c, 0x00, 0x13,
  0x0a, 0x00, 0x00, 0x00, 0x70, 0x62, 0xfc, 0x0b, 0x00, 0xe2, 0x0f, 0x00,
  0x10, 0x72, 0x0b, 0x0b, 0x09, 0x00, 0x00, 0x00, 0xff, 0xe0, 0xff, 0x07,
  0x00, 0xe4, 0x0f, 0x00, 0x19, 0x78, 0x09, 0x1a, 0x03, 0x00, 0x00, 0x00,
  0x1b, 0x02, 0x01, 0x00, 0x00, 0xe2, 0x0f, 0x00, 0x24, 0x72, 0x0d, 0x11,
  0x1d, 0x00, 0x00, 0x00, 0x02, 0x02, 0x8e, 0x07, 0x00, 0xe2, 0x0f, 0x00,
  0x0c, 0x7c, 0x00, 0x1e, 0x0a, 0x00, 0x00, 0x00, 0x70, 0x62, 0xf2, 0x0b,
  0x00, 0xe2, 0x0f, 0x00, 0x24, 0x78, 0x08, 0x1a, 0x08, 0x00, 0x00, 0x00,
  0xff, 0x00, 0x8e, 0x07, 0x00, 0xe2, 0x0f, 0x00, 0xae, 0x7f, 0x15, 0x06,
  0x00, 0x00, 0x80, 0x03, 0x0e, 0x18, 0x18, 0x09, 0x00, 0xe2, 0x05, 0x00,
  0x25, 0x78, 0x02, 0x10, 0x00, 0x01, 0x00, 0x00, 0x0a, 0x02, 0x8e, 0x07,
  0x00, 0xe2, 0x0f, 0x00, 0x10, 0x72, 0x0f, 0x0f, 0x0d, 0x00, 0x00, 0x00,
  0xff, 0xe0, 0xff, 0x07, 0x00, 0xe2, 0x0f, 0x00, 0x82, 0x7b, 0x12, 0xff,
  0x00, 0xf6, 0x00, 0x00, 0x00, 0x0a, 0x00, 0x00, 0x00, 0xe2, 0x0e, 0x00,
  0x11, 0x72, 0x0c, 0x1a, 0x02, 0x00, 0x00, 0x00, 0xff, 0x20, 0x80, 0x07,
  0x00, 0xe2, 0x0f, 0x00, 0x25, 0x78, 0x04, 0x10, 0x00, 0x01, 0x00, 0x00,
  0x0e, 0x02, 0x8e, 0x07, 0x00, 0xe2, 0x2f, 0x00, 0x19, 0x78, 0x0f, 0x1c,
  0x03, 0x00, 0x00, 0x00, 0x1d, 0x02, 0x01, 0x00, 0x00, 0xe2, 0x0f, 0x00,
  0x35, 0x72, 0x0a, 0x02, 0x08, 0x00, 0x00, 0x00, 0x00, 0x02, 0x8e, 0x07,
  0x00, 0xc4, 0x0f, 0x00, 0x24, 0x78, 0x0e, 0x1c, 0x08, 0x00, 0x00, 0x00,
  0xff, 0x00, 0x8e, 0x07, 0x00, 0xe2, 0x0f, 0x00, 0x11, 0x72, 0x0d, 0x1a,
  0x03, 0x00, 0x00, 0x00, 0x1b, 0x24, 0x0f, 0x00, 0x00, 0xe2, 0x0f, 0x00,
  0x35, 0x7c, 0x02, 0x02, 0x14, 0x00, 0x00, 0x00, 0x00, 0x02, 0x8e, 0x0f,
  0x00, 0xe4, 0x0f, 0x00, 0x35, 0x7c, 0x0a, 0x0a, 0x14, 0x00, 0x00, 0x00,
  0x00, 0x02, 0x8e, 0x0f, 0x00, 0xe4, 0x0f, 0x00, 0x35, 0x72, 0x08, 0x08,
  0x0c, 0x00, 0x00, 0x00, 0x00, 0x02, 0x8e, 0x07, 0x00, 0xe4, 0x0f, 0x00,
  0x35, 0x72, 0x06, 0x04, 0x0e, 0x00, 0x00, 0x00, 0x00, 0x02, 0x8e, 0x07,
  0x00, 0xe4, 0x4f, 0x00, 0x35, 0x7c, 0x0c, 0x0c, 0x14, 0x00, 0x00, 0x00,
  0x00, 0x02, 0x8e, 0x0f, 0x00, 0xc4, 0x0f, 0x00, 0x35, 0x7c, 0x08, 0x08,
  0x14, 0x00, 0x00, 0x00, 0x00, 0x02, 0x8e, 0x0f, 0x00, 0xe4, 0x0f, 0x00,
  0x35, 0x7c, 0x06, 0x06, 0x16, 0x00, 0x00, 0x00, 0x00, 0x02, 0x8e, 0x0f,
  0x00, 0xe4, 0x0f, 0x00, 0xae, 0x7f, 0xd4, 0x02, 0x00, 0x00, 0x00, 0x00,
  0x0e, 0x18, 0x98, 0x0e, 0x00, 0xe2, 0x0f, 0x00, 0x11, 0x72, 0x10, 0x1c,
  0x04, 0x00, 0x00, 0x00, 0xff, 0x20, 0x80, 0x07, 0x00, 0xc6, 0x0f, 0x00,
  0xae, 0x7f, 0xd4, 0x0a, 0x00, 0x00, 0x80, 0x00, 0x0e, 0x18, 0x18, 0x0e,
  0x00, 0xe2, 0x03, 0x00, 0x11, 0x72, 0x11, 0x1c, 0x05, 0x00, 0x00, 0x00,
  0x1d, 0x24, 0x0f, 0x00, 0x00, 0xe2, 0x0f, 0x00, 0x35, 0x7c, 0x04, 0x04,
  0x16, 0x00, 0x00, 0x00, 0x00, 0x02, 0x8e, 0x0f, 0x00, 0xe4, 0x0f, 0x00,
  0xae, 0x7f, 0xd4, 0x0c, 0x00, 0x00, 0x00, 0x01, 0x0e, 0x18, 0x18, 0x0f,
  0x00, 0xe2, 0x0f, 0x00, 0x0c, 0x72, 0x00, 0x12, 0xff, 0x00, 0x00, 0x00,
  0x70, 0x52, 0xf1, 0x03, 0x00, 0xe4, 0x8f, 0x00, 0x35, 0x72, 0x0e, 0x0e,
  0x10, 0x00, 0x00, 0x00, 0x00, 0x02, 0x8e, 0x07, 0x00, 0xe4, 0x0f, 0x00,
  0x35, 0x7c, 0x10, 0x10, 0x16, 0x00, 0x00, 0x00, 0x00, 0x02, 0x8e, 0x0f,
  0x00, 0xe4, 0x0f, 0x00, 0x35, 0x7c, 0x0e, 0x0e, 0x16, 0x00, 0x00, 0x00,
  0x00, 0x02, 0x8e, 0x0f, 0x00, 0xc4, 0x0f, 0x00, 0xae, 0x7f, 0xd4, 0x08,
  0x00, 0x00, 0x80, 0x01, 0x0e, 0x18, 0x98, 0x0c, 0x00, 0xe8, 0x05, 0x00,
  0xae, 0x7f, 0xd3, 0x04, 0x00, 0x00, 0x00, 0x00, 0x0e, 0x18, 0x98, 0x0e,
  0x00, 0xe4, 0x0f, 0x00, 0x25, 0x08, 0x0a, 0x17, 0x04, 0x00, 0x00, 0x00,
  0x12, 0x00, 0x8e, 0x07, 0x00, 0xe4, 0x2f, 0x00, 0xae, 0x7f, 0xd3, 0x06,
  0x00, 0x00, 0x80, 0x00, 0x0e, 0x18, 0x18, 0x0e, 0x00, 0xe8, 0x03, 0x00,
  0xae, 0x7f, 0xd3, 0x10, 0x00, 0x00, 0x00, 0x01, 0x0e, 0x18, 0x18, 0x0f,
  0x00, 0xe8, 0x0f, 0x00, 0xae, 0x7f, 0xd3, 0x0e, 0x00, 0x00, 0x80, 0x01,
  0x0e, 0x18, 0x98, 0x0c, 0x00, 0xe8, 0x07, 0x00, 0xaf, 0x79, 0x00, 0x00,
  0x00, 0x00, 0x00, 0x00, 0x00, 0x00, 0x00, 0x00, 0x00, 0x22, 0x0e, 0x00,
  0x19, 0x78, 0x08, 0xff, 0x01, 0x00, 0x00, 0x00, 0x00, 0x16, 0x01, 0x00,
  0x00, 0xc4, 0x4f, 0x00, 0x19, 0x78, 0x06, 0xff, 0x03, 0x00, 0x00, 0x00,
  0x00, 0x16, 0x01, 0x00, 0x00, 0xe4, 0x2f, 0x00, 0x12, 0x78, 0x0d, 0x08,
  0x08, 0x00, 0x00, 0x00, 0xff, 0xc0, 0x8e, 0x07, 0x00, 0xe2, 0x0f, 0x00,
  0x1a, 0x79, 0x00, 0x00, 0x00, 0x80, 0x00, 0x00, 0x00, 0x00, 0x00, 0x00,
  0x00, 0xc8, 0x0f, 0x00, 0x1d, 0x7b, 0x00, 0x00, 0x00, 0x00, 0x00, 0x00,
  0x00, 0x00, 0x01, 0x00, 0x00, 0xe2, 0x0f, 0x00, 0x12, 0x78, 0x0f, 0x06,
  0x01, 0x00, 0x00, 0x00, 0xff, 0xc0, 0x8e, 0x07, 0x00, 0xe4, 0x8f, 0x00,
  0x12, 0x78, 0x07, 0x08, 0x30, 0x00, 0x00, 0x00, 0xff, 0xc0, 0x8e, 0x07,
  0x00, 0xe4, 0x0f, 0x00, 0x12, 0x78, 0x0d, 0x0d, 0x07, 0x00, 0x00, 0x00,
  0x00, 0xf8, 0x8e, 0x07, 0x00, 0xe4, 0x0f, 0x10, 0x12, 0x78, 0x08, 0x0f,
  0x07, 0x00, 0x00, 0x00, 0x00, 0x78, 0x8e, 0x07, 0x00, 0xe4, 0x0f, 0x00,
  0x12, 0x78, 0x09, 0x14, 0x70, 0x00, 0x00, 0x00, 0xff, 0xc0, 0x8e, 0x07,
  0x00, 0xc6, 0x0f, 0x00, 0x24, 0x78, 0x08, 0x0d, 0x10, 0x00, 0x00, 0x00,
  0x08, 0x02, 0x8e, 0x07, 0x00, 0xe2, 0x0f, 0x00, 0x12, 0x78, 0x09, 0x09,
  0x10, 0x00, 0x00, 0x00, 0x00, 0x78, 0x8e, 0x07, 0x00, 0xc6, 0x0f, 0x00,
  0x24, 0x78, 0x0c, 0x08, 0x10, 0x00, 0x00, 0x00, 0xff, 0x00, 0x8e, 0x07,
  0x00, 0xe2, 0x0f, 0x00, 0x81, 0x09, 0xd2, 0x0a, 0x0e, 0x00, 0x00, 0x00,
  0x00, 0x19, 0x1e, 0x0c, 0x00, 0x68, 0x03, 0x00, 0x12, 0x78, 0xe8, 0x0c,
  0x40, 0x00, 0x00, 0x00, 0xff, 0x3c, 0x8e, 0x07, 0x00, 0xe2, 0x0f, 0x04,
  0x90, 0x72, 0x0a, 0x07, 0x08, 0x00, 0x00, 0x00, 0x06, 0xe8, 0xff, 0x0f,
  0x00, 0xe2, 0x0f, 0x00, 0x12, 0x78, 0xe5, 0x0c, 0x60, 0x00, 0x00, 0x00,
  0xff, 0x3c, 0x8e, 0x07, 0x00, 0xe2, 0x0f, 0x04, 0x3b, 0x78, 0x40, 0x0c,
  0x12, 0x00, 0x00, 0x00, 0x00, 0x02, 0x00, 0x08, 0x00, 0xa2, 0x0e, 0x00,
  0x12, 0x78, 0xdd, 0x0c, 0xa0, 0x00, 0x00, 0x00, 0xff, 0x3c, 0x8e, 0x07,
  0x00, 0xe2, 0x0f, 0x04, 0x90, 0x78, 0x04, 0x0a, 0x40, 0x00, 0x00, 0x00,
  0xff, 0xe0, 0xff, 0x0f, 0x00, 0xe2, 0x0f, 0x00, 0x12, 0x78, 0x06, 0x07,
  0x0f, 0x00, 0x00, 0x00, 0x00, 0xf8, 0x8e, 0x07, 0x00, 0xe2, 0x0f, 0x00,
  0x3b, 0x78, 0x44, 0x0c, 0x12, 0x00, 0x10, 0x00, 0x00, 0x02, 0x00, 0x08,
  0x00, 0xe2, 0x0e, 0x00, 0x12, 0x78, 0x1f, 0x0c, 0x20, 0x00, 0x00, 0x00,
  0xff, 0x3c, 0x8e, 0x07, 0x00, 0xe2, 0x0f, 0x00, 0x24, 0x78, 0x0a, 0x00,
  0x00, 0x01, 0x00, 0x00, 0xff, 0x00, 0x8e, 0x07, 0x00, 0xe2, 0x2f, 0x00,
  0x12, 0x78, 0x0b, 0x0c, 0xc0, 0x00, 0x00, 0x00, 0xff, 0x3c, 0x8e, 0x07,
  0x00, 0xe2, 0x0f, 0x00, 0x3b, 0x78, 0x50, 0xe8, 0x12, 0x00, 0x00, 0x00,
  0x00, 0x02, 0x00, 0x08, 0x00, 0x62, 0x0e, 0x00, 0x24, 0x78, 0x06, 0x06,
  0x00, 0x01, 0x00, 0x00, 0x09, 0x02, 0x8e, 0x07, 0x00, 0xe2, 0x0f, 0x00,
  0x05, 0x78, 0xce, 0x00, 0x00, 0x00, 0x00, 0x00, 0x00, 0xff, 0x01, 0x00,
  0x00, 0xe2, 0x0f, 0x00, 0x12, 0x78, 0x0d, 0x09, 0x00, 0x0f, 0x00, 0x00,
  0x0a, 0xf8, 0x8e, 0x07, 0x00, 0xe2, 0x0f, 0x00, 0x3b, 0x78, 0x54, 0xe8,
  0x12, 0x00, 0x10, 0x00, 0x00, 0x02, 0x00, 0x08, 0x00, 0x22, 0x0f, 0x00,
  0x12, 0x78, 0x0a, 0x0c, 0xe0, 0x00, 0x00, 0x00, 0xff, 0x3c, 0x8e, 0x07,
  0x00, 0xe2, 0x0f, 0x00, 0x05, 0x78, 0xcc, 0x00, 0x00, 0x00, 0x00, 0x00,
  0x00, 0xff, 0x01, 0x00, 0x00, 0xe2, 0x0f, 0x00, 0x12, 0x78, 0xe4, 0x0d,
  0x20, 0x00, 0x00, 0x00, 0xff, 0x3c, 0x8e, 0x07, 0x00, 0xe2, 0x0f, 0x04,
  0x3b, 0x78, 0x58, 0xe5, 0x12, 0x00, 0x00, 0x00, 0x00, 0x02, 0x00, 0x08,
  0x00, 0x62, 0x0e, 0x00, 0x12, 0x78, 0xe3, 0x0d, 0x40, 0x00, 0x00, 0x00,
  0xff, 0x3c, 0x8e, 0x07, 0x00, 0xe2, 0x0f, 0x04, 0x05, 0x78, 0xca, 0x00,
  0x00, 0x00, 0x00, 0x00, 0x00, 0xff, 0x01, 0x00, 0x00, 0xe2, 0x0f, 0x00,
  0x12, 0x78, 0xe2, 0x0d, 0x60, 0x00, 0x00, 0x00, 0xff, 0x3c, 0x8e, 0x07,
  0x00, 0xe2, 0x0f, 0x04, 0x3b, 0x78, 0x5c, 0xe5, 0x12, 0x00, 0x10, 0x00,
  0x00, 0x02, 0x00, 0x08, 0x00, 0x62, 0x0e, 0x00, 0x12, 0x78, 0xe1, 0x0d,
  0x80, 0x00, 0x00, 0x00, 0xff, 0xfc, 0x8e, 0x07, 0x00, 0xe2, 0x0f, 0x04,
  0x05, 0x78, 0xc8, 0x00, 0x00, 0x00, 0x00, 0x00, 0x00, 0xff, 0x01, 0x00,
  0x00, 0xe2, 0x0f, 0x00, 0x12, 0x78, 0xe0, 0x0d, 0xa0, 0x00, 0x00, 0x00,
  0xff, 0x3c, 0x8e, 0x07, 0x00, 0xe2, 0x0f, 0x04, 0x3b, 0x78, 0x60, 0x0c,
  0x12, 0x80, 0x00, 0x00, 0x00, 0x02, 0x00, 0x08, 0x00, 0x62, 0x0e, 0x00,
  0x12, 0x78, 0xdf, 0x0d, 0xc0, 0x00, 0x00, 0x00, 0xff, 0x3c, 0x8e, 0x07,
  0x00, 0xe2, 0x0f, 0x04, 0x05, 0x78, 0xc6, 0x00, 0x00, 0x00, 0x00, 0x00,
  0x00, 0xff, 0x01, 0x00, 0x00, 0xe2, 0x0f, 0x00, 0x12, 0x78, 0xde, 0x0d,
  0xe0, 0x00, 0x00, 0x00, 0xff, 0x3c, 0x8e, 0x07, 0x00, 0xe2, 0x0f, 0x00,
  0x3b, 0x78, 0x64, 0x0c, 0x12, 0x80, 0x10, 0x00, 0x00, 0x02, 0x00, 0x08,
  0x00, 0x62, 0x0e, 0x00, 0x12, 0x78, 0x20, 0x06, 0x20, 0x00, 0x00, 0x00,
  0xff, 0x3c, 0x8e, 0x07, 0x00, 0xe2, 0x0f, 0x04, 0x05, 0x78, 0xc4, 0x00,
  0x00, 0x00, 0x00, 0x00, 0x00, 0xff, 0x01, 0x00, 0x00, 0xe2, 0x0f, 0x00,
  0x12, 0x78, 0x24, 0x06, 0x40, 0x00, 0x00, 0x00, 0xff, 0x3c, 0x8e, 0x07,
  0x00, 0xe2, 0x0f, 0x04, 0x3b, 0x78, 0x68, 0xdd, 0x12, 0x00, 0x00, 0x00,
  0x00, 0x02, 0x00, 0x08, 0x00, 0x62, 0x0e, 0x00, 0x12, 0x78, 0x28, 0x06,
  0x60, 0x00, 0x00, 0x00, 0xff, 0x3c, 0x8e, 0x07, 0x00, 0xe2, 0x0f, 0x04,
  0x05, 0x78, 0x1c, 0x00, 0x00, 0x00, 0x00, 0x00, 0x00, 0xff, 0x01, 0x00,
  0x00, 0xe2, 0x0f, 0x00, 0x12, 0x78, 0x34, 0x06, 0xa0, 0x00, 0x00, 0x00,
  0xff, 0x3c, 0x8e, 0x07, 0x00, 0xe2, 0x0f, 0x04, 0x3b, 0x78, 0x6c, 0xdd,
  0x12, 0x00, 0x10, 0x00, 0x00, 0x02, 0x00, 0x08, 0x00, 0x62, 0x0e, 0x00,
  0x12, 0x78, 0x38, 0x06, 0xc0, 0x00, 0x00, 0x00, 0xff, 0x3c, 0x8e, 0x07,
  0x00, 0xe2, 0x0f, 0x04, 0x05, 0x78, 0x1a, 0x00, 0x00, 0x00, 0x00, 0x00,
  0x00, 0xff, 0x01, 0x00, 0x00, 0xe2, 0x0f, 0x00, 0x12, 0x78, 0x3c, 0x06,
  0xe0, 0x00, 0x00, 0x00, 0xff, 0x3c, 0x8e, 0x07, 0x00, 0xe2, 0x0f, 0x00,
  0x3b, 0x78, 0x70, 0x0b, 0x12, 0x00, 0x00, 0x00, 0x00, 0x02, 0x00, 0x08,
  0x00, 0x62, 0x0e, 0x00, 0x05, 0x78, 0x18, 0x00, 0x00, 0x00, 0x00, 0x00,
  0x00, 0xff, 0x01, 0x00, 0x00, 0xe2, 0x0f, 0x00, 0x05, 0x78, 0x16, 0x00,
  0x00, 0x00, 0x00, 0x00, 0x00, 0xff, 0x01, 0x00, 0x00, 0xe2, 0x0f, 0x00,
  0x05, 0x78, 0x14, 0x00, 0x00, 0x00, 0x00, 0x00, 0x00, 0xff, 0x01, 0x00,
  0x00, 0xe2, 0x0f, 0x00, 0x3b, 0x78, 0x74, 0x0b, 0x12, 0x00, 0x10, 0x00,
  0x00, 0x02, 0x00, 0x08, 0x00, 0x62, 0x0e, 0x00, 0x05, 0x78, 0x12, 0x00,
  0x00, 0x00, 0x00, 0x00, 0x00, 0xff, 0x01, 0x00, 0x00, 0xe2, 0x0f, 0x00,
  0x05, 0x78, 0x10, 0x00, 0x00, 0x00, 0x00, 0x00, 0x00, 0xff, 0x01, 0x00,
  0x00, 0xe2, 0x0f, 0x00, 0x02, 0x72, 0x0e, 0x00, 0xff, 0x00, 0x00, 0x00,
  0x00, 0x0f, 0x00, 0x00, 0x00, 0xe2, 0x0f, 0x00, 0x3b, 0x78, 0x78, 0x0a,
  0x12, 0x00, 0x00, 0x00, 0x00, 0x02, 0x00, 0x08, 0x00, 0x62, 0x0e, 0x00,
  0x02, 0x72, 0x0f, 0x00, 0xff, 0x00, 0x00, 0x00, 0x00, 0x0f, 0x00, 0x00,
  0x00, 0xe2, 0x0f, 0x00, 0x05, 0x78, 0xd0, 0x00, 0x00, 0x00, 0x00, 0x00,
  0x00, 0xff, 0x01, 0x00, 0x00, 0xc4, 0x0f, 0x00, 0x3b, 0x78, 0x7c, 0x0a,
  0x12, 0x00, 0x10, 0x00, 0x00, 0x02, 0x00, 0x08, 0x00, 0x68, 0x0e, 0x00,
  0x3b, 0x78, 0x80, 0x0d, 0x13, 0x00, 0x00, 0x00, 0x00, 0x42, 0x00, 0x08,
  0x00, 0x68, 0x0e, 0x00, 0x3b, 0x78, 0x84, 0xe4, 0x13, 0x00, 0x00, 0x00,
  0x00, 0x42, 0x00, 0x08, 0x00, 0x68, 0x0e, 0x00, 0x3b, 0x78, 0x88, 0xe3,
  0x13, 0x00, 0x00, 0x00, 0x00, 0x42, 0x00, 0x08, 0x00, 0x68, 0x0e, 0x00,
  0x3b, 0x78, 0x8c, 0xe2, 0x13, 0x00, 0x00, 0x00, 0x00, 0x42, 0x00, 0x08,
  0x00, 0x68, 0x0e, 0x00, 0x3b, 0x78, 0x90, 0xe1, 0x13, 0x00, 0x00, 0x00,
  0x00, 0x42, 0x00, 0x08, 0x00, 0x68, 0x0e, 0x00, 0x3b, 0x78, 0x94, 0xe0,
  0x13, 0x00, 0x00, 0x00, 0x00, 0x42, 0x00, 0x08, 0x00, 0x68, 0x0e, 0x00,
  0x3b, 0x78, 0x98, 0xdf, 0x13, 0x00, 0x00, 0x00, 0x00, 0x42, 0x00, 0x08,
  0x00, 0x68, 0x0e, 0x00, 0x3b, 0x78, 0x9c, 0xde, 0x13, 0x00, 0x00, 0x00,
  0x00, 0x42, 0x00, 0x08, 0x00, 0x68, 0x0e, 0x00, 0x3b, 0x78, 0xa0, 0x0d,
  0x13, 0x00, 0x10, 0x00, 0x00, 0x42, 0x00, 0x08, 0x00, 0x68, 0x0e, 0x00,
  0x3b, 0x78, 0xa4, 0xe4, 0x13, 0x00, 0x10, 0x00, 0x00, 0x42, 0x00, 0x08,
  0x00, 0x68, 0x0e, 0x00, 0x3b, 0x78, 0xa8, 0xe3, 0x13, 0x00, 0x10, 0x00,
  0x00, 0x42, 0x00, 0x08, 0x00, 0x68, 0x0e, 0x00, 0x3b, 0x78, 0xac, 0xe2,
  0x13, 0x00, 0x10, 0x00, 0x00, 0x42, 0x00, 0x08, 0x00, 0x68, 0x0e, 0x00,
  0x3b, 0x78, 0xb0, 0xe1, 0x13, 0x00, 0x10, 0x00, 0x00, 0x42, 0x00, 0x08,
  0x00, 0x68, 0x0e, 0x00, 0x3b, 0x78, 0xb4, 0xe0, 0x13, 0x00, 0x10, 0x00,
  0x00, 0x42, 0x00, 0x08, 0x00, 0x68, 0x0e, 0x00, 0x3b, 0x78, 0xb8, 0xdf,
  0x13, 0x00, 0x10, 0x00, 0x00, 0x42, 0x00, 0x08, 0x00, 0x68, 0x0e, 0x00,
  0x3b, 0x78, 0xbc, 0xde, 0x13, 0x00, 0x10, 0x00, 0x00, 0x42, 0x00, 0x08,
  0x00, 0x68, 0x0e, 0x00, 0x3b, 0x78, 0x20, 0x20, 0x09, 0x00, 0x00, 0x00,
  0x00, 0x02, 0x00, 0x08, 0x00, 0x68, 0x0e, 0x00, 0x3b, 0x78, 0x24, 0x24,
  0x09, 0x00, 0x00, 0x00, 0x00, 0x02, 0x00, 0x08, 0x00, 0x68, 0x0e, 0x00,
  0x3b, 0x78, 0x28, 0x28, 0x09, 0x00, 0x00, 0x00, 0x00, 0x02, 0x00, 0x08,
  0x00, 0x68, 0x0e, 0x00, 0x3b, 0x78, 0x2c, 0x06, 0x09, 0x00, 0x00, 0x00,
  0x00, 0x02, 0x00, 0x08, 0x00, 0x68, 0x0e, 0x00, 0x3b, 0x78, 0x30, 0x06,
  0x09, 0x80, 0x00, 0x00, 0x00, 0x02, 0x00, 0x08, 0x00, 0x68, 0x0e, 0x00,
  0x3b, 0x78, 0x34, 0x34, 0x09, 0x00, 0x00, 0x00, 0x00, 0x02, 0x00, 0x08,
  0x00, 0x68, 0x0e, 0x00, 0x3b, 0x78, 0x38, 0x38, 0x09, 0x00, 0x00, 0x00,
  0x00, 0x02, 0x00, 0x08, 0x00, 0x68, 0x0e, 0x00, 0x3b, 0x78, 0x3c, 0x3c,
  0x09, 0x00, 0x00, 0x00, 0x00, 0x02, 0x00, 0x08, 0x00, 0x62, 0x0e, 0x00,
  0x4a, 0x72, 0x09, 0x07, 0x04, 0x00, 0x00, 0x00, 0x00, 0x01, 0xfe, 0x0b,
  0x00, 0xc6, 0x0f, 0x00, 0x3b, 0x78, 0x48, 0x1f, 0x12, 0x00, 0x00, 0x00,
  0x00, 0x02, 0x00, 0x08, 0x00, 0x62, 0x0e, 0x00, 0x8c, 0x78, 0x00, 0x09,
  0x01, 0x00, 0x00, 0x00, 0x70, 0x62, 0xf0, 0x0b, 0x00, 0xe2, 0x0f, 0x00,
  0x90, 0x78, 0x04, 0x09, 0x1f, 0x00, 0x00, 0x00, 0xff, 0xe0, 0xff, 0x0f,
  0x00, 0xe4, 0x0f, 0x00, 0x3b, 0x78, 0x4c, 0x1f, 0x12, 0x00, 0x10, 0x00,
  0x00, 0x02, 0x00, 0x08, 0x00, 0x64, 0x04, 0x00, 0x99, 0x78, 0x08, 0xff,
  0x1f, 0x00, 0x00, 0x00, 0x04, 0x14, 0x01, 0x08, 0x00, 0xc8, 0x0f, 0x00,
  0x91, 0x72, 0x08, 0x08, 0x04, 0x00, 0x00, 0x00, 0xff, 0x28, 0x8f, 0x0f,
  0x00, 0xe2, 0x0f, 0x00, 0x05, 0x78, 0x1e, 0x00, 0x00, 0x00, 0x00, 0x00,
  0x00, 0xff, 0x01, 0x00, 0x00, 0xe2, 0x4f, 0x00, 0x47, 0x75, 0x00, 0x08,
  0x31, 0x00, 0x00, 0x00, 0x00, 0x00, 0x80, 0x0b, 0x00, 0xf4, 0x8f, 0x01,
  0x19, 0x78, 0x00, 0xff, 0x02, 0x00, 0x00, 0x00, 0x00, 0x16, 0x01, 0x00,
  0x00, 0xe2, 0x0f, 0x00, 0x99, 0x78, 0x04, 0xff, 0x1f, 0x00, 0x00, 0x00,
  0x0a, 0x14, 0x01, 0x08, 0x00, 0xe2, 0x0f, 0x00, 0x02, 0x72, 0x06, 0x00,
  0x05, 0x00, 0x00, 0x00, 0x00, 0x0f, 0x00, 0x00, 0x00, 0xe2, 0x0f, 0x00,
  0x02, 0x72, 0x09, 0x00, 0x02, 0x00, 0x00, 0x00, 0x00, 0x0f, 0x00, 0x00,
  0x00, 0xe2, 0x0f, 0x00, 0x12, 0x78, 0x00, 0x07, 0x07, 0x00, 0x00, 0x00,
  0x00, 0xf8, 0x8e, 0x07, 0x00, 0xe2, 0x0f, 0x00, 0x91, 0x72, 0x04, 0x04,
  0x0a, 0x00, 0x00, 0x00, 0xff, 0x28, 0x8f, 0x0f, 0x00, 0xe2, 0x0f, 0x00,
  0x02, 0x72, 0x08, 0x00, 0x03, 0x00, 0x00, 0x00, 0x00, 0x0f, 0x00, 0x00,
  0x00, 0xe2, 0x0f, 0x00, 0x02, 0x72, 0x07, 0x00, 0x04, 0x00, 0x00, 0x00,
  0x00, 0x0f, 0x00, 0x00, 0x00, 0xe2, 0x0f, 0x00, 0x92, 0x78, 0x0d, 0x08,
  0xe0, 0xff, 0xff, 0xff, 0xff, 0xc0, 0x8e, 0x0f, 0x00, 0xe2, 0x0f, 0x00,
  0x10, 0x7c, 0x05, 0x00, 0x0a, 0x00, 0x00, 0x00, 0xff, 0xe0, 0xff, 0x0f,
  0x00, 0xe2, 0x0f, 0x00, 0x92, 0x78, 0x10, 0x04, 0xe0, 0xff, 0xff, 0xff,
  0xff, 0xc0, 0x8e, 0x0f, 0x00, 0xe2, 0x0f, 0x00, 0xac, 0x77, 0x09, 0xff,
  0x00, 0xb6, 0x00, 0x00, 0x00, 0x00, 0x00, 0x08, 0x00, 0xa2, 0x0e, 0x00,
  0xac, 0x77, 0x11, 0xff, 0x00, 0xb6, 0x00, 0x00, 0x00, 0x00, 0x00, 0x08,
  0x00, 0xe2, 0x0e, 0x00, 0xac, 0x77, 0x14, 0xff, 0x00, 0xb8, 0x00, 0x00,
  0x00, 0x08, 0x00, 0x08, 0x00, 0x22, 0x0f, 0x00, 0xac, 0x77, 0x15, 0xff,
  0x80, 0xb6, 0x00, 0x00, 0x00, 0x08, 0x00, 0x08, 0x00, 0x62, 0x0e, 0x00,
  0xac, 0x77, 0x18, 0xff, 0x80, 0xb8, 0x00, 0x00, 0x00, 0x08, 0x00, 0x08,
  0x00, 0x62, 0x0e, 0x00, 0xac, 0x77, 0x16, 0xff, 0x00, 0xb7, 0x00, 0x00,
  0x00, 0x0a, 0x00, 0x08, 0x00, 0x62, 0x0e, 0x00, 0x82, 0x7c, 0x04, 0x00,
  0xff, 0x00, 0x00, 0x00, 0x00, 0x00, 0x00, 0x08, 0x00, 0xe2, 0x0f, 0x00,
  0x82, 0x7c, 0x08, 0x00, 0x07, 0x00, 0x00, 0x00, 0x00, 0x00, 0x00, 0x08,
  0x00, 0xca, 0x0f, 0x00, 0x90, 0x78, 0x0a, 0x04, 0x20, 0x00, 0x00, 0x00,
  0xff, 0xe0, 0xff, 0x0f, 0x00, 0xc8, 0x0f, 0x00, 0x8c, 0x72, 0x00, 0x0a,
  0x0d, 0x00, 0x00, 0x00, 0x70, 0x62, 0xf0, 0x0b, 0x00, 0xd2, 0x0f, 0x00,
  0x47, 0x75, 0xf8, 0x00, 0x01, 0x00, 0x00, 0x00, 0x00, 0x00, 0x80, 0x0b,
  0x00, 0xea, 0x6f, 0x00, 0x19, 0x79, 0xc0, 0x00, 0x00, 0x00, 0x00, 0x00,
  0x00, 0x21, 0x00, 0x00, 0x00, 0x22, 0x0f, 0x00, 0x82, 0x7b, 0xd6, 0xff,
  0x00, 0xfe, 0x00, 0x00, 0x00, 0x0a, 0x00, 0x00, 0x00, 0xe2, 0x0e, 0x00,
  0x90, 0x78, 0x07, 0x07, 0xe0, 0xff, 0xff, 0xff, 0xff, 0xe0, 0xff, 0x0f,
  0x00, 0xe2, 0x0f, 0x00, 0x90, 0x78, 0x08, 0x08, 0xe0, 0xff, 0xff, 0xff,
  0xff, 0xe0, 0xff, 0x0f, 0x00, 0xe2, 0x0f, 0x00, 0x02, 0x72, 0xe6, 0x00,
  0x09, 0x00, 0x00, 0x00, 0x00, 0x0f, 0x00, 0x00, 0x00, 0xe2, 0x0f, 0x00,
  0x02, 0x72, 0xe7, 0x00, 0x08, 0x00, 0x00, 0x00, 0x00, 0x0f, 0x00, 0x00,
  0x00, 0xe2, 0x0f, 0x00, 0x4a, 0x78, 0x0a, 0x07, 0x20, 0x00, 0x00, 0x00,
  0x00, 0x01, 0xfe, 0x0b, 0x00, 0xe2, 0x0f, 0x00, 0x4a, 0x78, 0x0b, 0x08,
  0x20, 0x00, 0x00, 0x00, 0x00, 0x01, 0xfe, 0x0b, 0x00, 0xe2, 0x0f, 0x00,
  0x24, 0x78, 0xd5, 0xd7, 0x28, 0x00, 0x00, 0x00, 0xff, 0x02, 0x8e, 0x07,
  0x00, 0xe4, 0x8f, 0x00, 0x25, 0x78, 0xd8, 0xd6, 0x28, 0x00, 0x00, 0x00,
  0xe6, 0x00, 0x8e, 0x07, 0x00, 0xc8, 0x0f, 0x00, 0x24, 0x78, 0xdb, 0xd7,
  0x30, 0x00, 0x00, 0x00, 0xff, 0x02, 0x8e, 0x07, 0x00, 0xe2, 0x0f, 0x00,
  0x19, 0x78, 0xda, 0xff, 0x04, 0x00, 0x00, 0x00, 0xc0, 0x16, 0x01, 0x00,
  0x00, 0xe2, 0x0f, 0x01, 0x1d, 0x7b, 0x00, 0x00, 0x00, 0x00, 0x00, 0x00,
  0x00, 0x00, 0x01, 0x00, 0x00, 0xe2, 0x0f, 0x00, 0x11, 0x72, 0xc0, 0xd6,
  0x09, 0x00, 0x00, 0x00, 0xff, 0x28, 0x80, 0x07, 0x00, 0xe4, 0x0f, 0x00,
  0x10, 0x72, 0xd9, 0xd9, 0xd5, 0x00, 0x00, 0x00, 0xff, 0xe0, 0xff, 0x07,
  0x00, 0xe4, 0x0f, 0x00, 0x10, 0x78, 0xc2, 0xda, 0x08, 0x00, 0x00, 0x00,
  0xff, 0xe0, 0xff, 0x07, 0x00, 0xe4, 0x0f, 0x00, 0x11, 0x72, 0xc1, 0xd6,
  0x08, 0x00, 0x00, 0x00, 0xd7, 0x2c, 0x0f, 0x00, 0x00, 0xe2, 0x0f, 0x04,
  0x25, 0x78, 0x08, 0xd6, 0x30, 0x00, 0x00, 0x00, 0xe6, 0x00, 0x8e, 0x07,
  0x00, 0xe2, 0x0f, 0x00, 0x10, 0x78, 0xdc, 0xda, 0x10, 0x00, 0x00, 0x00,
  0xff, 0xe0, 0xff, 0x07, 0x00, 0xe2, 0x0f, 0x04, 0x0c, 0x7c, 0x00, 0xda,
  0x0a, 0x00, 0x00, 0x00, 0x70, 0x62, 0xf4, 0x0b, 0x00, 0xe2, 0x0f, 0x00,
  0x0c, 0x7c, 0x00, 0xc2, 0x0a, 0x00, 0x00, 0x00, 0x70, 0x62, 0xf0, 0x0b,
  0x00, 0xe2, 0x0f, 0x04, 0x0c, 0x7c, 0x00, 0xc2, 0x0b, 0x00, 0x00, 0x00,
  0x70, 0x62, 0xf2, 0x0b, 0x00, 0xe2, 0x0f, 0x00, 0x0c, 0x7c, 0x00, 0xda,
  0x0b, 0x00, 0x00, 0x00, 0x70, 0x62, 0xf8, 0x0b, 0x00, 0xe2, 0x0f, 0x00,
  0x82, 0x7b, 0xc2, 0xff, 0x00, 0x00, 0x01, 0x00, 0x00, 0x0a, 0x00, 0x00,
  0x00, 0xe2, 0x0e, 0x00, 0x0c, 0x7c, 0x00, 0xdc, 0x0a, 0x00, 0x00, 0x00,
  0x70, 0x62, 0xfc, 0x0b, 0x00, 0xe2, 0x0f, 0x00, 0x10, 0x78, 0xda, 0xda,
  0x18, 0x00, 0x00, 0x00, 0xff, 0xe0, 0xff, 0x07, 0x00, 0xc4, 0x0f, 0x00,
  0x10, 0x72, 0x09, 0x09, 0xdb, 0x00, 0x00, 0x00, 0xff, 0xe0, 0xff, 0x07,
  0x00, 0xe2, 0x0f, 0x00, 0x25, 0x78, 0xe6, 0xd6, 0x38, 0x00, 0x00, 0x00,
  0xe6, 0x00, 0x8e, 0x07, 0x00, 0xe2, 0x0f, 0x00, 0x02, 0x72, 0xd6, 0x00,
  0x07, 0x00, 0x00, 0x00, 0x00, 0x0f, 0x00, 0x00, 0x00, 0xe2, 0x0f, 0x00,
  0x0c, 0x7c, 0x00, 0xdc, 0x0b, 0x00, 0x00, 0x00, 0x70, 0x62, 0xf6, 0x0b,
  0x00, 0xe2, 0x0f, 0x00, 0x0c, 0x7c, 0x00, 0xda, 0x0a, 0x00, 0x00, 0x00,
  0x70, 0x62, 0xfa, 0x0b, 0x00, 0xe2, 0x0f, 0x04, 0x24, 0x78, 0xd5, 0xd7,
  0x38, 0x00, 0x00, 0x00, 0xff, 0x02, 0x8e, 0x07, 0x00, 0xe2, 0x0f, 0x00,
  0x02, 0x72, 0xd7, 0x00, 0x06, 0x00, 0x00, 0x00, 0x00, 0x0f, 0x00, 0x00,
  0x00, 0xe2, 0x0f, 0x00, 0x84, 0xf9, 0xff, 0xff, 0x00, 0x00, 0x00, 0x00,
  0x00, 0x08, 0x00, 0x00, 0x00, 0xe2, 0x0f, 0x00, 0x84, 0xf9, 0xff, 0xff,
  0x00, 0x00, 0x00, 0x00, 0x00, 0x08, 0x00, 0x00, 0x00, 0xe2, 0x0f, 0x00,
  0x84, 0xf9, 0xff, 0xff, 0x00, 0x00, 0x00, 0x00, 0x00, 0x08, 0x00, 0x00,
  0x00, 0xe2, 0x0f, 0x00, 0xae, 0x7f, 0xd4, 0xc0, 0x00, 0x00, 0x00, 0x00,
  0x0e, 0x18, 0x18, 0x0d, 0x00, 0xe2, 0x0f, 0x00, 0x0c, 0x7c, 0x00, 0xda,
  0x0b, 0x00, 0x00, 0x00, 0x70, 0x62, 0xf4, 0x0b, 0x00, 0xe4, 0x0f, 0x00,
  0x10, 0x72, 0xe7, 0xe7, 0xd5, 0x00, 0x00, 0x00, 0xff, 0xe0, 0xff, 0x07,
  0x00, 0xe2, 0x0f, 0x00, 0xae, 0x7f, 0xd4, 0xd8, 0x00, 0x00, 0x80, 0x00,
  0x0e, 0x18, 0x18, 0x0c, 0x00, 0xe8, 0x09, 0x00, 0xae, 0x7f, 0xd4, 0x08,
  0x00, 0x00, 0x00, 0x01, 0x0e, 0x18, 0x18, 0x0f, 0x00, 0xe2, 0x05, 0x00,
  0x25, 0x78, 0xda, 0xc2, 0x38, 0x00, 0x00, 0x00, 0xd6, 0x00, 0x8e, 0x07,
  0x00, 0xc6, 0x8f, 0x00, 0xae, 0x7f, 0xd4, 0xe6, 0x00, 0x00, 0x80, 0x01,
  0x0e, 0x18, 0x98, 0x0e, 0x00, 0xe2, 0x0f, 0x00, 0x25, 0x78, 0xd8, 0xc2,
  0x30, 0x00, 0x00, 0x00, 0xd6, 0x00, 0x8e, 0x07, 0x00, 0xc8, 0x0f, 0x01,
  0x25, 0x78, 0x08, 0xc2, 0x28, 0x00, 0x00, 0x00, 0xd6, 0x00, 0x8e, 0x07,
  0x00, 0xe2, 0x4f, 0x04, 0x11, 0x72, 0xd6, 0xc2, 0x07, 0x00, 0x00, 0x00,
  0xff, 0x28, 0x80, 0x07, 0x00, 0xc6, 0x0f, 0x00, 0x24, 0x78, 0xd7, 0xc3,
  0x30, 0x00, 0x00, 0x00, 0xff, 0x02, 0x8e, 0x07, 0x00, 0xe4, 0x0f, 0x04,
  0x24, 0x78, 0xd5, 0xc3, 0x28, 0x00, 0x00, 0x00, 0xff, 0x02, 0x8e, 0x07,
  0x00, 0xe2, 0x0f, 0x04, 0x02, 0x72, 0x07, 0x00, 0xd6, 0x00, 0x00, 0x00,
  0x00, 0x0f, 0x00, 0x00, 0x00, 0xe2, 0x0f, 0x00, 0x24, 0x78, 0xe9, 0xc3,
  0x38, 0x00, 0x00, 0x00, 0xff, 0x02, 0x8e, 0x07, 0x00, 0xe2, 0x0f, 0x00,
  0x10, 0x72, 0xd9, 0xd9, 0xd7, 0x00, 0x00, 0x00, 0xff, 0xe0, 0xff, 0x07,
  0x00, 0xe4, 0x0f, 0x00, 0x11, 0x72, 0xd7, 0xc2, 0x06, 0x00, 0x00, 0x00,
  0xc3, 0x2c, 0x0f, 0x00, 0x00, 0xe4, 0x0f, 0x00, 0x10, 0x72, 0x09, 0x09,
  0xd5, 0x00, 0x00, 0x00, 0xff, 0xe0, 0xff, 0x07, 0x00, 0xe4, 0x0f, 0x00,
  0x10, 0x72, 0xdb, 0xdb, 0xe9, 0x00, 0x00, 0x00, 0xff, 0xe0, 0xff, 0x07,
  0x00, 0xe2, 0x0f, 0x00, 0xae, 0x7f, 0xd3, 0xd6, 0x00, 0x00, 0x00, 0x00,
  0x0e, 0x18, 0x18, 0x0e, 0x00, 0xe2, 0x0f, 0x00, 0x02, 0x72, 0x06, 0x00,
  0xd7, 0x00, 0x00, 0x00, 0x00, 0x0f, 0x00, 0x00, 0x00, 0xc6, 0x0f, 0x00,
  0xae, 0x7f, 0xd3, 0x08, 0x00, 0x00, 0x80, 0x00, 0x0e, 0x18, 0x98, 0x0c,
  0x00, 0xe8, 0x05, 0x00, 0xae, 0x7f, 0xd3, 0xd8, 0x00, 0x00, 0x00, 0x01,
  0x0e, 0x18, 0x98, 0x0d, 0x00, 0xe8, 0x07, 0x00, 0xae, 0x7f, 0xd3, 0xda,
  0x00, 0x00, 0x80, 0x01, 0x0e, 0x18, 0x18, 0x0d, 0x00, 0xe8, 0x07, 0x00,
  0xaf, 0x79, 0x00, 0x00, 0x00, 0x00, 0x00, 0x00, 0x00, 0x00, 0x00, 0x00,
  0x00, 0x22, 0x0e, 0x00, 0x02, 0x72, 0x09, 0x00, 0xc0, 0x00, 0x00, 0x00,
  0x00, 0x0f, 0x00, 0x00, 0x00, 0xe2, 0x4f, 0x00, 0x02, 0x72, 0x08, 0x00,
  0xc1, 0x00, 0x00, 0x00, 0x00, 0x0f, 0x00, 0x00, 0x00, 0xce, 0x0f, 0x00,
  0x3c, 0x72, 0xc2, 0x2c, 0x46, 0x00, 0x00, 0x00, 0xff, 0x08, 0x00, 0x00,
  0x00, 0xe2, 0x2f, 0x00, 0x82, 0x7b, 0xd5, 0xff, 0x00, 0x5d, 0x01, 0x00,
  0x00, 0x08, 0x00, 0x00, 0x00, 0x62, 0x0e, 0x00, 0x8c, 0x72, 0x00, 0x04,
  0x10, 0x00, 0x00, 0x00, 0x70, 0x62, 0xf2, 0x0b, 0x00, 0xe2, 0x0f, 0x00,
  0x0c, 0x7c, 0x00, 0xff, 0x09, 0x00, 0x00, 0x00, 0x70, 0x22, 0xf2, 0x0b,
  0x00, 0xe2, 0x4f, 0x00, 0x02, 0x72, 0xe6, 0x00, 0x04, 0x00, 0x00, 0x00,
  0x00, 0x0f, 0x00, 0x00, 0x00, 0xe2, 0x0f, 0x00, 0x02, 0x72, 0xe7, 0x00,
  0x03, 0x00, 0x00, 0x00, 0x00, 0x0f, 0x00, 0x00, 0x00, 0xe2, 0x0f, 0x00,
  0x02, 0x72, 0xe9, 0x00, 0x02, 0x00, 0x00, 0x00, 0x00, 0x0f, 0x00, 0x00,
  0x00, 0xe2, 0x0f, 0x00, 0x02, 0x72, 0xea, 0x00, 0x00, 0x00, 0x00, 0x00,
  0x00, 0x0f, 0x00, 0x00, 0x00, 0xe2, 0x0f, 0x00, 0x1c, 0x78, 0x08, 0x00,
  0x00, 0x00, 0x00, 0x00, 0x18, 0xf0, 0xf0, 0x03, 0x00, 0xd0, 0x0f, 0x00,
  0x3c, 0x72, 0xd6, 0x2c, 0x40, 0x00, 0x00, 0x00, 0xff, 0x08, 0x00, 0x00,
  0x00, 0xde, 0x0f, 0x00, 0x18, 0x79, 0x00, 0x00, 0x00, 0x00, 0x00, 0x00,
  0x00, 0x00, 0x00, 0x00, 0x00, 0xe2, 0x0f, 0x00, 0x3c, 0x72, 0xd8, 0x2c,
  0x42, 0x00, 0x00, 0x00, 0xff, 0x08, 0x00, 0x00, 0x00, 0xde, 0x8f, 0x00,
  0x18, 0x79, 0x00, 0x00, 0x00, 0x00, 0x00, 0x00, 0x00, 0x00, 0x00, 0x00,
  0x00, 0xe2, 0x0f, 0x00, 0x3c, 0x72, 0xc0, 0x2c, 0x44, 0x00, 0x00, 0x00,
  0xff, 0x08, 0x00, 0x00, 0x00, 0xde, 0x0f, 0x00, 0x18, 0x79, 0x00, 0x00,
  0x00, 0x00, 0x00, 0x00, 0x00, 0x00, 0x00, 0x00, 0x00, 0xe2, 0x0f, 0x00,
  0x3c, 0x72, 0xc2, 0x20, 0x4e, 0x00, 0x00, 0x00, 0xc2, 0x08, 0x00, 0x00,
  0x00, 0xde, 0x0f, 0x00, 0x18, 0x79, 0x00, 0x00, 0x00, 0x00, 0x00, 0x00,
  0x00, 0x00, 0x00, 0x00, 0x00, 0xe2, 0x0f, 0x00, 0x3c, 0x72, 0xd6, 0x20,
  0x48, 0x00, 0x00, 0x00, 0xd6, 0x08, 0x00, 0x00, 0x00, 0xde, 0x0f, 0x00,
  0x18, 0x79, 0x00, 0x00, 0x00, 0x00, 0x00, 0x00, 0x00, 0x00, 0x00, 0x00,
  0x00, 0xe2, 0x0f, 0x00, 0x3c, 0x72, 0xd8, 0x20, 0x4a, 0x00, 0x00, 0x00,
  0xd8, 0x08, 0x00, 0x00, 0x00, 0xde, 0x0f, 0x00, 0x18, 0x79, 0x00, 0x00,
  0x00, 0x00, 0x00, 0x00, 0x00, 0x00, 0x00, 0x00, 0x00, 0xe2, 0x0f, 0x00,
  0x3c, 0x72, 0xc0, 0x20, 0x4c, 0x00, 0x00, 0x00, 0xc0, 0x08, 0x00, 0x00,
  0x00, 0xde, 0x0f, 0x00, 0x18, 0x79, 0x00, 0x00, 0x00, 0x00, 0x00, 0x00,
  0x00, 0x00, 0x00, 0x00, 0x00, 0xe2, 0x0f, 0x00, 0x3c, 0x72, 0xc2, 0x24,
  0x56, 0x00, 0x00, 0x00, 0xc2, 0x08, 0x00, 0x00, 0x00, 0xde, 0x0f, 0x00,
  0x18, 0x79, 0x00, 0x00, 0x00, 0x00, 0x00, 0x00, 0x00, 0x00, 0x00, 0x00,
  0x00, 0xe2, 0x0f, 0x00, 0x3c, 0x72, 0xd6, 0x24, 0x50, 0x00, 0x00, 0x00,
  0xd6, 0x08, 0x00, 0x00, 0x00, 0xde, 0x0f, 0x00, 0x18, 0x79, 0x00, 0x00,
  0x00, 0x00, 0x00, 0x00, 0x00, 0x00, 0x00, 0x00, 0x00, 0xe2, 0x0f, 0x00,
  0x3c, 0x72, 0xd8, 0x24, 0x52, 0x00, 0x00, 0x00, 0xd8, 0x08, 0x00, 0x00,
  0x00, 0xde, 0x0f, 0x00, 0x18, 0x79, 0x00, 0x00, 0x00, 0x00, 0x00, 0x00,
  0x00, 0x00, 0x00, 0x00, 0x00, 0xe2, 0x0f, 0x00, 0x3c, 0x72, 0xc0, 0x24,
  0x54, 0x00, 0x00, 0x00, 0xc0, 0x08, 0x00, 0x00, 0x00, 0xde, 0x0f, 0x00,
  0x18, 0x79, 0x00, 0x00, 0x00, 0x00, 0x00, 0x00, 0x00, 0x00, 0x00, 0x00,
  0x00, 0xe2, 0x0f, 0x00, 0x3c, 0x72, 0xc2, 0x28, 0x5e, 0x00, 0x00, 0x00,
  0xc2, 0x08, 0x00, 0x00, 0x00, 0xde, 0x0f, 0x00, 0x18, 0x79, 0x00, 0x00,
  0x00, 0x00, 0x00, 0x00, 0x00, 0x00, 0x00, 0x00, 0x00, 0xe2, 0x0f, 0x00,
  0x3c, 0x72, 0xd6, 0x28, 0x58, 0x00, 0x00, 0x00, 0xd6, 0x08, 0x00, 0x00,
  0x00, 0xde, 0x0f, 0x00, 0x18, 0x79, 0x00, 0x00, 0x00, 0x00, 0x00, 0x00,
  0x00, 0x00, 0x00, 0x00, 0x00, 0xe2, 0x0f, 0x00, 0x3c, 0x72, 0xd8, 0x28,
  0x5a, 0x00, 0x00, 0x00, 0xd8, 0x08, 0x00, 0x00, 0x00, 0xde, 0x0f, 0x00,
  0x18, 0x79, 0x00, 0x00, 0x00, 0x00, 0x00, 0x00, 0x00, 0x00, 0x00, 0x00,
  0x00, 0xe2, 0x0f, 0x00, 0x3c, 0x72, 0xc0, 0x28, 0x5c, 0x00, 0x00, 0x00,
  0xc0, 0x08, 0x00, 0x00, 0x00, 0xde, 0x0f, 0x00, 0x18, 0x79, 0x00, 0x00,
  0x00, 0x00, 0x00, 0x00, 0x00, 0x00, 0x00, 0x00, 0x00, 0xe2, 0x0f, 0x00,
  0x3c, 0x72, 0xc2, 0x30, 0x66, 0x00, 0x00, 0x00, 0xc2, 0x08, 0x00, 0x00,
  0x00, 0xde, 0x0f, 0x00, 0x18, 0x79, 0x00, 0x00, 0x00, 0x00, 0x00, 0x00,
  0x00, 0x00, 0x00, 0x00, 0x00, 0xe2, 0x0f, 0x00, 0x3c, 0x72, 0xd6, 0x30,
  0x60, 0x00, 0x00, 0x00, 0xd6, 0x08, 0x00, 0x00, 0x00, 0xde, 0x0f, 0x00,
  0x18, 0x79, 0x00, 0x00, 0x00, 0x00, 0x00, 0x00, 0x00, 0x00, 0x00, 0x00,
  0x00, 0xe2, 0x0f, 0x00, 0x3c, 0x72, 0xd8, 0x30, 0x62, 0x00, 0x00, 0x00,
  0xd8, 0x08, 0x00, 0x00, 0x00, 0xde, 0x0f, 0x00, 0x18, 0x79, 0x00, 0x00,
  0x00, 0x00, 0x00, 0x00, 0x00, 0x00, 0x00, 0x00, 0x00, 0xe2, 0x0f, 0x00,
  0x3c, 0x72, 0xc0, 0x30, 0x64, 0x00, 0x00, 0x00, 0xc0, 0x08, 0x00, 0x00,
  0x00, 0xde, 0x0f, 0x00, 0x18, 0x79, 0x00, 0x00, 0x00, 0x00, 0x00, 0x00,
  0x00, 0x00, 0x00, 0x00, 0x00, 0xe2, 0x0f, 0x00, 0x3c, 0x72, 0xc2, 0x34,
  0x6e, 0x00, 0x00, 0x00, 0xc2, 0x08, 0x00, 0x00, 0x00, 0xde, 0x0f, 0x00,
  0x18, 0x79, 0x00, 0x00, 0x00, 0x00, 0x00, 0x00, 0x00, 0x00, 0x00, 0x00,
  0x00, 0xe2, 0x0f, 0x00, 0x3c, 0x72, 0xd6, 0x34, 0x68, 0x00, 0x00, 0x00,
  0xd6, 0x08, 0x00, 0x00, 0x00, 0xde, 0x0f, 0x00, 0x18, 0x79, 0x00, 0x00,
  0x00, 0x00, 0x00, 0x00, 0x00, 0x00, 0x00, 0x00, 0x00, 0xe2, 0x0f, 0x00,
  0x3c, 0x72, 0xd8, 0x34, 0x6a, 0x00, 0x00, 0x00, 0xd8, 0x08, 0x00, 0x00,
  0x00, 0xde, 0x0f, 0x00, 0x18, 0x79, 0x00, 0x00, 0x00, 0x00, 0x00, 0x00,
  0x00, 0x00, 0x00, 0x00, 0x00, 0xe2, 0x0f, 0x00, 0x3c, 0x72, 0xc0, 0x34,
  0x6c, 0x00, 0x00, 0x00, 0xc0, 0x08, 0x00, 0x00, 0x00, 0xde, 0x0f, 0x00,
  0x18, 0x79, 0x00, 0x00, 0x00, 0x00, 0x00, 0x00, 0x00, 0x00, 0x00, 0x00,
  0x00, 0xe2, 0x0f, 0x00, 0x3c, 0x72, 0xc2, 0x38, 0x76, 0x00, 0x00, 0x00,
  0xc2, 0x08, 0x00, 0x00, 0x00, 0xde, 0x0f, 0x00, 0x18, 0x79, 0x00, 0x00,
  0x00, 0x00, 0x00, 0x00, 0x00, 0x00, 0x00, 0x00, 0x00, 0xe2, 0x0f, 0x00,
  0x3c, 0x72, 0xd6, 0x38, 0x70, 0x00, 0x00, 0x00, 0xd6, 0x08, 0x00, 0x00,
  0x00, 0xde, 0x0f, 0x00, 0x18, 0x79, 0x00, 0x00, 0x00, 0x00, 0x00, 0x00,
  0x00, 0x00, 0x00, 0x00, 0x00, 0xe2, 0x0f, 0x00, 0x3c, 0x72, 0xd8, 0x38,
  0x72, 0x00, 0x00, 0x00, 0xd8, 0x08, 0x00, 0x00, 0x00, 0xde, 0x0f, 0x00,
  0x18, 0x79, 0x00, 0x00, 0x00, 0x00, 0x00, 0x00, 0x00, 0x00, 0x00, 0x00,
  0x00, 0xe2, 0x0f, 0x00, 0x3c, 0x72, 0xc0, 0x38, 0x74, 0x00, 0x00, 0x00,
  0xc0, 0x08, 0x00, 0x00, 0x00, 0xde, 0x0f, 0x00, 0x18, 0x79, 0x00, 0x00,
  0x00, 0x00, 0x00, 0x00, 0x00, 0x00, 0x00, 0x00, 0x00, 0xe2, 0x0f, 0x00,
  0x3c, 0x72, 0xc2, 0x3c, 0x7e, 0x00, 0x00, 0x00, 0xc2, 0x08, 0x00, 0x00,
  0x00, 0xde, 0x0f, 0x00, 0x18, 0x79, 0x00, 0x00, 0x00, 0x00, 0x00, 0x00,
  0x00, 0x00, 0x00, 0x00, 0x00, 0xe2, 0x0f, 0x00, 0x3c, 0x72, 0xd6, 0x3c,
  0x78, 0x00, 0x00, 0x00, 0xd6, 0x08, 0x00, 0x00, 0x00, 0xd8, 0x0f, 0x00,
  0x32, 0x72, 0xc3, 0xc3, 0xd5, 0x00, 0x00, 0x00, 0x00, 0x00, 0x00, 0x00,
  0x00, 0xe4, 0x2f, 0x08, 0x32, 0x72, 0xc2, 0xc2, 0xd5, 0x00, 0x00, 0x00,
  0x00, 0x00, 0x00, 0x00, 0x00, 0xe4, 0x0f, 0x00, 0x3c, 0x72, 0xd8, 0x3c,
  0x7a, 0x00, 0x00, 0x00, 0xd8, 0x08, 0x00, 0x00, 0x00, 0xe2, 0x0f, 0x00,
  0x40, 0x78, 0xc3, 0xc3, 0xff, 0x7b, 0xff, 0x7b, 0x00, 0x02, 0x84, 0x03,
  0x00, 0xe4, 0x0f, 0x00, 0x40, 0x78, 0xc2, 0xc2, 0xff, 0x7b, 0xff, 0x7b,
  0x00, 0x02, 0x84, 0x03, 0x00, 0xc6, 0x0f, 0x00, 0x30, 0x72, 0xdb, 0xff,
  0xc3, 0x00, 0x00, 0x30, 0x00, 0x41, 0x00, 0x00, 0x00, 0xe4, 0x0f, 0x10,
  0x30, 0x72, 0xdc, 0xff, 0xc2, 0x00, 0x00, 0x20, 0x00, 0x41, 0x00, 0x00,
  0x00, 0xe4, 0x0f, 0x10, 0x30, 0x72, 0xf2, 0xff, 0xc2, 0x00, 0x00, 0x30,
  0x00, 0x41, 0x00, 0x00, 0x00, 0xe2, 0x0f, 0x00, 0x02, 0x72, 0xf0, 0x00,
  0xdb, 0x00, 0x00, 0x00, 0x00, 0x0f, 0x00, 0x00, 0x00, 0xe2, 0x0f, 0x00,
  0x32, 0x72, 0xd6, 0xd6, 0xd5, 0x00, 0x00, 0x00, 0x00, 0x00, 0x00, 0x00,
  0x00, 0xe4, 0x0f, 0x08, 0x30, 0x72, 0xda, 0xff, 0xc3, 0x00, 0x00, 0x20,
  0x00, 0x41, 0x00, 0x00, 0x00, 0xe4, 0x0f, 0x00, 0x32, 0x72, 0xd7, 0xd7,
  0xd5, 0x00, 0x00, 0x00, 0x00, 0x00, 0x00, 0x00, 0x00, 0xe2, 0x0f, 0x00,
  0x3c, 0x72, 0xc0, 0x3c, 0x7c, 0x00, 0x00, 0x00, 0xc0, 0x08, 0x00, 0x00,
  0x00, 0xe2, 0x0f, 0x00, 0x40, 0x78, 0xd6, 0xd6, 0xff, 0x7b, 0xff, 0x7b,
  0x00, 0x02, 0x84, 0x03, 0x00, 0xc6, 0x0f, 0x00, 0x40, 0x78, 0xd7, 0xd7,
  0xff, 0x7b, 0xff, 0x7b, 0x00, 0x02, 0x84, 0x03, 0x00, 0xe4, 0x0f, 0x00,
  0x30, 0x72, 0xf8, 0xff, 0xd6, 0x00, 0x00, 0x20, 0x00, 0x41, 0x00, 0x00,
  0x00, 0xe4, 0x0f, 0x10, 0x30, 0x72, 0xf7, 0xff, 0xd6, 0x00, 0x00, 0x30,
  0x00, 0x41, 0x00, 0x00, 0x00, 0xe4, 0x0f, 0x00, 0x30, 0x72, 0xf1, 0xff,
  0xd7, 0x00, 0x00, 0x20, 0x00, 0x41, 0x00, 0x00, 0x00, 0xe4, 0x0f, 0x10,
  0x32, 0x72, 0xd8, 0xd8, 0xd5, 0x00, 0x00, 0x00, 0x00, 0x00, 0x00, 0x00,
  0x00, 0xe4, 0x0f, 0x00, 0x30, 0x72, 0xeb, 0xff, 0xd7, 0x00, 0x00, 0x30,
  0x00, 0x41, 0x00, 0x00, 0x00, 0xc4, 0x0f, 0x00, 0x32, 0x72, 0xd9, 0xd9,
  0xd5, 0x00, 0x00, 0x00, 0x00, 0x00, 0x00, 0x00, 0x00, 0xe2, 0x0f, 0x00,
  0x40, 0x78, 0xd8, 0xd8, 0xff, 0x7b, 0xff, 0x7b, 0x00, 0x02, 0x84, 0x03,
  0x00, 0xc8, 0x0f, 0x00, 0x40, 0x78, 0xd9, 0xd9, 0xff, 0x7b, 0xff, 0x7b,
  0x00, 0x02, 0x84, 0x03, 0x00, 0xe2, 0x0f, 0x00, 0x30, 0x72, 0xf6, 0xff,
  0xd8, 0x00, 0x00, 0x20, 0x00, 0x41, 0x00, 0x00, 0x00, 0xe4, 0x0f, 0x10,
  0x30, 0x72, 0xf5, 0xff, 0xd8, 0x00, 0x00, 0x30, 0x00, 0x41, 0x00, 0x00,
  0x00, 0xe4, 0x0f, 0x00, 0x30, 0x72, 0xec, 0xff, 0xd9, 0x00, 0x00, 0x20,
  0x00, 0x41, 0x00, 0x00, 0x00, 0xe4, 0x0f, 0x10, 0x32, 0x72, 0xc0, 0xc0,
  0xd5, 0x00, 0x00, 0x00, 0x00, 0x00, 0x00, 0x00, 0x00, 0xe4, 0x0f, 0x08,
  0x30, 0x72, 0xed, 0xff, 0xd9, 0x00, 0x00, 0x30, 0x00, 0x41, 0x00, 0x00,
  0x00, 0xe4, 0x0f, 0x00, 0x32, 0x72, 0xc1, 0xc1, 0xd5, 0x00, 0x00, 0x00,
  0x00, 0x00, 0x00, 0x00, 0x00, 0xe2, 0x0f, 0x00, 0x40, 0x78, 0xc0, 0xc0,
  0xff, 0x7b, 0xff, 0x7b, 0x00, 0x02, 0x84, 0x03, 0x00, 0xc8, 0x0f, 0x00,
  0x40, 0x78, 0xc1, 0xc1, 0xff, 0x7b, 0xff, 0x7b, 0x00, 0x02, 0x84, 0x03,
  0x00, 0xe2, 0x0f, 0x00, 0x30, 0x72, 0xf4, 0xff, 0xc0, 0x00, 0x00, 0x20,
  0x00, 0x41, 0x00, 0x00, 0x00, 0xe4, 0x0f, 0x10, 0x30, 0x72, 0xf3, 0xff,
  0xc0, 0x00, 0x00, 0x30, 0x00, 0x41, 0x00, 0x00, 0x00, 0xe4, 0x0f, 0x00,
  0x30, 0x72, 0xee, 0xff, 0xc1, 0x00, 0x00, 0x20, 0x00, 0x41, 0x00, 0x00,
  0x00, 0xe4, 0x0f, 0x10, 0x30, 0x72, 0xef, 0xff, 0xc1, 0x00, 0x00, 0x30,
  0x00, 0x41, 0x00, 0x00, 0x00, 0xe2, 0x0f, 0x00, 0x47, 0x89, 0xa0, 0x00,
  0x0c, 0x00, 0x00, 0x00, 0x00, 0x00, 0x80, 0x00, 0x00, 0xec, 0x0f, 0x00,
  0x82, 0x7c, 0x09, 0x00, 0x11, 0x00, 0x00, 0x00, 0x00, 0x00, 0x00, 0x08,
  0x00, 0xe2, 0x0f, 0x00, 0x45, 0x79, 0x00, 0x00, 0x60, 0x0e, 0x00, 0x00,
  0x00, 0x02, 0x80, 0x03, 0x00, 0xe2, 0x0f, 0x00, 0x8c, 0x72, 0x00, 0x09,
  0xff, 0x00, 0x00, 0x00, 0x70, 0x52, 0xf2, 0x0b, 0x00, 0xd2, 0x0f, 0x00,
  0x47, 0x75, 0xf0, 0x09, 0x09, 0x00, 0x00, 0x00, 0x00, 0x00, 0x80, 0x0b,
  0x00, 0xea, 0x0f, 0x00, 0x19, 0x79, 0x03, 0x00, 0x00, 0x00, 0x00, 0x00,
  0x00, 0x21, 0x00, 0x00, 0x00, 0x62, 0x0e, 0x00, 0xc3, 0x79, 0x0a, 0x00,
  0x00, 0x00, 0x00, 0x00, 0x00, 0x26, 0x00, 0x00, 0x00, 0xa2, 0x0e, 0x00,
  0x02, 0x78, 0xf9, 0x00, 0xff, 0xff, 0x7f, 0xff, 0x00, 0x0f, 0x00, 0x00,
  0x00, 0xe2, 0x0f, 0x00, 0x02, 0x78, 0xfa, 0x00, 0xff, 0xff, 0x7f, 0xff,
  0x00, 0x0f, 0x00, 0x00, 0x00, 0xe2, 0x0f, 0x00, 0x02, 0x78, 0xfb, 0x00,
  0xff, 0xff, 0x7f, 0xff, 0x00, 0x0f, 0x00, 0x00, 0x00, 0xe2, 0x0f, 0x00,
  0x02, 0x78, 0xfc, 0x00, 0xff, 0xff, 0x7f, 0xff, 0x00, 0x0f, 0x00, 0x00,
  0x00, 0xe2, 0x0f, 0x00, 0x90, 0x72, 0x0a, 0x0a, 0x14, 0x00, 0x00, 0x00,
  0xff, 0xe0, 0xff, 0x0f, 0x00, 0xc8, 0x4f, 0x01, 0x8c, 0x72, 0x00, 0x0a,
  0x15, 0x00, 0x00, 0x00, 0x70, 0x62, 0xf2, 0x0b, 0x00, 0xe2, 0x0f, 0x00,
  0x19, 0x78, 0x00, 0xff, 0x03, 0x00, 0x00, 0x00, 0x03, 0x16, 0x01, 0x00,
  0x00, 0xe4, 0x2f, 0x00, 0x10, 0x72, 0x03, 0x03, 0x03, 0x00, 0x00, 0x00,
  0xff, 0xe0, 0xff, 0x07, 0x00, 0xe4, 0x0f, 0x00, 0x12, 0x78, 0x00, 0x00,
  0x70, 0x00, 0x00, 0x00, 0xff, 0xc0, 0x8e, 0x07, 0x00, 0xc8, 0x0f, 0x00,
  0x12, 0x78, 0x00, 0x00, 0x06, 0x00, 0x00, 0x00, 0x03, 0xf8, 0x8e, 0x07,
  0x00, 0xe4, 0x0f, 0x00, 0x82, 0x9c, 0x0b, 0x00, 0x0a, 0x00, 0x00, 0x00,
  0x00, 0x00, 0x00, 0x08, 0x00, 0xe2, 0x0f, 0x00, 0x02, 0x7c, 0x03, 0x00,
  0x04, 0x00, 0x00, 0x00, 0x00, 0x0f, 0x00, 0x08, 0x00, 0xe2, 0x0f, 0x00,
  0x90, 0x12, 0x0b, 0x0a, 0x15, 0x00, 0x00, 0x80, 0xff, 0xe0, 0xff, 0x0f,
  0x00, 0xe2, 0x0f, 0x00, 0x82, 0x98, 0x0c, 0x00, 0x02, 0x00, 0x00, 0x00,
  0x00, 0x00, 0x00, 0x00, 0x00, 0xe2, 0x0f, 0x00, 0x10, 0x7c, 0xf0, 0x00,
  0x04, 0x00, 0x00, 0x00, 0xff, 0xe0, 0xff, 0x0f, 0x00, 0xe2, 0x0f, 0x04,
  0x82, 0x18, 0x0c, 0x00, 0x01, 0x00, 0x00, 0x00, 0x00, 0x00, 0x00, 0x00,
  0x00, 0xe2, 0x0f, 0x00, 0x10, 0x78, 0x02, 0x00, 0x08, 0x00, 0x00, 0x00,
  0x03, 0xe0, 0xff, 0x07, 0x00, 0xe2, 0x0f, 0x00, 0x90, 0x72, 0x0c, 0x0c,
  0x0b, 0x00, 0x00, 0x00, 0x0b, 0xe0, 0xff, 0x0f, 0x00, 0xe4, 0x0f, 0x00,
  0x0c, 0x72, 0x00, 0x05, 0xf0, 0x00, 0x00, 0x00, 0x70, 0x42, 0xf2, 0x03,
  0x00, 0xe2, 0x0f, 0x0c, 0x0c, 0x72, 0x00, 0x05, 0xf0, 0x00, 0x00, 0x00,
  0x70, 0x62, 0xf0, 0x03, 0x00, 0xe2, 0x0f, 0x04, 0x0c, 0x72, 0x00, 0x05,
  0x02, 0x00, 0x00, 0x00, 0x70, 0x62, 0xf4, 0x03, 0x00, 0xe2, 0x0f, 0x00,
  0x5e, 0x72, 0x0c, 0x00, 0x0c, 0x00, 0x00, 0x00, 0x00, 0x14, 0x20, 0x08,
  0x00, 0xc8, 0x0f, 0x00, 0x56, 0x72, 0x0c, 0x0c, 0x16, 0x00, 0x00, 0x00,
  0x00, 0x00, 0x41, 0x08, 0x00, 0xcc, 0x0f, 0x00, 0x82, 0x1b, 0xc3, 0xff,
  0x00, 0x71, 0x01, 0x00, 0x00, 0x08, 0x00, 0x00, 0x00, 0x66, 0x0e, 0x00,
  0x08, 0x7d, 0x02, 0x00, 0x0c, 0x00, 0x00, 0x00, 0x00, 0x08, 0x00, 0x08,
  0x00, 0xaa, 0x0e, 0x00, 0x82, 0x2b, 0x03, 0xff, 0x00, 0x71, 0x01, 0x00,
  0x00, 0x08, 0x00, 0x00, 0x00, 0xf0, 0x0e, 0x00, 0x82, 0x0b, 0xd5, 0xff,
  0x00, 0x71, 0x01, 0x00, 0x00, 0x08, 0x00, 0x00, 0x00, 0x22, 0x0f, 0x00,
  0x20, 0x7c, 0x02, 0x02, 0x17, 0x00, 0x00, 0x00, 0x00, 0x00, 0x41, 0x08,
  0x00, 0xe2, 0x4f, 0x00, 0x10, 0x1c, 0x04, 0x00, 0x04, 0x00, 0x00, 0x00,
  0xc3, 0xe0, 0xff, 0x0f, 0x00, 0xcc, 0x2f, 0x00, 0x82, 0x0b, 0xc3, 0xff,
  0x00, 0x71, 0x01, 0x00, 0x00, 0x08, 0x00, 0x00, 0x00, 0x62, 0x0e, 0x00,
  0x10, 0x18, 0x04, 0x04, 0x01, 0x00, 0x00, 0x00, 0xff, 0xe0, 0xff, 0x07,
  0x00, 0xe4, 0x0f, 0x00, 0x10, 0x2c, 0x03, 0x00, 0x04, 0x00, 0x00, 0x00,
  0x03, 0xe0, 0xff, 0x0f, 0x00, 0xc8, 0x8f, 0x00, 0x10, 0x28, 0x03, 0x03,
  0x08, 0x00, 0x00, 0x00, 0xff, 0xe0, 0xff, 0x07, 0x00, 0xe4, 0x0f, 0x00,
  0x10, 0x0c, 0xd5, 0x00, 0x04, 0x00, 0x00, 0x00, 0xd5, 0xe0, 0xff, 0x0f,
  0x00, 0xe4, 0x0f, 0x01, 0x45, 0x22, 0x03, 0x00, 0x03, 0x00, 0x00, 0x00,
  0x00, 0x14, 0x20, 0x00, 0x00, 0xe4, 0x0f, 0x00, 0x10, 0x08, 0xd5, 0xd5,
  0x08, 0x00, 0x00, 0x00, 0xff, 0xe0, 0xff, 0x07, 0x00, 0xc6, 0x0f, 0x00,
  0x20, 0x22, 0xc1, 0x02, 0x03, 0x00, 0x00, 0x00, 0x00, 0x00, 0x41, 0x00,
  0x00, 0xe2, 0x0f, 0x00, 0x02, 0x78, 0x03, 0x00, 0xff, 0xff, 0x7f, 0xff,
  0x00, 0x0f, 0x00, 0x00, 0x00, 0xe2, 0x0f, 0x00, 0x45, 0x02, 0xd5, 0x00,
  0xd5, 0x00, 0x00, 0x00, 0x00, 0x14, 0x20, 0x00, 0x00, 0xe4, 0x0f, 0x00,
  0x23, 0x2c, 0x03, 0xf6, 0x17, 0x00, 0x00, 0x00, 0xc1, 0x00, 0x01, 0x08,
  0x00, 0xe2, 0x0f, 0x00, 0x45, 0x12, 0xc1, 0x00, 0x04, 0x00, 0x00, 0x00,
  0x00, 0x14, 0x20, 0x00, 0x00, 0xe2, 0x0f, 0x00, 0x02, 0x78, 0x04, 0x00,
  0xff, 0xff, 0x7f, 0xff, 0x00, 0x0f, 0x00, 0x00, 0x00, 0xe2, 0x0f, 0x00,
  0x20, 0x02, 0xd5, 0x02, 0xd5, 0x00, 0x00, 0x00, 0x00, 0x00, 0x41, 0x00,
  0x00, 0xe4, 0x0f, 0x04, 0x02, 0x72, 0xf6, 0x00, 0x03, 0x00, 0x00, 0x00,
  0x00, 0x0f, 0x00, 0x00, 0x00, 0xe2, 0x0f, 0x00, 0x20, 0x12, 0xc0, 0x02,
  0xc1, 0x00, 0x00, 0x00, 0x00, 0x00, 0x41, 0x00, 0x00, 0xe2, 0x0f, 0x00,
  0x02, 0x7c, 0xc1, 0x00, 0x04, 0x00, 0x00, 0x00, 0x00, 0x0f, 0x00, 0x08,
  0x00, 0xc6, 0x0f, 0x00, 0x23, 0x1c, 0x04, 0xf7, 0x17, 0x00, 0x00, 0x00,
  0xc0, 0x00, 0x01, 0x08, 0x00, 0xe2, 0x0f, 0x00, 0x10, 0x0c, 0xc0, 0x00,
  0x04, 0x00, 0x00, 0x00, 0xc3, 0xe0, 0xff, 0x0f, 0x00, 0xe4, 0x2f, 0x04,
  0x10, 0x78, 0xc2, 0x00, 0x09, 0x00, 0x00, 0x00, 0xc1, 0xe0, 0xff, 0x07,
  0x00, 0xe4, 0x0f, 0x00, 0x10, 0x78, 0xf7, 0x05, 0x08, 0x00, 0x00, 0x00,
  0xff, 0xe0, 0xff, 0x07, 0x00, 0xe4, 0x0f, 0x04, 0x45, 0x02, 0xc1, 0x00,
  0xc0, 0x00, 0x00, 0x00, 0x00, 0x14, 0x20, 0x00, 0x00, 0xe2, 0x0f, 0x00,
  0x0c, 0x72, 0x00, 0x05, 0xc2, 0x00, 0x00, 0x00, 0x70, 0x62, 0xf2, 0x03,
  0x00, 0xe2, 0x0f, 0x00, 0x02, 0x78, 0xc0, 0x00, 0xff, 0xff, 0x7f, 0xff,
  0x00, 0x0f, 0x00, 0x00, 0x00, 0xe2, 0x0f, 0x00, 0x0c, 0x72, 0x00, 0xf7,
  0xf0, 0x00, 0x00, 0x00, 0x70, 0x62, 0xf4, 0x03, 0x00, 0xc4, 0x0f, 0x00,
  0x20, 0x02, 0xc1, 0x02, 0xc1, 0x00, 0x00, 0x00, 0x00, 0x00, 0x41, 0x00,
  0x00, 0xe2, 0x0f, 0x00, 0x0c, 0x72, 0x00, 0xf7, 0xc2, 0x00, 0x00, 0x00,
  0x70, 0x62, 0xf6, 0x03, 0x00, 0xc6, 0x0f, 0x00, 0x23, 0x0c, 0xc0, 0xf8,
  0x17, 0x00, 0x00, 0x00, 0xc1, 0x00, 0x01, 0x08, 0x00, 0xe2, 0x0f, 0x00,
  0x02, 0x78, 0xc1, 0x00, 0xff, 0xff, 0x7f, 0xff, 0x00, 0x0f, 0x00, 0x00,
  0x00, 0xe2, 0x0f, 0x00, 0x23, 0x0c, 0xc1, 0xec, 0x17, 0x00, 0x00, 0x00,
  0xd5, 0x00, 0x01, 0x08, 0x00, 0xc6, 0x0f, 0x00, 0x02, 0x72, 0xf8, 0x00,
  0xc0, 0x00, 0x00, 0x00, 0x00, 0x0f, 0x00, 0x00, 0x00, 0xe2, 0x0f, 0x00,
  0x82, 0x1b, 0xc3, 0xff, 0x00, 0x71, 0x01, 0x00, 0x00, 0x08, 0x00, 0x00,
  0x00, 0x70, 0x0e, 0x00, 0x82, 0x2b, 0xd5, 0xff, 0x00, 0x71, 0x01, 0x00,
  0x00, 0x08, 0x00, 0x00, 0x00, 0xb0, 0x0e, 0x00, 0x82, 0x3b, 0xd9, 0xff,
  0x00, 0x71, 0x01, 0x00, 0x00, 0x08, 0x00, 0x00, 0x00, 0xe2, 0x0e, 0x00,
  0x10, 0x1c, 0xc3, 0x00, 0x04, 0x00, 0x00, 0x00, 0xc3, 0xe0, 0xff, 0x0f,
  0x00, 0xc8, 0x2f, 0x00, 0x10, 0x18, 0xc2, 0xc3, 0x09, 0x00, 0x00, 0x00,
  0xff, 0xe0, 0xff, 0x07, 0x00, 0xe4, 0x0f, 0x00, 0x10, 0x2c, 0xd5, 0x00,
  0x04, 0x00, 0x00, 0x00, 0xd5, 0xe0, 0xff, 0x0f, 0x00, 0xe4, 0x4f, 0x00,
  0x45, 0x12, 0xc3, 0x00, 0xc2, 0x00, 0x00, 0x00, 0x00, 0x14, 0x20, 0x00,
  0x00, 0xe2, 0x0f, 0x00, 0x02, 0x78, 0xc2, 0x00, 0xff, 0xff, 0x7f, 0xff,
  0x00, 0x0f, 0x00, 0x00, 0x00, 0xe2, 0x0f, 0x00, 0x45, 0x22, 0xd5, 0x00,
  0xd5, 0x00, 0x00, 0x00, 0x00, 0x14, 0x20, 0x00, 0x00, 0xc6, 0x0f, 0x00,
  0x20, 0x12, 0xd6, 0x02, 0xc3, 0x00, 0x00, 0x00, 0x00, 0x00, 0x41, 0x00,
  0x00, 0xe2, 0x0f, 0x00, 0x02, 0x7c, 0xc3, 0x00, 0x04, 0x00, 0x00, 0x00,
  0x00, 0x0f, 0x00, 0x08, 0x00, 0xe2, 0x0f, 0x00, 0x10, 0x3c, 0xd9, 0x00,
  0x04, 0x00, 0x00, 0x00, 0xd9, 0xe0, 0xff, 0x0f, 0x00, 0xe2, 0x8f, 0x00,
  0x20, 0x22, 0xd8, 0x02, 0xd5, 0x00, 0x00, 0x00, 0x00, 0x00, 0x41, 0x00,
  0x00, 0xe2, 0x0f, 0x00, 0x23, 0x1c, 0xc2, 0xf5, 0x17, 0x00, 0x00, 0x00,
  0xd6, 0x00, 0x01, 0x08, 0x00, 0xe2, 0x0f, 0x00, 0x02, 0x78, 0xd5, 0x00,
  0xff, 0xff, 0x7f, 0xff, 0x00, 0x0f, 0x00, 0x00, 0x00, 0xe2, 0x0f, 0x00,
  0x10, 0x78, 0xd6, 0x00, 0x10, 0x00, 0x00, 0x00, 0xc3, 0xe0, 0xff, 0x07,
  0x00, 0xe2, 0x0f, 0x00, 0x02, 0x78, 0xc3, 0x00, 0xff, 0xff, 0x7f, 0xff,
  0x00, 0x0f, 0x00, 0x00, 0x00, 0xe2, 0x0f, 0x00, 0x23, 0x2c, 0xc3, 0xf1,
  0x17, 0x00, 0x00, 0x00, 0xd8, 0x00, 0x01, 0x08, 0x00, 0xe2, 0x0f, 0x00,
  0x10, 0x38, 0xd9, 0xd9, 0x09, 0x00, 0x00, 0x00, 0xff, 0xe0, 0xff, 0x07,
  0x00, 0xe4, 0x0f, 0x00, 0x0c, 0x72, 0x00, 0x05, 0xd6, 0x00, 0x00, 0x00,
  0x70, 0x62, 0xf0, 0x03, 0x00, 0xe2, 0x0f, 0x08, 0x0c, 0x72, 0x00, 0xf7,
  0xd6, 0x00, 0x00, 0x00, 0x70, 0x62, 0xf4, 0x03, 0x00, 0xe2, 0x0f, 0x00,
  0x02, 0x7c, 0xf1, 0x00, 0x04, 0x00, 0x00, 0x00, 0x00, 0x0f, 0x00, 0x08,
  0x00, 0xe2, 0x0f, 0x00, 0x02, 0x72, 0xf5, 0x00, 0xc2, 0x00, 0x00, 0x00,
  0x00, 0x0f, 0x00, 0x00, 0x00, 0xe2, 0x0f, 0x00, 0x45, 0x32, 0xd9, 0x00,
  0xd9, 0x00, 0x00, 0x00, 0x00, 0x14, 0x20, 0x00, 0x00, 0xca, 0x0f, 0x00,
  0x20, 0x32, 0xd6, 0x02, 0xd9, 0x00, 0x00, 0x00, 0x00, 0x00, 0x41, 0x00,
  0x00, 0xc8, 0x0f, 0x00, 0x82, 0x0b, 0xd7, 0xff, 0x00, 0x71, 0x01, 0x00,
  0x00, 0x08, 0x00, 0x00, 0x00, 0x62, 0x0e, 0x00, 0x23, 0x3c, 0xd5, 0xed,
  0x17, 0x00, 0x00, 0x00, 0xd6, 0x00, 0x01, 0x08, 0x00, 0xce, 0x0f, 0x00,
  0x82, 0x2b, 0xd9, 0xff, 0x00, 0x71, 0x01, 0x00, 0x00, 0x08, 0x00, 0x00,
  0x00, 0xa2, 0x0e, 0x00, 0x10, 0x0c, 0xd6, 0x00, 0x04, 0x00, 0x00, 0x00,
  0xd7, 0xe0, 0xff, 0x0f, 0x00, 0xe2, 0x2f, 0x00, 0x02, 0x7c, 0xd7, 0x00,
  0x04, 0x00, 0x00, 0x00, 0x00, 0x0f, 0x00, 0x08, 0x00, 0xc6, 0x0f, 0x00,
  0x10, 0x08, 0xd6, 0xd6, 0x10, 0x00, 0x00, 0x00, 0xff, 0xe0, 0xff, 0x07,
  0x00, 0xe4, 0x0f, 0x00, 0x10, 0x78, 0xd8, 0x00, 0x11, 0x00, 0x00, 0x00,
  0xd7, 0xe0, 0xff, 0x07, 0x00, 0xe4, 0x0f, 0x00, 0x45, 0x02, 0xd7, 0x00,
  0xd6, 0x00, 0x00, 0x00, 0x00, 0x14, 0x20, 0x00, 0x00, 0xc6, 0x0f, 0x00,
  0x0c, 0x72, 0x00, 0x05, 0xd8, 0x00, 0x00, 0x00, 0x70, 0x62, 0xf2, 0x03,
  0x00, 0xe2, 0x0f, 0x08, 0x02, 0x78, 0xd6, 0x00, 0xff, 0xff, 0x7f, 0xff,
  0x00, 0x0f, 0x00, 0x00, 0x00, 0xe2, 0x0f, 0x00, 0x0c, 0x72, 0x00, 0xf7,
  0xd8, 0x00, 0x00, 0x00, 0x70, 0x62, 0xf6, 0x03, 0x00, 0xe2, 0x0f, 0x00,
  0x20, 0x02, 0xd7, 0x02, 0xd7, 0x00, 0x00, 0x00, 0x00, 0x00, 0x41, 0x00,
  0x00, 0xc8, 0x0f, 0x00, 0x23, 0x0c, 0xd6, 0xf4, 0x17, 0x00, 0x00, 0x00,
  0xd7, 0x00, 0x01, 0x08, 0x00, 0xe2, 0x0f, 0x00, 0x10, 0x2c, 0xd7, 0x00,
  0x04, 0x00, 0x00, 0x00, 0xd9, 0xe0, 0xff, 0x0f, 0x00, 0xc8, 0x4f, 0x00,
  0x02, 0x72, 0xf4, 0x00, 0xd6, 0x00, 0x00, 0x00, 0x00, 0x0f, 0x00, 0x00,
  0x00, 0xe2, 0x0f, 0x00, 0x82, 0x1b, 0xd9, 0xff, 0x00, 0x71, 0x01, 0x00,
  0x00, 0x08, 0x00, 0x00, 0x00, 0x62, 0x0e, 0x00, 0x10, 0x28, 0xd7, 0xd7,
  0x10, 0x00, 0x00, 0x00, 0xff, 0xe0, 0xff, 0x07, 0x00, 0xc8, 0x0f, 0x00,
  0x45, 0x22, 0xd7, 0x00, 0xd7, 0x00, 0x00, 0x00, 0x00, 0x14, 0x20, 0x00,
  0x00, 0xca, 0x0f, 0x00, 0x20, 0x22, 0xed, 0x02, 0xd7, 0x00, 0x00, 0x00,
  0x00, 0x00, 0x41, 0x00, 0x00, 0xe2, 0x0f, 0x00, 0x02, 0x78, 0xd7, 0x00,
  0xff, 0xff, 0x7f, 0xff, 0x00, 0x0f, 0x00, 0x00, 0x00, 0xc6, 0x0f, 0x00,
  0x23, 0x2c, 0xd7, 0xee, 0x17, 0x00, 0x00, 0x00, 0xed, 0x00, 0x01, 0x08,
  0x00, 0xe2, 0x0f, 0x00, 0x0c, 0x72, 0x00, 0xf7, 0xf0, 0x00, 0x00, 0x00,
  0x70, 0x42, 0xf4, 0x03, 0x00, 0xe2, 0x0f, 0x00, 0x82, 0x3b, 0xed, 0xff,
  0x00, 0x71, 0x01, 0x00, 0x00, 0x08, 0x00, 0x00, 0x00, 0xa2, 0x0e, 0x00,
  0x02, 0x78, 0xf0, 0x00, 0xff, 0xff, 0x7f, 0xff, 0x00, 0x0f, 0x00, 0x00,
  0x00, 0xe2, 0x0f, 0x00, 0x10, 0x1c, 0xd8, 0x00, 0x04, 0x00, 0x00, 0x00,
  0xd9, 0xe0, 0xff, 0x0f, 0x00, 0xe2, 0x2f, 0x00, 0x02, 0x7c, 0xd9, 0x00,
  0x04, 0x00, 0x00, 0x00, 0x00, 0x0f, 0x00, 0x08, 0x00, 0xc6, 0x0f, 0x00,
  0x10, 0x18, 0xd8, 0xd8, 0x11, 0x00, 0x00, 0x00, 0xff, 0xe0, 0xff, 0x07,
  0x00, 0xe4, 0x0f, 0x00, 0x10, 0x78, 0xee, 0x00, 0x18, 0x00, 0x00, 0x00,
  0xd9, 0xe0, 0xff, 0x07, 0x00, 0xe4, 0x0f, 0x00, 0x45, 0x12, 0xd9, 0x00,
  0xd8, 0x00, 0x00, 0x00, 0x00, 0x14, 0x20, 0x00, 0x00, 0xc6, 0x0f, 0x00,
  0x0c, 0x72, 0x00, 0x05, 0xee, 0x00, 0x00, 0x00, 0x70, 0x62, 0xf0, 0x03,
  0x00, 0xe2, 0x0f, 0x08, 0x0c, 0x72, 0x00, 0xf7, 0xee, 0x00, 0x00, 0x00,
  0x70, 0x62, 0xf8, 0x03, 0x00, 0xe2, 0x0f, 0x00, 0x02, 0x78, 0xd8, 0x00,
  0xff, 0xff, 0x7f, 0xff, 0x00, 0x0f, 0x00, 0x00, 0x00, 0xe2, 0x0f, 0x00,
  0x20, 0x12, 0xec, 0x02, 0xd9, 0x00, 0x00, 0x00, 0x00, 0x00, 0x41, 0x00,
  0x00, 0xe2, 0x0f, 0x00, 0x10, 0x78, 0xee, 0x00, 0x19, 0x00, 0x00, 0x00,
  0xf1, 0xe0, 0xff, 0x07, 0x00, 0xe4, 0x0f, 0x04, 0x10, 0x3c, 0xd9, 0x00,
  0x04, 0x00, 0x00, 0x00, 0xed, 0xe0, 0xff, 0x0f, 0x00, 0xe2, 0x4f, 0x00,
  0x23, 0x1c, 0xd8, 0xf3, 0x17, 0x00, 0x00, 0x00, 0xec, 0x00, 0x01, 0x08,
  0x00, 0xe2, 0x0f, 0x00, 0x02, 0x72, 0xf1, 0x00, 0xc3, 0x00, 0x00, 0x00,
  0x00, 0x0f, 0x00, 0x00, 0x00, 0xe2, 0x0f, 0x00, 0x0c, 0x72, 0x00, 0x05,
  0xee, 0x00, 0x00, 0x00, 0x70, 0x62, 0xf2, 0x03, 0x00, 0xe2, 0x0f, 0x00,
  0x10, 0x38, 0xd9, 0xd9, 0x11, 0x00, 0x00, 0x00, 0xff, 0xe0, 0xff, 0x07,
  0x00, 0xc4, 0x0f, 0x00, 0x02, 0x72, 0xf3, 0x00, 0xd8, 0x00, 0x00, 0x00,
  0x00, 0x0f, 0x00, 0x00, 0x00, 0xe2, 0x0f, 0x00, 0x82, 0x0b, 0xed, 0xff,
  0x00, 0x71, 0x01, 0x00, 0x00, 0x08, 0x00, 0x00, 0x00, 0x62, 0x0e, 0x00,
  0x45, 0x32, 0xd9, 0x00, 0xd9, 0x00, 0x00, 0x00, 0x00, 0x14, 0x20, 0x00,
  0x00, 0xca, 0x0f, 0x00, 0x20, 0x32, 0xec, 0x02, 0xd9, 0x00, 0x00, 0x00,
  0x00, 0x00, 0x41, 0x00, 0x00, 0xe2, 0x0f, 0x00, 0x02, 0x78, 0xd9, 0x00,
  0xff, 0xff, 0x7f, 0xff, 0x00, 0x0f, 0x00, 0x00, 0x00, 0xc6, 0x0f, 0x00,
  0x23, 0x3c, 0xd9, 0xef, 0x17, 0x00, 0x00, 0x00, 0xec, 0x00, 0x01, 0x08,
  0x00, 0xe2, 0x0f, 0x00, 0x0c, 0x72, 0x00, 0xf7, 0xee, 0x00, 0x00, 0x00,
  0x70, 0x62, 0xf6, 0x03, 0x00, 0xe2, 0x0f, 0x00, 0x82, 0x4b, 0xef, 0xff,
  0x00, 0x71, 0x01, 0x00, 0x00, 0x08, 0x00, 0x00, 0x00, 0xa2, 0x0e, 0x00,
  0x02, 0x72, 0xf7, 0x00, 0x04, 0x00, 0x00, 0x00, 0x00, 0x0f, 0x00, 0x00,
  0x00, 0xe2, 0x0f, 0x00, 0x02, 0x72, 0xee, 0x00, 0xd7, 0x00, 0x00, 0x00,
  0x00, 0x0f, 0x00, 0x00, 0x00, 0xe2, 0x0f, 0x00, 0x10, 0x0c, 0xec, 0x00,
  0x04, 0x00, 0x00, 0x00, 0xed, 0xe0, 0xff, 0x0f, 0x00, 0xc8, 0x2f, 0x00,
  0x10, 0x08, 0xec, 0xec, 0x18, 0x00, 0x00, 0x00, 0xff, 0xe0, 0xff, 0x07,
  0x00, 0xc8, 0x0f, 0x00, 0x45, 0x02, 0xed, 0x00, 0xec, 0x00, 0x00, 0x00,
  0x00, 0x14, 0x20, 0x00, 0x00, 0xe2, 0x0f, 0x00, 0x02, 0x72, 0xec, 0x00,
  0xc1, 0x00, 0x00, 0x00, 0x00, 0x0f, 0x00, 0x00, 0x00, 0xe2, 0x0f, 0x00,
  0x10, 0x4c, 0xef, 0x00, 0x04, 0x00, 0x00, 0x00, 0xef, 0xe0, 0xff, 0x0f,
  0x00, 0xc6, 0x4f, 0x00, 0x20, 0x02, 0xed, 0x02, 0xed, 0x00, 0x00, 0x00,
  0x00, 0x00, 0x41, 0x00, 0x00, 0xe2, 0x0f, 0x00, 0x10, 0x48, 0xef, 0xef,
  0x18, 0x00, 0x00, 0x00, 0xff, 0xe0, 0xff, 0x07, 0x00, 0xc6, 0x0f, 0x00,
  0x23, 0x0c, 0xf9, 0xdc, 0x17, 0x00, 0x00, 0x00, 0xed, 0x00, 0x01, 0x08,
  0x00, 0xe4, 0x0f, 0x00, 0x82, 0x1b, 0xed, 0xff, 0x00, 0x71, 0x01, 0x00,
  0x00, 0x08, 0x00, 0x00, 0x00, 0x62, 0x0e, 0x00, 0x45, 0x42, 0xef, 0x00,
  0xef, 0x00, 0x00, 0x00, 0x00, 0x14, 0x20, 0x00, 0x00, 0xe4, 0x0f, 0x00,
  0x02, 0x72, 0xdc, 0x00, 0xf9, 0x00, 0x00, 0x00, 0x00, 0x0f, 0x00, 0x00,
  0x00, 0xc6, 0x0f, 0x00, 0x20, 0x42, 0xef, 0x02, 0xef, 0x00, 0x00, 0x00,
  0x00, 0x00, 0x41, 0x00, 0x00, 0xc8, 0x0f, 0x00, 0x23, 0x4c, 0xfa, 0xda,
  0x17, 0x00, 0x00, 0x00, 0xef, 0x00, 0x01, 0x08, 0x00, 0xe4, 0x0f, 0x00,
  0x82, 0x2b, 0xef, 0xff, 0x00, 0x71, 0x01, 0x00, 0x00, 0x08, 0x00, 0x00,
  0x00, 0xa2, 0x0e, 0x00, 0x10, 0x1c, 0xda, 0x00, 0x04, 0x00, 0x00, 0x00,
  0xed, 0xe0, 0xff, 0x0f, 0x00, 0xc8, 0x2f, 0x00, 0x10, 0x18, 0xda, 0xda,
  0x19, 0x00, 0x00, 0x00, 0xff, 0xe0, 0xff, 0x07, 0x00, 0xc8, 0x0f, 0x00,
  0x45, 0x12, 0xed, 0x00, 0xda, 0x00, 0x00, 0x00, 0x00, 0x14, 0x20, 0x00,
  0x00, 0xe4, 0x0f, 0x00, 0x10, 0x2c, 0xef, 0x00, 0x04, 0x00, 0x00, 0x00,
  0xef, 0xe0, 0xff, 0x0f, 0x00, 0xc6, 0x4f, 0x00, 0x20, 0x12, 0xed, 0x02,
  0xed, 0x00, 0x00, 0x00, 0x00, 0x00, 0x41, 0x00, 0x00, 0xe2, 0x0f, 0x00,
  0x10, 0x28, 0xef, 0xef, 0x01, 0x00, 0x00, 0x00, 0xff, 0xe0, 0xff, 0x07,
  0x00, 0xc6, 0x0f, 0x00, 0x23, 0x1c, 0xfb, 0xf2, 0x17, 0x00, 0x00, 0x00,
  0xed, 0x00, 0x01, 0x08, 0x00, 0xe2, 0x0f, 0x00, 0x02, 0x72, 0xed, 0x00,
  0xd5, 0x00, 0x00, 0x00, 0x00, 0x0f, 0x00, 0x00, 0x00, 0xe2, 0x0f, 0x00,
  0x45, 0x22, 0xef, 0x00, 0xef, 0x00, 0x00, 0x00, 0x00, 0x14, 0x20, 0x00,
  0x00, 0xc6, 0x0f, 0x00, 0x02, 0x72, 0xf2, 0x00, 0xfb, 0x00, 0x00, 0x00,
  0x00, 0x0f, 0x00, 0x00, 0x00, 0xe4, 0x0f, 0x00, 0x20, 0x22, 0xda, 0x02,
  0xef, 0x00, 0x00, 0x00, 0x00, 0x00, 0x41, 0x00, 0x00, 0xe2, 0x0f, 0x00,
  0x02, 0x72, 0xef, 0x00, 0xd9, 0x00, 0x00, 0x00, 0x00, 0x0f, 0x00, 0x00,
  0x00, 0xc6, 0x0f, 0x00, 0x23, 0x2c, 0xfc, 0xeb, 0x17, 0x00, 0x00, 0x00,
  0xda, 0x00, 0x01, 0x08, 0x00, 0xe2, 0x0f, 0x00, 0x02, 0x72, 0xda, 0x00,
  0xfa, 0x00, 0x00, 0x00, 0x00, 0x0f, 0x00, 0x00, 0x00, 0xc8, 0x0f, 0x00,
  0x02, 0x72, 0xeb, 0x00, 0xfc, 0x00, 0x00, 0x00, 0x00, 0x0f, 0x00, 0x00,
  0x00, 0xe2, 0x0f, 0x00, 0x47, 0xb9, 0xf4, 0x00, 0x00, 0x00, 0x00, 0x00,
  0x00, 0x00, 0x80, 0x03, 0x00, 0xec, 0x0f, 0x00, 0x02, 0x7c, 0xeb, 0x00,
  0x18, 0x00, 0x00, 0x00, 0x00, 0x0f, 0x00, 0x08, 0x00, 0xe2, 0x0f, 0x00,
  0x02, 0x72, 0xda, 0x00, 0xfa, 0x00, 0x00, 0x00, 0x00, 0x0f, 0x00, 0x00,
  0x00, 0xe2, 0x0f, 0x00, 0x02, 0x72, 0xef, 0x00, 0xd9, 0x00, 0x00, 0x00,
  0x00, 0x0f, 0x00, 0x00, 0x00, 0xe2, 0x0f, 0x00, 0x02, 0x72, 0xee, 0x00,
  0xd7, 0x00, 0x00, 0x00, 0x00, 0x0f, 0x00, 0x00, 0x00, 0xe2, 0x0f, 0x00,
  0x02, 0x72, 0xed, 0x00, 0xd5, 0x00, 0x00, 0x00, 0x00, 0x0f, 0x00, 0x00,
  0x00, 0xe2, 0x0f, 0x00, 0x10, 0x7c, 0x00, 0x00, 0x04, 0x00, 0x00, 0x00,
  0xeb, 0xe0, 0xff, 0x0f, 0x00, 0xe2, 0x0f, 0x00, 0x02, 0x72, 0xec, 0x00,
  0xc1, 0x00, 0x00, 0x00, 0x00, 0x0f, 0x00, 0x00, 0x00, 0xe2, 0x0f, 0x00,
  0x02, 0x72, 0xf1, 0x00, 0xc3, 0x00, 0x00, 0x00, 0x00, 0x0f, 0x00, 0x00,
  0x00, 0xe2, 0x0f, 0x00, 0x02, 0x72, 0xf2, 0x00, 0xfb, 0x00, 0x00, 0x00,
  0x00, 0x0f, 0x00, 0x00, 0x00, 0xe2, 0x0f, 0x00, 0x10, 0x78, 0x00, 0x00,
  0x19, 0x00, 0x00, 0x00, 0xff, 0xe0, 0xff, 0x07, 0x00, 0xe2, 0x0f, 0x00,
  0x02, 0x72, 0xdc, 0x00, 0xf9, 0x00, 0x00, 0x00, 0x00, 0x0f, 0x00, 0x00,
  0x00, 0xe2, 0x0f, 0x00, 0x02, 0x72, 0xf3, 0x00, 0xd8, 0x00, 0x00, 0x00,
  0x00, 0x0f, 0x00, 0x00, 0x00, 0xe2, 0x0f, 0x00, 0x02, 0x72, 0xf4, 0x00,
  0xd6, 0x00, 0x00, 0x00, 0x00, 0x0f, 0x00, 0x00, 0x00, 0xe2, 0x0f, 0x00,
  0x02, 0x72, 0xf5, 0x00, 0xc2, 0x00, 0x00, 0x00, 0x00, 0x0f, 0x00, 0x00,
  0x00, 0xe2, 0x0f, 0x00, 0x45, 0x72, 0xeb, 0x00, 0x00, 0x00, 0x00, 0x00,
  0x00, 0x14, 0x20, 0x00, 0x00, 0xe2, 0x0f, 0x00, 0x02, 0x72, 0xf6, 0x00,
  0x03, 0x00, 0x00, 0x00, 0x00, 0x0f, 0x00, 0x00, 0x00, 0xe2, 0x0f, 0x00,
  0x02, 0x72, 0xf7, 0x00, 0x04, 0x00, 0x00, 0x00, 0x00, 0x0f, 0x00, 0x00,
  0x00, 0xe2, 0x0f, 0x00, 0x02, 0x72, 0xf8, 0x00, 0xc0, 0x00, 0x00, 0x00,
  0x00, 0x0f, 0x00, 0x00, 0x00, 0xc4, 0x0f, 0x00, 0x20, 0x72, 0x02, 0x02,
  0xeb, 0x00, 0x00, 0x00, 0x00, 0x00, 0x41, 0x00, 0x00, 0xe2, 0x0f, 0x00,
  0x02, 0x72, 0xeb, 0x00, 0xfc, 0x00, 0x00, 0x00, 0x00, 0x0f, 0x00, 0x00,
  0x00, 0xc6, 0x0f, 0x00, 0x23, 0x7c, 0xf0, 0xdb, 0x17, 0x00, 0x00, 0x00,
  0x02, 0x00, 0x01, 0x08, 0x00, 0xe2, 0x0f, 0x00, 0x47, 0x79, 0x9c, 0x00,
  0x00, 0x00, 0x00, 0x00, 0x00, 0x00, 0x80, 0x03, 0x00, 0xec, 0x0f, 0x00,
  0x19, 0x79, 0x00, 0x00, 0x00, 0x00, 0x00, 0x00, 0x00, 0x21, 0x00, 0x00,
  0x00, 0x64, 0x0e, 0x00, 0x19, 0x78, 0x02, 0xff, 0x03, 0x00, 0x00, 0x00,
  0x00, 0x16, 0x01, 0x00, 0x00, 0xe4, 0x2f, 0x00, 0x10, 0x72, 0x03, 0x00,
  0x00, 0x00, 0x00, 0x00, 0xff, 0xe0, 0xff, 0x07, 0x00, 0xe4, 0x0f, 0x00,
  0x12, 0x78, 0x02, 0x02, 0x70, 0x00, 0x00, 0x00, 0xff, 0xc0, 0x8e, 0x07,
  0x00, 0xc8, 0x0f, 0x00, 0x12, 0x78, 0x02, 0x02, 0x06, 0x00, 0x00, 0x00,
  0x03, 0xf8, 0x8e, 0x07, 0x00, 0xe4, 0x0f, 0x00, 0x10, 0x78, 0x03, 0x05,
  0x08, 0x00, 0x00, 0x00, 0xff, 0xe0, 0xff, 0x07, 0x00, 0xe4, 0x0f, 0x00,
  0x10, 0x7c, 0x04, 0x02, 0x04, 0x00, 0x00, 0x00, 0xff, 0xe0, 0xff, 0x0f,
  0x00, 0xc8, 0x0f, 0x00, 0x10, 0x78, 0x00, 0x04, 0x08, 0x00, 0x00, 0x00,
  0xff, 0xe0, 0xff, 0x07, 0x00, 0xe4, 0x0f, 0x04, 0x10, 0x78, 0x02, 0x04,
  0x09, 0x00, 0x00, 0x00, 0xff, 0xe0, 0xff, 0x07, 0x00, 0xe2, 0x0f, 0x04,
  0x0c, 0x72, 0x00, 0x05, 0x04, 0x00, 0x00, 0x00, 0x70, 0x62, 0xfc, 0x03,
  0x00, 0xe2, 0x0f, 0x08, 0x0c, 0x72, 0x00, 0x03, 0x04, 0x00, 0x00, 0x00,
  0x70, 0x62, 0xf2, 0x03, 0x00, 0xe2, 0x0f, 0x0c, 0x0c, 0x72, 0x00, 0x03,
  0x04, 0x00, 0x00, 0x00, 0x70, 0x42, 0xf0, 0x03, 0x00, 0xe2, 0x0f, 0x00,
  0x0c, 0x72, 0x00, 0x05, 0x00, 0x00, 0x00, 0x00, 0x70, 0x62, 0xfa, 0x03,
  0x00, 0xe2, 0x0f, 0x04, 0x0c, 0x72, 0x00, 0x05, 0x02, 0x00, 0x00, 0x00,
  0x70, 0x62, 0xf8, 0x03, 0x00, 0xe2, 0x0f, 0x04, 0x10, 0x78, 0x00, 0x04,
  0x10, 0x00, 0x00, 0x00, 0xff, 0xe0, 0xff, 0x07, 0x00, 0xe4, 0x0f, 0x04,
  0x10, 0x78, 0x02, 0x04, 0x11, 0x00, 0x00, 0x00, 0xff, 0xe0, 0xff, 0x07,
  0x00, 0xe2, 0x0f, 0x00, 0x08, 0x78, 0xf8, 0xf8, 0xff, 0xff, 0x7f, 0xff,
  0x00, 0x00, 0x00, 0x03, 0x00, 0xe2, 0x0f, 0x00, 0x08, 0x78, 0xec, 0xec,
  0xff, 0xff, 0x7f, 0xff, 0x00, 0x00, 0x00, 0x03, 0x00, 0xe2, 0x0f, 0x00,
  0x0c, 0x72, 0x00, 0x05, 0x04, 0x00, 0x00, 0x00, 0x70, 0x42, 0xfc, 0x03,
  0x00, 0xe2, 0x0f, 0x04, 0x0c, 0x72, 0x00, 0x05, 0x00, 0x00, 0x00, 0x00,
  0x70, 0x62, 0xf6, 0x03, 0x00, 0xe2, 0x0f, 0x04, 0x0c, 0x72, 0x00, 0x05,
  0x02, 0x00, 0x00, 0x00, 0x70, 0x62, 0xf4, 0x03, 0x00, 0xe2, 0x0f, 0x00,
  0x10, 0x78, 0x00, 0x04, 0x18, 0x00, 0x00, 0x00, 0xff, 0xe0, 0xff, 0x07,
  0x00, 0xc4, 0x0f, 0x00, 0x10, 0x78, 0x02, 0x04, 0x19, 0x00, 0x00, 0x00,
  0xff, 0xe0, 0xff, 0x07, 0x00, 0xe2, 0x0f, 0x00, 0x08, 0x78, 0xf7, 0xf7,
  0xff, 0xff, 0x7f, 0xff, 0x00, 0x00, 0x00, 0x03, 0x00, 0xe2, 0x0f, 0x00,
  0x08, 0x78, 0xed, 0xed, 0xff, 0xff, 0x7f, 0xff, 0x00, 0x00, 0x00, 0x03,
  0x00, 0xe2, 0x0f, 0x00, 0x08, 0x78, 0xf1, 0xf1, 0xff, 0xff, 0x7f, 0xff,
  0x00, 0x00, 0x80, 0x00, 0x00, 0xe2, 0x0f, 0x00, 0x0c, 0x72, 0x00, 0x05,
  0x00, 0x00, 0x00, 0x00, 0x70, 0x62, 0xfc, 0x03, 0x00, 0xe2, 0x0f, 0x04,
  0x0c, 0x72, 0x00, 0x05, 0x02, 0x00, 0x00, 0x00, 0x70, 0x62, 0xf2, 0x03,
  0x00, 0xe2, 0x0f, 0x00, 0x08, 0x78, 0xeb, 0xeb, 0xff, 0xff, 0x7f, 0xff,
  0x00, 0x00, 0x00, 0x00, 0x00, 0xe2, 0x0f, 0x00, 0x08, 0x78, 0xf6, 0xf6,
  0xff, 0xff, 0x7f, 0xff, 0x00, 0x00, 0x80, 0x02, 0x00, 0xe2, 0x0f, 0x00,
  0x08, 0x78, 0xee, 0xee, 0xff, 0xff, 0x7f, 0xff, 0x00, 0x00, 0x80, 0x02,
  0x00, 0xe2, 0x0f, 0x00, 0x08, 0x78, 0xf5, 0xf5, 0xff, 0xff, 0x7f, 0xff,
  0x00, 0x00, 0x00, 0x02, 0x00, 0xe2, 0x0f, 0x00, 0x08, 0x78, 0xef, 0xef,
  0xff, 0xff, 0x7f, 0xff, 0x00, 0x00, 0x00, 0x02, 0x00, 0xe2, 0x0f, 0x00,
  0x08, 0x78, 0xf4, 0xf4, 0xff, 0xff, 0x7f, 0xff, 0x00, 0x00, 0x80, 0x01,
  0x00, 0xe2, 0x0f, 0x00, 0x08, 0x78, 0xda, 0xda, 0xff, 0xff, 0x7f, 0xff,
  0x00, 0x00, 0x80, 0x01, 0x00, 0xe2, 0x0f, 0x00, 0x08, 0x78, 0xf3, 0xf3,
  0xff, 0xff, 0x7f, 0xff, 0x00, 0x00, 0x00, 0x01, 0x00, 0xe2, 0x0f, 0x00,
  0x08, 0x78, 0xf0, 0xdb, 0xff, 0xff, 0x7f, 0xff, 0x00, 0x00, 0x00, 0x01,
  0x00, 0xe2, 0x0f, 0x00, 0x08, 0x78, 0xdc, 0xdc, 0xff, 0xff, 0x7f, 0xff,
  0x00, 0x00, 0x00, 0x03, 0x00, 0xe2, 0x0f, 0x00, 0x08, 0x78, 0xf2, 0xf2,
  0xff, 0xff, 0x7f, 0xff, 0x00, 0x00, 0x80, 0x00, 0x00, 0xce, 0x0f, 0x00,
  0x41, 0x79, 0x00, 0x00, 0x00, 0x00, 0x00, 0x00, 0x00, 0x02, 0x80, 0x03,
  0x00, 0xea, 0x0f, 0x01, 0x8c, 0x72, 0x00, 0x04, 0xff, 0x00, 0x00, 0x00,
  0x70, 0x52, 0xf2, 0x0b, 0x00, 0xd2, 0x0f, 0x00, 0x47, 0x75, 0x84, 0x01,
  0x05, 0x00, 0x00, 0x00, 0x00, 0x00, 0x80, 0x0b, 0x00, 0xea, 0x0f, 0x00,
  0x09, 0x72, 0x03, 0xf7, 0xf8, 0x00, 0x00, 0x00, 0x00, 0x00, 0x81, 0x07,
  0x00, 0xe2, 0x0f, 0x00, 0x09, 0x72, 0xc1, 0xeb, 0xf1, 0x00, 0x00, 0x00,
  0x00, 0x00, 0x81, 0x07, 0x00, 0xc8, 0x0f, 0x00, 0x09, 0x72, 0x00, 0x03,
  0xf6, 0x00, 0x00, 0x00, 0x00, 0x00, 0x81, 0x07, 0x00, 0xca, 0x0f, 0x00,
  0x09, 0x72, 0x03, 0x00, 0xf5, 0x00, 0x00, 0x00, 0x00, 0x00, 0x81, 0x07,
  0x00, 0xca, 0x0f, 0x00, 0x09, 0x72, 0x00, 0x03, 0xf4, 0x00, 0x00, 0x00,
  0x00, 0x00, 0x81, 0x07, 0x00, 0xca, 0x0f, 0x00, 0x09, 0x72, 0x03, 0x00,
  0xf3, 0x00, 0x00, 0x00, 0x00, 0x00, 0x81, 0x07, 0x00, 0xe2, 0x0f, 0x00,
  0x09, 0x72, 0x00, 0xc1, 0xec, 0x00, 0x00, 0x00, 0x00, 0x00, 0x81, 0x07,
  0x00, 0xc8, 0x0f, 0x00, 0x09, 0x72, 0x03, 0x03, 0xdc, 0x00, 0x00, 0x00,
  0x00, 0x00, 0x81, 0x07, 0x00, 0xe2, 0x0f, 0x00, 0x09, 0x72, 0xc1, 0x00,
  0xed, 0x00, 0x00, 0x00, 0x00, 0x00, 0x81, 0x07, 0x00, 0xc8, 0x0f, 0x00,
  0x09, 0x72, 0x03, 0x03, 0xf2, 0x00, 0x00, 0x00, 0x00, 0x00, 0x81, 0x07,
  0x00, 0xe2, 0x0f, 0x00, 0x09, 0x72, 0x00, 0xc1, 0xee, 0x00, 0x00, 0x00,
  0x00, 0x00, 0x81, 0x07, 0x00, 0xc8, 0x0f, 0x00, 0x89, 0x7f, 0x02, 0x03,
  0x00, 0x1f, 0x20, 0x0c, 0x00, 0x00, 0x0e, 0x00, 0x00, 0x62, 0x0e, 0x00,
  0x09, 0x72, 0xc1, 0x00, 0xef, 0x00, 0x00, 0x00, 0x00, 0x00, 0x81, 0x07,
  0x00, 0xca, 0x0f, 0x00, 0x09, 0x72, 0xc1, 0xc1, 0xda, 0x00, 0x00, 0x00,
  0x00, 0x00, 0x81, 0x07, 0x00, 0xca, 0x0f, 0x00, 0x09, 0x72, 0x00, 0xc1,
  0xf0, 0x00, 0x00, 0x00, 0x00, 0x00, 0x81, 0x07, 0x00, 0xca, 0x0f, 0x00,
  0x89, 0x7f, 0xc1, 0x00, 0x00, 0x1f, 0x20, 0x0c, 0x00, 0x00, 0x0e, 0x00,
  0x00, 0xa2, 0x0e, 0x00, 0x09, 0x72, 0x02, 0x03, 0x02, 0x00, 0x00, 0x00,
  0x00, 0x00, 0x81, 0x07, 0x00, 0xca, 0x2f, 0x00, 0x89, 0x7f, 0xc3, 0x02,
  0x00, 0x1f, 0x40, 0x0c, 0x00, 0x00, 0x0e, 0x00, 0x00, 0x62, 0x0e, 0x00,
  0x09, 0x72, 0x03, 0x00, 0xc1, 0x00, 0x00, 0x00, 0x00, 0x00, 0x81, 0x07,
  0x00, 0xe2, 0x4f, 0x00, 0x09, 0x72, 0x04, 0x02, 0xc3, 0x00, 0x00, 0x00,
  0x00, 0x00, 0x81, 0x07, 0x00, 0xc8, 0x2f, 0x00, 0x89, 0x7f, 0x02, 0x03,
  0x00, 0x1f, 0x40, 0x0c, 0x00, 0x00, 0x0e, 0x00, 0x00, 0x62, 0x0e, 0x00,
  0x21, 0x72, 0xf8, 0x04, 0xf8, 0x00, 0x00, 0x00, 0x00, 0x01, 0x01, 0x00,
  0x00, 0xe2, 0x0f, 0x04, 0x21, 0x72, 0xf7, 0x04, 0xf7, 0x00, 0x00, 0x00,
  0x00, 0x01, 0x01, 0x00, 0x00, 0xe2, 0x0f, 0x04, 0x21, 0x72, 0xf4, 0x04,
  0xf4, 0x00, 0x00, 0x00, 0x00, 0x01, 0x01, 0x00, 0x00, 0xe2, 0x0f, 0x04,
  0x21, 0x72, 0xf3, 0x04, 0xf3, 0x00, 0x00, 0x00, 0x00, 0x01, 0x01, 0x00,
  0x00, 0xe2, 0x0f, 0x00, 0x20, 0x78, 0xf8, 0xf8, 0x3b, 0xaa, 0xb8, 0x3f,
  0x00, 0x00, 0x41, 0x00, 0x00, 0xe2, 0x0f, 0x00, 0x20, 0x78, 0xf7, 0xf7,
  0x3b, 0xaa, 0xb8, 0x3f, 0x00, 0x00, 0x41, 0x00, 0x00, 0xe2, 0x0f, 0x00,
  0x21, 0x72, 0xf6, 0x04, 0xf6, 0x00, 0x00, 0x00, 0x00, 0x01, 0x01, 0x00,
  0x00, 0xe2, 0x0f, 0x04, 0x21, 0x72, 0xf5, 0x04, 0xf5, 0x00, 0x00, 0x00,
  0x00, 0x01, 0x01, 0x00, 0x00, 0xe2, 0x0f, 0x00, 0x20, 0x78, 0xf4, 0xf4,
  0x3b, 0xaa, 0xb8, 0x3f, 0x00, 0x00, 0x41, 0x00, 0x00, 0xe2, 0x0f, 0x00,
  0x20, 0x78, 0xf3, 0xf3, 0x3b, 0xaa, 0xb8, 0x3f, 0x00, 0x00, 0x41, 0x00,
  0x00, 0xe2, 0x0f, 0x00, 0x08, 0x73, 0xc0, 0x00, 0xf8, 0x00, 0x00, 0x00,
  0x00, 0x08, 0x00, 0x00, 0x00, 0xe2, 0x0f, 0x00, 0x20, 0x78, 0xf6, 0xf6,
  0x3b, 0xaa, 0xb8, 0x3f, 0x00, 0x00, 0x41, 0x00, 0x00, 0xe2, 0x0f, 0x00,
  0x20, 0x78, 0xf5, 0xf5, 0x3b, 0xaa, 0xb8, 0x3f, 0x00, 0x00, 0x41, 0x00,
  0x00, 0xe2, 0x0f, 0x00, 0x21, 0x72, 0x00, 0x04, 0xdc, 0x00, 0x00, 0x00,
  0x00, 0x01, 0x01, 0x00, 0x00, 0xe2, 0x0f, 0x04, 0x21, 0x72, 0xf2, 0x04,
  0xf2, 0x00, 0x00, 0x00, 0x00, 0x01, 0x01, 0x00, 0x00, 0xc6, 0x0f, 0x00,
  0x20, 0x78, 0x00, 0x00, 0x3b, 0xaa, 0xb8, 0x3f, 0x00, 0x00, 0x41, 0x00,
  0x00, 0xe2, 0x0f, 0x00, 0x08, 0x73, 0xc1, 0x00, 0xf7, 0x00, 0x00, 0x00,
  0x00, 0x08, 0x00, 0x00, 0x00, 0xa2, 0x0e, 0x00, 0x20, 0x78, 0xf2, 0xf2,
  0x3b, 0xaa, 0xb8, 0x3f, 0x00, 0x00, 0x41, 0x00, 0x00, 0xe2, 0x0f, 0x00,
  0x09, 0x72, 0x03, 0x03, 0x02, 0x00, 0x00, 0x00, 0x00, 0x00, 0x81, 0x07,
  0x00, 0xe2, 0x2f, 0x00, 0x08, 0x73, 0xdb, 0x00, 0xf4, 0x00, 0x00, 0x00,
  0x00, 0x08, 0x00, 0x00, 0x00, 0xe8, 0x0f, 0x00, 0x21, 0x72, 0xf1, 0x03,
  0xf1, 0x00, 0x00, 0x00, 0x00, 0x01, 0x01, 0x00, 0x00, 0xe2, 0x0f, 0x04,
  0x21, 0x72, 0x02, 0x03, 0xeb, 0x00, 0x00, 0x00, 0x00, 0x01, 0x01, 0x00,
  0x00, 0xe2, 0x0f, 0x04, 0x21, 0x72, 0xd6, 0x03, 0xee, 0x00, 0x00, 0x00,
  0x00, 0x01, 0x01, 0x00, 0x00, 0xe2, 0x0f, 0x04, 0x21, 0x72, 0xef, 0x03,
  0xef, 0x00, 0x00, 0x00, 0x00, 0x01, 0x01, 0x00, 0x00, 0xe2, 0x0f, 0x00,
  0x20, 0x78, 0xf1, 0xf1, 0x3b, 0xaa, 0xb8, 0x3f, 0x00, 0x00, 0x41, 0x00,
  0x00, 0xe2, 0x0f, 0x00, 0x20, 0x78, 0x02, 0x02, 0x3b, 0xaa, 0xb8, 0x3f,
  0x00, 0x00, 0x41, 0x00, 0x00, 0xe2, 0x0f, 0x00, 0x21, 0x72, 0xd5, 0x03,
  0xec, 0x00, 0x00, 0x00, 0x00, 0x01, 0x01, 0x00, 0x00, 0xe2, 0x0f, 0x00,
  0x08, 0x73, 0xdc, 0x00, 0xf3, 0x00, 0x00, 0x00, 0x00, 0x08, 0x00, 0x00,
  0x00, 0xe2, 0x0f, 0x00, 0x20, 0x78, 0xd6, 0xd6, 0x3b, 0xaa, 0xb8, 0x3f,
  0x00, 0x00, 0x41, 0x00, 0x00, 0xe2, 0x0f, 0x00, 0x20, 0x78, 0xef, 0xef,
  0x3b, 0xaa, 0xb8, 0x3f, 0x00, 0x00, 0x41, 0x00, 0x00, 0xe2, 0x0f, 0x00,
  0x20, 0x78, 0xd5, 0xd5, 0x3b, 0xaa, 0xb8, 0x3f, 0x00, 0x00, 0x41, 0x00,
  0x00, 0xe2, 0x0f, 0x00, 0x21, 0x72, 0xe6, 0xc0, 0xc1, 0x00, 0x00, 0x00,
  0x00, 0x00, 0x01, 0x00, 0x00, 0xe2, 0x4f, 0x00, 0x21, 0x72, 0xf0, 0x03,
  0xf0, 0x00, 0x00, 0x00, 0x00, 0x01, 0x01, 0x00, 0x00, 0xe2, 0x0f, 0x04,
  0x08, 0x73, 0xc2, 0x00, 0xf6, 0x00, 0x00, 0x00, 0x00, 0x08, 0x00, 0x00,
  0x00, 0xe4, 0x0f, 0x00, 0x21, 0x72, 0xe6, 0xff, 0xe6, 0x00, 0x00, 0x00,
  0x00, 0x00, 0x01, 0x00, 0x00, 0xe2, 0x0f, 0x00, 0x20, 0x78, 0xf0, 0xf0,
  0x3b, 0xaa, 0xb8, 0x3f, 0x00, 0x00, 0x41, 0x00, 0x00, 0xe2, 0x0f, 0x00,
  0x08, 0x73, 0xc3, 0x00, 0xf5, 0x00, 0x00, 0x00, 0x00, 0x08, 0x00, 0x00,
  0x00, 0xe2, 0x0f, 0x00, 0x08, 0x73, 0xd7, 0x00, 0x00, 0x00, 0x00, 0x00,
  0x00, 0x08, 0x00, 0x00, 0x00, 0xe2, 0x03, 0x00, 0x08, 0x73, 0xd8, 0x00,
  0xf2, 0x00, 0x00, 0x00, 0x00, 0x08, 0x00, 0x00, 0x00, 0xa2, 0x0e, 0x00,
  0x21, 0x72, 0x00, 0x03, 0xed, 0x00, 0x00, 0x00, 0x00, 0x01, 0x01, 0x00,
  0x00, 0xc8, 0x2f, 0x00, 0x20, 0x78, 0x00, 0x00, 0x3b, 0xaa, 0xb8, 0x3f,
  0x00, 0x00, 0x41, 0x00, 0x00, 0xe2, 0x0f, 0x00, 0x08, 0x73, 0xeb, 0x00,
  0xf1, 0x00, 0x00, 0x00, 0x00, 0x08, 0x00, 0x00, 0x00, 0xe2, 0x0f, 0x00,
  0x08, 0x73, 0xec, 0x00, 0x02, 0x00, 0x00, 0x00, 0x00, 0x08, 0x00, 0x00,
  0x00, 0xe2, 0x03, 0x00, 0x21, 0x72, 0xe7, 0xd7, 0xd8, 0x00, 0x00, 0x00,
  0x00, 0x00, 0x01, 0x00, 0x00, 0xe2, 0x4f, 0x00, 0x08, 0x73, 0xd9, 0x00,
  0xd6, 0x00, 0x00, 0x00, 0x00, 0x08, 0x00, 0x00, 0x00, 0xe2, 0x0f, 0x00,
  0x21, 0x72, 0x02, 0x03, 0xda, 0x00, 0x00, 0x00, 0x00, 0x01, 0x01, 0x00,
  0x00, 0xc8, 0x2f, 0x00, 0x20, 0x78, 0x02, 0x02, 0x3b, 0xaa, 0xb8, 0x3f,
  0x00, 0x00, 0x41, 0x00, 0x00, 0xe2, 0x0f, 0x00, 0x08, 0x73, 0xda, 0x00,
  0xef, 0x00, 0x00, 0x00, 0x00, 0x08, 0x00, 0x00, 0x00, 0x62, 0x0e, 0x00,
  0x08, 0x73, 0xed, 0x00, 0xd5, 0x00, 0x00, 0x00, 0x00, 0x08, 0x00, 0x00,
  0x00, 0xe2, 0x05, 0x00, 0x08, 0x73, 0xee, 0x00, 0x00, 0x00, 0x00, 0x00,
  0x00, 0x08, 0x00, 0x00, 0x00, 0x22, 0x07, 0x00, 0x21, 0x72, 0xd5, 0xdb,
  0xdc, 0x00, 0x00, 0x00, 0x00, 0x00, 0x01, 0x00, 0x00, 0xe2, 0x4f, 0x00,
  0x21, 0x72, 0xe9, 0xd9, 0xda, 0x00, 0x00, 0x00, 0x00, 0x00, 0x01, 0x00,
  0x00, 0xc6, 0x2f, 0x00, 0x21, 0x72, 0xe6, 0xe6, 0xd5, 0x00, 0x00, 0x00,
  0x00, 0x00, 0x01, 0x00, 0x00, 0xe4, 0x0f, 0x00, 0x08, 0x73, 0xd5, 0x00,
  0x02, 0x00, 0x00, 0x00, 0x00, 0x08, 0x00, 0x00, 0x00, 0xe2, 0x0f, 0x00,
  0x21, 0x72, 0x00, 0xc2, 0xc3, 0x00, 0x00, 0x00, 0x00, 0x00, 0x01, 0x00,
  0x00, 0xc8, 0x8f, 0x00, 0x21, 0x72, 0x00, 0xff, 0x00, 0x00, 0x00, 0x00,
  0x00, 0x00, 0x01, 0x00, 0x00, 0xe2, 0x0f, 0x00, 0x08, 0x73, 0xd6, 0x00,
  0xf0, 0x00, 0x00, 0x00, 0x00, 0x08, 0x00, 0x00, 0x00, 0x66, 0x0e, 0x00,
  0x21, 0x72, 0xe7, 0x00, 0xe7, 0x00, 0x00, 0x00, 0x00, 0x00, 0x01, 0x00,
  0x00, 0xe2, 0x0f, 0x00, 0x21, 0x72, 0x00, 0xeb, 0xec, 0x00, 0x00, 0x00,
  0x00, 0x00, 0x01, 0x00, 0x00, 0xc6, 0x0f, 0x00, 0x21, 0x72, 0xe6, 0xe6,
  0xe7, 0x00, 0x00, 0x00, 0x00, 0x00, 0x01, 0x00, 0x00, 0xe2, 0x0f, 0x00,
  0x21, 0x72, 0x00, 0xff, 0x00, 0x00, 0x00, 0x00, 0x00, 0x00, 0x01, 0x00,
  0x00, 0xc8, 0x0f, 0x00, 0x21, 0x72, 0xe9, 0x00, 0xe9, 0x00, 0x00, 0x00,
  0x00, 0x00, 0x01, 0x00, 0x00, 0xe2, 0x0f, 0x00, 0x21, 0x72, 0x00, 0xed,
  0xee, 0x00, 0x00, 0x00, 0x00, 0x00, 0x01, 0x00, 0x00, 0xe2, 0x0f, 0x01,
  0x89, 0x7f, 0xe7, 0xe6, 0x00, 0x1f, 0x20, 0x0c, 0x00, 0x00, 0x0e, 0x00,
  0x00, 0xa6, 0x0e, 0x00, 0x21, 0x72, 0x00, 0xff, 0x00, 0x00, 0x00, 0x00,
  0x00, 0x00, 0x01, 0x00, 0x00, 0xe2, 0x0f, 0x00, 0x21, 0x72, 0xef, 0xd5,
  0xd6, 0x00, 0x00, 0x00, 0x00, 0x00, 0x01, 0x00, 0x00, 0xc8, 0x2f, 0x00,
  0x21, 0x72, 0x00, 0x00, 0xef, 0x00, 0x00, 0x00, 0x00, 0x00, 0x01, 0x00,
  0x00, 0xc8, 0x0f, 0x00, 0x21, 0x72, 0xe9, 0xe9, 0x00, 0x00, 0x00, 0x00,
  0x00, 0x00, 0x01, 0x00, 0x00, 0xca, 0x0f, 0x00, 0x89, 0x7f, 0x00, 0xe9,
  0x00, 0x1f, 0x20, 0x0c, 0x00, 0x00, 0x0e, 0x00, 0x00, 0x62, 0x0e, 0x00,
  0x21, 0x72, 0xe7, 0xe6, 0xe7, 0x00, 0x00, 0x00, 0x00, 0x00, 0x01, 0x00,
  0x00, 0xca, 0x4f, 0x00, 0x89, 0x7f, 0x02, 0xe7, 0x00, 0x1f, 0x40, 0x0c,
  0x00, 0x00, 0x0e, 0x00, 0x00, 0xa2, 0x0e, 0x00, 0x21, 0x72, 0xea, 0xe9,
  0x00, 0x00, 0x00, 0x00, 0x00, 0x00, 0x01, 0x00, 0x00, 0xca, 0x2f, 0x00,
  0x89, 0x7f, 0xef, 0xea, 0x00, 0x1f, 0x40, 0x0c, 0x00, 0x00, 0x0e, 0x00,
  0x00, 0x62, 0x0e, 0x00, 0x21, 0x72, 0x02, 0xe7, 0x02, 0x00, 0x00, 0x00,
  0x00, 0x00, 0x01, 0x00, 0x00, 0xe2, 0x4f, 0x00, 0x21, 0x72, 0x00, 0xea,
  0xef, 0x00, 0x00, 0x00, 0x00, 0x00, 0x01, 0x00, 0x00, 0xe2, 0x2f, 0x00,
  0x47, 0x79, 0x30, 0x00, 0x08, 0x00, 0x00, 0x00, 0x00, 0x00, 0x80, 0x03,
  0x00, 0xec, 0x0f, 0x00, 0x09, 0x72, 0x03, 0xf7, 0xf8, 0x00, 0x00, 0x00,
  0x00, 0x00, 0x81, 0x07, 0x00, 0xca, 0x0f, 0x00, 0x09, 0x72, 0x00, 0x03,
  0xf6, 0x00, 0x00, 0x00, 0x00, 0x00, 0x81, 0x07, 0x00, 0xca, 0x0f, 0x00,
  0x09, 0x72, 0x03, 0x00, 0xf5, 0x00, 0x00, 0x00, 0x00, 0x00, 0x81, 0x07,
  0x00, 0xca, 0x0f, 0x00, 0x09, 0x72, 0x00, 0x03, 0xf4, 0x00, 0x00, 0x00,
  0x00, 0x00, 0x81, 0x07, 0x00, 0xca, 0x0f, 0x00, 0x09, 0x72, 0x03, 0x00,
  0xf3, 0x00, 0x00, 0x00, 0x00, 0x00, 0x81, 0x07, 0x00, 0xca, 0x0f, 0x00,
  0x09, 0x72, 0x03, 0x03, 0xdc, 0x00, 0x00, 0x00, 0x00, 0x00, 0x81, 0x07,
  0x00, 0xca, 0x0f, 0x00, 0x09, 0x72, 0xc1, 0x03, 0xf2, 0x00, 0x00, 0x00,
  0x00, 0x00, 0x81, 0x07, 0x00, 0xe2, 0x0f, 0x00, 0x09, 0x72, 0x03, 0xeb,
  0xf1, 0x00, 0x00, 0x00, 0x00, 0x00, 0x81, 0x07, 0x00, 0xc8, 0x0f, 0x00,
  0x89, 0x7f, 0x00, 0xc1, 0x00, 0x1f, 0x20, 0x0c, 0x00, 0x00, 0x0e, 0x00,
  0x00, 0x62, 0x0e, 0x00, 0x09, 0x72, 0x02, 0x03, 0xec, 0x00, 0x00, 0x00,
  0x00, 0x00, 0x81, 0x07, 0x00, 0xca, 0x0f, 0x00, 0x09, 0x72, 0x03, 0x02,
  0xed, 0x00, 0x00, 0x00, 0x00, 0x00, 0x81, 0x07, 0x00, 0xca, 0x0f, 0x00,
  0x09, 0x72, 0x04, 0x03, 0xee, 0x00, 0x00, 0x00, 0x00, 0x00, 0x81, 0x07,
  0x00, 0xca, 0x0f, 0x00, 0x09, 0x72, 0xc3, 0x04, 0xef, 0x00, 0x00, 0x00,
  0x00, 0x00, 0x81, 0x07, 0x00, 0xca, 0x0f, 0x00, 0x09, 0x72, 0xc3, 0xc3,
  0xda, 0x00, 0x00, 0x00, 0x00, 0x00, 0x81, 0x07, 0x00, 0xe2, 0x0f, 0x00,
  0x09, 0x72, 0x02, 0xc1, 0x00, 0x00, 0x00, 0x00, 0x00, 0x00, 0x81, 0x07,
  0x00, 0xc8, 0x2f, 0x00, 0x09, 0x72, 0xc3, 0xc3, 0xf0, 0x00, 0x00, 0x00,
  0x00, 0x00, 0x81, 0x07, 0x00, 0xe2, 0x0f, 0x00, 0x89, 0x7f, 0x03, 0x02,
  0x00, 0x1f, 0x40, 0x0c, 0x00, 0x00, 0x0e, 0x00, 0x00, 0x68, 0x0e, 0x00,
  0x89, 0x7f, 0x00, 0xc3, 0x00, 0x1f, 0x20, 0x0c, 0x00, 0x00, 0x0e, 0x00,
  0x00, 0xa2, 0x0e, 0x00, 0x09, 0x72, 0x03, 0x02, 0x03, 0x00, 0x00, 0x00,
  0x00, 0x00, 0x81, 0x07, 0x00, 0xe2, 0x2f, 0x00, 0x09, 0x72, 0x00, 0xc3,
  0x00, 0x00, 0x00, 0x00, 0x00, 0x00, 0x81, 0x07, 0x00, 0xc8, 0x4f, 0x00,
  0x09, 0x72, 0x04, 0x03, 0xe6, 0x00, 0x00, 0x00, 0x00, 0x00, 0x81, 0x07,
  0x00, 0xe4, 0x0f, 0x00, 0x89, 0x7f, 0x03, 0x00, 0x00, 0x1f, 0x40, 0x0c,
  0x00, 0x00, 0x0e, 0x00, 0x00, 0x66, 0x0e, 0x00, 0x21, 0x72, 0xf8, 0x04,
  0xf8, 0x00, 0x00, 0x00, 0x00, 0x01, 0x01, 0x00, 0x00, 0xe2, 0x0f, 0x04,
  0x21, 0x72, 0xf7, 0x04, 0xf7, 0x00, 0x00, 0x00, 0x00, 0x01, 0x01, 0x00,
  0x00, 0xe2, 0x0f, 0x04, 0x21, 0x72, 0xf4, 0x04, 0xf4, 0x00, 0x00, 0x00,
  0x00, 0x01, 0x01, 0x00, 0x00, 0xe2, 0x0f, 0x04, 0x21, 0x72, 0xf3, 0x04,
  0xf3, 0x00, 0x00, 0x00, 0x00, 0x01, 0x01, 0x00, 0x00, 0xe2, 0x0f, 0x00,
  0x20, 0x78, 0xf8, 0xf8, 0x3b, 0xaa, 0xb8, 0x3f, 0x00, 0x00, 0x41, 0x00,
  0x00, 0xe2, 0x0f, 0x00, 0x20, 0x78, 0xf7, 0xf7, 0x3b, 0xaa, 0xb8, 0x3f,
  0x00, 0x00, 0x41, 0x00, 0x00, 0xe2, 0x0f, 0x00, 0x21, 0x72, 0xf6, 0x04,
  0xf6, 0x00, 0x00, 0x00, 0x00, 0x01, 0x01, 0x00, 0x00, 0xe2, 0x0f, 0x04,
  0x21, 0x72, 0xf5, 0x04, 0xf5, 0x00, 0x00, 0x00, 0x00, 0x01, 0x01, 0x00,
  0x00, 0xe2, 0x0f, 0x00, 0x08, 0x73, 0xc0, 0x00, 0xf8, 0x00, 0x00, 0x00,
  0x00, 0x08, 0x00, 0x00, 0x00, 0xe2, 0x0f, 0x00, 0x20, 0x78, 0xf4, 0xf4,
  0x3b, 0xaa, 0xb8, 0x3f, 0x00, 0x00, 0x41, 0x00, 0x00, 0xe2, 0x0f, 0x00,
  0x20, 0x78, 0xf3, 0xf3, 0x3b, 0xaa, 0xb8, 0x3f, 0x00, 0x00, 0x41, 0x00,
  0x00, 0xe2, 0x0f, 0x00, 0x20, 0x78, 0xf6, 0xf6, 0x3b, 0xaa, 0xb8, 0x3f,
  0x00, 0x00, 0x41, 0x00, 0x00, 0xe2, 0x0f, 0x00, 0x20, 0x78, 0xf5, 0xf5,
  0x3b, 0xaa, 0xb8, 0x3f, 0x00, 0x00, 0x41, 0x00, 0x00, 0xe2, 0x0f, 0x00,
  0x21, 0x72, 0x02, 0x04, 0xdc, 0x00, 0x00, 0x00, 0x00, 0x01, 0x01, 0x00,
  0x00, 0xe2, 0x0f, 0x04, 0x21, 0x72, 0xf2, 0x04, 0xf2, 0x00, 0x00, 0x00,
  0x00, 0x01, 0x01, 0x00, 0x00, 0xe2, 0x0f, 0x00, 0x08, 0x73, 0xc1, 0x00,
  0xf7, 0x00, 0x00, 0x00, 0x00, 0x08, 0x00, 0x00, 0x00, 0xe4, 0x0f, 0x00,
  0x20, 0x78, 0x02, 0x02, 0x3b, 0xaa, 0xb8, 0x3f, 0x00, 0x00, 0x41, 0x00,
  0x00, 0xe2, 0x0f, 0x00, 0x20, 0x78, 0xf2, 0xf2, 0x3b, 0xaa, 0xb8, 0x3f,
  0x00, 0x00, 0x41, 0x00, 0x00, 0xe2, 0x0f, 0x00, 0x09, 0x72, 0x00, 0x00,
  0x03, 0x00, 0x00, 0x00, 0x00, 0x00, 0x81, 0x07, 0x00, 0xe2, 0x2f, 0x00,
  0x08, 0x73, 0xdb, 0x00, 0xf4, 0x00, 0x00, 0x00, 0x00, 0x08, 0x00, 0x00,
  0x00, 0xe8, 0x0f, 0x00, 0x09, 0x72, 0x03, 0x00, 0xe7, 0x00, 0x00, 0x00,
  0x00, 0x00, 0x81, 0x07, 0x00, 0xe2, 0x0f, 0x00, 0x08, 0x73, 0xdc, 0x00,
  0xf3, 0x00, 0x00, 0x00, 0x00, 0x08, 0x00, 0x00, 0x00, 0x68, 0x0e, 0x00,
  0x21, 0x72, 0xf1, 0x03, 0xf1, 0x00, 0x00, 0x00, 0x00, 0x01, 0x01, 0x00,
  0x00, 0xe2, 0x0f, 0x04, 0x21, 0x72, 0x00, 0x03, 0xeb, 0x00, 0x00, 0x00,
  0x00, 0x01, 0x01, 0x00, 0x00, 0xe2, 0x0f, 0x04, 0x21, 0x72, 0xd6, 0x03,
  0xee, 0x00, 0x00, 0x00, 0x00, 0x01, 0x01, 0x00, 0x00, 0xe2, 0x0f, 0x04,
  0x21, 0x72, 0xef, 0x03, 0xef, 0x00, 0x00, 0x00, 0x00, 0x01, 0x01, 0x00,
  0x00, 0xe2, 0x0f, 0x00, 0x20, 0x78, 0xf1, 0xf1, 0x3b, 0xaa, 0xb8, 0x3f,
  0x00, 0x00, 0x41, 0x00, 0x00, 0xe2, 0x0f, 0x00, 0x20, 0x78, 0x00, 0x00,
  0x3b, 0xaa, 0xb8, 0x3f, 0x00, 0x00, 0x41, 0x00, 0x00, 0xe2, 0x0f, 0x00,
  0x21, 0x72, 0xd5, 0x03, 0xec, 0x00, 0x00, 0x00, 0x00, 0x01, 0x01, 0x00,
  0x00, 0xe2, 0x0f, 0x00, 0x08, 0x73, 0xc2, 0x00, 0xf6, 0x00, 0x00, 0x00,
  0x00, 0x08, 0x00, 0x00, 0x00, 0xe2, 0x0f, 0x00, 0x20, 0x78, 0xd6, 0xd6,
  0x3b, 0xaa, 0xb8, 0x3f, 0x00, 0x00, 0x41, 0x00, 0x00, 0xe2, 0x0f, 0x00,
  0x20, 0x78, 0xef, 0xef, 0x3b, 0xaa, 0xb8, 0x3f, 0x00, 0x00, 0x41, 0x00,
  0x00, 0xe2, 0x0f, 0x00, 0x20, 0x78, 0xd5, 0xd5, 0x3b, 0xaa, 0xb8, 0x3f,
  0x00, 0x00, 0x41, 0x00, 0x00, 0xe2, 0x0f, 0x00, 0x21, 0x72, 0xf0, 0x03,
  0xf0, 0x00, 0x00, 0x00, 0x00, 0x01, 0x01, 0x00, 0x00, 0xe2, 0x0f, 0x04,
  0x08, 0x73, 0xc3, 0x00, 0xf5, 0x00, 0x00, 0x00, 0x00, 0x08, 0x00, 0x00,
  0x00, 0xe6, 0x0f, 0x00, 0x20, 0x78, 0xf0, 0xf0, 0x3b, 0xaa, 0xb8, 0x3f,
  0x00, 0x00, 0x41, 0x00, 0x00, 0xe2, 0x0f, 0x00, 0x08, 0x73, 0xd7, 0x00,
  0x02, 0x00, 0x00, 0x00, 0x00, 0x08, 0x00, 0x00, 0x00, 0xe2, 0x05, 0x00,
  0x08, 0x73, 0xd8, 0x00, 0xf2, 0x00, 0x00, 0x00, 0x00, 0x08, 0x00, 0x00,
  0x00, 0xe2, 0x02, 0x00, 0x21, 0x72, 0x02, 0x03, 0xed, 0x00, 0x00, 0x00,
  0x00, 0x01, 0x01, 0x00, 0x00, 0xc8, 0x4f, 0x00, 0x20, 0x78, 0x02, 0x02,
  0x3b, 0xaa, 0xb8, 0x3f, 0x00, 0x00, 0x41, 0x00, 0x00, 0xe2, 0x0f, 0x00,
  0x08, 0x73, 0xeb, 0x00, 0xf1, 0x00, 0x00, 0x00, 0x00, 0x08, 0x00, 0x00,
  0x00, 0xe2, 0x05, 0x00, 0x21, 0x72, 0xf2, 0xdb, 0xdc, 0x00, 0x00, 0x00,
  0x00, 0x00, 0x01, 0x00, 0x00, 0xe2, 0x2f, 0x00, 0x08, 0x73, 0xec, 0x00,
  0x00, 0x00, 0x00, 0x00, 0x00, 0x08, 0x00, 0x00, 0x00, 0xe2, 0x03, 0x00,
  0x21, 0x72, 0xf1, 0xc0, 0xc1, 0x00, 0x00, 0x00, 0x00, 0x00, 0x01, 0x00,
  0x00, 0xc8, 0x4f, 0x00, 0x21, 0x72, 0xf1, 0xff, 0xf1, 0x00, 0x00, 0x00,
  0x00, 0x00, 0x01, 0x00, 0x00, 0xe2, 0x0f, 0x00, 0x08, 0x73, 0xd9, 0x00,
  0xd6, 0x00, 0x00, 0x00, 0x00, 0x08, 0x00, 0x00, 0x00, 0xe2, 0x0f, 0x00,
  0x21, 0x72, 0x00, 0x03, 0xda, 0x00, 0x00, 0x00, 0x00, 0x01, 0x01, 0x00,
  0x00, 0xe4, 0x2f, 0x00, 0x08, 0x73, 0xda, 0x00, 0xef, 0x00, 0x00, 0x00,
  0x00, 0x08, 0x00, 0x00, 0x00, 0x62, 0x0e, 0x00, 0x08, 0x73, 0xed, 0x00,
  0xd5, 0x00, 0x00, 0x00, 0x00, 0x08, 0x00, 0x00, 0x00, 0xe2, 0x05, 0x00,
  0x08, 0x73, 0xee, 0x00, 0x02, 0x00, 0x00, 0x00, 0x00, 0x08, 0x00, 0x00,
  0x00, 0x22, 0x09, 0x00, 0x20, 0x78, 0xd5, 0x00, 0x3b, 0xaa, 0xb8, 0x3f,
  0x00, 0x00, 0x41, 0x00, 0x00, 0xe2, 0x4f, 0x00, 0x21, 0x72, 0x00, 0xf1,
  0xf2, 0x00, 0x00, 0x00, 0x00, 0x00, 0x01, 0x00, 0x00, 0xe2, 0x0f, 0x00,
  0x21, 0x72, 0xf1, 0xd7, 0xd8, 0x00, 0x00, 0x00, 0x00, 0x00, 0x01, 0x00,
  0x00, 0xe2, 0x8f, 0x00, 0x21, 0x72, 0xef, 0xd9, 0xda, 0x00, 0x00, 0x00,
  0x00, 0x00, 0x01, 0x00, 0x00, 0xc6, 0x2f, 0x00, 0x08, 0x73, 0xd5, 0x00,
  0xd5, 0x00, 0x00, 0x00, 0x00, 0x08, 0x00, 0x00, 0x00, 0xe2, 0x0f, 0x00,
  0x21, 0x72, 0x02, 0xc2, 0xc3, 0x00, 0x00, 0x00, 0x00, 0x00, 0x01, 0x00,
  0x00, 0xc8, 0x0f, 0x01, 0x21, 0x72, 0x02, 0xff, 0x02, 0x00, 0x00, 0x00,
  0x00, 0x00, 0x01, 0x00, 0x00, 0xe2, 0x0f, 0x00, 0x08, 0x73, 0xd6, 0x00,
  0xf0, 0x00, 0x00, 0x00, 0x00, 0x08, 0x00, 0x00, 0x00, 0x66, 0x0e, 0x00,
  0x21, 0x72, 0xf1, 0x02, 0xf1, 0x00, 0x00, 0x00, 0x00, 0x00, 0x01, 0x00,
  0x00, 0xe2, 0x0f, 0x00, 0x21, 0x72, 0x02, 0xeb, 0xec, 0x00, 0x00, 0x00,
  0x00, 0x00, 0x01, 0x00, 0x00, 0xc6, 0x0f, 0x00, 0x21, 0x72, 0xf1, 0x00,
  0xf1, 0x00, 0x00, 0x00, 0x00, 0x00, 0x01, 0x00, 0x00, 0xe2, 0x0f, 0x00,
  0x21, 0x72, 0x02, 0xff, 0x02, 0x00, 0x00, 0x00, 0x00, 0x00, 0x01, 0x00,
  0x00, 0xc8, 0x0f, 0x00, 0x21, 0x72, 0xef, 0x02, 0xef, 0x00, 0x00, 0x00,
  0x00, 0x00, 0x01, 0x00, 0x00, 0xe2, 0x0f, 0x00, 0x21, 0x72, 0x02, 0xed,
  0xee, 0x00, 0x00, 0x00, 0x00, 0x00, 0x01, 0x00, 0x00, 0xe2, 0x0f, 0x00,
  0x89, 0x7f, 0x00, 0xf1, 0x00, 0x1f, 0x20, 0x0c, 0x00, 0x00, 0x0e, 0x00,
  0x00, 0xa6, 0x0e, 0x00, 0x21, 0x72, 0x02, 0xff, 0x02, 0x00, 0x00, 0x00,
  0x00, 0x00, 0x01, 0x00, 0x00, 0xe2, 0x0f, 0x00, 0x21, 0x72, 0xf3, 0xd5,
  0xd6, 0x00, 0x00, 0x00, 0x00, 0x00, 0x01, 0x00, 0x00, 0xc8, 0x2f, 0x00,
  0x21, 0x72, 0x02, 0x02, 0xf3, 0x00, 0x00, 0x00, 0x00, 0x00, 0x01, 0x00,
  0x00, 0xc8, 0x0f, 0x00, 0x21, 0x72, 0x02, 0xef, 0x02, 0x00, 0x00, 0x00,
  0x00, 0x00, 0x01, 0x00, 0x00, 0xca, 0x0f, 0x00, 0x89, 0x7f, 0xef, 0x02,
  0x00, 0x1f, 0x20, 0x0c, 0x00, 0x00, 0x0e, 0x00, 0x00, 0x62, 0x0e, 0x00,
  0x21, 0x72, 0xf0, 0xf1, 0x00, 0x00, 0x00, 0x00, 0x00, 0x00, 0x01, 0x00,
  0x00, 0xe2, 0x4f, 0x00, 0x21, 0x72, 0x00, 0x04, 0xe6, 0x00, 0x00, 0x00,
  0x00, 0x01, 0x01, 0x00, 0x00, 0xc8, 0x0f, 0x00, 0x89, 0x7f, 0xf3, 0xf0,
  0x00, 0x1f, 0x40, 0x0c, 0x00, 0x00, 0x0e, 0x00, 0x00, 0xa2, 0x0e, 0x00,
  0x20, 0x78, 0xe6, 0x00, 0x3b, 0xaa, 0xb8, 0x3f, 0x00, 0x00, 0x41, 0x00,
  0x00, 0xe2, 0x0f, 0x00, 0x21, 0x72, 0x00, 0x03, 0xe7, 0x00, 0x00, 0x00,
  0x00, 0x01, 0x01, 0x00, 0x00, 0xca, 0x0f, 0x00, 0x08, 0x73, 0xe6, 0x00,
  0xe6, 0x00, 0x00, 0x00, 0x00, 0x08, 0x00, 0x00, 0x00, 0xe2, 0x0e, 0x00,
  0x21, 0x72, 0xf2, 0x02, 0xef, 0x00, 0x00, 0x00, 0x00, 0x00, 0x01, 0x00,
  0x00, 0xe2, 0x2f, 0x00, 0x20, 0x78, 0xef, 0x00, 0x3b, 0xaa, 0xb8, 0x3f,
  0x00, 0x00, 0x41, 0x00, 0x00, 0xc8, 0x0f, 0x00, 0x89, 0x7f, 0xf5, 0xf2,
  0x00, 0x1f, 0x40, 0x0c, 0x00, 0x00, 0x0e, 0x00, 0x00, 0x64, 0x0e, 0x00,
  0x08, 0x73, 0xef, 0x00, 0xef, 0x00, 0x00, 0x00, 0x00, 0x08, 0x00, 0x00,
  0x00, 0x22, 0x0f, 0x00, 0x21, 0x72, 0xf3, 0xf0, 0xf3, 0x00, 0x00, 0x00,
  0x00, 0x00, 0x01, 0x00, 0x00, 0xe2, 0x4f, 0x00, 0x3e, 0x72, 0xe7, 0xe6,
  0xe6, 0x00, 0x00, 0x00, 0xff, 0x00, 0x00, 0x00, 0x00, 0xc6, 0x8f, 0x00,
  0x23, 0x72, 0x02, 0xe6, 0xe9, 0x00, 0x00, 0x00, 0xf3, 0x00, 0x01, 0x00,
  0x00, 0xe4, 0x0f, 0x00, 0x32, 0x72, 0xce, 0xe7, 0xce, 0x00, 0x00, 0x00,
  0x00, 0x00, 0x00, 0x00, 0x00, 0xe4, 0x0f, 0x04, 0x32, 0x72, 0xcc, 0xe7,
  0xcc, 0x00, 0x00, 0x00, 0x00, 0x00, 0x00, 0x00, 0x00, 0xe4, 0x0f, 0x04,
  0x32, 0x72, 0xca, 0xe7, 0xca, 0x00, 0x00, 0x00, 0x00, 0x00, 0x00, 0x00,
  0x00, 0xe4, 0x0f, 0x04, 0x32, 0x72, 0xc8, 0xe7, 0xc8, 0x00, 0x00, 0x00,
  0x00, 0x00, 0x00, 0x00, 0x00, 0xe4, 0x0f, 0x04, 0x32, 0x72, 0xc6, 0xe7,
  0xc6, 0x00, 0x00, 0x00, 0x00, 0x00, 0x00, 0x00, 0x00, 0xe2, 0x0f, 0x04,
  0x3e, 0x72, 0xe9, 0xef, 0xef, 0x00, 0x00, 0x00, 0xff, 0x00, 0x00, 0x00,
  0x00, 0xe2, 0x0f, 0x01, 0x32, 0x72, 0xc4, 0xe7, 0xc4, 0x00, 0x00, 0x00,
  0x00, 0x00, 0x00, 0x00, 0x00, 0xc4, 0x0f, 0x00, 0x32, 0x72, 0x1e, 0xe7,
  0x1e, 0x00, 0x00, 0x00, 0x00, 0x00, 0x00, 0x00, 0x00, 0xe4, 0x0f, 0x04,
  0x21, 0x72, 0x00, 0xf2, 0xf5, 0x00, 0x00, 0x00, 0x00, 0x00, 0x01, 0x00,
  0x00, 0xe2, 0x2f, 0x00, 0x32, 0x72, 0x1c, 0xe7, 0x1c, 0x00, 0x00, 0x00,
  0x00, 0x00, 0x00, 0x00, 0x00, 0xe4, 0x0f, 0x04, 0x32, 0x72, 0x1a, 0xe7,
  0x1a, 0x00, 0x00, 0x00, 0x00, 0x00, 0x00, 0x00, 0x00, 0xe4, 0x0f, 0x04,
  0x23, 0x72, 0x00, 0xef, 0xea, 0x00, 0x00, 0x00, 0x00, 0x00, 0x01, 0x00,
  0x00, 0xe2, 0x0f, 0x00, 0x32, 0x72, 0x18, 0xe7, 0x18, 0x00, 0x00, 0x00,
  0x00, 0x00, 0x00, 0x00, 0x00, 0xe4, 0x0f, 0x04, 0x32, 0x72, 0x16, 0xe7,
  0x16, 0x00, 0x00, 0x00, 0x00, 0x00, 0x00, 0x00, 0x00, 0xc4, 0x0f, 0x00,
  0x32, 0x72, 0x14, 0xe7, 0x14, 0x00, 0x00, 0x00, 0x00, 0x00, 0x00, 0x00,
  0x00, 0xe4, 0x0f, 0x04, 0x32, 0x72, 0x12, 0xe7, 0x12, 0x00, 0x00, 0x00,
  0x00, 0x00, 0x00, 0x00, 0x00, 0xe4, 0x0f, 0x04, 0x32, 0x72, 0x10, 0xe7,
  0x10, 0x00, 0x00, 0x00, 0x00, 0x00, 0x00, 0x00, 0x00, 0xe4, 0x0f, 0x04,
  0x32, 0x72, 0x0e, 0xe7, 0x0e, 0x00, 0x00, 0x00, 0x00, 0x00, 0x00, 0x00,
  0x00, 0xe4, 0x0f, 0x04, 0x32, 0x72, 0xd0, 0xe7, 0xd0, 0x00, 0x00, 0x00,
  0x00, 0x00, 0x00, 0x00, 0x00, 0xe4, 0x0f, 0x00, 0x32, 0x72, 0xcf, 0xe9,
  0xcf, 0x00, 0x00, 0x00, 0x00, 0x00, 0x00, 0x00, 0x00, 0xc4, 0x0f, 0x00,
  0x32, 0x72, 0xcd, 0xe9, 0xcd, 0x00, 0x00, 0x00, 0x00, 0x00, 0x00, 0x00,
  0x00, 0xe4, 0x0f, 0x04, 0x32, 0x72, 0xcb, 0xe9, 0xcb, 0x00, 0x00, 0x00,
  0x00, 0x00, 0x00, 0x00, 0x00, 0xe4, 0x0f, 0x04, 0x32, 0x72, 0xc9, 0xe9,
  0xc9, 0x00, 0x00, 0x00, 0x00, 0x00, 0x00, 0x00, 0x00, 0xe4, 0x0f, 0x04,
  0x32, 0x72, 0xc7, 0xe9, 0xc7, 0x00, 0x00, 0x00, 0x00, 0x00, 0x00, 0x00,
  0x00, 0xe4, 0x0f, 0x04, 0x32, 0x72, 0xc5, 0xe9, 0xc5, 0x00, 0x00, 0x00,
  0x00, 0x00, 0x00, 0x00, 0x00, 0xe4, 0x0f, 0x04, 0x32, 0x72, 0x1f, 0xe9,
  0x1f, 0x00, 0x00, 0x00, 0x00, 0x00, 0x00, 0x00, 0x00, 0xc4, 0x0f, 0x00,
  0x32, 0x72, 0x1d, 0xe9, 0x1d, 0x00, 0x00, 0x00, 0x00, 0x00, 0x00, 0x00,
  0x00, 0xe4, 0x0f, 0x04, 0x32, 0x72, 0x1b, 0xe9, 0x1b, 0x00, 0x00, 0x00,
  0x00, 0x00, 0x00, 0x00, 0x00, 0xe4, 0x0f, 0x04, 0x32, 0x72, 0x19, 0xe9,
  0x19, 0x00, 0x00, 0x00, 0x00, 0x00, 0x00, 0x00, 0x00, 0xe4, 0x0f, 0x04,
  0x32, 0x72, 0x17, 0xe9, 0x17, 0x00, 0x00, 0x00, 0x00, 0x00, 0x00, 0x00,
  0x00, 0xe4, 0x0f, 0x04, 0x32, 0x72, 0x15, 0xe9, 0x15, 0x00, 0x00, 0x00,
  0x00, 0x00, 0x00, 0x00, 0x00, 0xe4, 0x0f, 0x04, 0x32, 0x72, 0x13, 0xe9,
  0x13, 0x00, 0x00, 0x00, 0x00, 0x00, 0x00, 0x00, 0x00, 0xc4, 0x0f, 0x00,
  0x32, 0x72, 0x11, 0xe9, 0x11, 0x00, 0x00, 0x00, 0x00, 0x00, 0x00, 0x00,
  0x00, 0xe4, 0x0f, 0x04, 0x32, 0x72, 0x0f, 0xe9, 0x0f, 0x00, 0x00, 0x00,
  0x00, 0x00, 0x00, 0x00, 0x00, 0xe4, 0x0f, 0x04, 0x32, 0x72, 0xd1, 0xe9,
  0xd1, 0x00, 0x00, 0x00, 0x00, 0x00, 0x00, 0x00, 0x00, 0xce, 0x0f, 0x00,
  0x3e, 0x72, 0xc0, 0xc1, 0xc0, 0x00, 0x00, 0x00, 0xff, 0x00, 0x00, 0x00,
  0x00, 0xe4, 0x0f, 0x00, 0x3e, 0x72, 0xc2, 0xc3, 0xc2, 0x00, 0x00, 0x00,
  0xff, 0x00, 0x00, 0x00, 0x00, 0xe4, 0x0f, 0x00, 0x3e, 0x72, 0xc1, 0xec,
  0xeb, 0x00, 0x00, 0x00, 0xff, 0x00, 0x00, 0x00, 0x00, 0xe4, 0x0f, 0x00,
  0x3e, 0x72, 0xc3, 0xee, 0xed, 0x00, 0x00, 0x00, 0xff, 0x00, 0x00, 0x00,
  0x00, 0xe2, 0x0f, 0x00, 0x47, 0x75, 0x4c, 0x00, 0x01, 0x00, 0x00, 0x00,
  0x00, 0x00, 0x80, 0x0b, 0x00, 0xec, 0x0f, 0x00, 0x1a, 0x79, 0x00, 0x00,
  0x00, 0x80, 0x00, 0x00, 0x00, 0x00, 0x00, 0x00, 0x00, 0xc8, 0x0f, 0x00,
  0x1d, 0x7b, 0x00, 0x00, 0x00, 0x00, 0x00, 0x00, 0x00, 0x00, 0x01, 0x00,
  0x00, 0xe2, 0x0f, 0x00, 0x12, 0x78, 0xe6, 0x0c, 0x20, 0x00, 0x00, 0x00,
  0xff, 0x3c, 0x8e, 0x07, 0x00, 0xca, 0x0f, 0x00, 0x3b, 0x78, 0x40, 0x0c,
  0x12, 0x00, 0x00, 0x00, 0x00, 0x02, 0x00, 0x08, 0x00, 0xa8, 0x02, 0x00,
  0x3b, 0x78, 0x44, 0x0c, 0x12, 0x00, 0x10, 0x00, 0x00, 0x02, 0x00, 0x08,
  0x00, 0xe8, 0x02, 0x00, 0x3b, 0x78, 0x48, 0xe6, 0x12, 0x00, 0x00, 0x00,
  0x00, 0x02, 0x00, 0x08, 0x00, 0x28, 0x03, 0x00, 0x3b, 0x78, 0x4c, 0xe6,
  0x12, 0x00, 0x10, 0x00, 0x00, 0x02, 0x00, 0x08, 0x00, 0x68, 0x02, 0x00,
  0x3b, 0x78, 0x50, 0xe8, 0x12, 0x00, 0x00, 0x00, 0x00, 0x02, 0x00, 0x08,
  0x00, 0x68, 0x02, 0x00, 0x3b, 0x78, 0x54, 0xe8, 0x12, 0x00, 0x10, 0x00,
  0x00, 0x02, 0x00, 0x08, 0x00, 0x68, 0x02, 0x00, 0x3b, 0x78, 0x58, 0xe5,
  0x12, 0x00, 0x00, 0x00, 0x00, 0x02, 0x00, 0x08, 0x00, 0x68, 0x02, 0x00,
  0x3b, 0x78, 0x5c, 0xe5, 0x12, 0x00, 0x10, 0x00, 0x00, 0x02, 0x00, 0x08,
  0x00, 0x68, 0x02, 0x00, 0x3b, 0x78, 0x60, 0x0c, 0x12, 0x80, 0x00, 0x00,
  0x00, 0x02, 0x00, 0x08, 0x00, 0x68, 0x02, 0x00, 0x3b, 0x78, 0x64, 0x0c,
  0x12, 0x80, 0x10, 0x00, 0x00, 0x02, 0x00, 0x08, 0x00, 0x68, 0x02, 0x00,
  0x3b, 0x78, 0x68, 0xdd, 0x12, 0x00, 0x00, 0x00, 0x00, 0x02, 0x00, 0x08,
  0x00, 0x68, 0x02, 0x00, 0x3b, 0x78, 0x6c, 0xdd, 0x12, 0x00, 0x10, 0x00,
  0x00, 0x02, 0x00, 0x08, 0x00, 0x68, 0x02, 0x00, 0x3b, 0x78, 0x70, 0x0b,
  0x12, 0x00, 0x00, 0x00, 0x00, 0x02, 0x00, 0x08, 0x00, 0x68, 0x02, 0x00,
  0x3b, 0x78, 0x74, 0x0b, 0x12, 0x00, 0x10, 0x00, 0x00, 0x02, 0x00, 0x08,
  0x00, 0x68, 0x02, 0x00, 0x3b, 0x78, 0x78, 0x0a, 0x12, 0x00, 0x00, 0x00,
  0x00, 0x02, 0x00, 0x08, 0x00, 0x68, 0x02, 0x00, 0x3b, 0x78, 0x7c, 0x0a,
  0x12, 0x00, 0x10, 0x00, 0x00, 0x02, 0x00, 0x08, 0x00, 0x64, 0xc2, 0x01,
  0x3c, 0x72, 0xce, 0xc0, 0x80, 0x00, 0x00, 0x00, 0xce, 0x08, 0x00, 0x00,
  0x00, 0xde, 0x0f, 0x00, 0x18, 0x79, 0x00, 0x00, 0x00, 0x00, 0x00, 0x00,
  0x00, 0x00, 0x00, 0x00, 0x00, 0xe2, 0x0f, 0x00, 0x3c, 0x72, 0xcc, 0xc0,
  0x82, 0x00, 0x00, 0x00, 0xcc, 0x08, 0x00, 0x00, 0x00, 0xde, 0x0f, 0x00,
  0x18, 0x79, 0x00, 0x00, 0x00, 0x00, 0x00, 0x00, 0x00, 0x00, 0x00, 0x00,
  0x00, 0xe2, 0x0f, 0x00, 0x3c, 0x72, 0xca, 0xc0, 0x84, 0x00, 0x00, 0x00,
  0xca, 0x08, 0x00, 0x00, 0x00, 0xde, 0x0f, 0x00, 0x18, 0x79, 0x00, 0x00,
  0x00, 0x00, 0x00, 0x00, 0x00, 0x00, 0x00, 0x00, 0x00, 0xe2, 0x0f, 0x00,
  0x3c, 0x72, 0xc8, 0xc0, 0x86, 0x00, 0x00, 0x00, 0xc8, 0x08, 0x00, 0x00,
  0x00, 0xde, 0x0f, 0x00, 0x18, 0x79, 0x00, 0x00, 0x00, 0x00, 0x00, 0x00,
  0x00, 0x00, 0x00, 0x00, 0x00, 0xe2, 0x0f, 0x00, 0x3c, 0x72, 0xc6, 0xc0,
  0x88, 0x00, 0x00, 0x00, 0xc6, 0x08, 0x00, 0x00, 0x00, 0xde, 0x0f, 0x00,
  0x18, 0x79, 0x00, 0x00, 0x00, 0x00, 0x00, 0x00, 0x00, 0x00, 0x00, 0x00,
  0x00, 0xe2, 0x0f, 0x00, 0x3c, 0x72, 0xc4, 0xc0, 0x8a, 0x00, 0x00, 0x00,
  0xc4, 0x08, 0x00, 0x00, 0x00, 0xde, 0x0f, 0x00, 0x18, 0x79, 0x00, 0x00,
  0x00, 0x00, 0x00, 0x00, 0x00, 0x00, 0x00, 0x00, 0x00, 0xe2, 0x0f, 0x00,
  0x3c, 0x72, 0x1e, 0xc0, 0x8c, 0x00, 0x00, 0x00, 0x1e, 0x08, 0x00, 0x00,
  0x00, 0xde, 0x0f, 0x00, 0x18, 0x79, 0x00, 0x00, 0x00, 0x00, 0x00, 0x00,
  0x00, 0x00, 0x00, 0x00, 0x00, 0xe2, 0x0f, 0x00, 0x3c, 0x72, 0x1c, 0xc0,
  0x8e, 0x00, 0x00, 0x00, 0x1c, 0x08, 0x00, 0x00, 0x00, 0xde, 0x0f, 0x00,
  0x18, 0x79, 0x00, 0x00, 0x00, 0x00, 0x00, 0x00, 0x00, 0x00, 0x00, 0x00,
  0x00, 0xe2, 0x0f, 0x00, 0x3c, 0x72, 0x1a, 0xc0, 0x90, 0x00, 0x00, 0x00,
  0x1a, 0x08, 0x00, 0x00, 0x00, 0xde, 0x0f, 0x00, 0x18, 0x79, 0x00, 0x00,
  0x00, 0x00, 0x00, 0x00, 0x00, 0x00, 0x00, 0x00, 0x00, 0xe2, 0x0f, 0x00,
  0x3c, 0x72, 0x18, 0xc0, 0x92, 0x00, 0x00, 0x00, 0x18, 0x08, 0x00, 0x00,
  0x00, 0xde, 0x0f, 0x00, 0x18, 0x79, 0x00, 0x00, 0x00, 0x00, 0x00, 0x00,
  0x00, 0x00, 0x00, 0x00, 0x00, 0xe2, 0x0f, 0x00, 0x3c, 0x72, 0x16, 0xc0,
  0x94, 0x00, 0x00, 0x00, 0x16, 0x08, 0x00, 0x00, 0x00, 0xde, 0x0f, 0x00,
  0x18, 0x79, 0x00, 0x00, 0x00, 0x00, 0x00, 0x00, 0x00, 0x00, 0x00, 0x00,
  0x00, 0xe2, 0x0f, 0x00, 0x3c, 0x72, 0x14, 0xc0, 0x96, 0x00, 0x00, 0x00,
  0x14, 0x08, 0x00, 0x00, 0x00, 0xde, 0x0f, 0x00, 0x18, 0x79, 0x00, 0x00,
  0x00, 0x00, 0x00, 0x00, 0x00, 0x00, 0x00, 0x00, 0x00, 0xe2, 0x0f, 0x00,
  0x3c, 0x72, 0x12, 0xc0, 0x98, 0x00, 0x00, 0x00, 0x12, 0x08, 0x00, 0x00,
  0x00, 0xde, 0x0f, 0x00, 0x18, 0x79, 0x00, 0x00, 0x00, 0x00, 0x00, 0x00,
  0x00, 0x00, 0x00, 0x00, 0x00, 0xe2, 0x0f, 0x00, 0x3c, 0x72, 0x10, 0xc0,
  0x9a, 0x00, 0x00, 0x00, 0x10, 0x08, 0x00, 0x00, 0x00, 0xde, 0x0f, 0x00,
  0x18, 0x79, 0x00, 0x00, 0x00, 0x00, 0x00, 0x00, 0x00, 0x00, 0x00, 0x00,
  0x00, 0xe2, 0x0f, 0x00, 0x3c, 0x72, 0x0e, 0xc0, 0x9c, 0x00, 0x00, 0x00,
  0x0e, 0x08, 0x00, 0x00, 0x00, 0xde, 0x0f, 0x00, 0x18, 0x79, 0x00, 0x00,
  0x00, 0x00, 0x00, 0x00, 0x00, 0x00, 0x00, 0x00, 0x00, 0xe2, 0x0f, 0x00,
  0x3c, 0x72, 0xd0, 0xc0, 0x9e, 0x00, 0x00, 0x00, 0xd0, 0x08, 0x00, 0x00,
  0x00, 0xf0, 0x0f, 0x00, 0x3e, 0x72, 0xc0, 0xdc, 0xdb, 0x00, 0x00, 0x00,
  0xff, 0x00, 0x00, 0x00, 0x00, 0xe4, 0x0f, 0x00, 0x3e, 0x72, 0xc1, 0xda,
  0xd9, 0x00, 0x00, 0x00, 0xff, 0x00, 0x00, 0x00, 0x00, 0xc4, 0x0f, 0x00,
  0x3e, 0x72, 0xc2, 0xd8, 0xd7, 0x00, 0x00, 0x00, 0xff, 0x00, 0x00, 0x00,
  0x00, 0xe4, 0x0f, 0x00, 0x3e, 0x72, 0xc3, 0xd6, 0xd5, 0x00, 0x00, 0x00,
  0xff, 0x00, 0x00, 0x00, 0x00, 0xce, 0x0f, 0x00, 0x3c, 0x72, 0xce, 0xc0,
  0xa0, 0x00, 0x00, 0x00, 0xce, 0x08, 0x00, 0x00, 0x00, 0xde, 0x0f, 0x00,
  0x18, 0x79, 0x00, 0x00, 0x00, 0x00, 0x00, 0x00, 0x00, 0x00, 0x00, 0x00,
  0x00, 0xe2, 0x0f, 0x00, 0x3c, 0x72, 0xcc, 0xc0, 0xa2, 0x00, 0x00, 0x00,
  0xcc, 0x08, 0x00, 0x00, 0x00, 0xde, 0x0f, 0x00, 0x18, 0x79, 0x00, 0x00,
  0x00, 0x00, 0x00, 0x00, 0x00, 0x00, 0x00, 0x00, 0x00, 0xe2, 0x0f, 0x00,
  0x3c, 0x72, 0xca, 0xc0, 0xa4, 0x00, 0x00, 0x00, 0xca, 0x08, 0x00, 0x00,
  0x00, 0xde, 0x0f, 0x00, 0x18, 0x79, 0x00, 0x00, 0x00, 0x00, 0x00, 0x00,
  0x00, 0x00, 0x00, 0x00, 0x00, 0xe2, 0x0f, 0x00, 0x3c, 0x72, 0xc8, 0xc0,
  0xa6, 0x00, 0x00, 0x00, 0xc8, 0x08, 0x00, 0x00, 0x00, 0xde, 0x0f, 0x00,
  0x18, 0x79, 0x00, 0x00, 0x00, 0x00, 0x00, 0x00, 0x00, 0x00, 0x00, 0x00,
  0x00, 0xe2, 0x0f, 0x00, 0x3c, 0x72, 0xc6, 0xc0, 0xa8, 0x00, 0x00, 0x00,
  0xc6, 0x08, 0x00, 0x00, 0x00, 0xde, 0x0f, 0x00, 0x18, 0x79, 0x00, 0x00,
  0x00, 0x00, 0x00, 0x00, 0x00, 0x00, 0x00, 0x00, 0x00, 0xe2, 0x0f, 0x00,
  0x3c, 0x72, 0xc4, 0xc0, 0xaa, 0x00, 0x00, 0x00, 0xc4, 0x08, 0x00, 0x00,
  0x00, 0xde, 0x0f, 0x00, 0x18, 0x79, 0x00, 0x00, 0x00, 0x00, 0x00, 0x00,
  0x00, 0x00, 0x00, 0x00, 0x00, 0xe2, 0x0f, 0x00, 0x3c, 0x72, 0x1e, 0xc0,
  0xac, 0x00, 0x00, 0x00, 0x1e, 0x08, 0x00, 0x00, 0x00, 0xde, 0x0f, 0x00,
  0x18, 0x79, 0x00, 0x00, 0x00, 0x00, 0x00, 0x00, 0x00, 0x00, 0x00, 0x00,
  0x00, 0xe2, 0x0f, 0x00, 0x3c, 0x72, 0x1c, 0xc0, 0xae, 0x00, 0x00, 0x00,
  0x1c, 0x08, 0x00, 0x00, 0x00, 0xde, 0x0f, 0x00, 0x18, 0x79, 0x00, 0x00,
  0x00, 0x00, 0x00, 0x00, 0x00, 0x00, 0x00, 0x00, 0x00, 0xe2, 0x0f, 0x00,
  0x3c, 0x72, 0x1a, 0xc0, 0xb0, 0x00, 0x00, 0x00, 0x1a, 0x08, 0x00, 0x00,
  0x00, 0xde, 0x0f, 0x00, 0x18, 0x79, 0x00, 0x00, 0x00, 0x00, 0x00, 0x00,
  0x00, 0x00, 0x00, 0x00, 0x00, 0xe2, 0x0f, 0x00, 0x3c, 0x72, 0x18, 0xc0,
  0xb2, 0x00, 0x00, 0x00, 0x18, 0x08, 0x00, 0x00, 0x00, 0xde, 0x0f, 0x00,
  0x18, 0x79, 0x00, 0x00, 0x00, 0x00, 0x00, 0x00, 0x00, 0x00, 0x00, 0x00,
  0x00, 0xe2, 0x0f, 0x00, 0x3c, 0x72, 0x16, 0xc0, 0xb4, 0x00, 0x00, 0x00,
  0x16, 0x08, 0x00, 0x00, 0x00, 0xde, 0x0f, 0x00, 0x18, 0x79, 0x00, 0x00,
  0x00, 0x00, 0x00, 0x00, 0x00, 0x00, 0x00, 0x00, 0x00, 0xe2, 0x0f, 0x00,
  0x3c, 0x72, 0x14, 0xc0, 0xb6, 0x00, 0x00, 0x00, 0x14, 0x08, 0x00, 0x00,
  0x00, 0xde, 0x0f, 0x00, 0x18, 0x79, 0x00, 0x00, 0x00, 0x00, 0x00, 0x00,
  0x00, 0x00, 0x00, 0x00, 0x00, 0xe2, 0x0f, 0x00, 0x3c, 0x72, 0x12, 0xc0,
  0xb8, 0x00, 0x00, 0x00, 0x12, 0x08, 0x00, 0x00, 0x00, 0xde, 0x0f, 0x00,
  0x18, 0x79, 0x00, 0x00, 0x00, 0x00, 0x00, 0x00, 0x00, 0x00, 0x00, 0x00,
  0x00, 0xe2, 0x0f, 0x00, 0x3c, 0x72, 0x10, 0xc0, 0xba, 0x00, 0x00, 0x00,
  0x10, 0x08, 0x00, 0x00, 0x00, 0xde, 0x0f, 0x00, 0x18, 0x79, 0x00, 0x00,
  0x00, 0x00, 0x00, 0x00, 0x00, 0x00, 0x00, 0x00, 0x00, 0xe2, 0x0f, 0x00,
  0x3c, 0x72, 0x0e, 0xc0, 0xbc, 0x00, 0x00, 0x00, 0x0e, 0x08, 0x00, 0x00,
  0x00, 0xde, 0x0f, 0x00, 0x18, 0x79, 0x00, 0x00, 0x00, 0x00, 0x00, 0x00,
  0x00, 0x00, 0x00, 0x00, 0x00, 0xe2, 0x0f, 0x00, 0x3c, 0x72, 0xd0, 0xc0,
  0xbe, 0x00, 0x00, 0x00, 0xd0, 0x08, 0x00, 0x00, 0x00, 0xe2, 0x0f, 0x00,
  0x18, 0x79, 0x00, 0x00, 0x00, 0x00, 0x00, 0x00, 0x00, 0x00, 0x00, 0x00,
  0x00, 0xda, 0x0f, 0x00, 0x47, 0x75, 0x40, 0x00, 0x01, 0x00, 0x00, 0x00,
  0x00, 0x00, 0x80, 0x0b, 0x00, 0xde, 0x0f, 0x00, 0x3b, 0x78, 0x80, 0x0d,
  0x13, 0x00, 0x00, 0x00, 0x00, 0x42, 0x00, 0x08, 0x00, 0xe8, 0x04, 0x00,
  0x3b, 0x78, 0x84, 0xe4, 0x13, 0x00, 0x00, 0x00, 0x00, 0x42, 0x00, 0x08,
  0x00, 0x28, 0x05, 0x00, 0x3b, 0x78, 0x88, 0xe3, 0x13, 0x00, 0x00, 0x00,
  0x00, 0x42, 0x00, 0x08, 0x00, 0x68, 0x04, 0x00, 0x3b, 0x78, 0x8c, 0xe2,
  0x13, 0x00, 0x00, 0x00, 0x00, 0x42, 0x00, 0x08, 0x00, 0x68, 0x04, 0x00,
  0x3b, 0x78, 0x90, 0xe1, 0x13, 0x00, 0x00, 0x00, 0x00, 0x42, 0x00, 0x08,
  0x00, 0x68, 0x04, 0x00, 0x3b, 0x78, 0x94, 0xe0, 0x13, 0x00, 0x00, 0x00,
  0x00, 0x42, 0x00, 0x08, 0x00, 0x68, 0x04, 0x00, 0x3b, 0x78, 0x98, 0xdf,
  0x13, 0x00, 0x00, 0x00, 0x00, 0x42, 0x00, 0x08, 0x00, 0x68, 0x04, 0x00,
  0x3b, 0x78, 0x9c, 0xde, 0x13, 0x00, 0x00, 0x00, 0x00, 0x42, 0x00, 0x08,
  0x00, 0x68, 0x04, 0x00, 0x3b, 0x78, 0xa0, 0x0d, 0x13, 0x00, 0x10, 0x00,
  0x00, 0x42, 0x00, 0x08, 0x00, 0x68, 0x04, 0x00, 0x3b, 0x78, 0xa4, 0xe4,
  0x13, 0x00, 0x10, 0x00, 0x00, 0x42, 0x00, 0x08, 0x00, 0x68, 0x04, 0x00,
  0x3b, 0x78, 0xa8, 0xe3, 0x13, 0x00, 0x10, 0x00, 0x00, 0x42, 0x00, 0x08,
  0x00, 0x68, 0x04, 0x00, 0x3b, 0x78, 0xac, 0xe2, 0x13, 0x00, 0x10, 0x00,
  0x00, 0x42, 0x00, 0x08, 0x00, 0x68, 0x04, 0x00, 0x3b, 0x78, 0xb0, 0xe1,
  0x13, 0x00, 0x10, 0x00, 0x00, 0x42, 0x00, 0x08, 0x00, 0x68, 0x04, 0x00,
  0x3b, 0x78, 0xb4, 0xe0, 0x13, 0x00, 0x10, 0x00, 0x00, 0x42, 0x00, 0x08,
  0x00, 0x68, 0x04, 0x00, 0x3b, 0x78, 0xb8, 0xdf, 0x13, 0x00, 0x10, 0x00,
  0x00, 0x42, 0x00, 0x08, 0x00, 0x68, 0x04, 0x00, 0x3b, 0x78, 0xbc, 0xde,
  0x13, 0x00, 0x10, 0x00, 0x00, 0x42, 0x00, 0x08, 0x00, 0x64, 0x84, 0x01,
  0x90, 0x78, 0x04, 0x04, 0x20, 0x00, 0x00, 0x00, 0xff, 0xe0, 0xff, 0x0f,
  0x00, 0xc8, 0x0f, 0x00, 0x8c, 0x72, 0x00, 0x04, 0x0d, 0x00, 0x00, 0x00,
  0x70, 0x62, 0xf0, 0x0b, 0x00, 0xd2, 0x0f, 0x00, 0x47, 0x75, 0x4c, 0x08,
  0xd1, 0xff, 0xff, 0xff, 0xff, 0xff, 0x83, 0x0b, 0x00, 0xea, 0x0f, 0x00,
  0x21, 0x72, 0x05, 0x04, 0xd2, 0x00, 0x00, 0x00, 0x00, 0x01, 0x01, 0x00,
  0x00, 0xe2, 0x0f, 0x12, 0x21, 0x72, 0xd2, 0x03, 0xd2, 0x00, 0x00, 0x00,
  0x00, 0x01, 0x01, 0x00, 0x00, 0xe2, 0x0f, 0x00, 0x19, 0x79, 0x20, 0x00,
  0x00, 0x00, 0x00, 0x00, 0x00, 0x21, 0x00, 0x00, 0x00, 0x62, 0x2e, 0x00,
  0xc3, 0x79, 0x07, 0x00, 0x00, 0x00, 0x00, 0x00, 0x00, 0x88, 0x00, 0x00,
  0x00, 0xe2, 0x0e, 0x00, 0x20, 0x78, 0x05, 0x05, 0x3b, 0xaa, 0xb8, 0x3f,
  0x00, 0x00, 0x41, 0x00, 0x00, 0xe2, 0x0f, 0x00, 0x20, 0x78, 0xd2, 0xd2,
  0x3b, 0xaa, 0xb8, 0x3f, 0x00, 0x00, 0x41, 0x00, 0x00, 0xcc, 0x0f, 0x00,
  0x1d, 0x7b, 0x00, 0x00, 0x00, 0x00, 0x00, 0x00, 0x00, 0x00, 0x01, 0x00,
  0x00, 0xec, 0x0f, 0x00, 0x08, 0x73, 0x05, 0x00, 0x05, 0x00, 0x00, 0x00,
  0x00, 0x08, 0x00, 0x00, 0x00, 0x22, 0x0f, 0x00, 0x82, 0x78, 0x04, 0x00,
  0x00, 0x04, 0x00, 0x00, 0x00, 0x00, 0x00, 0x00, 0x00, 0xe2, 0x0f, 0x00,
  0xc3, 0x79, 0x0a, 0x00, 0x00, 0x00, 0x00, 0x00, 0x00, 0x25, 0x00, 0x00,
  0x00, 0xa2, 0x0e, 0x00, 0x45, 0x79, 0x00, 0x00, 0x80, 0x0c, 0x00, 0x00,
  0x00, 0x02, 0x80, 0x03, 0x00, 0xe2, 0x0f, 0x00, 0x08, 0x73, 0x07, 0x00,
  0xd2, 0x00, 0x00, 0x00, 0x00, 0x08, 0x00, 0x00, 0x00, 0x6c, 0x0e, 0x00,
  0xc3, 0x79, 0x09, 0x00, 0x00, 0x00, 0x00, 0x00, 0x00, 0x26, 0x00, 0x00,
  0x00, 0xa2, 0x0e, 0x00, 0x91, 0x72, 0x08, 0x07, 0x04, 0x00, 0x00, 0x00,
  0xff, 0xc0, 0x8e, 0x0f, 0x00, 0xe2, 0x8f, 0x00, 0xac, 0x77, 0x04, 0xff,
  0x80, 0xa9, 0x00, 0x00, 0x00, 0x08, 0x00, 0x08, 0x00, 0xe2, 0x0e, 0x00,
  0x21, 0x72, 0x21, 0x05, 0x02, 0x00, 0x00, 0x00, 0x00, 0x00, 0x01, 0x00,
  0x00, 0xe2, 0x0f, 0x01, 0xac, 0x77, 0x07, 0xff, 0x80, 0xac, 0x00, 0x00,
  0x00, 0x08, 0x00, 0x08, 0x00, 0x26, 0x0f, 0x00, 0x08, 0x73, 0x02, 0x00,
  0x21, 0x00, 0x00, 0x00, 0x00, 0x10, 0x00, 0x00, 0x00, 0x22, 0x0f, 0x00,
  0x0b, 0x72, 0x00, 0x21, 0xff, 0x00, 0x00, 0x00, 0x00, 0x50, 0xf1, 0x03,
  0x00, 0xe2, 0x0f, 0x00, 0x19, 0x78, 0x08, 0xff, 0x02, 0x00, 0x00, 0x00,
  0x20, 0x16, 0x01, 0x00, 0x00, 0xe2, 0x2f, 0x00, 0x21, 0x72, 0x00, 0x07,
  0x00, 0x00, 0x00, 0x00, 0x00, 0x00, 0x01, 0x00, 0x00, 0xe2, 0x0f, 0x00,
  0x19, 0x78, 0x07, 0xff, 0x01, 0x00, 0x00, 0x00, 0x20, 0x16, 0x01, 0x00,
  0x00, 0xe2, 0x0f, 0x00, 0x99, 0x78, 0x0a, 0x0a, 0x06, 0x00, 0x00, 0x00,
  0xff, 0x06, 0x00, 0x08, 0x00, 0xc4, 0x4f, 0x00, 0x08, 0x73, 0x06, 0x00,
  0x00, 0x00, 0x00, 0x00, 0x00, 0x10, 0x00, 0x00, 0x00, 0x62, 0x0e, 0x00,
  0x12, 0x78, 0x05, 0x07, 0x30, 0x00, 0x00, 0x00, 0xff, 0xc0, 0x8e, 0x07,
  0x00, 0xe2, 0x0f, 0x00, 0x0b, 0x72, 0x00, 0x00, 0xff, 0x00, 0x00, 0x00,
  0x00, 0x50, 0xf3, 0x03, 0x00, 0xe2, 0x0f, 0x00, 0xa4, 0x72, 0x05, 0x05,
  0x04, 0x00, 0x00, 0x00, 0x09, 0x02, 0x8e, 0x0f, 0x00, 0xe4, 0x8f, 0x00,
  0x12, 0x78, 0x23, 0x05, 0x07, 0x00, 0x00, 0x00, 0x08, 0xf8, 0x8e, 0x07,
  0x00, 0xe2, 0x0f, 0x00, 0x90, 0x72, 0x04, 0x07, 0x07, 0x00, 0x00, 0x00,
  0xff, 0xe0, 0xff, 0x0f, 0x00, 0xe2, 0x0f, 0x01, 0x08, 0x78, 0x02, 0x02,
  0x00, 0x00, 0x80, 0x3f, 0x00, 0x00, 0x00, 0x00, 0x00, 0xc6, 0x0f, 0x00,
  0xa4, 0x72, 0x0c, 0x05, 0x04, 0x00, 0x00, 0x00, 0xff, 0x02, 0x8e, 0x0f,
  0x00, 0xe4, 0x0f, 0x00, 0x3e, 0x72, 0x07, 0x02, 0x02, 0x00, 0x00, 0x00,
  0xff, 0x00, 0x00, 0x00, 0x00, 0xe2, 0x0f, 0x00, 0x24, 0x78, 0x02, 0x20,
  0x04, 0x00, 0x00, 0x00, 0xff, 0x00, 0x8e, 0x07, 0x00, 0xe2, 0x0f, 0x00,
  0x99, 0x78, 0x0d, 0xff, 0x1f, 0x00, 0x00, 0x00, 0x0c, 0x14, 0x01, 0x08,
  0x00, 0xe2, 0x0f, 0x00, 0x08, 0x78, 0x06, 0x06, 0x00, 0x00, 0x80, 0x3f,
  0x00, 0x00, 0x80, 0x00, 0x00, 0xe4, 0x2f, 0x00, 0x32, 0x72, 0x05, 0xce,
  0x07, 0x00, 0x00, 0x00, 0x00, 0x00, 0x00, 0x00, 0x00, 0xe2, 0x0f, 0x08,
  0x12, 0x78, 0x02, 0x02, 0x7c, 0x00, 0x00, 0x00, 0xff, 0xc0, 0x8e, 0x07,
  0x00, 0xe2, 0x0f, 0x00, 0x32, 0x72, 0xcc, 0xcc, 0x07, 0x00, 0x00, 0x00,
  0x00, 0x00, 0x00, 0x00, 0x00, 0xe2, 0x0f, 0x08, 0x3e, 0x72, 0x06, 0x06,
  0x06, 0x00, 0x00, 0x00, 0xff, 0x00, 0x00, 0x00, 0x00, 0xe2, 0x0f, 0x00,
  0x32, 0x72, 0xca, 0xca, 0x07, 0x00, 0x00, 0x00, 0x00, 0x00, 0x00, 0x00,
  0x00, 0xe2, 0x0f, 0x08, 0x10, 0x7c, 0x02, 0x02, 0x08, 0x00, 0x00, 0x00,
  0xff, 0xe0, 0xff, 0x0f, 0x00, 0xe2, 0x0f, 0x00, 0x32, 0x72, 0xc8, 0xc8,
  0x07, 0x00, 0x00, 0x00, 0x00, 0x00, 0x00, 0x00, 0x00, 0xc4, 0x0f, 0x00,
  0x32, 0x72, 0xcf, 0xcf, 0x06, 0x00, 0x00, 0x00, 0x00, 0x00, 0x00, 0x00,
  0x00, 0xe4, 0x0f, 0x08, 0x24, 0x78, 0x02, 0x23, 0x00, 0x01, 0x00, 0x00,
  0x02, 0x02, 0x8e, 0x07, 0x00, 0xe4, 0x0f, 0x00, 0x32, 0x72, 0xcd, 0xcd,
  0x06, 0x00, 0x00, 0x00, 0x00, 0x00, 0x00, 0x00, 0x00, 0xe4, 0x0f, 0x08,
  0x32, 0x72, 0xcb, 0xcb, 0x06, 0x00, 0x00, 0x00, 0x00, 0x00, 0x00, 0x00,
  0x00, 0xe2, 0x0f, 0x08, 0x12, 0x78, 0x08, 0x02, 0x10, 0x00, 0x00, 0x00,
  0xff, 0x3c, 0x8e, 0x07, 0x00, 0xe2, 0x0f, 0x04, 0x32, 0x72, 0xc9, 0xc9,
  0x06, 0x00, 0x00, 0x00, 0x00, 0x00, 0x00, 0x00, 0x00, 0xe2, 0x0f, 0x08,
  0x12, 0x78, 0x09, 0x02, 0x20, 0x00, 0x00, 0x00, 0xff, 0x3c, 0x8e, 0x07,
  0x00, 0xe2, 0x0f, 0x04, 0x32, 0x72, 0xc6, 0xc6, 0x07, 0x00, 0x00, 0x00,
  0x00, 0x00, 0x00, 0x00, 0x00, 0xe2, 0x0f, 0x08, 0x12, 0x78, 0x0a, 0x02,
  0x30, 0x00, 0x00, 0x00, 0xff, 0x3c, 0x8e, 0x07, 0x00, 0xe2, 0x0f, 0x04,
  0x32, 0x72, 0xc7, 0xc7, 0x06, 0x00, 0x00, 0x00, 0x00, 0x00, 0x00, 0x00,
  0x00, 0xe2, 0x0f, 0x08, 0x12, 0x78, 0x0b, 0x02, 0x40, 0x00, 0x00, 0x00,
  0xff, 0x3c, 0x8e, 0x07, 0x00, 0xe2, 0x0f, 0x04, 0x32, 0x72, 0xc4, 0xc4,
  0x07, 0x00, 0x00, 0x00, 0x00, 0x00, 0x00, 0x00, 0x00, 0xe2, 0x0f, 0x08,
  0x88, 0x73, 0x00, 0x02, 0x05, 0x00, 0x00, 0x00, 0x00, 0x08, 0x00, 0x00,
  0x00, 0xe2, 0x03, 0x00, 0x32, 0x72, 0xc5, 0xc5, 0x06, 0x00, 0x00, 0x00,
  0x00, 0x00, 0x00, 0x00, 0x00, 0xe2, 0x0f, 0x08, 0x12, 0x78, 0x0c, 0x02,
  0x50, 0x00, 0x00, 0x00, 0xff, 0x3c, 0x8e, 0x07, 0x00, 0xe2, 0x0f, 0x00,
  0x32, 0x72, 0x1e, 0x1e, 0x07, 0x00, 0x00, 0x00, 0x00, 0x00, 0x00, 0x00,
  0x00, 0xe2, 0x0f, 0x00, 0x88, 0x73, 0x00, 0x02, 0xcf, 0x00, 0x08, 0x00,
  0x00, 0x08, 0x00, 0x00, 0x00, 0xe2, 0x0f, 0x00, 0x32, 0x72, 0x1f, 0x1f,
  0x06, 0x00, 0x00, 0x00, 0x00, 0x00, 0x00, 0x00, 0x00, 0xc4, 0x0f, 0x00,
  0x32, 0x72, 0x1c, 0x1c, 0x07, 0x00, 0x00, 0x00, 0x00, 0x00, 0x00, 0x00,
  0x00, 0xe2, 0x0f, 0x08, 0x88, 0x73, 0x00, 0x08, 0xcc, 0x00, 0x00, 0x00,
  0x00, 0x08, 0x00, 0x00, 0x00, 0xe2, 0x0f, 0x00, 0x32, 0x72, 0x1d, 0x1d,
  0x06, 0x00, 0x00, 0x00, 0x00, 0x00, 0x00, 0x00, 0x00, 0xe2, 0x0f, 0x08,
  0x12, 0x78, 0x05, 0x02, 0x60, 0x00, 0x00, 0x00, 0xff, 0x3c, 0x8e, 0x07,
  0x00, 0xe2, 0x2f, 0x00, 0x32, 0x72, 0x1a, 0x1a, 0x07, 0x00, 0x00, 0x00,
  0x00, 0x00, 0x00, 0x00, 0x00, 0xe2, 0x0f, 0x08, 0x88, 0x73, 0x00, 0x08,
  0xcd, 0x00, 0x08, 0x00, 0x00, 0x08, 0x00, 0x00, 0x00, 0xe2, 0x03, 0x00,
  0x32, 0x72, 0x1b, 0x1b, 0x06, 0x00, 0x00, 0x00, 0x00, 0x00, 0x00, 0x00,
  0x00, 0xe4, 0x0f, 0x08, 0x32, 0x72, 0x18, 0x18, 0x07, 0x00, 0x00, 0x00,
  0x00, 0x00, 0x00, 0x00, 0x00, 0xe2, 0x0f, 0x00, 0x88, 0x73, 0x00, 0x09,
  0xca, 0x00, 0x00, 0x00, 0x00, 0x08, 0x00, 0x00, 0x00, 0xe2, 0x0f, 0x00,
  0x32, 0x72, 0x19, 0x19, 0x06, 0x00, 0x00, 0x00, 0x00, 0x00, 0x00, 0x00,
  0x00, 0xc4, 0x0f, 0x00, 0x32, 0x72, 0x16, 0x16, 0x07, 0x00, 0x00, 0x00,
  0x00, 0x00, 0x00, 0x00, 0x00, 0xe2, 0x0f, 0x08, 0x88, 0x73, 0x00, 0x09,
  0xcb, 0x00, 0x08, 0x00, 0x00, 0x08, 0x00, 0x00, 0x00, 0xe2, 0x05, 0x00,
  0x32, 0x72, 0x17, 0x17, 0x06, 0x00, 0x00, 0x00, 0x00, 0x00, 0x00, 0x00,
  0x00, 0xe2, 0x0f, 0x08, 0x12, 0x78, 0x08, 0x02, 0x70, 0x00, 0x00, 0x00,
  0xff, 0x3c, 0x8e, 0x07, 0x00, 0xe2, 0x2f, 0x04, 0x32, 0x72, 0x14, 0x14,
  0x07, 0x00, 0x00, 0x00, 0x00, 0x00, 0x00, 0x00, 0x00, 0xe2, 0x0f, 0x08,
  0x88, 0x73, 0x00, 0x0a, 0xc8, 0x00, 0x00, 0x00, 0x00, 0x08, 0x00, 0x00,
  0x00, 0xe2, 0x0f, 0x00, 0x32, 0x72, 0x15, 0x15, 0x06, 0x00, 0x00, 0x00,
  0x00, 0x00, 0x00, 0x00, 0x00, 0xe4, 0x0f, 0x08, 0x32, 0x72, 0x12, 0x12,
  0x07, 0x00, 0x00, 0x00, 0x00, 0x00, 0x00, 0x00, 0x00, 0xe2, 0x0f, 0x08,
  0x88, 0x73, 0x00, 0x0a, 0xc9, 0x00, 0x08, 0x00, 0x00, 0x08, 0x00, 0x00,
  0x00, 0xe2, 0x03, 0x00, 0x32, 0x72, 0x13, 0x13, 0x06, 0x00, 0x00, 0x00,
  0x00, 0x00, 0x00, 0x00, 0x00, 0xe2, 0x0f, 0x08, 0x12, 0x78, 0x09, 0x02,
  0x80, 0x00, 0x00, 0x00, 0xff, 0x3c, 0x8e, 0x07, 0x00, 0xe2, 0x4f, 0x00,
  0x32, 0x72, 0x11, 0x11, 0x06, 0x00, 0x00, 0x00, 0x00, 0x00, 0x00, 0x00,
  0x00, 0xe2, 0x0f, 0x00, 0x88, 0x73, 0x00, 0x0b, 0xc6, 0x00, 0x00, 0x00,
  0x00, 0x08, 0x00, 0x00, 0x00, 0xe2, 0x0f, 0x00, 0x32, 0x72, 0x10, 0x10,
  0x07, 0x00, 0x00, 0x00, 0x00, 0x00, 0x00, 0x00, 0x00, 0xc4, 0x0f, 0x00,
  0x32, 0x72, 0x0e, 0x0e, 0x07, 0x00, 0x00, 0x00, 0x00, 0x00, 0x00, 0x00,
  0x00, 0xe2, 0x0f, 0x08, 0x88, 0x73, 0x00, 0x0b, 0xc7, 0x00, 0x08, 0x00,
  0x00, 0x08, 0x00, 0x00, 0x00, 0xe2, 0x05, 0x00, 0x32, 0x72, 0x0f, 0x0f,
  0x06, 0x00, 0x00, 0x00, 0x00, 0x00, 0x00, 0x00, 0x00, 0xe2, 0x0f, 0x08,
  0x12, 0x78, 0x0a, 0x02, 0x90, 0x00, 0x00, 0x00, 0xff, 0x3c, 0x8e, 0x07,
  0x00, 0xe2, 0x2f, 0x00, 0x32, 0x72, 0x07, 0xd0, 0x07, 0x00, 0x00, 0x00,
  0x00, 0x00, 0x00, 0x00, 0x00, 0xe2, 0x0f, 0x00, 0x88, 0x73, 0x00, 0x0c,
  0xc4, 0x00, 0x00, 0x00, 0x00, 0x08, 0x00, 0x00, 0x00, 0xe2, 0x0f, 0x00,
  0x32, 0x72, 0x06, 0xd1, 0x06, 0x00, 0x00, 0x00, 0x00, 0x00, 0x00, 0x00,
  0x00, 0xc6, 0x0f, 0x00, 0x88, 0x73, 0x00, 0x0c, 0xc5, 0x00, 0x08, 0x00,
  0x00, 0x08, 0x00, 0x00, 0x00, 0xe2, 0x03, 0x00, 0x12, 0x78, 0x0b, 0x02,
  0xa0, 0x00, 0x00, 0x00, 0xff, 0x3c, 0x8e, 0x07, 0x00, 0xc6, 0x4f, 0x00,
  0x88, 0x73, 0x00, 0x05, 0x1e, 0x00, 0x00, 0x00, 0x00, 0x08, 0x00, 0x00,
  0x00, 0xe8, 0x0f, 0x00, 0x88, 0x73, 0x00, 0x05, 0x1f, 0x00, 0x08, 0x00,
  0x00, 0x08, 0x00, 0x00, 0x00, 0xe2, 0x05, 0x00, 0x12, 0x78, 0x0c, 0x02,
  0xe0, 0x00, 0x00, 0x00, 0xff, 0x3c, 0x8e, 0x07, 0x00, 0xc6, 0x2f, 0x00,
  0x88, 0x73, 0x00, 0x08, 0x1c, 0x00, 0x00, 0x00, 0x00, 0x08, 0x00, 0x00,
  0x00, 0xe8, 0x0f, 0x00, 0x88, 0x73, 0x00, 0x08, 0x1d, 0x00, 0x08, 0x00,
  0x00, 0x08, 0x00, 0x00, 0x00, 0xe2, 0x03, 0x00, 0x12, 0x78, 0x05, 0x02,
  0xb0, 0x00, 0x00, 0x00, 0xff, 0x3c, 0x8e, 0x07, 0x00, 0xc6, 0x4f, 0x00,
  0x88, 0x73, 0x00, 0x09, 0x1a, 0x00, 0x00, 0x00, 0x00, 0x08, 0x00, 0x00,
  0x00, 0xe8, 0x0f, 0x00, 0x88, 0x73, 0x00, 0x09, 0x1b, 0x00, 0x08, 0x00,
  0x00, 0x08, 0x00, 0x00, 0x00, 0xe2, 0x05, 0x00, 0x12, 0x78, 0x08, 0x02,
  0xc0, 0x00, 0x00, 0x00, 0xff, 0x3c, 0x8e, 0x07, 0x00, 0xc6, 0x2f, 0x00,
  0x88, 0x73, 0x00, 0x0a, 0x18, 0x00, 0x00, 0x00, 0x00, 0x08, 0x00, 0x00,
  0x00, 0xe8, 0x0f, 0x00, 0x88, 0x73, 0x00, 0x0a, 0x19, 0x00, 0x08, 0x00,
  0x00, 0x08, 0x00, 0x00, 0x00, 0xe2, 0x03, 0x00, 0x12, 0x78, 0x09, 0x02,
  0xd0, 0x00, 0x00, 0x00, 0xff, 0x3c, 0x8e, 0x07, 0x00, 0xc6, 0x4f, 0x00,
  0x88, 0x73, 0x00, 0x0b, 0x16, 0x00, 0x00, 0x00, 0x00, 0x08, 0x00, 0x00,
  0x00, 0xe2, 0x0f, 0x00, 0x12, 0x78, 0x02, 0x02, 0xf0, 0x00, 0x00, 0x00,
  0xff, 0x3c, 0x8e, 0x07, 0x00, 0xe2, 0x0f, 0x00, 0x02, 0x72, 0x1b, 0x00,
  0x04, 0x00, 0x00, 0x00, 0x00, 0x0f, 0x00, 0x00, 0x00, 0xe4, 0x0f, 0x00,
  0x88, 0x73, 0x00, 0x0b, 0x17, 0x00, 0x08, 0x00, 0x00, 0x08, 0x00, 0x00,
  0x00, 0xe2, 0x0f, 0x00, 0x02, 0x72, 0x19, 0x00, 0x03, 0x00, 0x00, 0x00,
  0x00, 0x0f, 0x00, 0x00, 0x00, 0xe2, 0x2f, 0x00, 0x02, 0x72, 0x03, 0x00,
  0xff, 0x00, 0x00, 0x00, 0x00, 0x0f, 0x00, 0x00, 0x00, 0xe4, 0x0f, 0x00,
  0x88, 0x73, 0x00, 0x05, 0x14, 0x00, 0x00, 0x00, 0x00, 0x08, 0x00, 0x00,
  0x00, 0xe8, 0x0f, 0x00, 0x88, 0x73, 0x00, 0x05, 0x15, 0x00, 0x08, 0x00,
  0x00, 0x08, 0x00, 0x00, 0x00, 0xe8, 0x03, 0x00, 0x88, 0x73, 0x00, 0x08,
  0x12, 0x00, 0x00, 0x00, 0x00, 0x08, 0x00, 0x00, 0x00, 0xe8, 0x0f, 0x00,
  0x88, 0x73, 0x00, 0x08, 0x13, 0x00, 0x08, 0x00, 0x00, 0x08, 0x00, 0x00,
  0x00, 0xe2, 0x05, 0x00, 0x19, 0x78, 0x05, 0xff, 0x04, 0x00, 0x00, 0x00,
  0x20, 0x16, 0x01, 0x00, 0x00, 0xc6, 0x2f, 0x00, 0x88, 0x73, 0x00, 0x09,
  0x11, 0x00, 0x08, 0x00, 0x00, 0x08, 0x00, 0x00, 0x00, 0xe2, 0x03, 0x00,
  0x12, 0x78, 0x0b, 0x05, 0x07, 0x00, 0x00, 0x00, 0xff, 0xc0, 0x8e, 0x07,
  0x00, 0xc6, 0x0f, 0x00, 0x88, 0x73, 0x00, 0x09, 0x10, 0x00, 0x00, 0x00,
  0x00, 0x08, 0x00, 0x00, 0x00, 0xe2, 0x07, 0x00, 0x12, 0x78, 0x08, 0x0b,
  0x0f, 0x00, 0x00, 0x00, 0x20, 0x78, 0x8e, 0x07, 0x00, 0xc6, 0x4f, 0x00,
  0x88, 0x73, 0x00, 0x0c, 0x0e, 0x00, 0x00, 0x00, 0x00, 0x08, 0x00, 0x00,
  0x00, 0xe2, 0x0f, 0x00, 0x12, 0x7c, 0x11, 0x05, 0x0a, 0x00, 0x00, 0x00,
  0xff, 0xfc, 0x8e, 0x0f, 0x00, 0xe2, 0x2f, 0x04, 0x24, 0x78, 0x08, 0x05,
  0x10, 0x00, 0x00, 0x00, 0x08, 0x02, 0x8e, 0x07, 0x00, 0xe4, 0x0f, 0x00,
  0x88, 0x73, 0x00, 0x0c, 0x0f, 0x00, 0x08, 0x00, 0x00, 0x08, 0x00, 0x00,
  0x00, 0xe2, 0x03, 0x00, 0x24, 0x78, 0x09, 0x20, 0x10, 0x00, 0x00, 0x00,
  0xff, 0x00, 0x8e, 0x07, 0x00, 0xe2, 0x8f, 0x00, 0x0c, 0x7c, 0x00, 0x11,
  0x06, 0x00, 0x00, 0x00, 0x70, 0x62, 0xf0, 0x0b, 0x00, 0xe4, 0x0f, 0x00,
  0x88, 0x73, 0x00, 0x02, 0x07, 0x00, 0x00, 0x00, 0x00, 0x08, 0x00, 0x00,
  0x00, 0xe8, 0x0f, 0x00, 0x88, 0x73, 0x00, 0x02, 0x06, 0x00, 0x08, 0x00,
  0x00, 0x08, 0x00, 0x00, 0x00, 0xe2, 0x05, 0x00, 0x11, 0x7c, 0x0c, 0x08,
  0x08, 0x00, 0x00, 0x00, 0xff, 0x20, 0x8e, 0x0f, 0x00, 0xc4, 0x2f, 0x00,
  0x12, 0x78, 0x02, 0x09, 0xf0, 0x00, 0x00, 0x00, 0xff, 0xc0, 0x8e, 0x07,
  0x00, 0xca, 0x4f, 0x00, 0x35, 0x7c, 0x06, 0x02, 0x0c, 0x00, 0x00, 0x00,
  0x00, 0x02, 0x8e, 0x0f, 0x00, 0xe4, 0x0f, 0x00, 0x1d, 0x7b, 0x00, 0x00,
  0x00, 0x00, 0x00, 0x00, 0x00, 0x00, 0x01, 0x00, 0x00, 0xec, 0x0f, 0x00,
  0x47, 0x09, 0x34, 0x00, 0x04, 0x00, 0x00, 0x00, 0x00, 0x00, 0x80, 0x03,
  0x00, 0xea, 0x0f, 0x00, 0x0c, 0x7c, 0x00, 0x02, 0x04, 0x00, 0x00, 0x00,
  0x70, 0x62, 0xf0, 0x0b, 0x00, 0xe2, 0x0f, 0x00, 0x84, 0x79, 0x08, 0x0c,
  0x00, 0x00, 0x00, 0x00, 0x00, 0x0c, 0x00, 0x00, 0x00, 0x62, 0x0e, 0x00,
  0x10, 0x78, 0x0d, 0x11, 0x08, 0x00, 0x00, 0x00, 0xff, 0xe0, 0xff, 0x07,
  0x00, 0xca, 0x0f, 0x00, 0x0c, 0x7c, 0x00, 0x0d, 0x06, 0x00, 0x00, 0x00,
  0x70, 0x62, 0xf2, 0x0b, 0x00, 0xcc, 0x0f, 0x00, 0x82, 0x8b, 0x0e, 0xff,
  0x00, 0x04, 0x01, 0x00, 0x00, 0x0a, 0x00, 0x00, 0x00, 0xb0, 0x0e, 0x00,
  0x82, 0x8b, 0x04, 0xff, 0x00, 0xf8, 0x00, 0x00, 0x00, 0x0a, 0x00, 0x00,
  0x00, 0xe2, 0x0e, 0x00, 0x25, 0x82, 0x02, 0x11, 0x0e, 0x00, 0x00, 0x00,
  0x06, 0x00, 0x8e, 0x07, 0x00, 0xc8, 0x4f, 0x00, 0x24, 0x82, 0x03, 0x11,
  0x0f, 0x00, 0x00, 0x00, 0x03, 0x02, 0x8e, 0x07, 0x00, 0xca, 0x0f, 0x00,
  0x35, 0x82, 0x02, 0x02, 0x04, 0x00, 0x00, 0x00, 0x00, 0x02, 0x8e, 0x07,
  0x00, 0xcc, 0x8f, 0x00, 0x86, 0x89, 0x00, 0x02, 0x08, 0x00, 0x00, 0x00,
  0x0e, 0x1d, 0x10, 0x0c, 0x00, 0xe2, 0x23, 0x00, 0x47, 0x19, 0x08, 0x00,
  0x04, 0x00, 0x00, 0x00, 0x00, 0x00, 0x80, 0x03, 0x00, 0xea, 0x0f, 0x00,
  0x84, 0x79, 0x08, 0x0c, 0x00, 0x00, 0x08, 0x00, 0x00, 0x0c, 0x00, 0x00,
  0x00, 0x62, 0x2e, 0x00, 0x82, 0x8b, 0x0e, 0xff, 0x00, 0x04, 0x01, 0x00,
  0x00, 0x0a, 0x00, 0x00, 0x00, 0xb0, 0x0e, 0x00, 0x82, 0x8b, 0x04, 0xff,
  0x00, 0xf8, 0x00, 0x00, 0x00, 0x0a, 0x00, 0x00, 0x00, 0xe2, 0x0e, 0x00,
  0x25, 0x82, 0x02, 0x0d, 0x0e, 0x00, 0x00, 0x00, 0x06, 0x00, 0x8e, 0x07,
  0x00, 0xc8, 0x4f, 0x00, 0x24, 0x82, 0x03, 0x0d, 0x0f, 0x00, 0x00, 0x00,
  0x03, 0x02, 0x8e, 0x07, 0x00, 0xe2, 0x0f, 0x00, 0x10, 0x78, 0x0d, 0x11,
  0x10, 0x00, 0x00, 0x00, 0xff, 0xe0, 0xff, 0x07, 0x00, 0xc8, 0x0f, 0x00,
  0x35, 0x82, 0x02, 0x02, 0x04, 0x00, 0x00, 0x00, 0x00, 0x02, 0x8e, 0x07,
  0x00, 0xe4, 0x8f, 0x00, 0x0c, 0x7c, 0x00, 0x0d, 0x06, 0x00, 0x00, 0x00,
  0x70, 0x62, 0xf2, 0x0b, 0x00, 0xc8, 0x0f, 0x00, 0x86, 0x89, 0x00, 0x02,
  0x08, 0x00, 0x00, 0x00, 0x0e, 0x1d, 0x10, 0x0c, 0x00, 0xf2, 0x25, 0x00,
  0x47, 0x19, 0xe0, 0x00, 0x00, 0x00, 0x00, 0x00, 0x00, 0x00, 0x80, 0x03,
  0x00, 0xea, 0x0f, 0x00, 0x84, 0x79, 0x08, 0x0c, 0x00, 0x00, 0x10, 0x00,
  0x00, 0x0c, 0x00, 0x00, 0x00, 0x62, 0x4e, 0x00, 0x82, 0x8b, 0x0e, 0xff,
  0x00, 0x04, 0x01, 0x00, 0x00, 0x0a, 0x00, 0x00, 0x00, 0xb0, 0x0e, 0x00,
  0x82, 0x8b, 0x04, 0xff, 0x00, 0xf8, 0x00, 0x00, 0x00, 0x0a, 0x00, 0x00,
  0x00, 0xe2, 0x0e, 0x00, 0x25, 0x82, 0x02, 0x0d, 0x0e, 0x00, 0x00, 0x00,
  0x06, 0x00, 0x8e, 0x07, 0x00, 0xc8, 0x4f, 0x00, 0x24, 0x82, 0x03, 0x0d,
  0x0f, 0x00, 0x00, 0x00, 0x03, 0x02, 0x8e, 0x07, 0x00, 0xe2, 0x0f, 0x00,
  0x10, 0x78, 0x0d, 0x11, 0x18, 0x00, 0x00, 0x00, 0xff, 0xe0, 0xff, 0x07,
  0x00, 0xc8, 0x0f, 0x00, 0x35, 0x82, 0x02, 0x02, 0x04, 0x00, 0x00, 0x00,
  0x00, 0x02, 0x8e, 0x07, 0x00, 0xe4, 0x8f, 0x00, 0x0c, 0x7c, 0x00, 0x0d,
  0x06, 0x00, 0x00, 0x00, 0x70, 0x62, 0xf2, 0x0b, 0x00, 0xc8, 0x0f, 0x00,
  0x86, 0x89, 0x00, 0x02, 0x08, 0x00, 0x00, 0x00, 0x0e, 0x1d, 0x10, 0x0c,
  0x00, 0xf2, 0x27, 0x00, 0x47, 0x19, 0xb8, 0x00, 0x00, 0x00, 0x00, 0x00,
  0x00, 0x00, 0x80, 0x03, 0x00, 0xea, 0x0f, 0x00, 0x84, 0x79, 0x08, 0x0c,
  0x00, 0x00, 0x18, 0x00, 0x00, 0x0c, 0x00, 0x00, 0x00, 0x62, 0x8e, 0x00,
  0x82, 0x8b, 0x0e, 0xff, 0x00, 0x04, 0x01, 0x00, 0x00, 0x0a, 0x00, 0x00,
  0x00, 0xb0, 0x0e, 0x00, 0x82, 0x8b, 0x04, 0xff, 0x00, 0xf8, 0x00, 0x00,
  0x00, 0x0a, 0x00, 0x00, 0x00, 0xe2, 0x0e, 0x00, 0x25, 0x82, 0x02, 0x0d,
  0x0e, 0x00, 0x00, 0x00, 0x06, 0x00, 0x8e, 0x07, 0x00, 0xc8, 0x4f, 0x00,
  0x24, 0x82, 0x03, 0x0d, 0x0f, 0x00, 0x00, 0x00, 0x03, 0x02, 0x8e, 0x07,
  0x00, 0xe2, 0x0f, 0x00, 0x10, 0x78, 0x0d, 0x11, 0x20, 0x00, 0x00, 0x00,
  0xff, 0xe0, 0xff, 0x07, 0x00, 0xc8, 0x0f, 0x00, 0x35, 0x82, 0x02, 0x02,
  0x04, 0x00, 0x00, 0x00, 0x00, 0x02, 0x8e, 0x07, 0x00, 0xe4, 0x8f, 0x00,
  0x0c, 0x7c, 0x00, 0x0d, 0x06, 0x00, 0x00, 0x00, 0x70, 0x62, 0xf2, 0x0b,
  0x00, 0xc8, 0x0f, 0x00, 0x86, 0x89, 0x00, 0x02, 0x08, 0x00, 0x00, 0x00,
  0x0e, 0x1d, 0x10, 0x0c, 0x00, 0xf2, 0x29, 0x00, 0x47, 0x19, 0x90, 0x00,
  0x00, 0x00, 0x00, 0x00, 0x00, 0x00, 0x80, 0x03, 0x00, 0xea, 0x0f, 0x00,
  0x84, 0x79, 0x08, 0x0c, 0x00, 0x00, 0x20, 0x00, 0x00, 0x0c, 0x00, 0x00,
  0x00, 0x62, 0x0e, 0x01, 0x82, 0x8b, 0x0e, 0xff, 0x00, 0x04, 0x01, 0x00,
  0x00, 0x0a, 0x00, 0x00, 0x00, 0xb0, 0x0e, 0x00, 0x82, 0x8b, 0x04, 0xff,
  0x00, 0xf8, 0x00, 0x00, 0x00, 0x0a, 0x00, 0x00, 0x00, 0xe2, 0x0e, 0x00,
  0x25, 0x82, 0x02, 0x0d, 0x0e, 0x00, 0x00, 0x00, 0x06, 0x00, 0x8e, 0x07,
  0x00, 0xc8, 0x4f, 0x00, 0x24, 0x82, 0x03, 0x0d, 0x0f, 0x00, 0x00, 0x00,
  0x03, 0x02, 0x8e, 0x07, 0x00, 0xe2, 0x0f, 0x00, 0x10, 0x78, 0x0d, 0x11,
  0x28, 0x00, 0x00, 0x00, 0xff, 0xe0, 0xff, 0x07, 0x00, 0xc8, 0x0f, 0x00,
  0x35, 0x82, 0x02, 0x02, 0x04, 0x00, 0x00, 0x00, 0x00, 0x02, 0x8e, 0x07,
  0x00, 0xe4, 0x8f, 0x00, 0x0c, 0x7c, 0x00, 0x0d, 0x06, 0x00, 0x00, 0x00,
  0x70, 0x62, 0xf2, 0x0b, 0x00, 0xc8, 0x0f, 0x00, 0x86, 0x89, 0x00, 0x02,
  0x08, 0x00, 0x00, 0x00, 0x0e, 0x1d, 0x10, 0x0c, 0x00, 0xf2, 0x23, 0x00,
  0x47, 0x19, 0x68, 0x00, 0x00, 0x00, 0x00, 0x00, 0x00, 0x00, 0x80, 0x03,
  0x00, 0xea, 0x0f, 0x00, 0x84, 0x79, 0x08, 0x0c, 0x00, 0x00, 0x28, 0x00,
  0x00, 0x0c, 0x00, 0x00, 0x00, 0x62, 0x2e, 0x00, 0x82, 0x8b, 0x0e, 0xff,
  0x00, 0x04, 0x01, 0x00, 0x00, 0x0a, 0x00, 0x00, 0x00, 0xb0, 0x0e, 0x00,
  0x82, 0x8b, 0x04, 0xff, 0x00, 0xf8, 0x00, 0x00, 0x00, 0x0a, 0x00, 0x00,
  0x00, 0xe2, 0x0e, 0x00, 0x25, 0x82, 0x02, 0x0d, 0x0e, 0x00, 0x00, 0x00,
  0x06, 0x00, 0x8e, 0x07, 0x00, 0xc8, 0x4f, 0x00, 0x24, 0x82, 0x03, 0x0d,
  0x0f, 0x00, 0x00, 0x00, 0x03, 0x02, 0x8e, 0x07, 0x00, 0xe2, 0x0f, 0x00,
  0x10, 0x78, 0x0d, 0x11, 0x30, 0x00, 0x00, 0x00, 0xff, 0xe0, 0xff, 0x07,
  0x00, 0xc8, 0x0f, 0x00, 0x35, 0x82, 0x02, 0x02, 0x04, 0x00, 0x00, 0x00,
  0x00, 0x02, 0x8e, 0x07, 0x00, 0xe4, 0x8f, 0x00, 0x0c, 0x7c, 0x00, 0x0d,
  0x06, 0x00, 0x00, 0x00, 0x70, 0x62, 0xf2, 0x0b, 0x00, 0xc8, 0x0f, 0x00,
  0x86, 0x89, 0x00, 0x02, 0x08, 0x00, 0x00, 0x00, 0x0e, 0x1d, 0x10, 0x0c,
  0x00, 0xf2, 0x23, 0x00, 0x47, 0x19, 0x40, 0x00, 0x00, 0x00, 0x00, 0x00,
  0x00, 0x00, 0x80, 0x03, 0x00, 0xea, 0x0f, 0x00, 0x10, 0x78, 0x0f, 0x11,
  0x38, 0x00, 0x00, 0x00, 0xff, 0xe0, 0xff, 0x07, 0x00, 0xe2, 0x0f, 0x00,
  0x82, 0x8b, 0x1c, 0xff, 0x00, 0x04, 0x01, 0x00, 0x00, 0x0a, 0x00, 0x00,
  0x00, 0xa2, 0x0e, 0x00, 0x84, 0x79, 0x10, 0x0c, 0x00, 0x00, 0x30, 0x00,
  0x00, 0x0c, 0x00, 0x00, 0x00, 0xe6, 0x0e, 0x00, 0x0c, 0x7c, 0x00, 0x0f,
  0x06, 0x00, 0x00, 0x00, 0x70, 0x66, 0x72, 0x08, 0x00, 0xe2, 0x0f, 0x00,
  0x84, 0x79, 0x14, 0x0c, 0x00, 0x00, 0x38, 0x00, 0x00, 0x0c, 0x00, 0x00,
  0x00, 0x26, 0x0f, 0x00, 0x82, 0x8b, 0x08, 0xff, 0x00, 0xf8, 0x00, 0x00,
  0x00, 0x0a, 0x00, 0x00, 0x00, 0x72, 0x2e, 0x00, 0x82, 0x9b, 0x1e, 0xff,
  0x00, 0x04, 0x01, 0x00, 0x00, 0x0a, 0x00, 0x00, 0x00, 0x62, 0x0f, 0x00,
  0x25, 0x82, 0x02, 0x0d, 0x1c, 0x00, 0x00, 0x00, 0x06, 0x00, 0x8e, 0x07,
  0x00, 0xce, 0x4f, 0x00, 0x82, 0x9b, 0x0a, 0xff, 0x00, 0xf8, 0x00, 0x00,
  0x00, 0x0a, 0x00, 0x00, 0x00, 0xa2, 0x0e, 0x00, 0x24, 0x82, 0x03, 0x0d,
  0x1d, 0x00, 0x00, 0x00, 0x03, 0x02, 0x8e, 0x07, 0x00, 0xca, 0x0f, 0x00,
  0x35, 0x82, 0x02, 0x02, 0x08, 0x00, 0x00, 0x00, 0x00, 0x02, 0x8e, 0x07,
  0x00, 0xe4, 0x2f, 0x00, 0x25, 0x92, 0x04, 0x0f, 0x1e, 0x00, 0x00, 0x00,
  0x06, 0x00, 0x8e, 0x07, 0x00, 0xc8, 0x0f, 0x02, 0x86, 0x89, 0x00, 0x02,
  0x10, 0x00, 0x00, 0x00, 0x0e, 0x1d, 0x10, 0x0c, 0x00, 0xe2, 0x83, 0x00,
  0x24, 0x92, 0x05, 0x0f, 0x1f, 0x00, 0x00, 0x00, 0x05, 0x02, 0x8e, 0x07,
  0x00, 0xca, 0x0f, 0x00, 0x35, 0x92, 0x04, 0x04, 0x0a, 0x00, 0x00, 0x00,
  0x00, 0x02, 0x8e, 0x07, 0x00, 0xcc, 0x4f, 0x00, 0x86, 0x99, 0x00, 0x04,
  0x14, 0x00, 0x00, 0x00, 0x0e, 0x1d, 0x10, 0x0c, 0x00, 0xe4, 0x03, 0x01,
  0x41, 0x79, 0x00, 0x00, 0x00, 0x00, 0x00, 0x00, 0x00, 0x02, 0x80, 0x03,
  0x00, 0xea, 0x0f, 0x00, 0xac, 0x77, 0x08, 0xff, 0x00, 0x7d, 0x00, 0x00,
  0x00, 0x0a, 0x00, 0x08, 0x00, 0x64, 0x0f, 0x00, 0x0c, 0x7c, 0x00, 0xff,
  0x08, 0x00, 0x00, 0x00, 0x70, 0x52, 0xf1, 0x0b, 0x00, 0xdc, 0x0f, 0x02,
  0x4d, 0x89, 0x00, 0x00, 0x00, 0x00, 0x00, 0x00, 0x00, 0x00, 0x80, 0x03,
  0x00, 0xea, 0x0f, 0x00, 0x82, 0x7b, 0x08, 0xff, 0x00, 0x06, 0x01, 0x00,
  0x00, 0x0a, 0x00, 0x00, 0x00, 0x62, 0xee, 0x01, 0x12, 0x78, 0xff, 0x20,
  0x83, 0x03, 0x00, 0x00, 0xff, 0xc0, 0x80, 0x07, 0x00, 0xe2, 0x0f, 0x00,
  0x02, 0x7c, 0x07, 0x00, 0x05, 0x00, 0x00, 0x00, 0x00, 0x0f, 0x00, 0x08,
  0x00, 0xd8, 0x0f, 0x00, 0x4d, 0x09, 0x00, 0x00, 0x00, 0x00, 0x00, 0x00,
  0x00, 0x00, 0x80, 0x03, 0x00, 0xea, 0x0f, 0x00, 0x10, 0x7c, 0x06, 0x23,
  0x0a, 0x00, 0x00, 0x00, 0xff, 0xe0, 0xff, 0x0f, 0x00, 0xe2, 0x0f, 0x04,
  0x25, 0x72, 0x04, 0x23, 0x08, 0x00, 0x00, 0x00, 0xff, 0x00, 0x8e, 0x07,
  0x00, 0xc8, 0x2f, 0x00, 0x0c, 0x7c, 0x00, 0x06, 0x06, 0x00, 0x00, 0x00,
  0x70, 0x62, 0xf0, 0x0b, 0x00, 0xe2, 0x0f, 0x04, 0x24, 0x72, 0x05, 0x23,
  0x09, 0x00, 0x00, 0x00, 0x05, 0x02, 0x8e, 0x07, 0x00, 0xe2, 0x0f, 0x00,
  0x10, 0x78, 0x06, 0x06, 0x08, 0x00, 0x00, 0x00, 0xff, 0xe0, 0xff, 0x07,
  0x00, 0xe2, 0x0f, 0x00, 0x25, 0x78, 0x04, 0x07, 0x08, 0x00, 0x00, 0x00,
  0x04, 0x02, 0x8e, 0x07, 0x00, 0xc8, 0x0f, 0x00, 0x0c, 0x7c, 0x00, 0x06,
  0x06, 0x00, 0x00, 0x00, 0x70, 0x62, 0xf2, 0x0b, 0x00, 0xcc, 0x0f, 0x00,
  0x24, 0x8c, 0x02, 0x08, 0x0a, 0x00, 0x00, 0x00, 0xff, 0x02, 0x8e, 0x0f,
  0x00, 0xca, 0x0f, 0x00, 0x19, 0x88, 0x03, 0xff, 0x1f, 0x00, 0x00, 0x00,
  0x02, 0x14, 0x01, 0x00, 0x00, 0xca, 0x0f, 0x00, 0x35, 0x82, 0x02, 0x04,
  0x02, 0x00, 0x00, 0x00, 0x00, 0x02, 0x8e, 0x07, 0x00, 0xc8, 0x0f, 0x00,
  0x35, 0x8c, 0x02, 0x02, 0x08, 0x00, 0x00, 0x00, 0x00, 0x02, 0x8e, 0x0f,
  0x00, 0xcc, 0x0f, 0x00, 0x86, 0x89, 0x00, 0x02, 0x1b, 0x00, 0x00, 0x00,
  0x0e, 0x19, 0x10, 0x0c, 0x00, 0xe8, 0x03, 0x00, 0x86, 0x89, 0x00, 0x02,
  0x21, 0x04, 0x00, 0x00, 0x0e, 0x19, 0x10, 0x0c, 0x00, 0xe2, 0x03, 0x00,
  0x4d, 0x19, 0x00, 0x00, 0x00, 0x00, 0x00, 0x00, 0x00, 0x00, 0x80, 0x03,
  0x00, 0xea, 0x0f, 0x00, 0x90, 0x78, 0x04, 0x0a, 0x08, 0x00, 0x00, 0x00,
  0xff, 0xe0, 0xff, 0x0f, 0x00, 0xcc, 0x0f, 0x00, 0x24, 0x7c, 0x02, 0x08,
  0x04, 0x00, 0x00, 0x00, 0xff, 0x02, 0x8e, 0x0f, 0x00, 0xca, 0x2f, 0x00,
  0x19, 0x78, 0x03, 0xff, 0x1f, 0x00, 0x00, 0x00, 0x02, 0x14, 0x01, 0x00,
  0x00, 0xca, 0x0f, 0x00, 0x35, 0x72, 0x02, 0x04, 0x02, 0x00, 0x00, 0x00,
  0x00, 0x02, 0x8e, 0x07, 0x00, 0xc8, 0x0f, 0x00, 0x35, 0x7c, 0x02, 0x02,
  0x08, 0x00, 0x00, 0x00, 0x00, 0x02, 0x8e, 0x0f, 0x00, 0xcc, 0x0f, 0x00,
  0x86, 0x79, 0x00, 0x02, 0x19, 0x00, 0x00, 0x00, 0x0e, 0x19, 0x10, 0x0c,
  0x00, 0xe8, 0x0f, 0x00, 0x86, 0x79, 0x00, 0x02, 0x00, 0x04, 0x00, 0x00,
  0x0e, 0x19, 0x10, 0x0c, 0x00, 0xe2, 0x0f, 0x00, 0x4d, 0x79, 0x00, 0x00,
  0x00, 0x00, 0x00, 0x00, 0x00, 0x00, 0x80, 0x03, 0x00, 0xea, 0x0f, 0x00,
  0x47, 0x79, 0xfc, 0x00, 0xfc, 0xff, 0xff, 0xff, 0xff, 0xff, 0x83, 0x03,
  0x00, 0xc0, 0x0f, 0x00, 0x18, 0x79, 0x00, 0x00, 0x00, 0x00, 0x00, 0x00,
  0x00, 0x00, 0x00, 0x00, 0x00, 0xc0, 0x0f, 0x00, 0x18, 0x79, 0x00, 0x00,
  0x00, 0x00, 0x00, 0x00, 0x00, 0x00, 0x00, 0x00, 0x00, 0xc0, 0x0f, 0x00,
  0x18, 0x79, 0x00, 0x00, 0x00, 0x00, 0x00, 0x00, 0x00, 0x00, 0x00, 0x00,
  0x00, 0xc0, 0x0f, 0x00, 0x18, 0x79, 0x00, 0x00, 0x00, 0x00, 0x00, 0x00,
  0x00, 0x00, 0x00, 0x00, 0x00, 0xc0, 0x0f, 0x00, 0x18, 0x79, 0x00, 0x00,
  0x00, 0x00, 0x00, 0x00, 0x00, 0x00, 0x00, 0x00, 0x00, 0xc0, 0x0f, 0x00,
  0x18, 0x79, 0x00, 0x00, 0x00, 0x00, 0x00, 0x00, 0x00, 0x00, 0x00, 0x00,
  0x00, 0xc0, 0x0f, 0x00, 0x18, 0x79, 0x00, 0x00, 0x00, 0x00, 0x00, 0x00,
  0x00, 0x00, 0x00, 0x00, 0x00, 0xc0, 0x0f, 0x00, 0x18, 0x79, 0x00, 0x00,
  0x00, 0x00, 0x00, 0x00, 0x00, 0x00, 0x00, 0x00, 0x00, 0xc0, 0x0f, 0x00,
  0x18, 0x79, 0x00, 0x00, 0x00, 0x00, 0x00, 0x00, 0x00, 0x00, 0x00, 0x00,
  0x00, 0xc0, 0x0f, 0x00, 0x82, 0x7b, 0x01, 0xff, 0x00, 0xdf, 0x00, 0x00,
  0x00, 0x08, 0x00, 0x00, 0x00, 0x70, 0x0e, 0x00, 0xc3, 0x79, 0x0a, 0x00,
  0x00, 0x00, 0x00, 0x00, 0x00, 0x27, 0x00, 0x00, 0x00, 0xa2, 0x0e, 0x00,
  0xac, 0x77, 0x04, 0xff, 0x00, 0xb3, 0x00, 0x00, 0x00, 0x0a, 0x00, 0x08,
  0x00, 0xa2, 0x0e, 0x00, 0xac, 0x77, 0x06, 0xff, 0x00, 0xb4, 0x00, 0x00,
  0x00, 0x0a, 0x00, 0x08, 0x00, 0xe2, 0x0e, 0x00, 0xac, 0x77, 0x0e, 0xff,
  0x00, 0x6b, 0x00, 0x00, 0x00, 0x0a, 0x00, 0x08, 0x00, 0x22, 0x0f, 0x00,
  0x8c, 0x72, 0x00, 0x06, 0xff, 0x00, 0x00, 0x00, 0x70, 0x52, 0xf3, 0x0b,
  0x00, 0xe2, 0x8f, 0x00, 0xa5, 0x78, 0x04, 0x0a, 0x04, 0x00, 0x00, 0x00,
  0x04, 0x00, 0x8e, 0x0f, 0x00, 0xcc, 0x4f, 0x00, 0x02, 0x7c, 0x02, 0x00,
  0x04, 0x00, 0x00, 0x00, 0x00, 0x0f, 0x01, 0x08, 0x00, 0xca, 0x0f, 0x00,
  0xac, 0x17, 0x04, 0xff, 0x00, 0xb4, 0x00, 0x00, 0x00, 0x0a, 0x00, 0x08,
  0x00, 0xa2, 0x0e, 0x00, 0x81, 0x79, 0x09, 0x02, 0x0e, 0x00, 0x00, 0x00,
  0x00, 0x19, 0x1e, 0x0c, 0x00, 0xe8, 0x0e, 0x01, 0x81, 0x79, 0x06, 0x02,
  0x0e, 0x04, 0x00, 0x00, 0x00, 0x19, 0x1e, 0x0c, 0x00, 0xe2, 0x08, 0x00,
  0x1c, 0x78, 0x08, 0x00, 0x00, 0x00, 0x00, 0x00, 0x18, 0xf0, 0xf0, 0x03,
  0x00, 0xe2, 0x0f, 0x00, 0x91, 0x12, 0x04, 0x0a, 0x04, 0x00, 0x00, 0x00,
  0xff, 0x10, 0x80, 0x0f, 0x00, 0xc8, 0x4f, 0x00, 0x91, 0x12, 0x05, 0x0a,
  0x05, 0x00, 0x00, 0x00, 0xff, 0x14, 0x0f, 0x08, 0x00, 0xcc, 0x0f, 0x00,
  0x02, 0x7c, 0x04, 0x00, 0x04, 0x00, 0x00, 0x00, 0x00, 0x0f, 0x01, 0x08,
  0x00, 0xe4, 0x0f, 0x00, 0xac, 0x77, 0x04, 0xff, 0x20, 0xbb, 0x00, 0x00,
  0x00, 0x00, 0x00, 0x08, 0x00, 0xa8, 0x0e, 0x00, 0x81, 0x09, 0x07, 0x04,
  0x0e, 0x04, 0x00, 0x00, 0x00, 0x19, 0x1e, 0x0c, 0x00, 0x68, 0x03, 0x00,
  0x81, 0x09, 0x08, 0x04, 0x0e, 0x00, 0x00, 0x00, 0x00, 0x19, 0x1e, 0x0c,
  0x00, 0x62, 0x03, 0x00, 0x8c, 0x72, 0x00, 0x04, 0xff, 0x00, 0x00, 0x00,
  0x70, 0x52, 0xf0, 0x0b, 0x00, 0xcc, 0x4f, 0x00, 0x1c, 0x78, 0x08, 0x00,
  0x00, 0x00, 0x00, 0x00, 0x08, 0xf0, 0xf2, 0x03, 0x00, 0xca, 0x0f, 0x00,
  0xa5, 0x88, 0x04, 0x0a, 0x04, 0x00, 0x00, 0x00, 0x06, 0x00, 0x8e, 0x0f,
  0x00, 0xcc, 0x0f, 0x00, 0x02, 0x7c, 0x02, 0x00, 0x04, 0x00, 0x00, 0x00,
  0x00, 0x0f, 0x01, 0x08, 0x00, 0xcc, 0x0f, 0x01, 0x81, 0x99, 0x00, 0x02,
  0x0e, 0x00, 0x00, 0x00, 0x00, 0x19, 0x1e, 0x0c, 0x00, 0x62, 0x05, 0x00,
  0xc3, 0x79, 0x08, 0x00, 0x00, 0x00, 0x00, 0x00, 0x00, 0x25, 0x00, 0x00,
  0x00, 0x24, 0x0f, 0x00, 0x99, 0x78, 0x08, 0x08, 0x06, 0x00, 0x00, 0x00,
  0xff, 0x06, 0x00, 0x08, 0x00, 0xe2, 0x0f, 0x01, 0xca, 0x72, 0x07, 0x09,
  0x00, 0x00, 0x00, 0x00, 0x00, 0x00, 0x0e, 0x00, 0x00, 0xe4, 0x8f, 0x00,
  0xca, 0x72, 0x04, 0x06, 0x00, 0x00, 0x00, 0x00, 0x00, 0x00, 0x0e, 0x00,
  0x00, 0xda, 0x0f, 0x00, 0x90, 0x72, 0x06, 0x07, 0x04, 0x00, 0x00, 0x00,
  0xff, 0xe1, 0xff, 0x0f, 0x00, 0xc8, 0x0f, 0x00, 0x8c, 0x72, 0x00, 0x08,
  0x06, 0x00, 0x00, 0x00, 0x70, 0x62, 0xf4, 0x0b, 0x00, 0xcc, 0x0f, 0x00,
  0x1c, 0x78, 0x08, 0x00, 0x00, 0x00, 0x00, 0x00, 0x28, 0xf0, 0xf4, 0x03,
  0x00, 0xda, 0x0f, 0x00, 0x4d, 0x29, 0x00, 0x00, 0x00, 0x00, 0x00, 0x00,
  0x00, 0x00, 0x80, 0x03, 0x00, 0xea, 0x6f, 0x00, 0x19, 0x79, 0xc0, 0x00,
  0x00, 0x00, 0x00, 0x00, 0x00, 0x21, 0x00, 0x00, 0x00, 0x62, 0x0e, 0x00,
  0x82, 0x7b, 0x16, 0xff, 0x00, 0x55, 0x01, 0x00, 0x00, 0x08, 0x00, 0x00,
  0x00, 0xa2, 0x0e, 0x00, 0x90, 0x72, 0x04, 0x06, 0x08, 0x00, 0x00, 0x80,
  0xff, 0xe0, 0xff, 0x0f, 0x00, 0xe2, 0x0f, 0x00, 0xac, 0x07, 0x0c, 0xff,
  0x00, 0xab, 0x00, 0x00, 0x00, 0x0a, 0x00, 0x08, 0x00, 0xe2, 0x0e, 0x00,
  0x19, 0x79, 0x15, 0x00, 0x00, 0x00, 0x00, 0x00, 0x00, 0x26, 0x00, 0x00,
  0x00, 0x22, 0x0f, 0x00, 0xca, 0x02, 0x0b, 0x07, 0x00, 0x00, 0x00, 0x00,
  0x00, 0x00, 0x0e, 0x00, 0x00, 0xe2, 0x0f, 0x02, 0x4a, 0x78, 0x05, 0x04,
  0x40, 0x00, 0x00, 0x00, 0x00, 0x01, 0xfe, 0x0b, 0x00, 0xe2, 0x0f, 0x00,
  0xca, 0x02, 0x10, 0x08, 0x00, 0x00, 0x00, 0x00, 0x00, 0x00, 0x0e, 0x00,
  0x00, 0xe4, 0x0f, 0x00, 0x82, 0x7b, 0x0c, 0xff, 0x00, 0xfc, 0x00, 0x00,
  0x00, 0x0a, 0x00, 0x00, 0x00, 0x70, 0x0e, 0x00, 0xc3, 0x79, 0x09, 0x00,
  0x00, 0x00, 0x00, 0x00, 0x00, 0x88, 0x00, 0x00, 0x00, 0x62, 0x0e, 0x00,
  0xa4, 0x02, 0x04, 0x0a, 0x0c, 0x00, 0x00, 0x00, 0xff, 0x02, 0x8e, 0x0f,
  0x00, 0xe2, 0x8f, 0x00, 0x13, 0x72, 0x17, 0x00, 0x16, 0x00, 0x00, 0x00,
  0x00, 0x00, 0x00, 0x00, 0x00, 0xcc, 0x4f, 0x00, 0x82, 0x7b, 0x18, 0xff,
  0x00, 0xfe, 0x00, 0x00, 0x00, 0x0a, 0x00, 0x00, 0x00, 0xa2, 0x0e, 0x00,
  0x82, 0x8c, 0x04, 0x00, 0x07, 0x00, 0x00, 0x00, 0x00, 0x00, 0x00, 0x08,
  0x00, 0xe2, 0x0f, 0x00, 0x06, 0x73, 0x02, 0x00, 0x17, 0x00, 0x00, 0x00,
  0x00, 0x94, 0x20, 0x00, 0x00, 0xe2, 0x0e, 0x00, 0x82, 0x78, 0x07, 0x00,
  0x00, 0x04, 0x00, 0x00, 0x00, 0x00, 0x00, 0x00, 0x00, 0xe2, 0x0f, 0x00,
  0x19, 0x78, 0x0f, 0xff, 0x04, 0x00, 0x00, 0x00, 0xc0, 0x16, 0x01, 0x00,
  0x00, 0xe2, 0x2f, 0x00, 0x24, 0x78, 0x14, 0xc0, 0x10, 0x00, 0x00, 0x00,
  0xff, 0x00, 0x8e, 0x07, 0x00, 0xc6, 0x0f, 0x00, 0x82, 0x7b, 0x1a, 0xff,
  0x00, 0x00, 0x01, 0x00, 0x00, 0x0a, 0x00, 0x00, 0x00, 0x62, 0x0e, 0x00,
  0x13, 0x72, 0x10, 0x00, 0x15, 0x00, 0x00, 0x00, 0x00, 0x00, 0x00, 0x00,
  0x00, 0xe4, 0x0f, 0x01, 0x10, 0x78, 0x03, 0x0f, 0x20, 0x00, 0x00, 0x00,
  0xff, 0xe0, 0xff, 0x07, 0x00, 0xe4, 0x0f, 0x04, 0x10, 0x78, 0x11, 0x0f,
  0x08, 0x00, 0x00, 0x00, 0xff, 0xe0, 0xff, 0x07, 0x00, 0xe4, 0x0f, 0x04,
  0x10, 0x78, 0x12, 0x0f, 0x10, 0x00, 0x00, 0x00, 0xff, 0xe0, 0xff, 0x07,
  0x00, 0xe4, 0x0f, 0x04, 0x10, 0x78, 0x04, 0x0f, 0x30, 0x00, 0x00, 0x00,
  0xff, 0xe0, 0xff, 0x07, 0x00, 0xe4, 0x0f, 0x04, 0x10, 0x78, 0x05, 0x0f,
  0x38, 0x00, 0x00, 0x00, 0xff, 0xe0, 0xff, 0x07, 0x00, 0xe2, 0x0f, 0x00,
  0x0c, 0x7c, 0x00, 0x03, 0x05, 0x00, 0x00, 0x00, 0x70, 0x62, 0xf8, 0x0b,
  0x00, 0xe2, 0x0f, 0x00, 0x0c, 0x7c, 0x00, 0x0f, 0x05, 0x00, 0x00, 0x00,
  0x70, 0x62, 0xf4, 0x0b, 0x00, 0xe2, 0x0f, 0x00, 0x08, 0x73, 0x03, 0x00,
  0x02, 0x00, 0x00, 0x00, 0x00, 0x10, 0x00, 0x00, 0x00, 0x22, 0x87, 0x00,
  0x0c, 0x7c, 0x00, 0x11, 0x05, 0x00, 0x00, 0x00, 0x70, 0x62, 0xf0, 0x0b,
  0x00, 0xe2, 0x0f, 0x00, 0x0c, 0x7c, 0x00, 0x12, 0x05, 0x00, 0x00, 0x00,
  0x70, 0x62, 0xfa, 0x0b, 0x00, 0xe2, 0x0f, 0x00, 0x0c, 0x7c, 0x00, 0x04,
  0x05, 0x00, 0x00, 0x00, 0x70, 0x62, 0xfc, 0x0b, 0x00, 0xe2, 0x0f, 0x00,
  0x10, 0x78, 0x1c, 0x0f, 0x18, 0x00, 0x00, 0x00, 0xff, 0xe0, 0xff, 0x07,
  0x00, 0xe2, 0x0f, 0x00, 0x0c, 0x7c, 0x00, 0x05, 0x05, 0x00, 0x00, 0x00,
  0x70, 0x62, 0xf6, 0x0b, 0x00, 0xe2, 0x0f, 0x00, 0x07, 0x78, 0x05, 0xff,
  0x01, 0x00, 0x00, 0x00, 0x00, 0x00, 0x00, 0x01, 0x00, 0xe2, 0x0f, 0x00,
  0x07, 0x78, 0x06, 0xff, 0x02, 0x00, 0x00, 0x00, 0x00, 0x00, 0x00, 0x00,
  0x00, 0xe2, 0x0f, 0x00, 0x07, 0x78, 0x07, 0xff, 0x04, 0x00, 0x00, 0x00,
  0x00, 0x00, 0x80, 0x02, 0x00, 0xe2, 0x0f, 0x00, 0x07, 0x78, 0x0b, 0xff,
  0x00, 0x04, 0x00, 0x00, 0x00, 0x00, 0x00, 0x03, 0x00, 0xe2, 0x0f, 0x00,
  0x0c, 0x7c, 0x00, 0x1c, 0x05, 0x00, 0x00, 0x00, 0x70, 0x62, 0xfc, 0x0b,
  0x00, 0xe2, 0x0f, 0x00, 0x10, 0x78, 0x04, 0x0f, 0x28, 0x00, 0x00, 0x00,
  0xff, 0xe0, 0xff, 0x07, 0x00, 0xc4, 0x0f, 0x00, 0x12, 0x7c, 0x02, 0x0f,
  0x08, 0x00, 0x00, 0x00, 0xff, 0xfc, 0x8e, 0x0f, 0x00, 0xe2, 0x8f, 0x00,
  0x91, 0x72, 0x09, 0x09, 0x07, 0x00, 0x00, 0x00, 0xff, 0xc0, 0x8e, 0x0f,
  0x00, 0xe2, 0x0f, 0x00, 0x10, 0x72, 0x05, 0x07, 0x06, 0x00, 0x00, 0x00,
  0x05, 0xe0, 0xff, 0x07, 0x00, 0xe2, 0x0f, 0x00, 0x07, 0x78, 0x06, 0xff,
  0x00, 0x08, 0x00, 0x00, 0x00, 0x00, 0x80, 0x01, 0x00, 0xe2, 0x0f, 0x00,
  0x07, 0x78, 0x08, 0xff, 0x08, 0x00, 0x00, 0x00, 0x00, 0x00, 0x00, 0x03,
  0x00, 0xe2, 0x0f, 0x00, 0x07, 0x78, 0x09, 0xff, 0x00, 0x01, 0x00, 0x00,
  0x00, 0x00, 0x00, 0x02, 0x00, 0xe2, 0x0f, 0x00, 0x0c, 0x7c, 0x00, 0x04,
  0x05, 0x00, 0x00, 0x00, 0x70, 0x62, 0xf6, 0x0b, 0x00, 0xe2, 0x0f, 0x00,
  0x10, 0x7c, 0x07, 0x02, 0x04, 0x00, 0x00, 0x00, 0xff, 0xe0, 0xff, 0x0f,
  0x00, 0xe4, 0x0f, 0x00, 0x10, 0x78, 0x04, 0x03, 0xfe, 0xff, 0xff, 0x0f,
  0xff, 0xe0, 0xff, 0x07, 0x00, 0xe4, 0x0f, 0x01, 0x12, 0x78, 0x0e, 0x14,
  0xf0, 0x00, 0x00, 0x00, 0xff, 0xc0, 0x8e, 0x07, 0x00, 0xe2, 0x0f, 0x00,
  0xa4, 0x02, 0x05, 0x0a, 0x0d, 0x00, 0x00, 0x00, 0xff, 0x02, 0x8e, 0x0f,
  0x00, 0xe2, 0x0f, 0x00, 0x10, 0x72, 0x08, 0x09, 0x05, 0x00, 0x00, 0x00,
  0x08, 0xe0, 0xff, 0x07, 0x00, 0xe2, 0x0f, 0x00, 0xac, 0x77, 0x0c, 0xff,
  0x00, 0x71, 0x00, 0x00, 0x00, 0x0a, 0x00, 0x08, 0x00, 0xe2, 0x0e, 0x00,
  0x07, 0x78, 0x03, 0xff, 0x00, 0x02, 0x00, 0x00, 0x00, 0x00, 0x80, 0x01,
  0x00, 0xe2, 0x0f, 0x00, 0x05, 0x73, 0x05, 0x00, 0x04, 0x00, 0x00, 0x00,
  0x00, 0xf0, 0x21, 0x00, 0x00, 0x22, 0x0f, 0x00, 0x19, 0x78, 0x09, 0xff,
  0x1f, 0x00, 0x00, 0x00, 0x07, 0x14, 0x01, 0x00, 0x00, 0xe2, 0x0f, 0x00,
  0x24, 0x78, 0x02, 0x15, 0x00, 0x01, 0x00, 0x00, 0x0e, 0x02, 0x8e, 0x07,
  0x00, 0xe2, 0x0f, 0x00, 0xca, 0x92, 0x05, 0x00, 0x00, 0x00, 0x00, 0x00,
  0x00, 0x00, 0x0e, 0x00, 0x00, 0xe2, 0x0f, 0x00, 0x82, 0x7c, 0x07, 0x00,
  0x06, 0x00, 0x00, 0x00, 0x00, 0x00, 0x00, 0x08, 0x00, 0xe2, 0x0f, 0x00,
  0x10, 0x72, 0x08, 0x03, 0x08, 0x00, 0x00, 0x00, 0xff, 0xe0, 0xff, 0x07,
  0x00, 0xe2, 0x0f, 0x00, 0x02, 0x72, 0x03, 0x00, 0xff, 0x00, 0x00, 0x00,
  0x00, 0x0f, 0x00, 0x00, 0x00, 0xe2, 0x0f, 0x00, 0x24, 0x72, 0x0a, 0x09,
  0x0c, 0x00, 0x00, 0x00, 0xff, 0x02, 0x8e, 0x07, 0x00, 0xe2, 0x0f, 0x08,
  0x90, 0x12, 0x07, 0x0b, 0x10, 0x00, 0x00, 0x80, 0xff, 0xe0, 0xff, 0x0f,
  0x00, 0xe2, 0x0f, 0x00, 0xac, 0x77, 0x10, 0xff, 0x00, 0x72, 0x00, 0x00,
  0x00, 0x0c, 0x00, 0x08, 0x00, 0x62, 0x0e, 0x00, 0x10, 0x72, 0x0b, 0x08,
  0x0b, 0x00, 0x00, 0x00, 0x06, 0xe0, 0xff, 0x07, 0x00, 0xe2, 0x0f, 0x00,
  0x25, 0x72, 0x02, 0x07, 0x0c, 0x00, 0x00, 0x00, 0x02, 0x00, 0x8e, 0x07,
  0x00, 0xe2, 0x0f, 0x00, 0x4a, 0x78, 0x0a, 0x07, 0x20, 0x00, 0x00, 0x00,
  0x00, 0x01, 0xfe, 0x0b, 0x00, 0xc4, 0x0f, 0x00, 0x19, 0x78, 0x00, 0xff,
  0x06, 0x00, 0x00, 0x00, 0x0b, 0x16, 0x01, 0x00, 0x00, 0xe2, 0x0f, 0x00,
  0x24, 0x72, 0x07, 0x07, 0x0d, 0x00, 0x00, 0x00, 0x0a, 0x02, 0x8e, 0x07,
  0x00, 0xe2, 0x0f, 0x00, 0x10, 0x72, 0x04, 0xff, 0x05, 0x00, 0x00, 0x80,
  0xff, 0xe0, 0xff, 0x07, 0x00, 0xe2, 0x0f, 0x01, 0x24, 0x78, 0x06, 0x0c,
  0x08, 0x00, 0x00, 0x00, 0xff, 0x00, 0x8e, 0x07, 0x00, 0xe2, 0x0f, 0x00,
  0x12, 0x78, 0xff, 0x00, 0x10, 0x00, 0x00, 0x00, 0xff, 0xc0, 0x82, 0x07,
  0x00, 0xe2, 0x0f, 0x00, 0x90, 0x78, 0x0b, 0x09, 0x00, 0x40, 0x00, 0x00,
  0xff, 0xe0, 0xff, 0x0f, 0x00, 0xe2, 0x0f, 0x00, 0x10, 0x72, 0x03, 0x03,
  0x07, 0x00, 0x00, 0x00, 0xff, 0xe0, 0xff, 0x07, 0x00, 0xe4, 0x0f, 0x00,
  0x12, 0x78, 0x07, 0x0f, 0x07, 0x00, 0x00, 0x00, 0xff, 0xc0, 0x8e, 0x07,
  0x00, 0xc8, 0x0f, 0x00, 0x12, 0x78, 0x00, 0x07, 0x0f, 0x00, 0x00, 0x00,
  0xc0, 0x78, 0x8e, 0x07, 0x00, 0xe2, 0x0f, 0x00, 0x24, 0x72, 0x07, 0x04,
  0x17, 0x00, 0x00, 0x00, 0xff, 0x02, 0x8e, 0x07, 0x00, 0xe2, 0x0f, 0x00,
  0x02, 0x72, 0x04, 0x00, 0xff, 0x00, 0x00, 0x00, 0x00, 0x0f, 0x00, 0x00,
  0x00, 0xc6, 0x0f, 0x00, 0x24, 0x78, 0xdc, 0x0f, 0x10, 0x00, 0x00, 0x00,
  0x00, 0x02, 0x8e, 0x07, 0x00, 0xe4, 0x0f, 0x00, 0x27, 0x72, 0x00, 0x05,
  0x07, 0x00, 0x00, 0x00, 0x04, 0x00, 0x8e, 0x07, 0x00, 0xe2, 0x0f, 0x00,
  0x19, 0x78, 0x07, 0x0c, 0x03, 0x00, 0x00, 0x00, 0x0d, 0x02, 0x01, 0x00,
  0x00, 0xe2, 0x0f, 0x00, 0x35, 0x7c, 0x04, 0x02, 0x0c, 0x00, 0x00, 0x00,
  0x00, 0x02, 0x8e, 0x0f, 0x00, 0xe4, 0x8f, 0x00, 0x24, 0x78, 0xdc, 0xdc,
  0x10, 0x00, 0x00, 0x00, 0xff, 0x00, 0x8e, 0x07, 0x00, 0xe2, 0x0f, 0x00,
  0x19, 0x78, 0x0c, 0xff, 0x07, 0x00, 0x00, 0x00, 0x0b, 0x16, 0x01, 0x00,
  0x00, 0xe2, 0x0f, 0x00, 0x27, 0x72, 0x00, 0x00, 0x10, 0x00, 0x00, 0x00,
  0xff, 0x00, 0x8e, 0x07, 0x00, 0xe2, 0x0f, 0x00, 0x35, 0x72, 0x02, 0x02,
  0x06, 0x00, 0x00, 0x00, 0x00, 0x02, 0x8e, 0x07, 0x00, 0xc6, 0x0f, 0x00,
  0x10, 0x7c, 0x13, 0xdc, 0x09, 0x00, 0x00, 0x00, 0xff, 0xe0, 0xff, 0x0f,
  0x00, 0xe4, 0x0f, 0x04, 0x10, 0x7c, 0xdd, 0xdc, 0x0b, 0x00, 0x00, 0x00,
  0xff, 0xe0, 0xff, 0x0f, 0x00, 0xe4, 0x0f, 0x00, 0x10, 0x72, 0x0a, 0x00,
  0xff, 0x00, 0x00, 0x00, 0xff, 0xe1, 0xff, 0x07, 0x00, 0xe2, 0x0f, 0x00,
  0x35, 0x7c, 0x08, 0x02, 0x0c, 0x00, 0x00, 0x00, 0x00, 0x02, 0x8e, 0x0f,
  0x00, 0xe4, 0x0f, 0x00, 0x84, 0xf9, 0xff, 0xff, 0x00, 0x00, 0x00, 0x00,
  0x00, 0x08, 0x00, 0x00, 0x00, 0xe2, 0x0f, 0x00, 0x84, 0xf9, 0xff, 0xff,
  0x00, 0x00, 0x00, 0x00, 0x00, 0x08, 0x00, 0x00, 0x00, 0xe2, 0x0f, 0x00,
  0x84, 0xf9, 0xff, 0xff, 0x00, 0x00, 0x00, 0x00, 0x00, 0x08, 0x00, 0x00,
  0x00, 0xe2, 0x0f, 0x00, 0xae, 0x7f, 0x13, 0x04, 0x00, 0x00, 0x00, 0x00,
  0x0e, 0x18, 0x18, 0x0d, 0x00, 0xe2, 0x07, 0x00, 0x35, 0x72, 0x02, 0x06,
  0x02, 0x00, 0x00, 0x00, 0x00, 0x02, 0x8e, 0x07, 0x00, 0xe4, 0x0f, 0x00,
  0x24, 0x72, 0x10, 0x17, 0x0a, 0x00, 0x00, 0x00, 0x10, 0x02, 0x8e, 0x07,
  0x00, 0xe2, 0x0f, 0x00, 0xae, 0x7f, 0x13, 0x08, 0x00, 0x00, 0x80, 0x00,
  0x0e, 0x18, 0x18, 0x0c, 0x00, 0xe2, 0x09, 0x00, 0x35, 0x7c, 0x0a, 0x02,
  0x0c, 0x00, 0x00, 0x00, 0x00, 0x02, 0x8e, 0x0f, 0x00, 0xc4, 0x0f, 0x00,
  0x35, 0x72, 0x02, 0x06, 0x02, 0x00, 0x00, 0x00, 0x00, 0x02, 0x8e, 0x07,
  0x00, 0xe4, 0x0f, 0x00, 0x0c, 0x72, 0x00, 0x17, 0x10, 0x00, 0x00, 0x00,
  0x70, 0x40, 0xf0, 0x03, 0x00, 0xe2, 0x0f, 0x00, 0x12, 0x78, 0xff, 0x0c,
  0x10, 0x00, 0x00, 0x00, 0xff, 0xc0, 0x84, 0x07, 0x00, 0xe2, 0x0f, 0x00,
  0xae, 0x7f, 0x13, 0x0a, 0x00, 0x00, 0x00, 0x01, 0x0e, 0x18, 0x98, 0x0e,
  0x00, 0xe2, 0x03, 0x00, 0x35, 0x7c, 0x04, 0x02, 0x0c, 0x00, 0x00, 0x00,
  0x00, 0x02, 0x8e, 0x0f, 0x00, 0xe4, 0x8f, 0x00, 0x35, 0x72, 0x02, 0x06,
  0x02, 0x00, 0x00, 0x00, 0x00, 0x02, 0x8e, 0x07, 0x00, 0xe4, 0x0f, 0x00,
  0x0c, 0x7c, 0x00, 0x0f, 0x0a, 0x00, 0x00, 0x00, 0x70, 0x62, 0xfa, 0x0b,
  0x00, 0xe4, 0x0f, 0x00, 0x35, 0x7c, 0x0c, 0x02, 0x0c, 0x00, 0x00, 0x00,
  0x00, 0x02, 0x8e, 0x0f, 0x00, 0xc4, 0x0f, 0x00, 0x35, 0x72, 0x02, 0x06,
  0x02, 0x00, 0x00, 0x00, 0x00, 0x02, 0x8e, 0x07, 0x00, 0xc6, 0x0f, 0x00,
  0x10, 0x82, 0x10, 0x10, 0x17, 0x00, 0x00, 0x80, 0xff, 0xe0, 0xff, 0x07,
  0x00, 0xe2, 0x0f, 0x00, 0xae, 0x7f, 0x13, 0x04, 0x00, 0x00, 0x80, 0x01,
  0x0e, 0x18, 0x18, 0x0f, 0x00, 0xe2, 0x0f, 0x00, 0x35, 0x7c, 0x08, 0x02,
  0x0c, 0x00, 0x00, 0x00, 0x00, 0x02, 0x8e, 0x0f, 0x00, 0xc6, 0x0f, 0x01,
  0x10, 0x88, 0x00, 0x00, 0x01, 0x00, 0x00, 0x00, 0xff, 0xe0, 0xff, 0x07,
  0x00, 0xe2, 0x0f, 0x00, 0x0c, 0x72, 0x00, 0x10, 0x17, 0x00, 0x00, 0x00,
  0x70, 0x60, 0xfc, 0x03, 0x00, 0xe2, 0x0f, 0x00, 0x12, 0x72, 0x0a, 0x15,
  0x16, 0x00, 0x00, 0x00, 0xff, 0x3c, 0x8e, 0x07, 0x00, 0xe2, 0x2f, 0x00,
  0xae, 0x7f, 0x13, 0x0c, 0x00, 0x00, 0x00, 0x02, 0x0e, 0x18, 0x18, 0x0e,
  0x00, 0xe2, 0x05, 0x00, 0x10, 0x7c, 0x17, 0x0f, 0x05, 0x00, 0x00, 0x00,
  0xff, 0xe0, 0xff, 0x0f, 0x00, 0xe2, 0x0f, 0x00, 0x0c, 0x7c, 0x00, 0x11,
  0x0a, 0x00, 0x00, 0x00, 0x70, 0x62, 0xf8, 0x0b, 0x00, 0xe2, 0x0f, 0x00,
  0x0c, 0x72, 0x00, 0x16, 0xff, 0x00, 0x00, 0x00, 0x70, 0x52, 0xf0, 0x03,
  0x00, 0xe2, 0x0f, 0x00, 0xae, 0x7f, 0x13, 0x08, 0x00, 0x00, 0x80, 0x02,
  0x0e, 0x18, 0x98, 0x0d, 0x00, 0xe2, 0x03, 0x00, 0x0c, 0x72, 0x00, 0x0a,
  0xff, 0x00, 0x00, 0x00, 0x70, 0x62, 0xf6, 0x03, 0x00, 0xe2, 0x0f, 0x00,
  0x19, 0x78, 0x11, 0xff, 0x1f, 0x00, 0x00, 0x00, 0x17, 0x14, 0x01, 0x00,
  0x00, 0xe2, 0x0f, 0x00, 0x35, 0x72, 0x02, 0x06, 0x02, 0x00, 0x00, 0x00,
  0x00, 0x02, 0x8e, 0x07, 0x00, 0xc4, 0x0f, 0x00, 0x02, 0x72, 0x0f, 0x00,
  0xff, 0x00, 0x00, 0x00, 0x00, 0x0f, 0x00, 0x00, 0x00, 0xe4, 0x0f, 0x00,
  0x10, 0x68, 0x00, 0x00, 0x01, 0x00, 0x00, 0x00, 0xff, 0xe0, 0xff, 0x07,
  0x00, 0xe2, 0x0f, 0x00, 0x24, 0x72, 0x0c, 0x11, 0x18, 0x00, 0x00, 0x00,
  0xff, 0x02, 0x8e, 0x07, 0x00, 0xe2, 0x4f, 0x08, 0x35, 0x7c, 0x04, 0x02,
  0x0c, 0x00, 0x00, 0x00, 0x00, 0x02, 0x8e, 0x0f, 0x00, 0xe4, 0x0f, 0x00,
  0x25, 0x72, 0x0a, 0x17, 0x18, 0x00, 0x00, 0x00, 0x0e, 0x00, 0x8e, 0x07,
  0x00, 0xe2, 0x0f, 0x00, 0x35, 0x72, 0x02, 0x06, 0x02, 0x00, 0x00, 0x00,
  0x00, 0x02, 0x8e, 0x07, 0x00, 0xc6, 0x0f, 0x00, 0x10, 0xb2, 0x00, 0x00,
  0xff, 0x00, 0x00, 0x00, 0xff, 0xe1, 0xff, 0x07, 0x00, 0xe2, 0x0f, 0x00,
  0x24, 0x72, 0x09, 0x17, 0x19, 0x00, 0x00, 0x00, 0x0c, 0x02, 0x8e, 0x07,
  0x00, 0xe2, 0x2f, 0x00, 0x12, 0x82, 0x00, 0xff, 0x16, 0x00, 0x00, 0x00,
  0xff, 0x33, 0x8e, 0x07, 0x00, 0xe2, 0x0f, 0x00, 0x24, 0x72, 0x06, 0x11,
  0x1a, 0x00, 0x00, 0x00, 0xff, 0x02, 0x8e, 0x07, 0x00, 0xe2, 0x0f, 0x00,
  0x35, 0x7c, 0x02, 0x02, 0x0c, 0x00, 0x00, 0x00, 0x00, 0x02, 0x8e, 0x0f,
  0x00, 0xc6, 0x0f, 0x00, 0x10, 0x72, 0x0b, 0x0b, 0x09, 0x00, 0x00, 0x00,
  0xff, 0xe0, 0xff, 0x07, 0x00, 0xe2, 0x0f, 0x00, 0x25, 0x72, 0x0e, 0x17,
  0x1a, 0x00, 0x00, 0x00, 0x0e, 0x00, 0x8e, 0x07, 0x00, 0xe2, 0x0f, 0x04,
  0xae, 0x7f, 0x13, 0x04, 0x00, 0x00, 0x00, 0x03, 0x0e, 0x18, 0x98, 0x08,
  0x00, 0xe2, 0x03, 0x00, 0x0c, 0x7c, 0x00, 0x12, 0x0a, 0x00, 0x00, 0x00,
  0x70, 0x62, 0xfc, 0x0b, 0x00, 0xe2, 0x0f, 0x00, 0x0c, 0x7c, 0x00, 0x1c,
  0x0a, 0x00, 0x00, 0x00, 0x70, 0x62, 0xf2, 0x0b, 0x00, 0xe2, 0x0f, 0x00,
  0x24, 0x72, 0x07, 0x17, 0x1b, 0x00, 0x00, 0x00, 0x06, 0x02, 0x8e, 0x07,
  0x00, 0xe2, 0x0f, 0x00, 0xae, 0x7f, 0x13, 0x02, 0x00, 0x00, 0x80, 0x03,
  0x0e, 0x18, 0x18, 0x09, 0x00, 0xe2, 0x05, 0x00, 0x25, 0x78, 0x0c, 0x00,
  0x00, 0x01, 0x00, 0x00, 0x0a, 0x02, 0x8e, 0x07, 0x00, 0xe2, 0x0f, 0x00,
  0x19, 0x78, 0x0b, 0x1a, 0x03, 0x00, 0x00, 0x00, 0x1b, 0x02, 0x01, 0x00,
  0x00, 0xe2, 0x0f, 0x04, 0x90, 0x78, 0x0c, 0x09, 0x00, 0x60, 0x00, 0x00,
  0xff, 0xe0, 0xff, 0x0f, 0x00, 0xe2, 0x0f, 0x00, 0x10, 0x72, 0x0f, 0x0f,
  0x07, 0x00, 0x00, 0x00, 0xff, 0xe0, 0xff, 0x07, 0x00, 0xe2, 0x0f, 0x00,
  0x24, 0x78, 0x0a, 0x1a, 0x08, 0x00, 0x00, 0x00, 0xff, 0x00, 0x8e, 0x07,
  0x00, 0xe2, 0x0f, 0x00, 0x11, 0x72, 0x08, 0x18, 0x0c, 0x00, 0x00, 0x00,
  0xff, 0x20, 0x80, 0x07, 0x00, 0xc4, 0x0f, 0x00, 0x19, 0x78, 0x05, 0x18,
  0x03, 0x00, 0x00, 0x00, 0x19, 0x02, 0x01, 0x00, 0x00, 0xe2, 0x2f, 0x00,
  0x25, 0x78, 0xd2, 0x00, 0x00, 0x01, 0x00, 0x00, 0x0e, 0x02, 0x8e, 0x07,
  0x00, 0xe2, 0x0f, 0x00, 0x11, 0x72, 0x09, 0x18, 0x0d, 0x00, 0x00, 0x00,
  0x19, 0x24, 0x0f, 0x00, 0x00, 0xe4, 0x0f, 0x00, 0x10, 0x7c, 0xdc, 0xdc,
  0x0c, 0x00, 0x00, 0x00, 0xff, 0xe0, 0xff, 0x0f, 0x00, 0xe2, 0x0f, 0x00,
  0x24, 0x78, 0x04, 0x18, 0x08, 0x00, 0x00, 0x00, 0xff, 0x00, 0x8e, 0x07,
  0x00, 0xe2, 0x0f, 0x00, 0x11, 0x72, 0x10, 0x1a, 0xd2, 0x00, 0x00, 0x00,
  0xff, 0x20, 0x80, 0x07, 0x00, 0xe2, 0x0f, 0x00, 0x35, 0x72, 0x02, 0xd2,
  0x0a, 0x00, 0x00, 0x00, 0x00, 0x02, 0x8e, 0x07, 0x00, 0xe4, 0x4f, 0x00,
  0x82, 0x7b, 0x12, 0xff, 0x00, 0xf6, 0x00, 0x00, 0x00, 0x0a, 0x00, 0x00,
  0x00, 0x62, 0x0e, 0x00, 0x35, 0x72, 0x06, 0x0c, 0x04, 0x00, 0x00, 0x00,
  0x00, 0x02, 0x8e, 0x07, 0x00, 0xc4, 0x0f, 0x00, 0x35, 0x72, 0x04, 0x04,
  0x08, 0x00, 0x00, 0x00, 0x00, 0x02, 0x8e, 0x07, 0x00, 0xe4, 0x0f, 0x00,
  0x35, 0x7c, 0x0c, 0x0c, 0x10, 0x00, 0x00, 0x00, 0x00, 0x02, 0x8e, 0x0f,
  0x00, 0xe4, 0x0f, 0x00, 0x35, 0x7c, 0x06, 0x06, 0x10, 0x00, 0x00, 0x00,
  0x00, 0x02, 0x8e, 0x0f, 0x00, 0xe4, 0x0f, 0x00, 0x35, 0x7c, 0x0e, 0x02,
  0x12, 0x00, 0x00, 0x00, 0x00, 0x02, 0x8e, 0x0f, 0x00, 0xe4, 0x0f, 0x00,
  0x35, 0x7c, 0x02, 0x08, 0x10, 0x00, 0x00, 0x00, 0x00, 0x02, 0x8e, 0x0f,
  0x00, 0xe4, 0x0f, 0x00, 0x35, 0x7c, 0x04, 0x04, 0x10, 0x00, 0x00, 0x00,
  0x00, 0x02, 0x8e, 0x0f, 0x00, 0xc4, 0x0f, 0x00, 0xae, 0x7f, 0xdd, 0x0c,
  0x00, 0x00, 0x00, 0x00, 0x0e, 0x18, 0x98, 0x0e, 0x00, 0xe2, 0x0f, 0x00,
  0x11, 0x72, 0x11, 0x1a, 0xd3, 0x00, 0x00, 0x00, 0x1b, 0x24, 0x0f, 0x00,
  0x00, 0xe2, 0x0f, 0x00, 0x35, 0x7c, 0xd2, 0xd2, 0x12, 0x00, 0x00, 0x00,
  0x00, 0x02, 0x8e, 0x0f, 0x00, 0xe4, 0x0f, 0x00, 0xae, 0x7f, 0xdd, 0x06,
  0x00, 0x00, 0x80, 0x00, 0x0e, 0x18, 0x18, 0x0e, 0x00, 0xe2, 0x05, 0x00,
  0x19, 0x78, 0x00, 0xff, 0x01, 0x00, 0x00, 0x00, 0xc0, 0x16, 0x01, 0x00,
  0x00, 0xe2, 0x0f, 0x00, 0x35, 0x72, 0x0a, 0x0a, 0x10, 0x00, 0x00, 0x00,
  0x00, 0x02, 0x8e, 0x07, 0x00, 0xe4, 0x0f, 0x00, 0x35, 0x7c, 0x10, 0x10,
  0x12, 0x00, 0x00, 0x00, 0x00, 0x02, 0x8e, 0x0f, 0x00, 0xe4, 0x0f, 0x00,
  0x35, 0x7c, 0x0a, 0x0a, 0x12, 0x00, 0x00, 0x00, 0x00, 0x02, 0x8e, 0x0f,
  0x00, 0xc4, 0x0f, 0x00, 0xae, 0x7f, 0xdd, 0x02, 0x00, 0x00, 0x00, 0x01,
  0x0e, 0x18, 0x18, 0x0f, 0x00, 0xe2, 0x07, 0x00, 0x19, 0x78, 0xc1, 0xff,
  0x03, 0x00, 0x00, 0x00, 0xc0, 0x16, 0x01, 0x00, 0x00, 0xe2, 0x0f, 0x00,
  0x0c, 0x72, 0x00, 0x12, 0xff, 0x00, 0x00, 0x00, 0x70, 0x52, 0xf1, 0x03,
  0x00, 0xe4, 0x2f, 0x00, 0xae, 0x7f, 0xdd, 0x04, 0x00, 0x00, 0x80, 0x01,
  0x0e, 0x18, 0x98, 0x0c, 0x00, 0xe2, 0x03, 0x00, 0x02, 0x78, 0x08, 0x00,
  0xff, 0xff, 0x7f, 0xff, 0x00, 0x0f, 0x00, 0x00, 0x00, 0xc6, 0x0f, 0x00,
  0xae, 0x7f, 0xdc, 0xd2, 0x00, 0x00, 0x00, 0x00, 0x0e, 0x18, 0x98, 0x0e,
  0x00, 0xe8, 0x0f, 0x00, 0xae, 0x7f, 0xdc, 0x0e, 0x00, 0x00, 0x80, 0x00,
  0x0e, 0x18, 0x18, 0x0e, 0x00, 0xe8, 0x0f, 0x00, 0xae, 0x7f, 0xdc, 0x10,
  0x00, 0x00, 0x00, 0x01, 0x0e, 0x18, 0x18, 0x0f, 0x00, 0xe2, 0x0f, 0x00,
  0x12, 0x78, 0x09, 0x00, 0x08, 0x00, 0x00, 0x00, 0xff, 0xc0, 0x8e, 0x07,
  0x00, 0xe2, 0x0f, 0x00, 0x25, 0x08, 0x06, 0x15, 0x04, 0x00, 0x00, 0x00,
  0x12, 0x00, 0x8e, 0x07, 0x00, 0xc4, 0x4f, 0x00, 0xae, 0x7f, 0xdc, 0x0a,
  0x00, 0x00, 0x80, 0x01, 0x0e, 0x18, 0x98, 0x0c, 0x00, 0xe8, 0x05, 0x00,
  0xaf, 0x79, 0x00, 0x00, 0x00, 0x00, 0x00, 0x00, 0x00, 0x00, 0x00, 0x00,
  0x00, 0x22, 0x0e, 0x00, 0x12, 0x78, 0x03, 0x00, 0x30, 0x00, 0x00, 0x00,
  0xff, 0xc0, 0x8e, 0x07, 0x00, 0xe4, 0x8f, 0x00, 0x12, 0x78, 0x05, 0x14,
  0x70, 0x00, 0x00, 0x00, 0xff, 0xc0, 0x8e, 0x07, 0x00, 0xe4, 0x2f, 0x00,
  0x12, 0x78, 0x0b, 0xc1, 0x01, 0x00, 0x00, 0x00, 0xff, 0xc0, 0x8e, 0x07,
  0x00, 0xe4, 0x4f, 0x00, 0x12, 0x78, 0x09, 0x09, 0x07, 0x00, 0x00, 0x00,
  0xc0, 0xf8, 0x8e, 0x07, 0x00, 0xc4, 0x0f, 0x00, 0x12, 0x78, 0x00, 0x0b,
  0x07, 0x00, 0x00, 0x00, 0xc0, 0x78, 0x8e, 0x07, 0x00, 0xe2, 0x0f, 0x00,
  0x1a, 0x79, 0x00, 0x00, 0x00, 0x80, 0x00, 0x00, 0x00, 0x00, 0x00, 0x00,
  0x00, 0xc8, 0x0f, 0x00, 0x1d, 0x7b, 0x00, 0x00, 0x00, 0x00, 0x00, 0x00,
  0x00, 0x00, 0x01, 0x00, 0x00, 0xe2, 0x0f, 0x00, 0x12, 0x78, 0xe2, 0x05,
  0x10, 0x00, 0x00, 0x00, 0xc0, 0x78, 0x8e, 0x07, 0x00, 0xe2, 0x0f, 0x10,
  0x24, 0x78, 0x05, 0xc0, 0x00, 0x01, 0x00, 0x00, 0xff, 0x00, 0x8e, 0x07,
  0x00, 0xe2, 0x0f, 0x00, 0x12, 0x78, 0x03, 0x03, 0x0f, 0x00, 0x00, 0x00,
  0xc0, 0xf8, 0x8e, 0x07, 0x00, 0xe2, 0x0f, 0x00, 0x24, 0x78, 0x00, 0x09,
  0x10, 0x00, 0x00, 0x00, 0x00, 0x02, 0x8e, 0x07, 0x00, 0xc8, 0x0f, 0x00,
  0x24, 0x78, 0x0e, 0x03, 0x00, 0x01, 0x00, 0x00, 0xe2, 0x02, 0x8e, 0x07,
  0x00, 0xe2, 0x0f, 0x00, 0x12, 0x78, 0xe2, 0xe2, 0x00, 0x0f, 0x00, 0x00,
  0x05, 0xf8, 0x8e, 0x07, 0x00, 0xe2, 0x0f, 0x00, 0x24, 0x78, 0xe3, 0x00,
  0x10, 0x00, 0x00, 0x00, 0xff, 0x00, 0x8e, 0x07, 0x00, 0xc6, 0x0f, 0x00,
  0x12, 0x78, 0x05, 0xe2, 0x60, 0x00, 0x00, 0x00, 0xff, 0x3c, 0x8e, 0x07,
  0x00, 0xe4, 0x0f, 0x04, 0x12, 0x78, 0x04, 0xe2, 0x80, 0x00, 0x00, 0x00,
  0xff, 0xfc, 0x8e, 0x07, 0x00, 0xe4, 0x0f, 0x04, 0x12, 0x78, 0x03, 0xe2,
  0xa0, 0x00, 0x00, 0x00, 0xff, 0x3c, 0x8e, 0x07, 0x00, 0xe4, 0x0f, 0x04,
  0x12, 0x78, 0x02, 0xe2, 0xc0, 0x00, 0x00, 0x00, 0xff, 0x3c, 0x8e, 0x07,
  0x00, 0xe4, 0x0f, 0x04, 0x12, 0x78, 0x00, 0xe2, 0xe0, 0x00, 0x00, 0x00,
  0xff, 0x3c, 0x8e, 0x07, 0x00, 0xe4, 0x0f, 0x04, 0x12, 0x78, 0xdb, 0xe3,
  0x20, 0x00, 0x00, 0x00, 0xff, 0x3c, 0x8e, 0x07, 0x00, 0xe2, 0x0f, 0x04,
  0x81, 0x09, 0x08, 0x06, 0x0e, 0x00, 0x00, 0x00, 0x00, 0x19, 0x1e, 0x0c,
  0x00, 0x62, 0x03, 0x00, 0x12, 0x78, 0xda, 0xe3, 0x40, 0x00, 0x00, 0x00,
  0xff, 0x3c, 0x8e, 0x07, 0x00, 0xe2, 0x0f, 0x04, 0x8c, 0x78, 0x00, 0x07,
  0x01, 0x00, 0x00, 0x00, 0x70, 0x62, 0xf0, 0x0b, 0x00, 0xe2, 0x0f, 0x00,
  0x12, 0x78, 0xd9, 0xe3, 0x60, 0x00, 0x00, 0x00, 0xff, 0x3c, 0x8e, 0x07,
  0x00, 0xe2, 0x0f, 0x04, 0x3b, 0x78, 0x40, 0xe3, 0x0b, 0x00, 0x00, 0x00,
  0x00, 0x02, 0x00, 0x08, 0x00, 0xa2, 0x0e, 0x00, 0x12, 0x78, 0x09, 0xe3,
  0xa0, 0x00, 0x00, 0x00, 0xff, 0x3c, 0x8e, 0x07, 0x00, 0xe2, 0x0f, 0x04,
  0x90, 0x78, 0x05, 0x07, 0x1f, 0x00, 0x00, 0x00, 0xff, 0xe0, 0xff, 0x0f,
  0x00, 0xe2, 0x0f, 0x00, 0x12, 0x78, 0x0a, 0xe3, 0xc0, 0x00, 0x00, 0x00,
  0xff, 0x3c, 0x8e, 0x07, 0x00, 0xe2, 0x0f, 0x04, 0x3b, 0x78, 0x44, 0xe3,
  0x0b, 0x00, 0x10, 0x00, 0x00, 0x02, 0x00, 0x08, 0x00, 0xe2, 0x0e, 0x00,
  0x12, 0x78, 0x0b, 0xe3, 0xe0, 0x00, 0x00, 0x00, 0xff, 0x3c, 0x8e, 0x07,
  0x00, 0xe2, 0x0f, 0x00, 0x05, 0x78, 0xce, 0x00, 0x00, 0x00, 0x00, 0x00,
  0x00, 0xff, 0x01, 0x00, 0x00, 0xe2, 0x0f, 0x00, 0x12, 0x78, 0x07, 0xe2,
  0x20, 0x00, 0x00, 0x00, 0xff, 0x3c, 0x8e, 0x07, 0x00, 0xe2, 0x2f, 0x04,
  0x3b, 0x78, 0x48, 0xdb, 0x0b, 0x00, 0x00, 0x00, 0x00, 0x02, 0x00, 0x08,
  0x00, 0x62, 0x0e, 0x00, 0x12, 0x78, 0x06, 0xe2, 0x40, 0x00, 0x00, 0x00,
  0xff, 0x3c, 0x8e, 0x07, 0x00, 0xe2, 0x0f, 0x00, 0x05, 0x78, 0xcc, 0x00,
  0x00, 0x00, 0x00, 0x00, 0x00, 0xff, 0x01, 0x00, 0x00, 0xe2, 0x0f, 0x00,
  0x12, 0x78, 0x20, 0x0e, 0x20, 0x00, 0x00, 0x00, 0xff, 0x3c, 0x8e, 0x07,
  0x00, 0xe2, 0x0f, 0x04, 0x3b, 0x78, 0x4c, 0xdb, 0x0b, 0x00, 0x10, 0x00,
  0x00, 0x02, 0x00, 0x08, 0x00, 0x22, 0x0f, 0x00, 0x12, 0x78, 0x24, 0x0e,
  0x40, 0x00, 0x00, 0x00, 0xff, 0x3c, 0x8e, 0x07, 0x00, 0xe2, 0x0f, 0x04,
  0x05, 0x78, 0xca, 0x00, 0x00, 0x00, 0x00, 0x00, 0x00, 0xff, 0x01, 0x00,
  0x00, 0xe2, 0x0f, 0x00, 0x12, 0x78, 0x28, 0x0e, 0x60, 0x00, 0x00, 0x00,
  0xff, 0x3c, 0x8e, 0x07, 0x00, 0xe2, 0x0f, 0x04, 0x3b, 0x78, 0x50, 0xda,
  0x0b, 0x00, 0x00, 0x00, 0x00, 0x02, 0x00, 0x08, 0x00, 0x62, 0x0e, 0x00,
  0x12, 0x78, 0x34, 0x0e, 0xa0, 0x00, 0x00, 0x00, 0xff, 0x3c, 0x8e, 0x07,
  0x00, 0xe2, 0x0f, 0x04, 0x05, 0x78, 0xc8, 0x00, 0x00, 0x00, 0x00, 0x00,
  0x00, 0xff, 0x01, 0x00, 0x00, 0xe2, 0x0f, 0x00, 0x12, 0x78, 0x38, 0x0e,
  0xc0, 0x00, 0x00, 0x00, 0xff, 0x3c, 0x8e, 0x07, 0x00, 0xe2, 0x0f, 0x04,
  0x3b, 0x78, 0x54, 0xda, 0x0b, 0x00, 0x10, 0x00, 0x00, 0x02, 0x00, 0x08,
  0x00, 0x62, 0x0e, 0x00, 0x12, 0x78, 0x3c, 0x0e, 0xe0, 0x00, 0x00, 0x00,
  0xff, 0x3c, 0x8e, 0x07, 0x00, 0xe2, 0x0f, 0x00, 0x05, 0x78, 0xc6, 0x00,
  0x00, 0x00, 0x00, 0x00, 0x00, 0xff, 0x01, 0x00, 0x00, 0xe2, 0x0f, 0x00,
  0x05, 0x78, 0xc4, 0x00, 0x00, 0x00, 0x00, 0x00, 0x00, 0xff, 0x01, 0x00,
  0x00, 0xe2, 0x0f, 0x00, 0x3b, 0x78, 0x58, 0xd9, 0x0b, 0x00, 0x00, 0x00,
  0x00, 0x02, 0x00, 0x08, 0x00, 0x62, 0x0e, 0x00, 0x05, 0x78, 0x1e, 0x00,
  0x00, 0x00, 0x00, 0x00, 0x00, 0xff, 0x01, 0x00, 0x00, 0xe2, 0x0f, 0x00,
  0x05, 0x78, 0x1c, 0x00, 0x00, 0x00, 0x00, 0x00, 0x00, 0xff, 0x01, 0x00,
  0x00, 0xe2, 0x0f, 0x00, 0x05, 0x78, 0x1a, 0x00, 0x00, 0x00, 0x00, 0x00,
  0x00, 0xff, 0x01, 0x00, 0x00, 0xe2, 0x0f, 0x00, 0x3b, 0x78, 0x5c, 0xd9,
  0x0b, 0x00, 0x10, 0x00, 0x00, 0x02, 0x00, 0x08, 0x00, 0x62, 0x0e, 0x00,
  0x05, 0x78, 0x18, 0x00, 0x00, 0x00, 0x00, 0x00, 0x00, 0xff, 0x01, 0x00,
  0x00, 0xe2, 0x0f, 0x00, 0x05, 0x78, 0x16, 0x00, 0x00, 0x00, 0x00, 0x00,
  0x00, 0xff, 0x01, 0x00, 0x00, 0xe2, 0x0f, 0x00, 0x05, 0x78, 0x14, 0x00,
  0x00, 0x00, 0x00, 0x00, 0x00, 0xff, 0x01, 0x00, 0x00, 0xe2, 0x0f, 0x00,
  0x3b, 0x78, 0x60, 0xe3, 0x0b, 0x80, 0x00, 0x00, 0x00, 0x02, 0x00, 0x08,
  0x00, 0x62, 0x0e, 0x00, 0x05, 0x78, 0x12, 0x00, 0x00, 0x00, 0x00, 0x00,
  0x00, 0xff, 0x01, 0x00, 0x00, 0xe2, 0x0f, 0x00, 0x05, 0x78, 0x10, 0x00,
  0x00, 0x00, 0x00, 0x00, 0x00, 0xff, 0x01, 0x00, 0x00, 0xe2, 0x0f, 0x00,
  0x02, 0x72, 0x0f, 0x00, 0xff, 0x00, 0x00, 0x00, 0x00, 0x0f, 0x00, 0x00,
  0x00, 0xe2, 0x0f, 0x00, 0x3b, 0x78, 0x64, 0xe3, 0x0b, 0x80, 0x10, 0x00,
  0x00, 0x02, 0x00, 0x08, 0x00, 0x62, 0x0e, 0x00, 0x05, 0x78, 0xd0, 0x00,
  0x00, 0x00, 0x00, 0x00, 0x00, 0xff, 0x01, 0x00, 0x00, 0xc6, 0x0f, 0x00,
  0x3b, 0x78, 0x68, 0x09, 0x0b, 0x00, 0x00, 0x00, 0x00, 0x02, 0x00, 0x08,
  0x00, 0x68, 0x0e, 0x00, 0x3b, 0x78, 0x6c, 0x09, 0x0b, 0x00, 0x10, 0x00,
  0x00, 0x02, 0x00, 0x08, 0x00, 0x68, 0x0e, 0x00, 0x3b, 0x78, 0x70, 0x0a,
  0x0b, 0x00, 0x00, 0x00, 0x00, 0x02, 0x00, 0x08, 0x00, 0x68, 0x0e, 0x00,
  0x3b, 0x78, 0x74, 0x0a, 0x0b, 0x00, 0x10, 0x00, 0x00, 0x02, 0x00, 0x08,
  0x00, 0x68, 0x0e, 0x00, 0x3b, 0x78, 0x78, 0x0b, 0x0b, 0x00, 0x00, 0x00,
  0x00, 0x02, 0x00, 0x08, 0x00, 0x68, 0x0e, 0x00, 0x3b, 0x78, 0x7c, 0x0b,
  0x0b, 0x00, 0x10, 0x00, 0x00, 0x02, 0x00, 0x08, 0x00, 0x68, 0x0e, 0x00,
  0x3b, 0x78, 0x80, 0xe2, 0x0c, 0x00, 0x00, 0x00, 0x00, 0x42, 0x00, 0x08,
  0x00, 0x68, 0x0e, 0x00, 0x3b, 0x78, 0x84, 0x07, 0x0c, 0x00, 0x00, 0x00,
  0x00, 0x42, 0x00, 0x08, 0x00, 0x68, 0x0e, 0x00, 0x3b, 0x78, 0x88, 0x06,
  0x0c, 0x00, 0x00, 0x00, 0x00, 0x42, 0x00, 0x08, 0x00, 0x68, 0x0e, 0x00,
  0x3b, 0x78, 0x8c, 0x05, 0x0c, 0x00, 0x00, 0x00, 0x00, 0x42, 0x00, 0x08,
  0x00, 0x68, 0x0e, 0x00, 0x3b, 0x78, 0x90, 0x04, 0x0c, 0x00, 0x00, 0x00,
  0x00, 0x42, 0x00, 0x08, 0x00, 0x68, 0x0e, 0x00, 0x3b, 0x78, 0x94, 0x03,
  0x0c, 0x00, 0x00, 0x00, 0x00, 0x42, 0x00, 0x08, 0x00, 0x68, 0x0e, 0x00,
  0x3b, 0x78, 0x98, 0x02, 0x0c, 0x00, 0x00, 0x00, 0x00, 0x42, 0x00, 0x08,
  0x00, 0x68, 0x0e, 0x00, 0x3b, 0x78, 0x9c, 0x00, 0x0c, 0x00, 0x00, 0x00,
  0x00, 0x42, 0x00, 0x08, 0x00, 0x68, 0x0e, 0x00, 0x3b, 0x78, 0xa0, 0xe2,
  0x0c, 0x00, 0x10, 0x00, 0x00, 0x42, 0x00, 0x08, 0x00, 0x68, 0x0e, 0x00,
  0x3b, 0x78, 0xa4, 0x07, 0x0c, 0x00, 0x10, 0x00, 0x00, 0x42, 0x00, 0x08,
  0x00, 0x68, 0x0e, 0x00, 0x3b, 0x78, 0xa8, 0x06, 0x0c, 0x00, 0x10, 0x00,
  0x00, 0x42, 0x00, 0x08, 0x00, 0x68, 0x0e, 0x00, 0x3b, 0x78, 0xac, 0x05,
  0x0c, 0x00, 0x10, 0x00, 0x00, 0x42, 0x00, 0x08, 0x00, 0x68, 0x0e, 0x00,
  0x3b, 0x78, 0xb0, 0x04, 0x0c, 0x00, 0x10, 0x00, 0x00, 0x42, 0x00, 0x08,
  0x00, 0x68, 0x0e, 0x00, 0x3b, 0x78, 0xb4, 0x03, 0x0c, 0x00, 0x10, 0x00,
  0x00, 0x42, 0x00, 0x08, 0x00, 0x68, 0x0e, 0x00, 0x3b, 0x78, 0xb8, 0x02,
  0x0c, 0x00, 0x10, 0x00, 0x00, 0x42, 0x00, 0x08, 0x00, 0x68, 0x0e, 0x00,
  0x3b, 0x78, 0xbc, 0x00, 0x0c, 0x00, 0x10, 0x00, 0x00, 0x42, 0x00, 0x08,
  0x00, 0x68, 0x0e, 0x00, 0x3b, 0x78, 0x20, 0x20, 0x09, 0x00, 0x00, 0x00,
  0x00, 0x02, 0x00, 0x08, 0x00, 0x68, 0x0e, 0x00, 0x3b, 0x78, 0x24, 0x24,
  0x09, 0x00, 0x00, 0x00, 0x00, 0x02, 0x00, 0x08, 0x00, 0x68, 0x0e, 0x00,
  0x3b, 0x78, 0x28, 0x28, 0x09, 0x00, 0x00, 0x00, 0x00, 0x02, 0x00, 0x08,
  0x00, 0x68, 0x0e, 0x00, 0x3b, 0x78, 0x2c, 0x0e, 0x09, 0x00, 0x00, 0x00,
  0x00, 0x02, 0x00, 0x08, 0x00, 0x68, 0x0e, 0x00, 0x3b, 0x78, 0x30, 0x0e,
  0x09, 0x80, 0x00, 0x00, 0x00, 0x02, 0x00, 0x08, 0x00, 0x68, 0x04, 0x00,
  0x3b, 0x78, 0x34, 0x34, 0x09, 0x00, 0x00, 0x00, 0x00, 0x02, 0x00, 0x08,
  0x00, 0x68, 0x0e, 0x00, 0x3b, 0x78, 0x38, 0x38, 0x09, 0x00, 0x00, 0x00,
  0x00, 0x02, 0x00, 0x08, 0x00, 0x62, 0x0e, 0x00, 0x02, 0x72, 0x0e, 0x00,
  0xff, 0x00, 0x00, 0x00, 0x00, 0x0f, 0x00, 0x00, 0x00, 0xc6, 0x4f, 0x00,
  0x3b, 0x78, 0x3c, 0x3c, 0x09, 0x00, 0x00, 0x00, 0x00, 0x02, 0x00, 0x08,
  0x00, 0xa2, 0x0e, 0x00, 0x99, 0x78, 0x09, 0xff, 0x1f, 0x00, 0x00, 0x00,
  0x05, 0x14, 0x01, 0x08, 0x00, 0xc8, 0x0f, 0x00, 0x91, 0x72, 0x09, 0x09,
  0x05, 0x00, 0x00, 0x00, 0xff, 0x28, 0x8f, 0x0f, 0x00, 0xe2, 0x0f, 0x00,
  0x47, 0x75, 0xbc, 0x08, 0x21, 0x00, 0x00, 0x00, 0x00, 0x00, 0x80, 0x0b,
  0x00, 0xf6, 0x8f, 0x01, 0xac, 0x77, 0x13, 0xff, 0x00, 0xb6, 0x00, 0x00,
  0x00, 0x00, 0x00, 0x08, 0x00, 0xe2, 0x0e, 0x00, 0x10, 0x72, 0xc0, 0xc0,
  0xc0, 0x00, 0x00, 0x00, 0xff, 0xe0, 0xff, 0x07, 0x00, 0xe4, 0x0f, 0x00,
  0x12, 0x78, 0xc1, 0xc1, 0x70, 0x00, 0x00, 0x00, 0xff, 0xc0, 0x8e, 0x07,
  0x00, 0xe2, 0x0f, 0x00, 0x90, 0x72, 0x08, 0x07, 0x08, 0x00, 0x00, 0x00,
  0x06, 0xe8, 0xff, 0x0f, 0x00, 0xe2, 0x0f, 0x00, 0x92, 0x78, 0x09, 0x09,
  0xe0, 0xff, 0xff, 0xff, 0xff, 0xc0, 0x8e, 0x0f, 0x00, 0xe4, 0x0f, 0x00,
  0x12, 0x78, 0xd4, 0xc1, 0x06, 0x00, 0x00, 0x00, 0xc0, 0xf8, 0x8e, 0x07,
  0x00, 0xe2, 0x0f, 0x00, 0x82, 0x78, 0x0d, 0x00, 0x10, 0x00, 0x00, 0x00,
  0x00, 0x00, 0x00, 0x00, 0x00, 0xe2, 0x0f, 0x00, 0x99, 0x78, 0x05, 0xff,
  0x1f, 0x00, 0x00, 0x00, 0x08, 0x14, 0x01, 0x08, 0x00, 0xc8, 0x0f, 0x00,
  0x91, 0x72, 0x05, 0x05, 0x08, 0x00, 0x00, 0x00, 0xff, 0x28, 0x8f, 0x0f,
  0x00, 0xc6, 0x0f, 0x00, 0x82, 0x7c, 0x08, 0x00, 0x07, 0x00, 0x00, 0x00,
  0x00, 0x00, 0x00, 0x08, 0x00, 0xe2, 0x0f, 0x00, 0x92, 0x78, 0x0a, 0x05,
  0xe0, 0xff, 0xff, 0xff, 0xff, 0xc0, 0x8e, 0x0f, 0x00, 0xe2, 0x0f, 0x00,
  0x8c, 0x72, 0x00, 0x13, 0xff, 0x00, 0x00, 0x00, 0x70, 0x52, 0xf4, 0x0b,
  0x00, 0xe4, 0x8f, 0x00, 0x82, 0x7c, 0x05, 0x00, 0x07, 0x00, 0x00, 0x00,
  0x00, 0x00, 0x00, 0x08, 0x00, 0xd2, 0x0f, 0x00, 0x90, 0x78, 0x11, 0x0d,
  0x10, 0x00, 0x00, 0x00, 0xff, 0xe0, 0xff, 0x0f, 0x00, 0xc8, 0x0f, 0x00,
  0x8c, 0x72, 0x00, 0x11, 0x09, 0x00, 0x00, 0x00, 0x70, 0x62, 0xf6, 0x0b,
  0x00, 0xd2, 0x0f, 0x00, 0x47, 0x75, 0xfc, 0x03, 0x01, 0x00, 0x00, 0x00,
  0x00, 0x00, 0x80, 0x0b, 0x00, 0xea, 0x6f, 0x00, 0x19, 0x79, 0xc2, 0x00,
  0x00, 0x00, 0x00, 0x00, 0x00, 0x21, 0x00, 0x00, 0x00, 0xe2, 0x0e, 0x00,
  0x82, 0x7b, 0xc0, 0xff, 0x00, 0xfe, 0x00, 0x00, 0x00, 0x0a, 0x00, 0x00,
  0x00, 0x22, 0x0f, 0x00, 0x90, 0x78, 0x05, 0x05, 0xe0, 0xff, 0xff, 0xff,
  0xff, 0xe0, 0xff, 0x0f, 0x00, 0xe2, 0x0f, 0x00, 0x90, 0x78, 0x08, 0x08,
  0xe0, 0xff, 0xff, 0xff, 0xff, 0xe0, 0xff, 0x0f, 0x00, 0xe2, 0x0f, 0x00,
  0x02, 0x72, 0xe6, 0x00, 0x0c, 0x00, 0x00, 0x00, 0x00, 0x0f, 0x00, 0x00,
  0x00, 0xe2, 0x0f, 0x08, 0x02, 0x72, 0xe7, 0x00, 0x0d, 0x00, 0x00, 0x00,
  0x00, 0x0f, 0x00, 0x00, 0x00, 0xe2, 0x0f, 0x00, 0x4a, 0x78, 0x10, 0x05,
  0x20, 0x00, 0x00, 0x00, 0x00, 0x01, 0xfe, 0x0b, 0x00, 0xe2, 0x0f, 0x00,
  0x4a, 0x78, 0x12, 0x08, 0x20, 0x00, 0x00, 0x00, 0x00, 0x01, 0xfe, 0x0b,
  0x00, 0xe4, 0x0f, 0x00, 0x1d, 0x7b, 0x00, 0x00, 0x00, 0x00, 0x00, 0x00,
  0x00, 0x00, 0x01, 0x00, 0x00, 0xe2, 0x0f, 0x00, 0x11, 0x72, 0xde, 0xc0,
  0x0c, 0x00, 0x00, 0x00, 0xff, 0x28, 0x80, 0x07, 0x00, 0xe2, 0x0f, 0x01,
  0x24, 0x78, 0xe9, 0xc1, 0x28, 0x00, 0x00, 0x00, 0xff, 0x02, 0x8e, 0x07,
  0x00, 0xc4, 0x0f, 0x00, 0x25, 0x78, 0xe0, 0xc0, 0x28, 0x00, 0x00, 0x00,
  0xe6, 0x00, 0x8e, 0x07, 0x00, 0xe2, 0x0f, 0x04, 0x11, 0x72, 0xdf, 0xc0,
  0x0d, 0x00, 0x00, 0x00, 0xc1, 0x2c, 0x0f, 0x00, 0x00, 0xe4, 0x0f, 0x04,
  0x19, 0x78, 0xe4, 0xff, 0x04, 0x00, 0x00, 0x00, 0xc2, 0x16, 0x01, 0x00,
  0x00, 0xe2, 0x8f, 0x00, 0x24, 0x78, 0xeb, 0xc1, 0x30, 0x00, 0x00, 0x00,
  0xff, 0x02, 0x8e, 0x07, 0x00, 0xe2, 0x0f, 0x00, 0x10, 0x72, 0xe9, 0xe1,
  0xe9, 0x00, 0x00, 0x00, 0xff, 0xe0, 0xff, 0x07, 0x00, 0xe2, 0x0f, 0x00,
  0x25, 0x78, 0x0c, 0xc0, 0x30, 0x00, 0x00, 0x00, 0xe6, 0x00, 0x8e, 0x07,
  0x00, 0xe2, 0x0f, 0x10, 0x02, 0x72, 0xe8, 0x00, 0xe0, 0x00, 0x00, 0x00,
  0x00, 0x0f, 0x00, 0x00, 0x00, 0xe2, 0x0f, 0x00, 0x10, 0x78, 0xc2, 0xe4,
  0x08, 0x00, 0x00, 0x00, 0xff, 0xe0, 0xff, 0x07, 0x00, 0xe2, 0x0f, 0x04,
  0x0c, 0x7c, 0x00, 0xe4, 0x10, 0x00, 0x00, 0x00, 0x70, 0x62, 0xf4, 0x0b,
  0x00, 0xe2, 0x0f, 0x04, 0x10, 0x78, 0xe5, 0xe4, 0x10, 0x00, 0x00, 0x00,
  0xff, 0xe0, 0xff, 0x07, 0x00, 0xe2, 0x0f, 0x04, 0x0c, 0x7c, 0x00, 0xe4,
  0x12, 0x00, 0x00, 0x00, 0x70, 0x62, 0xf8, 0x0b, 0x00, 0xe2, 0x0f, 0x04,
  0x10, 0x78, 0xe4, 0xe4, 0x18, 0x00, 0x00, 0x00, 0xff, 0xe0, 0xff, 0x07,
  0x00, 0xe2, 0x0f, 0x00, 0x0c, 0x7c, 0x00, 0xc2, 0x10, 0x00, 0x00, 0x00,
  0x70, 0x62, 0xf0, 0x0b, 0x00, 0xe2, 0x0f, 0x04, 0x0c, 0x7c, 0x00, 0xc2,
  0x12, 0x00, 0x00, 0x00, 0x70, 0x62, 0xf2, 0x0b, 0x00, 0xe2, 0x0f, 0x00,
  0x25, 0x78, 0xe6, 0xc0, 0x38, 0x00, 0x00, 0x00, 0xe6, 0x00, 0x8e, 0x07,
  0x00, 0xe2, 0x0f, 0x00, 0x82, 0x7b, 0xc2, 0xff, 0x00, 0x00, 0x01, 0x00,
  0x00, 0x0a, 0x00, 0x00, 0x00, 0xe2, 0x0e, 0x00, 0x0c, 0x7c, 0x00, 0xe5,
  0x10, 0x00, 0x00, 0x00, 0x70, 0x62, 0xfc, 0x0b, 0x00, 0xe2, 0x0f, 0x00,
  0x0c, 0x7c, 0x00, 0xe4, 0x10, 0x00, 0x00, 0x00, 0x70, 0x62, 0xfa, 0x0b,
  0x00, 0xe2, 0x0f, 0x04, 0x24, 0x78, 0xc1, 0xc1, 0x38, 0x00, 0x00, 0x00,
  0xff, 0x02, 0x8e, 0x07, 0x00, 0xe2, 0x0f, 0x00, 0x0c, 0x7c, 0x00, 0xe5,
  0x12, 0x00, 0x00, 0x00, 0x70, 0x62, 0xf6, 0x0b, 0x00, 0xe2, 0x0f, 0x00,
  0x10, 0x72, 0xeb, 0x0d, 0xeb, 0x00, 0x00, 0x00, 0xff, 0xe0, 0xff, 0x07,
  0x00, 0xe2, 0x0f, 0x00, 0x84, 0xf9, 0xff, 0xff, 0x00, 0x00, 0x00, 0x00,
  0x00, 0x08, 0x00, 0x00, 0x00, 0xe2, 0x0f, 0x00, 0x84, 0xf9, 0xff, 0xff,
  0x00, 0x00, 0x00, 0x00, 0x00, 0x08, 0x00, 0x00, 0x00, 0xe2, 0x0f, 0x00,
  0x84, 0xf9, 0xff, 0xff, 0x00, 0x00, 0x00, 0x00, 0x00, 0x08, 0x00, 0x00,
  0x00, 0xe2, 0x0f, 0x00, 0xae, 0x7f, 0xdd, 0xde, 0x00, 0x00, 0x00, 0x00,
  0x0e, 0x18, 0x18, 0x0d, 0x00, 0xe2, 0x0f, 0x00, 0x0c, 0x7c, 0x00, 0xe4,
  0x12, 0x00, 0x00, 0x00, 0x70, 0x62, 0xf4, 0x0b, 0x00, 0xe2, 0x0f, 0x00,
  0x10, 0x72, 0xe7, 0xe7, 0xc1, 0x00, 0x00, 0x00, 0xff, 0xe0, 0xff, 0x07,
  0x00, 0xe2, 0x0f, 0x00, 0x02, 0x72, 0xea, 0x00, 0x0c, 0x00, 0x00, 0x00,
  0x00, 0x0f, 0x00, 0x00, 0x00, 0xe2, 0x0f, 0x00, 0xae, 0x7f, 0xdd, 0xe8,
  0x00, 0x00, 0x80, 0x00, 0x0e, 0x18, 0x18, 0x0c, 0x00, 0xe8, 0x09, 0x00,
  0xae, 0x7f, 0xdd, 0xea, 0x00, 0x00, 0x00, 0x01, 0x0e, 0x18, 0x18, 0x0f,
  0x00, 0xe8, 0x05, 0x00, 0xae, 0x7f, 0xdd, 0xe6, 0x00, 0x00, 0x80, 0x01,
  0x0e, 0x18, 0x98, 0x0e, 0x00, 0xe2, 0x05, 0x00, 0x25, 0x78, 0xe4, 0xc2,
  0x28, 0x00, 0x00, 0x00, 0xd2, 0x00, 0x8e, 0x07, 0x00, 0xe2, 0x8f, 0x04,
  0x11, 0x72, 0xc0, 0xc2, 0xd2, 0x00, 0x00, 0x00, 0xff, 0x28, 0x80, 0x07,
  0x00, 0xc6, 0x0f, 0x00, 0x24, 0x78, 0xc1, 0xc3, 0x28, 0x00, 0x00, 0x00,
  0xff, 0x02, 0x8e, 0x07, 0x00, 0xe4, 0x0f, 0x00, 0x25, 0x78, 0xe0, 0xc2,
  0x30, 0x00, 0x00, 0x00, 0xd2, 0x00, 0x8e, 0x07, 0x00, 0xc6, 0x0f, 0x00,
  0x10, 0x72, 0xe5, 0xe5, 0xc1, 0x00, 0x00, 0x00, 0xff, 0xe0, 0xff, 0x07,
  0x00, 0xe2, 0x0f, 0x00, 0x24, 0x78, 0xed, 0xc3, 0x30, 0x00, 0x00, 0x00,
  0xff, 0x02, 0x8e, 0x07, 0x00, 0xe2, 0x0f, 0x00, 0x11, 0x72, 0xc1, 0xc2,
  0xd3, 0x00, 0x00, 0x00, 0xc3, 0x2c, 0x0f, 0x00, 0x00, 0xe2, 0x0f, 0x04,
  0x25, 0x78, 0x0c, 0xc2, 0x38, 0x00, 0x00, 0x00, 0xd2, 0x00, 0x8e, 0x07,
  0x00, 0xe2, 0x0f, 0x00, 0x02, 0x72, 0xd2, 0x00, 0xc0, 0x00, 0x00, 0x00,
  0x00, 0x0f, 0x00, 0x00, 0x00, 0xe4, 0x0f, 0x00, 0x10, 0x72, 0xe1, 0xe1,
  0xed, 0x00, 0x00, 0x00, 0xff, 0xe0, 0xff, 0x07, 0x00, 0xe2, 0x0f, 0x00,
  0x24, 0x78, 0xef, 0xc3, 0x38, 0x00, 0x00, 0x00, 0xff, 0x02, 0x8e, 0x07,
  0x00, 0xe2, 0x0f, 0x00, 0x02, 0x72, 0xe8, 0x00, 0x0c, 0x00, 0x00, 0x00,
  0x00, 0x0f, 0x00, 0x00, 0x00, 0xe2, 0x0f, 0x01, 0xae, 0x7f, 0xdc, 0xc0,
  0x00, 0x00, 0x00, 0x00, 0x0e, 0x18, 0x18, 0x0e, 0x00, 0xe2, 0x05, 0x00,
  0x02, 0x72, 0x0c, 0x00, 0xde, 0x00, 0x00, 0x00, 0x00, 0x0f, 0x00, 0x00,
  0x00, 0xe2, 0x0f, 0x00, 0x02, 0x72, 0xd3, 0x00, 0xc1, 0x00, 0x00, 0x00,
  0x00, 0x0f, 0x00, 0x00, 0x00, 0xe2, 0x0f, 0x00, 0x10, 0x72, 0xe9, 0x0d,
  0xef, 0x00, 0x00, 0x00, 0xff, 0xe0, 0xff, 0x07, 0x00, 0xe2, 0x0f, 0x00,
  0xae, 0x7f, 0xdc, 0xe4, 0x00, 0x00, 0x80, 0x00, 0x0e, 0x18, 0x98, 0x0c,
  0x00, 0xe2, 0x05, 0x00, 0x02, 0x72, 0x0d, 0x00, 0xdf, 0x00, 0x00, 0x00,
  0x00, 0x0f, 0x00, 0x00, 0x00, 0xc6, 0x0f, 0x00, 0xae, 0x7f, 0xdc, 0xe0,
  0x00, 0x00, 0x00, 0x01, 0x0e, 0x18, 0x98, 0x0d, 0x00, 0xe8, 0x05, 0x00,
  0xae, 0x7f, 0xdc, 0xe8, 0x00, 0x00, 0x80, 0x01, 0x0e, 0x18, 0x18, 0x0d,
  0x00, 0xe8, 0x05, 0x00, 0xaf, 0x79, 0x00, 0x00, 0x00, 0x00, 0x00, 0x00,
  0x00, 0x00, 0x00, 0x00, 0x00, 0x24, 0x0e, 0x00, 0x3c, 0x72, 0xde, 0x2c,
  0x40, 0x00, 0x00, 0x00, 0xff, 0x08, 0x00, 0x00, 0x00, 0xe2, 0x2f, 0x00,
  0x82, 0x7b, 0xe6, 0xff, 0x00, 0x5d, 0x01, 0x00, 0x00, 0x08, 0x00, 0x00,
  0x00, 0x62, 0x4e, 0x00, 0x90, 0x78, 0x10, 0x0d, 0xf0, 0xff, 0xff, 0xff,
  0xff, 0xe0, 0xff, 0x0f, 0x00, 0xe2, 0x0f, 0x00, 0x8c, 0x78, 0x00, 0x0d,
  0x10, 0x00, 0x00, 0x00, 0x70, 0x52, 0xf2, 0x0b, 0x00, 0xc6, 0x0f, 0x00,
  0x8c, 0x72, 0x00, 0x10, 0x0a, 0x00, 0x00, 0x00, 0x70, 0x66, 0x70, 0x09,
  0x00, 0xc8, 0x0f, 0x00, 0x8c, 0x72, 0x00, 0x13, 0xff, 0x00, 0x00, 0x00,
  0x70, 0x56, 0x70, 0x0c, 0x00, 0xcc, 0x0f, 0x00, 0x3c, 0x72, 0xe0, 0x2c,
  0x42, 0x00, 0x00, 0x00, 0xff, 0x08, 0x00, 0x00, 0x00, 0xde, 0x0f, 0x00,
  0x18, 0x79, 0x00, 0x00, 0x00, 0x00, 0x00, 0x00, 0x00, 0x00, 0x00, 0x00,
  0x00, 0xe2, 0x0f, 0x00, 0x3c, 0x72, 0xc0, 0x2c, 0x44, 0x00, 0x00, 0x00,
  0xff, 0x08, 0x00, 0x00, 0x00, 0xde, 0x0f, 0x00, 0x18, 0x79, 0x00, 0x00,
  0x00, 0x00, 0x00, 0x00, 0x00, 0x00, 0x00, 0x00, 0x00, 0xe2, 0x0f, 0x00,
  0x3c, 0x72, 0xc2, 0x2c, 0x46, 0x00, 0x00, 0x00, 0xff, 0x08, 0x00, 0x00,
  0x00, 0xde, 0x0f, 0x00, 0x18, 0x79, 0x00, 0x00, 0x00, 0x00, 0x00, 0x00,
  0x00, 0x00, 0x00, 0x00, 0x00, 0xe2, 0x0f, 0x00, 0x3c, 0x72, 0xde, 0x20,
  0x48, 0x00, 0x00, 0x00, 0xde, 0x08, 0x00, 0x00, 0x00, 0xde, 0x0f, 0x00,
  0x18, 0x79, 0x00, 0x00, 0x00, 0x00, 0x00, 0x00, 0x00, 0x00, 0x00, 0x00,
  0x00, 0xe2, 0x0f, 0x00, 0x3c, 0x72, 0xe0, 0x20, 0x4a, 0x00, 0x00, 0x00,
  0xe0, 0x08, 0x00, 0x00, 0x00, 0xde, 0x0f, 0x00, 0x18, 0x79, 0x00, 0x00,
  0x00, 0x00, 0x00, 0x00, 0x00, 0x00, 0x00, 0x00, 0x00, 0xe2, 0x0f, 0x00,
  0x3c, 0x72, 0xc0, 0x20, 0x4c, 0x00, 0x00, 0x00, 0xc0, 0x08, 0x00, 0x00,
  0x00, 0xde, 0x0f, 0x00, 0x18, 0x79, 0x00, 0x00, 0x00, 0x00, 0x00, 0x00,
  0x00, 0x00, 0x00, 0x00, 0x00, 0xe2, 0x0f, 0x00, 0x3c, 0x72, 0xc2, 0x20,
  0x4e, 0x00, 0x00, 0x00, 0xc2, 0x08, 0x00, 0x00, 0x00, 0xde, 0x0f, 0x00,
  0x18, 0x79, 0x00, 0x00, 0x00, 0x00, 0x00, 0x00, 0x00, 0x00, 0x00, 0x00,
  0x00, 0xe2, 0x0f, 0x00, 0x3c, 0x72, 0xde, 0x24, 0x50, 0x00, 0x00, 0x00,
  0xde, 0x08, 0x00, 0x00, 0x00, 0xde, 0x0f, 0x00, 0x18, 0x79, 0x00, 0x00,
  0x00, 0x00, 0x00, 0x00, 0x00, 0x00, 0x00, 0x00, 0x00, 0xe2, 0x0f, 0x00,
  0x3c, 0x72, 0xe0, 0x24, 0x52, 0x00, 0x00, 0x00, 0xe0, 0x08, 0x00, 0x00,
  0x00, 0xde, 0x0f, 0x00, 0x18, 0x79, 0x00, 0x00, 0x00, 0x00, 0x00, 0x00,
  0x00, 0x00, 0x00, 0x00, 0x00, 0xe2, 0x0f, 0x00, 0x3c, 0x72, 0xc0, 0x24,
  0x54, 0x00, 0x00, 0x00, 0xc0, 0x08, 0x00, 0x00, 0x00, 0xde, 0x0f, 0x00,
  0x18, 0x79, 0x00, 0x00, 0x00, 0x00, 0x00, 0x00, 0x00, 0x00, 0x00, 0x00,
  0x00, 0xe2, 0x0f, 0x00, 0x3c, 0x72, 0xc2, 0x24, 0x56, 0x00, 0x00, 0x00,
  0xc2, 0x08, 0x00, 0x00, 0x00, 0xde, 0x0f, 0x00, 0x18, 0x79, 0x00, 0x00,
  0x00, 0x00, 0x00, 0x00, 0x00, 0x00, 0x00, 0x00, 0x00, 0xe2, 0x0f, 0x00,
  0x3c, 0x72, 0xde, 0x28, 0x58, 0x00, 0x00, 0x00, 0xde, 0x08, 0x00, 0x00,
  0x00, 0xde, 0x0f, 0x00, 0x18, 0x79, 0x00, 0x00, 0x00, 0x00, 0x00, 0x00,
  0x00, 0x00, 0x00, 0x00, 0x00, 0xe2, 0x0f, 0x00, 0x3c, 0x72, 0xe0, 0x28,
  0x5a, 0x00, 0x00, 0x00, 0xe0, 0x08, 0x00, 0x00, 0x00, 0xde, 0x0f, 0x00,
  0x18, 0x79, 0x00, 0x00, 0x00, 0x00, 0x00, 0x00, 0x00, 0x00, 0x00, 0x00,
  0x00, 0xe2, 0x0f, 0x00, 0x3c, 0x72, 0xc0, 0x28, 0x5c, 0x00, 0x00, 0x00,
  0xc0, 0x08, 0x00, 0x00, 0x00, 0xde, 0x0f, 0x00, 0x18, 0x79, 0x00, 0x00,
  0x00, 0x00, 0x00, 0x00, 0x00, 0x00, 0x00, 0x00, 0x00, 0xe2, 0x0f, 0x00,
  0x3c, 0x72, 0xc2, 0x28, 0x5e, 0x00, 0x00, 0x00, 0xc2, 0x08, 0x00, 0x00,
  0x00, 0xde, 0x0f, 0x00, 0x18, 0x79, 0x00, 0x00, 0x00, 0x00, 0x00, 0x00,
  0x00, 0x00, 0x00, 0x00, 0x00, 0xe2, 0x0f, 0x00, 0x3c, 0x72, 0xde, 0x30,
  0x60, 0x00, 0x00, 0x00, 0xde, 0x08, 0x00, 0x00, 0x00, 0xde, 0x0f, 0x00,
  0x18, 0x79, 0x00, 0x00, 0x00, 0x00, 0x00, 0x00, 0x00, 0x00, 0x00, 0x00,
  0x00, 0xe2, 0x0f, 0x00, 0x3c, 0x72, 0xe0, 0x30, 0x62, 0x00, 0x00, 0x00,
  0xe0, 0x08, 0x00, 0x00, 0x00, 0xde, 0x0f, 0x00, 0x18, 0x79, 0x00, 0x00,
  0x00, 0x00, 0x00, 0x00, 0x00, 0x00, 0x00, 0x00, 0x00, 0xe2, 0x0f, 0x00,
  0x3c, 0x72, 0xc0, 0x30, 0x64, 0x00, 0x00, 0x00, 0xc0, 0x08, 0x00, 0x00,
  0x00, 0xde, 0x0f, 0x00, 0x18, 0x79, 0x00, 0x00, 0x00, 0x00, 0x00, 0x00,
  0x00, 0x00, 0x00, 0x00, 0x00, 0xe2, 0x0f, 0x00, 0x3c, 0x72, 0xc2, 0x30,
  0x66, 0x00, 0x00, 0x00, 0xc2, 0x08, 0x00, 0x00, 0x00, 0xde, 0x0f, 0x00,
  0x18, 0x79, 0x00, 0x00, 0x00, 0x00, 0x00, 0x00, 0x00, 0x00, 0x00, 0x00,
  0x00, 0xe2, 0x0f, 0x00, 0x3c, 0x72, 0xde, 0x34, 0x68, 0x00, 0x00, 0x00,
  0xde, 0x08, 0x00, 0x00, 0x00, 0xde, 0x0f, 0x00, 0x18, 0x79, 0x00, 0x00,
  0x00, 0x00, 0x00, 0x00, 0x00, 0x00, 0x00, 0x00, 0x00, 0xe2, 0x0f, 0x00,
  0x3c, 0x72, 0xe0, 0x34, 0x6a, 0x00, 0x00, 0x00, 0xe0, 0x08, 0x00, 0x00,
  0x00, 0xde, 0x0f, 0x00, 0x18, 0x79, 0x00, 0x00, 0x00, 0x00, 0x00, 0x00,
  0x00, 0x00, 0x00, 0x00, 0x00, 0xe2, 0x0f, 0x00, 0x3c, 0x72, 0xc0, 0x34,
  0x6c, 0x00, 0x00, 0x00, 0xc0, 0x08, 0x00, 0x00, 0x00, 0xde, 0x0f, 0x00,
  0x18, 0x79, 0x00, 0x00, 0x00, 0x00, 0x00, 0x00, 0x00, 0x00, 0x00, 0x00,
  0x00, 0xe2, 0x0f, 0x00, 0x3c, 0x72, 0xc2, 0x34, 0x6e, 0x00, 0x00, 0x00,
  0xc2, 0x08, 0x00, 0x00, 0x00, 0xde, 0x0f, 0x00, 0x18, 0x79, 0x00, 0x00,
  0x00, 0x00, 0x00, 0x00, 0x00, 0x00, 0x00, 0x00, 0x00, 0xe2, 0x0f, 0x00,
  0x3c, 0x72, 0xde, 0x38, 0x70, 0x00, 0x00, 0x00, 0xde, 0x08, 0x00, 0x00,
  0x00, 0xde, 0x0f, 0x00, 0x18, 0x79, 0x00, 0x00, 0x00, 0x00, 0x00, 0x00,
  0x00, 0x00, 0x00, 0x00, 0x00, 0xe2, 0x0f, 0x00, 0x3c, 0x72, 0xe0, 0x38,
  0x72, 0x00, 0x00, 0x00, 0xe0, 0x08, 0x00, 0x00, 0x00, 0xde, 0x0f, 0x00,
  0x18, 0x79, 0x00, 0x00, 0x00, 0x00, 0x00, 0x00, 0x00, 0x00, 0x00, 0x00,
  0x00, 0xe2, 0x0f, 0x00, 0x3c, 0x72, 0xc0, 0x38, 0x74, 0x00, 0x00, 0x00,
  0xc0, 0x08, 0x00, 0x00, 0x00, 0xde, 0x0f, 0x00, 0x18, 0x79, 0x00, 0x00,
  0x00, 0x00, 0x00, 0x00, 0x00, 0x00, 0x00, 0x00, 0x00, 0xe2, 0x0f, 0x00,
  0x3c, 0x72, 0xc2, 0x38, 0x76, 0x00, 0x00, 0x00, 0xc2, 0x08, 0x00, 0x00,
  0x00, 0xde, 0x0f, 0x00, 0x18, 0x79, 0x00, 0x00, 0x00, 0x00, 0x00, 0x00,
  0x00, 0x00, 0x00, 0x00, 0x00, 0xe2, 0x0f, 0x00, 0x3c, 0x72, 0xde, 0x3c,
  0x78, 0x00, 0x00, 0x00, 0xde, 0x08, 0x00, 0x00, 0x00, 0xde, 0x0f, 0x00,
  0x18, 0x79, 0x00, 0x00, 0x00, 0x00, 0x00, 0x00, 0x00, 0x00, 0x00, 0x00,
  0x00, 0xe2, 0x0f, 0x00, 0x3c, 0x72, 0xe0, 0x3c, 0x7a, 0x00, 0x00, 0x00,
  0xe0, 0x08, 0x00, 0x00, 0x00, 0xd8, 0x0f, 0x00, 0x32, 0x72, 0xde, 0xde,
  0xe6, 0x00, 0x00, 0x00, 0x00, 0x00, 0x00, 0x00, 0x00, 0xe4, 0x2f, 0x08,
  0x32, 0x72, 0xdf, 0xdf, 0xe6, 0x00, 0x00, 0x00, 0x00, 0x00, 0x00, 0x00,
  0x00, 0xe4, 0x0f, 0x00, 0x3c, 0x72, 0xc0, 0x3c, 0x7c, 0x00, 0x00, 0x00,
  0xc0, 0x08, 0x00, 0x00, 0x00, 0xe2, 0x0f, 0x00, 0x40, 0x78, 0xde, 0xde,
  0xff, 0x7b, 0xff, 0x7b, 0x00, 0x02, 0x84, 0x03, 0x00, 0xd6, 0x0f, 0x00,
  0x32, 0x72, 0xe0, 0xe0, 0xe6, 0x00, 0x00, 0x00, 0x00, 0x00, 0x00, 0x00,
  0x00, 0xe4, 0x0f, 0x08, 0x32, 0x72, 0xe1, 0xe1, 0xe6, 0x00, 0x00, 0x00,
  0x00, 0x00, 0x00, 0x00, 0x00, 0xe4, 0x0f, 0x00, 0x3c, 0x72, 0xc2, 0x3c,
  0x7e, 0x00, 0x00, 0x00, 0xc2, 0x08, 0x00, 0x00, 0x00, 0xe6, 0x0f, 0x00,
  0x40, 0x78, 0xe1, 0xe1, 0xff, 0x7b, 0xff, 0x7b, 0x00, 0x02, 0x84, 0x03,
  0x00, 0xca, 0x0f, 0x00, 0x30, 0x72, 0xee, 0xff, 0xe1, 0x00, 0x00, 0x20,
  0x00, 0x41, 0x00, 0x00, 0x00, 0xe4, 0x0f, 0x10, 0x30, 0x72, 0xf0, 0xff,
  0xe1, 0x00, 0x00, 0x30, 0x00, 0x41, 0x00, 0x00, 0x00, 0xe4, 0x0f, 0x00,
  0x32, 0x72, 0xe4, 0xc0, 0xe6, 0x00, 0x00, 0x00, 0x00, 0x00, 0x00, 0x00,
  0x00, 0xe2, 0x0f, 0x08, 0x40, 0x78, 0xc0, 0xdf, 0xff, 0x7b, 0xff, 0x7b,
  0x00, 0x02, 0x84, 0x03, 0x00, 0xe2, 0x0f, 0x00, 0x32, 0x72, 0xe5, 0xc1,
  0xe6, 0x00, 0x00, 0x00, 0x00, 0x00, 0x00, 0x00, 0x00, 0xe4, 0x0f, 0x00,
  0x30, 0x72, 0xc1, 0xff, 0xde, 0x00, 0x00, 0x30, 0x00, 0x41, 0x00, 0x00,
  0x00, 0xe2, 0x0f, 0x00, 0x40, 0x78, 0xe4, 0xe4, 0xff, 0x7b, 0xff, 0x7b,
  0x00, 0x02, 0x84, 0x03, 0x00, 0xe2, 0x0f, 0x00, 0x30, 0x72, 0xdf, 0xff,
  0xc0, 0x00, 0x00, 0x20, 0x00, 0x41, 0x00, 0x00, 0x00, 0xe2, 0x0f, 0x10,
  0x40, 0x78, 0xe5, 0xe5, 0xff, 0x7b, 0xff, 0x7b, 0x00, 0x02, 0x84, 0x03,
  0x00, 0xe2, 0x0f, 0x00, 0x30, 0x72, 0xec, 0xff, 0xc0, 0x00, 0x00, 0x30,
  0x00, 0x41, 0x00, 0x00, 0x00, 0xe2, 0x0f, 0x00, 0x02, 0x72, 0xc0, 0x00,
  0xd7, 0x00, 0x00, 0x00, 0x00, 0x0f, 0x00, 0x00, 0x00, 0xe2, 0x0f, 0x00,
  0x30, 0x72, 0xf8, 0xff, 0xe4, 0x00, 0x00, 0x20, 0x00, 0x41, 0x00, 0x00,
  0x00, 0xc4, 0x0f, 0x00, 0x30, 0x72, 0xfa, 0xff, 0xe4, 0x00, 0x00, 0x30,
  0x00, 0x41, 0x00, 0x00, 0x00, 0xe4, 0x0f, 0x00, 0x30, 0x72, 0xf4, 0xff,
  0xe5, 0x00, 0x00, 0x20, 0x00, 0x41, 0x00, 0x00, 0x00, 0xe4, 0x0f, 0x10,
  0x32, 0x72, 0xe7, 0xc2, 0xe6, 0x00, 0x00, 0x00, 0x00, 0x00, 0x00, 0x00,
  0x00, 0xe2, 0x0f, 0x08, 0x40, 0x78, 0xc2, 0xe0, 0xff, 0x7b, 0xff, 0x7b,
  0x00, 0x02, 0x84, 0x03, 0x00, 0xe2, 0x0f, 0x00, 0x32, 0x72, 0xc3, 0xc3,
  0xe6, 0x00, 0x00, 0x00, 0x00, 0x00, 0x00, 0x00, 0x00, 0xe4, 0x0f, 0x00,
  0x30, 0x72, 0xe0, 0xff, 0xde, 0x00, 0x00, 0x20, 0x00, 0x41, 0x00, 0x00,
  0x00, 0xe2, 0x0f, 0x00, 0x40, 0x78, 0xe7, 0xe7, 0xff, 0x7b, 0xff, 0x7b,
  0x00, 0x02, 0x84, 0x03, 0x00, 0xe2, 0x0f, 0x00, 0x30, 0x72, 0xe8, 0xff,
  0xc2, 0x00, 0x00, 0x20, 0x00, 0x41, 0x00, 0x00, 0x00, 0xe2, 0x0f, 0x10,
  0x40, 0x78, 0xc3, 0xc3, 0xff, 0x7b, 0xff, 0x7b, 0x00, 0x02, 0x84, 0x03,
  0x00, 0xe2, 0x0f, 0x00, 0x30, 0x72, 0xe6, 0xff, 0xc2, 0x00, 0x00, 0x30,
  0x00, 0x41, 0x00, 0x00, 0x00, 0xe2, 0x0f, 0x00, 0x02, 0x72, 0xc2, 0x00,
  0xd5, 0x00, 0x00, 0x00, 0x00, 0x0f, 0x00, 0x00, 0x00, 0xe2, 0x0f, 0x00,
  0x30, 0x72, 0xf2, 0xff, 0xe5, 0x00, 0x00, 0x30, 0x00, 0x41, 0x00, 0x00,
  0x00, 0xc4, 0x0f, 0x00, 0x30, 0x72, 0xf6, 0xff, 0xe7, 0x00, 0x00, 0x20,
  0x00, 0x41, 0x00, 0x00, 0x00, 0xe4, 0x0f, 0x10, 0x30, 0x72, 0xfc, 0xff,
  0xe7, 0x00, 0x00, 0x30, 0x00, 0x41, 0x00, 0x00, 0x00, 0xe4, 0x0f, 0x00,
  0x30, 0x72, 0xe4, 0xff, 0xc3, 0x00, 0x00, 0x20, 0x00, 0x41, 0x00, 0x00,
  0x00, 0xe4, 0x0f, 0x10, 0x30, 0x72, 0xde, 0xff, 0xc3, 0x00, 0x00, 0x30,
  0x00, 0x41, 0x00, 0x00, 0x00, 0xe2, 0x0f, 0x00, 0x47, 0x75, 0x7c, 0x00,
  0x01, 0x00, 0x00, 0x00, 0x00, 0x00, 0x80, 0x0b, 0x00, 0xec, 0x0f, 0x00,
  0x10, 0x78, 0xc3, 0xd4, 0x01, 0x00, 0x00, 0x00, 0xff, 0xe0, 0xff, 0x07,
  0x00, 0xe4, 0x0f, 0x04, 0x10, 0x78, 0xd5, 0xd4, 0x08, 0x00, 0x00, 0x00,
  0xff, 0xe0, 0xff, 0x07, 0x00, 0xe2, 0x0f, 0x04, 0x0c, 0x7c, 0x00, 0xd4,
  0x07, 0x00, 0x00, 0x00, 0x70, 0x62, 0xfc, 0x0b, 0x00, 0xe4, 0x0f, 0x04,
  0x0c, 0x7c, 0x00, 0xc3, 0x07, 0x00, 0x00, 0x00, 0x70, 0x62, 0xfa, 0x0b,
  0x00, 0xe2, 0x0f, 0x00, 0x10, 0x78, 0xc3, 0xd4, 0x09, 0x00, 0x00, 0x00,
  0xff, 0xe0, 0xff, 0x07, 0x00, 0xe2, 0x0f, 0x04, 0x0c, 0x7c, 0x00, 0xd5,
  0x07, 0x00, 0x00, 0x00, 0x70, 0x62, 0xf8, 0x0b, 0x00, 0xe2, 0x0f, 0x00,
  0x10, 0x78, 0xd5, 0xd4, 0x10, 0x00, 0x00, 0x00, 0xff, 0xe0, 0xff, 0x07,
  0x00, 0xe2, 0x0f, 0x00, 0x08, 0x78, 0xe0, 0xe0, 0xff, 0xff, 0x7f, 0xff,
  0x00, 0x00, 0x00, 0x07, 0x00, 0xe2, 0x0f, 0x00, 0x08, 0x78, 0xdf, 0xdf,
  0xff, 0xff, 0x7f, 0xff, 0x00, 0x00, 0x00, 0x07, 0x00, 0xe2, 0x0f, 0x00,
  0x0c, 0x7c, 0x00, 0xc3, 0x07, 0x00, 0x00, 0x00, 0x70, 0x62, 0xf6, 0x0b,
  0x00, 0xe2, 0x0f, 0x00, 0x10, 0x78, 0xc3, 0xd4, 0x11, 0x00, 0x00, 0x00,
  0xff, 0xe0, 0xff, 0x07, 0x00, 0xe2, 0x0f, 0x04, 0x0c, 0x7c, 0x00, 0xd5,
  0x07, 0x00, 0x00, 0x00, 0x70, 0x62, 0xf4, 0x0b, 0x00, 0xe2, 0x0f, 0x00,
  0x10, 0x78, 0xd5, 0xd4, 0x18, 0x00, 0x00, 0x00, 0xff, 0xe0, 0xff, 0x07,
  0x00, 0xe2, 0x0f, 0x00, 0x08, 0x78, 0xc1, 0xc1, 0xff, 0xff, 0x7f, 0xff,
  0x00, 0x00, 0x80, 0x06, 0x00, 0xe2, 0x0f, 0x00, 0x08, 0x78, 0xec, 0xec,
  0xff, 0xff, 0x7f, 0xff, 0x00, 0x00, 0x80, 0x06, 0x00, 0xe2, 0x0f, 0x00,
  0x0c, 0x7c, 0x00, 0xc3, 0x07, 0x00, 0x00, 0x00, 0x70, 0x62, 0xf2, 0x0b,
  0x00, 0xe2, 0x0f, 0x00, 0x10, 0x78, 0xc3, 0xd4, 0x19, 0x00, 0x00, 0x00,
  0xff, 0xe0, 0xff, 0x07, 0x00, 0xe2, 0x0f, 0x00, 0x0c, 0x7c, 0x00, 0xd5,
  0x07, 0x00, 0x00, 0x00, 0x70, 0x62, 0xf0, 0x0b, 0x00, 0xe2, 0x0f, 0x00,
  0x08, 0x78, 0xe8, 0xe8, 0xff, 0xff, 0x7f, 0xff, 0x00, 0x00, 0x00, 0x06,
  0x00, 0xe2, 0x0f, 0x00, 0x08, 0x78, 0xee, 0xee, 0xff, 0xff, 0x7f, 0xff,
  0x00, 0x00, 0x00, 0x06, 0x00, 0xe2, 0x0f, 0x00, 0x08, 0x78, 0xe6, 0xe6,
  0xff, 0xff, 0x7f, 0xff, 0x00, 0x00, 0x80, 0x05, 0x00, 0xe2, 0x0f, 0x00,
  0x0c, 0x7c, 0x00, 0xc3, 0x07, 0x00, 0x00, 0x00, 0x70, 0x62, 0xfc, 0x0b,
  0x00, 0xe2, 0x0f, 0x00, 0x08, 0x78, 0xf0, 0xf0, 0xff, 0xff, 0x7f, 0xff,
  0x00, 0x00, 0x80, 0x05, 0x00, 0xe2, 0x0f, 0x00, 0x08, 0x78, 0xf8, 0xf8,
  0xff, 0xff, 0x7f, 0xff, 0x00, 0x00, 0x00, 0x05, 0x00, 0xe2, 0x0f, 0x00,
  0x08, 0x78, 0xf4, 0xf4, 0xff, 0xff, 0x7f, 0xff, 0x00, 0x00, 0x00, 0x05,
  0x00, 0xe2, 0x0f, 0x00, 0x08, 0x78, 0xfa, 0xfa, 0xff, 0xff, 0x7f, 0xff,
  0x00, 0x00, 0x80, 0x04, 0x00, 0xe2, 0x0f, 0x00, 0x08, 0x78, 0xf2, 0xf2,
  0xff, 0xff, 0x7f, 0xff, 0x00, 0x00, 0x80, 0x04, 0x00, 0xe2, 0x0f, 0x00,
  0x08, 0x78, 0xf6, 0xf6, 0xff, 0xff, 0x7f, 0xff, 0x00, 0x00, 0x00, 0x04,
  0x00, 0xe2, 0x0f, 0x00, 0x08, 0x78, 0xe4, 0xe4, 0xff, 0xff, 0x7f, 0xff,
  0x00, 0x00, 0x00, 0x04, 0x00, 0xe2, 0x0f, 0x00, 0x08, 0x78, 0xfc, 0xfc,
  0xff, 0xff, 0x7f, 0xff, 0x00, 0x00, 0x00, 0x07, 0x00, 0xe2, 0x0f, 0x00,
  0x08, 0x78, 0xde, 0xde, 0xff, 0xff, 0x7f, 0xff, 0x00, 0x00, 0x00, 0x07,
  0x00, 0xce, 0x0f, 0x00, 0x47, 0x75, 0x84, 0x01, 0x05, 0x00, 0x00, 0x00,
  0x00, 0x00, 0x80, 0x0b, 0x00, 0xea, 0x0f, 0x00, 0x09, 0x72, 0xc3, 0xc1,
  0xe0, 0x00, 0x00, 0x00, 0x00, 0x00, 0x81, 0x07, 0x00, 0xe2, 0x0f, 0x00,
  0x09, 0x72, 0xd5, 0xec, 0xdf, 0x00, 0x00, 0x00, 0x00, 0x00, 0x81, 0x07,
  0x00, 0xc8, 0x0f, 0x00, 0x09, 0x72, 0xc3, 0xc3, 0xe8, 0x00, 0x00, 0x00,
  0x00, 0x00, 0x81, 0x07, 0x00, 0xe2, 0x0f, 0x00, 0x09, 0x72, 0xd5, 0xd5,
  0xee, 0x00, 0x00, 0x00, 0x00, 0x00, 0x81, 0x07, 0x00, 0xc8, 0x0f, 0x00,
  0x09, 0x72, 0xc3, 0xc3, 0xe6, 0x00, 0x00, 0x00, 0x00, 0x00, 0x81, 0x07,
  0x00, 0xe2, 0x0f, 0x00, 0x09, 0x72, 0xd5, 0xd5, 0xf0, 0x00, 0x00, 0x00,
  0x00, 0x00, 0x81, 0x07, 0x00, 0xc8, 0x0f, 0x00, 0x09, 0x72, 0xc3, 0xc3,
  0xf8, 0x00, 0x00, 0x00, 0x00, 0x00, 0x81, 0x07, 0x00, 0xe2, 0x0f, 0x00,
  0x09, 0x72, 0xd5, 0xd5, 0xf4, 0x00, 0x00, 0x00, 0x00, 0x00, 0x81, 0x07,
  0x00, 0xc8, 0x0f, 0x00, 0x09, 0x72, 0xc3, 0xc3, 0xfa, 0x00, 0x00, 0x00,
  0x00, 0x00, 0x81, 0x07, 0x00, 0xe2, 0x0f, 0x00, 0x09, 0x72, 0xd5, 0xd5,
  0xf2, 0x00, 0x00, 0x00, 0x00, 0x00, 0x81, 0x07, 0x00, 0xc8, 0x0f, 0x00,
  0x09, 0x72, 0xc3, 0xc3, 0xf6, 0x00, 0x00, 0x00, 0x00, 0x00, 0x81, 0x07,
  0x00, 0xe2, 0x0f, 0x00, 0x09, 0x72, 0xd5, 0xd5, 0xe4, 0x00, 0x00, 0x00,
  0x00, 0x00, 0x81, 0x07, 0x00, 0xc8, 0x0f, 0x00, 0x09, 0x72, 0xc3, 0xc3,
  0xfc, 0x00, 0x00, 0x00, 0x00, 0x00, 0x81, 0x07, 0x00, 0xca, 0x0f, 0x00,
  0x89, 0x7f, 0xc0, 0xc3, 0x00, 0x1f, 0x20, 0x0c, 0x00, 0x00, 0x0e, 0x00,
  0x00, 0x64, 0x0e, 0x00, 0x09, 0x72, 0xc2, 0xc3, 0xc0, 0x00, 0x00, 0x00,
  0x00, 0x00, 0x81, 0x07, 0x00, 0xe2, 0x2f, 0x00, 0x09, 0x72, 0xc0, 0xd5,
  0xde, 0x00, 0x00, 0x00, 0x00, 0x00, 0x81, 0x07, 0x00, 0xc8, 0x0f, 0x00,
  0x89, 0x7f, 0xd7, 0xc2, 0x00, 0x1f, 0x40, 0x0c, 0x00, 0x00, 0x0e, 0x00,
  0x00, 0x68, 0x0e, 0x00, 0x89, 0x7f, 0xe1, 0xc0, 0x00, 0x1f, 0x20, 0x0c,
  0x00, 0x00, 0x0e, 0x00, 0x00, 0xa2, 0x0e, 0x00, 0x09, 0x72, 0xd5, 0xc2,
  0xd7, 0x00, 0x00, 0x00, 0x00, 0x00, 0x81, 0x07, 0x00, 0xe2, 0x2f, 0x00,
  0x09, 0x72, 0xe1, 0xc0, 0xe1, 0x00, 0x00, 0x00, 0x00, 0x00, 0x81, 0x07,
  0x00, 0xc8, 0x4f, 0x00, 0x21, 0x72, 0xc3, 0xd5, 0xc1, 0x00, 0x00, 0x00,
  0x00, 0x01, 0x01, 0x00, 0x00, 0xe2, 0x0f, 0x04, 0x21, 0x72, 0xe0, 0xd5,
  0xe0, 0x00, 0x00, 0x00, 0x00, 0x01, 0x01, 0x00, 0x00, 0xe2, 0x0f, 0x04,
  0x21, 0x72, 0xf8, 0xd5, 0xf8, 0x00, 0x00, 0x00, 0x00, 0x01, 0x01, 0x00,
  0x00, 0xe2, 0x0f, 0x04, 0x21, 0x72, 0xfa, 0xd5, 0xfa, 0x00, 0x00, 0x00,
  0x00, 0x01, 0x01, 0x00, 0x00, 0xe2, 0x0f, 0x00, 0x89, 0x7f, 0xc2, 0xe1,
  0x00, 0x1f, 0x40, 0x0c, 0x00, 0x00, 0x0e, 0x00, 0x00, 0x62, 0x0e, 0x00,
  0x20, 0x78, 0xea, 0xc3, 0x3b, 0xaa, 0xb8, 0x3f, 0x00, 0x00, 0x41, 0x00,
  0x00, 0xe2, 0x0f, 0x00, 0x20, 0x78, 0xe0, 0xe0, 0x3b, 0xaa, 0xb8, 0x3f,
  0x00, 0x00, 0x41, 0x00, 0x00, 0xe2, 0x0f, 0x00, 0x21, 0x72, 0xe8, 0xd5,
  0xe8, 0x00, 0x00, 0x00, 0x00, 0x01, 0x01, 0x00, 0x00, 0xe2, 0x0f, 0x04,
  0x21, 0x72, 0xe6, 0xd5, 0xe6, 0x00, 0x00, 0x00, 0x00, 0x01, 0x01, 0x00,
  0x00, 0xe2, 0x0f, 0x04, 0x20, 0x78, 0xf8, 0xf8, 0x3b, 0xaa, 0xb8, 0x3f,
  0x00, 0x00, 0x41, 0x00, 0x00, 0xe2, 0x0f, 0x00, 0x20, 0x78, 0xfa, 0xfa,
  0x3b, 0xaa, 0xb8, 0x3f, 0x00, 0x00, 0x41, 0x00, 0x00, 0xe2, 0x0f, 0x00,
  0x08, 0x73, 0xc1, 0x00, 0xe0, 0x00, 0x00, 0x00, 0x00, 0x08, 0x00, 0x00,
  0x00, 0xe2, 0x0f, 0x00, 0x20, 0x78, 0xc3, 0xe8, 0x3b, 0xaa, 0xb8, 0x3f,
  0x00, 0x00, 0x41, 0x00, 0x00, 0xe2, 0x0f, 0x00, 0x20, 0x78, 0xe8, 0xe6,
  0x3b, 0xaa, 0xb8, 0x3f, 0x00, 0x00, 0x41, 0x00, 0x00, 0xe2, 0x0f, 0x00,
  0x21, 0x72, 0xf6, 0xd5, 0xf6, 0x00, 0x00, 0x00, 0x00, 0x01, 0x01, 0x00,
  0x00, 0xe2, 0x0f, 0x04, 0x21, 0x72, 0xfc, 0xd5, 0xfc, 0x00, 0x00, 0x00,
  0x00, 0x01, 0x01, 0x00, 0x00, 0xc6, 0x0f, 0x00, 0x20, 0x78, 0xf6, 0xf6,
  0x3b, 0xaa, 0xb8, 0x3f, 0x00, 0x00, 0x41, 0x00, 0x00, 0xe2, 0x0f, 0x00,
  0x08, 0x73, 0xea, 0x00, 0xea, 0x00, 0x00, 0x00, 0x00, 0x08, 0x00, 0x00,
  0x00, 0xa2, 0x0e, 0x00, 0x20, 0x78, 0xfc, 0xfc, 0x3b, 0xaa, 0xb8, 0x3f,
  0x00, 0x00, 0x41, 0x00, 0x00, 0xe2, 0x0f, 0x00, 0x08, 0x73, 0xe7, 0x00,
  0xf8, 0x00, 0x00, 0x00, 0x00, 0x08, 0x00, 0x00, 0x00, 0xe2, 0x0f, 0x00,
  0x09, 0x72, 0xd7, 0xe1, 0xc2, 0x00, 0x00, 0x00, 0x00, 0x00, 0x81, 0x07,
  0x00, 0xca, 0x2f, 0x00, 0x21, 0x72, 0xec, 0xd7, 0xec, 0x00, 0x00, 0x00,
  0x00, 0x01, 0x01, 0x00, 0x00, 0xe2, 0x0f, 0x04, 0x21, 0x72, 0xdf, 0xd7,
  0xdf, 0x00, 0x00, 0x00, 0x00, 0x01, 0x01, 0x00, 0x00, 0xe2, 0x0f, 0x04,
  0x08, 0x73, 0xe6, 0x00, 0xfa, 0x00, 0x00, 0x00, 0x00, 0x08, 0x00, 0x00,
  0x00, 0x62, 0x0e, 0x00, 0x21, 0x72, 0xee, 0xd7, 0xee, 0x00, 0x00, 0x00,
  0x00, 0x01, 0x01, 0x00, 0x00, 0xe2, 0x0f, 0x00, 0x20, 0x78, 0xec, 0xec,
  0x3b, 0xaa, 0xb8, 0x3f, 0x00, 0x00, 0x41, 0x00, 0x00, 0xe2, 0x0f, 0x00,
  0x20, 0x78, 0xdf, 0xdf, 0x3b, 0xaa, 0xb8, 0x3f, 0x00, 0x00, 0x41, 0x00,
  0x00, 0xe2, 0x0f, 0x00, 0x21, 0x72, 0xf4, 0xd7, 0xf4, 0x00, 0x00, 0x00,
  0x00, 0x01, 0x01, 0x00, 0x00, 0xe2, 0x0f, 0x04, 0x21, 0x72, 0xf2, 0xd7,
  0xf2, 0x00, 0x00, 0x00, 0x00, 0x01, 0x01, 0x00, 0x00, 0xe2, 0x0f, 0x04,
  0x21, 0x72, 0xf0, 0xd7, 0xf0, 0x00, 0x00, 0x00, 0x00, 0x01, 0x01, 0x00,
  0x00, 0xe2, 0x0f, 0x04, 0x20, 0x78, 0xeb, 0xee, 0x3b, 0xaa, 0xb8, 0x3f,
  0x00, 0x00, 0x41, 0x00, 0x00, 0xe2, 0x0f, 0x00, 0x08, 0x73, 0xc3, 0x00,
  0xc3, 0x00, 0x00, 0x00, 0x00, 0x08, 0x00, 0x00, 0x00, 0xe2, 0x0f, 0x00,
  0x21, 0x72, 0xde, 0xd7, 0xde, 0x00, 0x00, 0x00, 0x00, 0x01, 0x01, 0x00,
  0x00, 0xe2, 0x0f, 0x00, 0x20, 0x78, 0xf4, 0xf4, 0x3b, 0xaa, 0xb8, 0x3f,
  0x00, 0x00, 0x41, 0x00, 0x00, 0xe2, 0x0f, 0x00, 0x20, 0x78, 0xf2, 0xf2,
  0x3b, 0xaa, 0xb8, 0x3f, 0x00, 0x00, 0x41, 0x00, 0x00, 0xe2, 0x0f, 0x00,
  0x21, 0x72, 0xc2, 0xc1, 0xea, 0x00, 0x00, 0x00, 0x00, 0x00, 0x01, 0x00,
  0x00, 0xe2, 0x4f, 0x00, 0x20, 0x78, 0xf0, 0xf0, 0x3b, 0xaa, 0xb8, 0x3f,
  0x00, 0x00, 0x41, 0x00, 0x00, 0xe2, 0x0f, 0x00, 0x21, 0x72, 0xc0, 0xd7,
  0xe4, 0x00, 0x00, 0x00, 0x00, 0x01, 0x01, 0x00, 0x00, 0xe2, 0x0f, 0x00,
  0x20, 0x78, 0xde, 0xde, 0x3b, 0xaa, 0xb8, 0x3f, 0x00, 0x00, 0x41, 0x00,
  0x00, 0xe2, 0x0f, 0x00, 0x08, 0x73, 0xe8, 0x00, 0xe8, 0x00, 0x00, 0x00,
  0x00, 0x08, 0x00, 0x00, 0x00, 0xe2, 0x0f, 0x00, 0x21, 0x72, 0xc2, 0xff,
  0xc2, 0x00, 0x00, 0x00, 0x00, 0x00, 0x01, 0x00, 0x00, 0xe2, 0x0f, 0x00,
  0x20, 0x78, 0xc0, 0xc0, 0x3b, 0xaa, 0xb8, 0x3f, 0x00, 0x00, 0x41, 0x00,
  0x00, 0xe2, 0x0f, 0x00, 0x08, 0x73, 0xe1, 0x00, 0xf6, 0x00, 0x00, 0x00,
  0x00, 0x08, 0x00, 0x00, 0x00, 0xe2, 0x0f, 0x00, 0x08, 0x73, 0xe0, 0x00,
  0xfc, 0x00, 0x00, 0x00, 0x00, 0x08, 0x00, 0x00, 0x00, 0xa2, 0x0e, 0x00,
  0x08, 0x73, 0xe9, 0x00, 0xdf, 0x00, 0x00, 0x00, 0x00, 0x08, 0x00, 0x00,
  0x00, 0xe2, 0x03, 0x00, 0x08, 0x73, 0xec, 0x00, 0xec, 0x00, 0x00, 0x00,
  0x00, 0x08, 0x00, 0x00, 0x00, 0xe2, 0x0e, 0x00, 0x21, 0x72, 0xdf, 0xe7,
  0xe6, 0x00, 0x00, 0x00, 0x00, 0x00, 0x01, 0x00, 0x00, 0xe2, 0x2f, 0x00,
  0x21, 0x72, 0xed, 0xe1, 0xe0, 0x00, 0x00, 0x00, 0x00, 0x00, 0x01, 0x00,
  0x00, 0xc6, 0x4f, 0x00, 0x21, 0x72, 0xd6, 0xc2, 0xdf, 0x00, 0x00, 0x00,
  0x00, 0x00, 0x01, 0x00, 0x00, 0xe2, 0x0f, 0x00, 0x21, 0x72, 0xc2, 0xc3,
  0xe8, 0x00, 0x00, 0x00, 0x00, 0x00, 0x01, 0x00, 0x00, 0xe2, 0x0f, 0x00,
  0x08, 0x73, 0xe5, 0x00, 0xf4, 0x00, 0x00, 0x00, 0x00, 0x08, 0x00, 0x00,
  0x00, 0xe6, 0x0f, 0x00, 0x21, 0x72, 0xc2, 0xff, 0xc2, 0x00, 0x00, 0x00,
  0x00, 0x00, 0x01, 0x00, 0x00, 0xc8, 0x0f, 0x00, 0x21, 0x72, 0xed, 0xc2,
  0xed, 0x00, 0x00, 0x00, 0x00, 0x00, 0x01, 0x00, 0x00, 0xe2, 0x0f, 0x00,
  0x08, 0x73, 0xe4, 0x00, 0xf2, 0x00, 0x00, 0x00, 0x00, 0x08, 0x00, 0x00,
  0x00, 0x62, 0x0e, 0x00, 0x21, 0x72, 0xc2, 0xe9, 0xec, 0x00, 0x00, 0x00,
  0x00, 0x00, 0x01, 0x00, 0x00, 0xe4, 0x8f, 0x00, 0x21, 0x72, 0xed, 0xd6,
  0xed, 0x00, 0x00, 0x00, 0x00, 0x00, 0x01, 0x00, 0x00, 0xe4, 0x0f, 0x00,
  0x21, 0x72, 0xc2, 0xff, 0xc2, 0x00, 0x00, 0x00, 0x00, 0x00, 0x01, 0x00,
  0x00, 0xe2, 0x0f, 0x00, 0x08, 0x73, 0xeb, 0x00, 0xeb, 0x00, 0x00, 0x00,
  0x00, 0x08, 0x00, 0x00, 0x00, 0xe2, 0x0f, 0x00, 0x08, 0x73, 0xee, 0x00,
  0xf0, 0x00, 0x00, 0x00, 0x00, 0x08, 0x00, 0x00, 0x00, 0xa2, 0x0e, 0x00,
  0x21, 0x72, 0xef, 0xe5, 0xe4, 0x00, 0x00, 0x00, 0x00, 0x00, 0x01, 0x00,
  0x00, 0xc8, 0x2f, 0x00, 0x21, 0x72, 0xc2, 0xc2, 0xef, 0x00, 0x00, 0x00,
  0x00, 0x00, 0x01, 0x00, 0x00, 0xe2, 0x0f, 0x00, 0x08, 0x73, 0xdf, 0x00,
  0xc0, 0x00, 0x00, 0x00, 0x00, 0x08, 0x00, 0x00, 0x00, 0xe2, 0x05, 0x00,
  0x08, 0x73, 0xde, 0x00, 0xde, 0x00, 0x00, 0x00, 0x00, 0x08, 0x00, 0x00,
  0x00, 0x62, 0x0e, 0x00, 0x21, 0x72, 0xc0, 0xeb, 0xee, 0x00, 0x00, 0x00,
  0x00, 0x00, 0x01, 0x00, 0x00, 0xc8, 0x4f, 0x00, 0x21, 0x72, 0xc0, 0xff,
  0xc0, 0x00, 0x00, 0x00, 0x00, 0x00, 0x01, 0x00, 0x00, 0xe2, 0x0f, 0x00,
  0x21, 0x72, 0xef, 0xdf, 0xde, 0x00, 0x00, 0x00, 0x00, 0x00, 0x01, 0x00,
  0x00, 0xc8, 0x2f, 0x00, 0x21, 0x72, 0xef, 0xc0, 0xef, 0x00, 0x00, 0x00,
  0x00, 0x00, 0x01, 0x00, 0x00, 0xe4, 0x0f, 0x00, 0x89, 0x7f, 0xc0, 0xed,
  0x00, 0x1f, 0x20, 0x0c, 0x00, 0x00, 0x0e, 0x00, 0x00, 0x64, 0x0e, 0x00,
  0x21, 0x72, 0xc2, 0xc2, 0xef, 0x00, 0x00, 0x00, 0x00, 0x00, 0x01, 0x00,
  0x00, 0xca, 0x0f, 0x00, 0x89, 0x7f, 0xef, 0xc2, 0x00, 0x1f, 0x20, 0x0c,
  0x00, 0x00, 0x0e, 0x00, 0x00, 0xa2, 0x0e, 0x00, 0x21, 0x72, 0xc0, 0xed,
  0xc0, 0x00, 0x00, 0x00, 0x00, 0x00, 0x01, 0x00, 0x00, 0xe2, 0x2f, 0x00,
  0x21, 0x72, 0xf0, 0xc2, 0xef, 0x00, 0x00, 0x00, 0x00, 0x00, 0x01, 0x00,
  0x00, 0xc8, 0x4f, 0x00, 0x89, 0x7f, 0xef, 0xc0, 0x00, 0x1f, 0x40, 0x0c,
  0x00, 0x00, 0x0e, 0x00, 0x00, 0x68, 0x0e, 0x00, 0x89, 0x7f, 0xf1, 0xf0,
  0x00, 0x1f, 0x40, 0x0c, 0x00, 0x00, 0x0e, 0x00, 0x00, 0xa2, 0x0e, 0x00,
  0x21, 0x72, 0xd6, 0xc0, 0xef, 0x00, 0x00, 0x00, 0x00, 0x00, 0x01, 0x00,
  0x00, 0xe2, 0x2f, 0x00, 0x21, 0x72, 0xd8, 0xf0, 0xf1, 0x00, 0x00, 0x00,
  0x00, 0x00, 0x01, 0x00, 0x00, 0xe2, 0x4f, 0x00, 0x47, 0x79, 0x30, 0x00,
  0x08, 0x00, 0x00, 0x00, 0x00, 0x00, 0x80, 0x03, 0x00, 0xec, 0x0f, 0x00,
  0x09, 0x72, 0xc3, 0xc1, 0xe0, 0x00, 0x00, 0x00, 0x00, 0x00, 0x81, 0x07,
  0x00, 0xe2, 0x0f, 0x00, 0x09, 0x72, 0xd7, 0xec, 0xdf, 0x00, 0x00, 0x00,
  0x00, 0x00, 0x81, 0x07, 0x00, 0xc8, 0x0f, 0x00, 0x09, 0x72, 0xc3, 0xc3,
  0xe8, 0x00, 0x00, 0x00, 0x00, 0x00, 0x81, 0x07, 0x00, 0xe2, 0x0f, 0x00,
  0x09, 0x72, 0xd7, 0xd7, 0xee, 0x00, 0x00, 0x00, 0x00, 0x00, 0x81, 0x07,
  0x00, 0xc8, 0x0f, 0x00, 0x09, 0x72, 0xc3, 0xc3, 0xe6, 0x00, 0x00, 0x00,
  0x00, 0x00, 0x81, 0x07, 0x00, 0xe2, 0x0f, 0x00, 0x09, 0x72, 0xd7, 0xd7,
  0xf0, 0x00, 0x00, 0x00, 0x00, 0x00, 0x81, 0x07, 0x00, 0xc8, 0x0f, 0x00,
  0x09, 0x72, 0xc3, 0xc3, 0xf8, 0x00, 0x00, 0x00, 0x00, 0x00, 0x81, 0x07,
  0x00, 0xe2, 0x0f, 0x00, 0x09, 0x72, 0xd7, 0xd7, 0xf4, 0x00, 0x00, 0x00,
  0x00, 0x00, 0x81, 0x07, 0x00, 0xc8, 0x0f, 0x00, 0x09, 0x72, 0xc3, 0xc3,
  0xfa, 0x00, 0x00, 0x00, 0x00, 0x00, 0x81, 0x07, 0x00, 0xe2, 0x0f, 0x00,
  0x09, 0x72, 0xd7, 0xd7, 0xf2, 0x00, 0x00, 0x00, 0x00, 0x00, 0x81, 0x07,
  0x00, 0xc8, 0x0f, 0x00, 0x09, 0x72, 0xc3, 0xc3, 0xf6, 0x00, 0x00, 0x00,
  0x00, 0x00, 0x81, 0x07, 0x00, 0xe2, 0x0f, 0x00, 0x09, 0x72, 0xd7, 0xd7,
  0xe4, 0x00, 0x00, 0x00, 0x00, 0x00, 0x81, 0x07, 0x00, 0xc8, 0x0f, 0x00,
  0x09, 0x72, 0xd5, 0xc3, 0xfc, 0x00, 0x00, 0x00, 0x00, 0x00, 0x81, 0x07,
  0x00, 0xe2, 0x0f, 0x00, 0x09, 0x72, 0xe7, 0xd7, 0xde, 0x00, 0x00, 0x00,
  0x00, 0x00, 0x81, 0x07, 0x00, 0xc8, 0x0f, 0x00, 0x89, 0x7f, 0xc3, 0xd5,
  0x00, 0x1f, 0x20, 0x0c, 0x00, 0x00, 0x0e, 0x00, 0x00, 0x68, 0x0e, 0x00,
  0x89, 0x7f, 0xd7, 0xe7, 0x00, 0x1f, 0x20, 0x0c, 0x00, 0x00, 0x0e, 0x00,
  0x00, 0xa2, 0x0e, 0x00, 0x09, 0x72, 0xc3, 0xd5, 0xc3, 0x00, 0x00, 0x00,
  0x00, 0x00, 0x81, 0x07, 0x00, 0xe2, 0x2f, 0x00, 0x09, 0x72, 0xd7, 0xe7,
  0xd7, 0x00, 0x00, 0x00, 0x00, 0x00, 0x81, 0x07, 0x00, 0xc8, 0x4f, 0x00,
  0x89, 0x7f, 0xea, 0xc3, 0x00, 0x1f, 0x40, 0x0c, 0x00, 0x00, 0x0e, 0x00,
  0x00, 0x64, 0x0e, 0x00, 0x09, 0x72, 0xd5, 0xc3, 0xea, 0x00, 0x00, 0x00,
  0x00, 0x00, 0x81, 0x07, 0x00, 0xca, 0x2f, 0x00, 0x09, 0x72, 0xd5, 0xd5,
  0xc2, 0x00, 0x00, 0x00, 0x00, 0x00, 0x81, 0x07, 0x00, 0xca, 0x0f, 0x00,
  0x21, 0x72, 0xe0, 0xd5, 0xe0, 0x00, 0x00, 0x00, 0x00, 0x01, 0x01, 0x00,
  0x00, 0xe2, 0x0f, 0x04, 0x21, 0x72, 0xe8, 0xd5, 0xe8, 0x00, 0x00, 0x00,
  0x00, 0x01, 0x01, 0x00, 0x00, 0xe2, 0x0f, 0x04, 0x21, 0x72, 0xe6, 0xd5,
  0xe6, 0x00, 0x00, 0x00, 0x00, 0x01, 0x01, 0x00, 0x00, 0xe2, 0x0f, 0x04,
  0x21, 0x72, 0xf6, 0xd5, 0xf6, 0x00, 0x00, 0x00, 0x00, 0x01, 0x01, 0x00,
  0x00, 0xe2, 0x0f, 0x04, 0x20, 0x78, 0xe1, 0xe0, 0x3b, 0xaa, 0xb8, 0x3f,
  0x00, 0x00, 0x41, 0x00, 0x00, 0xe2, 0x0f, 0x00, 0x20, 0x78, 0xc3, 0xe8,
  0x3b, 0xaa, 0xb8, 0x3f, 0x00, 0x00, 0x41, 0x00, 0x00, 0xe2, 0x0f, 0x00,
  0x89, 0x7f, 0xe0, 0xd7, 0x00, 0x1f, 0x40, 0x0c, 0x00, 0x00, 0x0e, 0x00,
  0x00, 0x62, 0x0e, 0x00, 0x20, 0x78, 0xe8, 0xe6, 0x3b, 0xaa, 0xb8, 0x3f,
  0x00, 0x00, 0x41, 0x00, 0x00, 0xe2, 0x0f, 0x00, 0x21, 0x72, 0xfc, 0xd5,
  0xfc, 0x00, 0x00, 0x00, 0x00, 0x01, 0x01, 0x00, 0x00, 0xe2, 0x0f, 0x04,
  0x20, 0x78, 0xf6, 0xf6, 0x3b, 0xaa, 0xb8, 0x3f, 0x00, 0x00, 0x41, 0x00,
  0x00, 0xe2, 0x0f, 0x00, 0x21, 0x72, 0xe5, 0xd5, 0xc1, 0x00, 0x00, 0x00,
  0x00, 0x01, 0x01, 0x00, 0x00, 0xe2, 0x0f, 0x04, 0x08, 0x73, 0xc3, 0x00,
  0xc3, 0x00, 0x00, 0x00, 0x00, 0x08, 0x00, 0x00, 0x00, 0xe2, 0x0f, 0x00,
  0x20, 0x78, 0xfc, 0xfc, 0x3b, 0xaa, 0xb8, 0x3f, 0x00, 0x00, 0x41, 0x00,
  0x00, 0xe2, 0x0f, 0x00, 0x21, 0x72, 0xf8, 0xd5, 0xf8, 0x00, 0x00, 0x00,
  0x00, 0x01, 0x01, 0x00, 0x00, 0xe2, 0x0f, 0x00, 0x20, 0x78, 0xe5, 0xe5,
  0x3b, 0xaa, 0xb8, 0x3f, 0x00, 0x00, 0x41, 0x00, 0x00, 0xe2, 0x0f, 0x00,
  0x21, 0x72, 0xfa, 0xd5, 0xfa, 0x00, 0x00, 0x00, 0x00, 0x01, 0x01, 0x00,
  0x00, 0xe2, 0x0f, 0x04, 0x21, 0x72, 0xc2, 0xd5, 0xc2, 0x00, 0x00, 0x00,
  0x00, 0x01, 0x01, 0x00, 0x00, 0xe2, 0x0f, 0x00, 0x20, 0x78, 0xf8, 0xf8,
  0x3b, 0xaa, 0xb8, 0x3f, 0x00, 0x00, 0x41, 0x00, 0x00, 0xe2, 0x0f, 0x00,
  0x08, 0x73, 0xe8, 0x00, 0xe8, 0x00, 0x00, 0x00, 0x00, 0x08, 0x00, 0x00,
  0x00, 0xa2, 0x0e, 0x00, 0x20, 0x78, 0xfa, 0xfa, 0x3b, 0xaa, 0xb8, 0x3f,
  0x00, 0x00, 0x41, 0x00, 0x00, 0xe2, 0x0f, 0x00, 0x20, 0x78, 0xc2, 0xc2,
  0x3b, 0xaa, 0xb8, 0x3f, 0x00, 0x00, 0x41, 0x00, 0x00, 0xe2, 0x0f, 0x00,
  0x08, 0x73, 0xc1, 0x00, 0xe1, 0x00, 0x00, 0x00, 0x00, 0x08, 0x00, 0x00,
  0x00, 0xe2, 0x0f, 0x00, 0x09, 0x72, 0xd7, 0xd7, 0xe0, 0x00, 0x00, 0x00,
  0x00, 0x00, 0x81, 0x07, 0x00, 0xca, 0x2f, 0x00, 0x09, 0x72, 0xd7, 0xd7,
  0xc0, 0x00, 0x00, 0x00, 0x00, 0x00, 0x81, 0x07, 0x00, 0xe2, 0x0f, 0x00,
  0x08, 0x73, 0xe1, 0x00, 0xf6, 0x00, 0x00, 0x00, 0x00, 0x08, 0x00, 0x00,
  0x00, 0xe2, 0x0f, 0x00, 0x21, 0x72, 0xef, 0xc3, 0xe8, 0x00, 0x00, 0x00,
  0x00, 0x00, 0x01, 0x00, 0x00, 0xc6, 0x4f, 0x00, 0x21, 0x72, 0xec, 0xd7,
  0xec, 0x00, 0x00, 0x00, 0x00, 0x01, 0x01, 0x00, 0x00, 0xe2, 0x0f, 0x04,
  0x21, 0x72, 0xdf, 0xd7, 0xdf, 0x00, 0x00, 0x00, 0x00, 0x01, 0x01, 0x00,
  0x00, 0xe2, 0x0f, 0x04, 0x21, 0x72, 0xf4, 0xd7, 0xf4, 0x00, 0x00, 0x00,
  0x00, 0x01, 0x01, 0x00, 0x00, 0xe2, 0x0f, 0x04, 0x21, 0x72, 0xf2, 0xd7,
  0xf2, 0x00, 0x00, 0x00, 0x00, 0x01, 0x01, 0x00, 0x00, 0xe2, 0x0f, 0x00,
  0x20, 0x78, 0xec, 0xec, 0x3b, 0xaa, 0xb8, 0x3f, 0x00, 0x00, 0x41, 0x00,
  0x00, 0xe2, 0x0f, 0x00, 0x08, 0x73, 0xe0, 0x00, 0xfc, 0x00, 0x00, 0x00,
  0x00, 0x08, 0x00, 0x00, 0x00, 0xe2, 0x0f, 0x00, 0x20, 0x78, 0xdf, 0xdf,
  0x3b, 0xaa, 0xb8, 0x3f, 0x00, 0x00, 0x41, 0x00, 0x00, 0xe2, 0x0f, 0x00,
  0x21, 0x72, 0xee, 0xd7, 0xee, 0x00, 0x00, 0x00, 0x00, 0x01, 0x01, 0x00,
  0x00, 0xe2, 0x0f, 0x04, 0x20, 0x78, 0xf4, 0xf4, 0x3b, 0xaa, 0xb8, 0x3f,
  0x00, 0x00, 0x41, 0x00, 0x00, 0xe2, 0x0f, 0x00, 0x20, 0x78, 0xf2, 0xf2,
  0x3b, 0xaa, 0xb8, 0x3f, 0x00, 0x00, 0x41, 0x00, 0x00, 0xe2, 0x0f, 0x00,
  0x21, 0x72, 0xf0, 0xd7, 0xf0, 0x00, 0x00, 0x00, 0x00, 0x01, 0x01, 0x00,
  0x00, 0xe2, 0x0f, 0x04, 0x20, 0x78, 0xeb, 0xee, 0x3b, 0xaa, 0xb8, 0x3f,
  0x00, 0x00, 0x41, 0x00, 0x00, 0xe2, 0x0f, 0x00, 0x21, 0x72, 0xde, 0xd7,
  0xde, 0x00, 0x00, 0x00, 0x00, 0x01, 0x01, 0x00, 0x00, 0xe2, 0x0f, 0x04,
  0x08, 0x73, 0xe9, 0x00, 0xdf, 0x00, 0x00, 0x00, 0x00, 0x08, 0x00, 0x00,
  0x00, 0xe2, 0x03, 0x00, 0x20, 0x78, 0xf0, 0xf0, 0x3b, 0xaa, 0xb8, 0x3f,
  0x00, 0x00, 0x41, 0x00, 0x00, 0xe2, 0x0f, 0x00, 0x21, 0x72, 0xef, 0xff,
  0xef, 0x00, 0x00, 0x00, 0x00, 0x00, 0x01, 0x00, 0x00, 0xe2, 0x0f, 0x00,
  0x20, 0x78, 0xde, 0xde, 0x3b, 0xaa, 0xb8, 0x3f, 0x00, 0x00, 0x41, 0x00,
  0x00, 0xe2, 0x0f, 0x00, 0x21, 0x72, 0xc0, 0xd7, 0xc0, 0x00, 0x00, 0x00,
  0x00, 0x01, 0x01, 0x00, 0x00, 0xe2, 0x0f, 0x04, 0x08, 0x73, 0xec, 0x00,
  0xec, 0x00, 0x00, 0x00, 0x00, 0x08, 0x00, 0x00, 0x00, 0xe2, 0x0f, 0x00,
  0x21, 0x72, 0xdf, 0xd7, 0xe4, 0x00, 0x00, 0x00, 0x00, 0x01, 0x01, 0x00,
  0x00, 0xc4, 0x2f, 0x00, 0x20, 0x78, 0xc0, 0xc0, 0x3b, 0xaa, 0xb8, 0x3f,
  0x00, 0x00, 0x41, 0x00, 0x00, 0xe4, 0x0f, 0x00, 0x20, 0x78, 0xdf, 0xdf,
  0x3b, 0xaa, 0xb8, 0x3f, 0x00, 0x00, 0x41, 0x00, 0x00, 0xe2, 0x0f, 0x00,
  0x08, 0x73, 0xea, 0x00, 0xe5, 0x00, 0x00, 0x00, 0x00, 0x08, 0x00, 0x00,
  0x00, 0x62, 0x0e, 0x00, 0x08, 0x73, 0xe5, 0x00, 0xf4, 0x00, 0x00, 0x00,
  0x00, 0x08, 0x00, 0x00, 0x00, 0xe2, 0x0f, 0x00, 0x08, 0x73, 0xe4, 0x00,
  0xf2, 0x00, 0x00, 0x00, 0x00, 0x08, 0x00, 0x00, 0x00, 0xa2, 0x0e, 0x00,
  0x21, 0x72, 0xed, 0xc1, 0xea, 0x00, 0x00, 0x00, 0x00, 0x00, 0x01, 0x00,
  0x00, 0xc8, 0x2f, 0x00, 0x21, 0x72, 0xed, 0xff, 0xed, 0x00, 0x00, 0x00,
  0x00, 0x00, 0x01, 0x00, 0x00, 0xe2, 0x0f, 0x00, 0x08, 0x73, 0xeb, 0x00,
  0xeb, 0x00, 0x00, 0x00, 0x00, 0x08, 0x00, 0x00, 0x00, 0xe2, 0x0f, 0x00,
  0x08, 0x73, 0xee, 0x00, 0xf0, 0x00, 0x00, 0x00, 0x00, 0x08, 0x00, 0x00,
  0x00, 0xe2, 0x02, 0x00, 0x21, 0x72, 0xf2, 0xe5, 0xe4, 0x00, 0x00, 0x00,
  0x00, 0x00, 0x01, 0x00, 0x00, 0xe2, 0x4f, 0x00, 0x08, 0x73, 0xe7, 0x00,
  0xf8, 0x00, 0x00, 0x00, 0x00, 0x08, 0x00, 0x00, 0x00, 0xe2, 0x0f, 0x00,
  0x21, 0x72, 0xf0, 0xe1, 0xe0, 0x00, 0x00, 0x00, 0x00, 0x00, 0x01, 0x00,
  0x00, 0xc8, 0x2f, 0x00, 0x21, 0x72, 0xf0, 0xef, 0xf0, 0x00, 0x00, 0x00,
  0x00, 0x00, 0x01, 0x00, 0x00, 0xe2, 0x0f, 0x00, 0x21, 0x72, 0xef, 0xe9,
  0xec, 0x00, 0x00, 0x00, 0x00, 0x00, 0x01, 0x00, 0x00, 0xe2, 0x0f, 0x00,
  0x08, 0x73, 0xe6, 0x00, 0xfa, 0x00, 0x00, 0x00, 0x00, 0x08, 0x00, 0x00,
  0x00, 0x66, 0x0e, 0x00, 0x21, 0x72, 0xef, 0xff, 0xef, 0x00, 0x00, 0x00,
  0x00, 0x00, 0x01, 0x00, 0x00, 0xc8, 0x0f, 0x00, 0x21, 0x72, 0xf2, 0xef,
  0xf2, 0x00, 0x00, 0x00, 0x00, 0x00, 0x01, 0x00, 0x00, 0xe2, 0x0f, 0x00,
  0x21, 0x72, 0xef, 0xeb, 0xee, 0x00, 0x00, 0x00, 0x00, 0x00, 0x01, 0x00,
  0x00, 0xe2, 0x8f, 0x00, 0x08, 0x73, 0xdf, 0x00, 0xdf, 0x00, 0x00, 0x00,
  0x00, 0x08, 0x00, 0x00, 0x00, 0xe6, 0x0f, 0x00, 0x21, 0x72, 0xef, 0xff,
  0xef, 0x00, 0x00, 0x00, 0x00, 0x00, 0x01, 0x00, 0x00, 0xe2, 0x0f, 0x00,
  0x08, 0x73, 0xde, 0x00, 0xde, 0x00, 0x00, 0x00, 0x00, 0x08, 0x00, 0x00,
  0x00, 0xa2, 0x0e, 0x00, 0x21, 0x72, 0xf6, 0xe7, 0xe6, 0x00, 0x00, 0x00,
  0x00, 0x00, 0x01, 0x00, 0x00, 0xc8, 0x2f, 0x00, 0x21, 0x72, 0xed, 0xed,
  0xf6, 0x00, 0x00, 0x00, 0x00, 0x00, 0x01, 0x00, 0x00, 0xc8, 0x0f, 0x00,
  0x21, 0x72, 0xf0, 0xed, 0xf0, 0x00, 0x00, 0x00, 0x00, 0x00, 0x01, 0x00,
  0x00, 0xca, 0x0f, 0x00, 0x89, 0x7f, 0xed, 0xf0, 0x00, 0x1f, 0x20, 0x0c,
  0x00, 0x00, 0x0e, 0x00, 0x00, 0x62, 0x0e, 0x00, 0x21, 0x72, 0xf4, 0xdf,
  0xde, 0x00, 0x00, 0x00, 0x00, 0x00, 0x01, 0x00, 0x00, 0xc8, 0x4f, 0x00,
  0x21, 0x72, 0xef, 0xef, 0xf4, 0x00, 0x00, 0x00, 0x00, 0x00, 0x01, 0x00,
  0x00, 0xc8, 0x0f, 0x00, 0x21, 0x72, 0xf2, 0xf2, 0xef, 0x00, 0x00, 0x00,
  0x00, 0x00, 0x01, 0x00, 0x00, 0xca, 0x0f, 0x00, 0x89, 0x7f, 0xef, 0xf2,
  0x00, 0x1f, 0x20, 0x0c, 0x00, 0x00, 0x0e, 0x00, 0x00, 0xa2, 0x0e, 0x00,
  0x21, 0x72, 0xf1, 0xf0, 0xed, 0x00, 0x00, 0x00, 0x00, 0x00, 0x01, 0x00,
  0x00, 0xe4, 0x2f, 0x00, 0x08, 0x73, 0xed, 0x00, 0xc2, 0x00, 0x00, 0x00,
  0x00, 0x08, 0x00, 0x00, 0x00, 0x66, 0x0e, 0x00, 0x89, 0x7f, 0xf4, 0xf1,
  0x00, 0x1f, 0x40, 0x0c, 0x00, 0x00, 0x0e, 0x00, 0x00, 0xe2, 0x0e, 0x00,
  0x21, 0x72, 0xf3, 0xf2, 0xef, 0x00, 0x00, 0x00, 0x00, 0x00, 0x01, 0x00,
  0x00, 0xe4, 0x4f, 0x00, 0x08, 0x73, 0xef, 0x00, 0xc0, 0x00, 0x00, 0x00,
  0x00, 0x08, 0x00, 0x00, 0x00, 0xa6, 0x0e, 0x00, 0x89, 0x7f, 0xf6, 0xf3,
  0x00, 0x1f, 0x40, 0x0c, 0x00, 0x00, 0x0e, 0x00, 0x00, 0x22, 0x0f, 0x00,
  0x21, 0x72, 0xf4, 0xf1, 0xf4, 0x00, 0x00, 0x00, 0x00, 0x00, 0x01, 0x00,
  0x00, 0xc8, 0x8f, 0x00, 0x23, 0x72, 0xd6, 0xed, 0xd6, 0x00, 0x00, 0x00,
  0xf4, 0x00, 0x01, 0x00, 0x00, 0xe2, 0x2f, 0x04, 0x3e, 0x72, 0xed, 0xed,
  0xed, 0x00, 0x00, 0x00, 0xff, 0x00, 0x00, 0x00, 0x00, 0xca, 0x0f, 0x00,
  0x32, 0x72, 0xce, 0xed, 0xce, 0x00, 0x00, 0x00, 0x00, 0x00, 0x00, 0x00,
  0x00, 0xe4, 0x0f, 0x04, 0x32, 0x72, 0xcc, 0xed, 0xcc, 0x00, 0x00, 0x00,
  0x00, 0x00, 0x00, 0x00, 0x00, 0xe4, 0x0f, 0x04, 0x32, 0x72, 0xca, 0xed,
  0xca, 0x00, 0x00, 0x00, 0x00, 0x00, 0x00, 0x00, 0x00, 0xe4, 0x0f, 0x04,
  0x21, 0x72, 0xf6, 0xf3, 0xf6, 0x00, 0x00, 0x00, 0x00, 0x00, 0x01, 0x00,
  0x00, 0xe2, 0x0f, 0x01, 0x32, 0x72, 0xc8, 0xed, 0xc8, 0x00, 0x00, 0x00,
  0x00, 0x00, 0x00, 0x00, 0x00, 0xe4, 0x0f, 0x04, 0x32, 0x72, 0xc6, 0xed,
  0xc6, 0x00, 0x00, 0x00, 0x00, 0x00, 0x00, 0x00, 0x00, 0xe4, 0x0f, 0x04,
  0x23, 0x72, 0xd8, 0xef, 0xd8, 0x00, 0x00, 0x00, 0xf6, 0x00, 0x01, 0x00,
  0x00, 0xe2, 0x4f, 0x04, 0x3e, 0x72, 0xef, 0xef, 0xef, 0x00, 0x00, 0x00,
  0xff, 0x00, 0x00, 0x00, 0x00, 0xe2, 0x0f, 0x00, 0x32, 0x72, 0xc4, 0xed,
  0xc4, 0x00, 0x00, 0x00, 0x00, 0x00, 0x00, 0x00, 0x00, 0xc4, 0x0f, 0x00,
  0x32, 0x72, 0x1e, 0xed, 0x1e, 0x00, 0x00, 0x00, 0x00, 0x00, 0x00, 0x00,
  0x00, 0xe4, 0x0f, 0x04, 0x32, 0x72, 0x1c, 0xed, 0x1c, 0x00, 0x00, 0x00,
  0x00, 0x00, 0x00, 0x00, 0x00, 0xe4, 0x0f, 0x04, 0x32, 0x72, 0x1a, 0xed,
  0x1a, 0x00, 0x00, 0x00, 0x00, 0x00, 0x00, 0x00, 0x00, 0xe4, 0x0f, 0x04,
  0x32, 0x72, 0x18, 0xed, 0x18, 0x00, 0x00, 0x00, 0x00, 0x00, 0x00, 0x00,
  0x00, 0xe4, 0x0f, 0x04, 0x32, 0x72, 0x16, 0xed, 0x16, 0x00, 0x00, 0x00,
  0x00, 0x00, 0x00, 0x00, 0x00, 0xe4, 0x0f, 0x04, 0x32, 0x72, 0x14, 0xed,
  0x14, 0x00, 0x00, 0x00, 0x00, 0x00, 0x00, 0x00, 0x00, 0xc4, 0x0f, 0x00,
  0x32, 0x72, 0x12, 0xed, 0x12, 0x00, 0x00, 0x00, 0x00, 0x00, 0x00, 0x00,
  0x00, 0xe4, 0x0f, 0x04, 0x32, 0x72, 0x10, 0xed, 0x10, 0x00, 0x00, 0x00,
  0x00, 0x00, 0x00, 0x00, 0x00, 0xe4, 0x0f, 0x04, 0x32, 0x72, 0x0e, 0xed,
  0x0e, 0x00, 0x00, 0x00, 0x00, 0x00, 0x00, 0x00, 0x00, 0xe4, 0x0f, 0x04,
  0x32, 0x72, 0xd0, 0xed, 0xd0, 0x00, 0x00, 0x00, 0x00, 0x00, 0x00, 0x00,
  0x00, 0xe4, 0x0f, 0x00, 0x32, 0x72, 0xcf, 0xef, 0xcf, 0x00, 0x00, 0x00,
  0x00, 0x00, 0x00, 0x00, 0x00, 0xe4, 0x0f, 0x04, 0x32, 0x72, 0xcd, 0xef,
  0xcd, 0x00, 0x00, 0x00, 0x00, 0x00, 0x00, 0x00, 0x00, 0xc4, 0x0f, 0x00,
  0x32, 0x72, 0xcb, 0xef, 0xcb, 0x00, 0x00, 0x00, 0x00, 0x00, 0x00, 0x00,
  0x00, 0xe4, 0x0f, 0x04, 0x32, 0x72, 0xc9, 0xef, 0xc9, 0x00, 0x00, 0x00,
  0x00, 0x00, 0x00, 0x00, 0x00, 0xe4, 0x0f, 0x04, 0x32, 0x72, 0xc7, 0xef,
  0xc7, 0x00, 0x00, 0x00, 0x00, 0x00, 0x00, 0x00, 0x00, 0xe4, 0x0f, 0x04,
  0x32, 0x72, 0xc5, 0xef, 0xc5, 0x00, 0x00, 0x00, 0x00, 0x00, 0x00, 0x00,
  0x00, 0xe4, 0x0f, 0x04, 0x32, 0x72, 0x1f, 0xef, 0x1f, 0x00, 0x00, 0x00,
  0x00, 0x00, 0x00, 0x00, 0x00, 0xe4, 0x0f, 0x04, 0x32, 0x72, 0x1d, 0xef,
  0x1d, 0x00, 0x00, 0x00, 0x00, 0x00, 0x00, 0x00, 0x00, 0xc4, 0x0f, 0x00,
  0x32, 0x72, 0x1b, 0xef, 0x1b, 0x00, 0x00, 0x00, 0x00, 0x00, 0x00, 0x00,
  0x00, 0xe4, 0x0f, 0x04, 0x32, 0x72, 0x19, 0xef, 0x19, 0x00, 0x00, 0x00,
  0x00, 0x00, 0x00, 0x00, 0x00, 0xe4, 0x0f, 0x04, 0x32, 0x72, 0x17, 0xef,
  0x17, 0x00, 0x00, 0x00, 0x00, 0x00, 0x00, 0x00, 0x00, 0xe4, 0x0f, 0x04,
  0x32, 0x72, 0x15, 0xef, 0x15, 0x00, 0x00, 0x00, 0x00, 0x00, 0x00, 0x00,
  0x00, 0xe4, 0x0f, 0x04, 0x32, 0x72, 0x13, 0xef, 0x13, 0x00, 0x00, 0x00,
  0x00, 0x00, 0x00, 0x00, 0x00, 0xe4, 0x0f, 0x04, 0x32, 0x72, 0x11, 0xef,
  0x11, 0x00, 0x00, 0x00, 0x00, 0x00, 0x00, 0x00, 0x00, 0xc4, 0x0f, 0x00,
  0x32, 0x72, 0x0f, 0xef, 0x0f, 0x00, 0x00, 0x00, 0x00, 0x00, 0x00, 0x00,
  0x00, 0xe4, 0x0f, 0x04, 0x32, 0x72, 0xd1, 0xef, 0xd1, 0x00, 0x00, 0x00,
  0x00, 0x00, 0x00, 0x00, 0x00, 0xce, 0x0f, 0x00, 0x3e, 0x72, 0xc0, 0xea,
  0xc1, 0x00, 0x00, 0x00, 0xff, 0x00, 0x00, 0x00, 0x00, 0xe4, 0x0f, 0x00,
  0x3e, 0x72, 0xc2, 0xe8, 0xc3, 0x00, 0x00, 0x00, 0xff, 0x00, 0x00, 0x00,
  0x00, 0xe4, 0x0f, 0x00, 0x3e, 0x72, 0xc1, 0xec, 0xe9, 0x00, 0x00, 0x00,
  0xff, 0x00, 0x00, 0x00, 0x00, 0xe4, 0x0f, 0x00, 0x3e, 0x72, 0xc3, 0xee,
  0xeb, 0x00, 0x00, 0x00, 0xff, 0x00, 0x00, 0x00, 0x00, 0xe2, 0x0f, 0x00,
  0x47, 0x75, 0x48, 0x03, 0x01, 0x00, 0x00, 0x00, 0x00, 0x00, 0x80, 0x0b,
  0x00, 0xec, 0x0f, 0x00, 0x1a, 0x79, 0x00, 0x00, 0x00, 0x80, 0x00, 0x00,
  0x00, 0x00, 0x00, 0x00, 0x00, 0xc8, 0x0f, 0x00, 0x1d, 0x7b, 0x00, 0x00,
  0x00, 0x00, 0x00, 0x00, 0x00, 0x00, 0x01, 0x00, 0x00, 0xec, 0x0f, 0x00,
  0x3b, 0x78, 0x40, 0xe3, 0x0b, 0x00, 0x00, 0x00, 0x00, 0x02, 0x00, 0x08,
  0x00, 0xa8, 0x02, 0x00, 0x3b, 0x78, 0x44, 0xe3, 0x0b, 0x00, 0x10, 0x00,
  0x00, 0x02, 0x00, 0x08, 0x00, 0xe8, 0x02, 0x00, 0x3b, 0x78, 0x48, 0xdb,
  0x0b, 0x00, 0x00, 0x00, 0x00, 0x02, 0x00, 0x08, 0x00, 0x28, 0x03, 0x00,
  0x3b, 0x78, 0x4c, 0xdb, 0x0b, 0x00, 0x10, 0x00, 0x00, 0x02, 0x00, 0x08,
  0x00, 0x68, 0x02, 0x00, 0x3b, 0x78, 0x50, 0xda, 0x0b, 0x00, 0x00, 0x00,
  0x00, 0x02, 0x00, 0x08, 0x00, 0x68, 0x02, 0x00, 0x3b, 0x78, 0x54, 0xda,
  0x0b, 0x00, 0x10, 0x00, 0x00, 0x02, 0x00, 0x08, 0x00, 0x68, 0x02, 0x00,
  0x3b, 0x78, 0x58, 0xd9, 0x0b, 0x00, 0x00, 0x00, 0x00, 0x02, 0x00, 0x08,
  0x00, 0x68, 0x02, 0x00, 0x3b, 0x78, 0x5c, 0xd9, 0x0b, 0x00, 0x10, 0x00,
  0x00, 0x02, 0x00, 0x08, 0x00, 0x68, 0x02, 0x00, 0x3b, 0x78, 0x60, 0xe3,
  0x0b, 0x80, 0x00, 0x00, 0x00, 0x02, 0x00, 0x08, 0x00, 0x68, 0x02, 0x00,
  0x3b, 0x78, 0x64, 0xe3, 0x0b, 0x80, 0x10, 0x00, 0x00, 0x02, 0x00, 0x08,
  0x00, 0x68, 0x02, 0x00, 0x3b, 0x78, 0x68, 0x09, 0x0b, 0x00, 0x00, 0x00,
  0x00, 0x02, 0x00, 0x08, 0x00, 0x68, 0x02, 0x00, 0x3b, 0x78, 0x6c, 0x09,
  0x0b, 0x00, 0x10, 0x00, 0x00, 0x02, 0x00, 0x08, 0x00, 0x68, 0x02, 0x00,
  0x3b, 0x78, 0x70, 0x0a, 0x0b, 0x00, 0x00, 0x00, 0x00, 0x02, 0x00, 0x08,
  0x00, 0x68, 0x02, 0x00, 0x3b, 0x78, 0x74, 0x0a, 0x0b, 0x00, 0x10, 0x00,
  0x00, 0x02, 0x00, 0x08, 0x00, 0x68, 0x02, 0x00, 0x3b, 0x78, 0x78, 0x0b,
  0x0b, 0x00, 0x00, 0x00, 0x00, 0x02, 0x00, 0x08, 0x00, 0x68, 0x02, 0x00,
  0x3b, 0x78, 0x7c, 0x0b, 0x0b, 0x00, 0x10, 0x00, 0x00, 0x02, 0x00, 0x08,
  0x00, 0x64, 0xc2, 0x01, 0x3c, 0x72, 0xce, 0xc0, 0x80, 0x00, 0x00, 0x00,
  0xce, 0x08, 0x00, 0x00, 0x00, 0xe2, 0x0f, 0x00, 0x8c, 0x72, 0x00, 0x11,
  0x09, 0x00, 0x00, 0x00, 0x70, 0x62, 0xf0, 0x0b, 0x00, 0xde, 0x0f, 0x00,
  0x3c, 0x72, 0xcc, 0xc0, 0x82, 0x00, 0x00, 0x00, 0xcc, 0x08, 0x00, 0x00,
  0x00, 0xde, 0x0f, 0x00, 0x18, 0x79, 0x00, 0x00, 0x00, 0x00, 0x00, 0x00,
  0x00, 0x00, 0x00, 0x00, 0x00, 0xe2, 0x0f, 0x00, 0x3c, 0x72, 0xca, 0xc0,
  0x84, 0x00, 0x00, 0x00, 0xca, 0x08, 0x00, 0x00, 0x00, 0xde, 0x0f, 0x00,
  0x18, 0x79, 0x00, 0x00, 0x00, 0x00, 0x00, 0x00, 0x00, 0x00, 0x00, 0x00,
  0x00, 0xe2, 0x0f, 0x00, 0x3c, 0x72, 0xc8, 0xc0, 0x86, 0x00, 0x00, 0x00,
  0xc8, 0x08, 0x00, 0x00, 0x00, 0xde, 0x0f, 0x00, 0x18, 0x79, 0x00, 0x00,
  0x00, 0x00, 0x00, 0x00, 0x00, 0x00, 0x00, 0x00, 0x00, 0xe2, 0x0f, 0x00,
  0x3c, 0x72, 0xc6, 0xc0, 0x88, 0x00, 0x00, 0x00, 0xc6, 0x08, 0x00, 0x00,
  0x00, 0xde, 0x0f, 0x00, 0x18, 0x79, 0x00, 0x00, 0x00, 0x00, 0x00, 0x00,
  0x00, 0x00, 0x00, 0x00, 0x00, 0xe2, 0x0f, 0x00, 0x3c, 0x72, 0xc4, 0xc0,
  0x8a, 0x00, 0x00, 0x00, 0xc4, 0x08, 0x00, 0x00, 0x00, 0xde, 0x0f, 0x00,
  0x18, 0x79, 0x00, 0x00, 0x00, 0x00, 0x00, 0x00, 0x00, 0x00, 0x00, 0x00,
  0x00, 0xe2, 0x0f, 0x00, 0x3c, 0x72, 0x1e, 0xc0, 0x8c, 0x00, 0x00, 0x00,
  0x1e, 0x08, 0x00, 0x00, 0x00, 0xde, 0x0f, 0x00, 0x18, 0x79, 0x00, 0x00,
  0x00, 0x00, 0x00, 0x00, 0x00, 0x00, 0x00, 0x00, 0x00, 0xe2, 0x0f, 0x00,
  0x3c, 0x72, 0x1c, 0xc0, 0x8e, 0x00, 0x00, 0x00, 0x1c, 0x08, 0x00, 0x00,
  0x00, 0xde, 0x0f, 0x00, 0x18, 0x79, 0x00, 0x00, 0x00, 0x00, 0x00, 0x00,
  0x00, 0x00, 0x00, 0x00, 0x00, 0xe2, 0x0f, 0x00, 0x3c, 0x72, 0x1a, 0xc0,
  0x90, 0x00, 0x00, 0x00, 0x1a, 0x08, 0x00, 0x00, 0x00, 0xde, 0x0f, 0x00,
  0x18, 0x79, 0x00, 0x00, 0x00, 0x00, 0x00, 0x00, 0x00, 0x00, 0x00, 0x00,
  0x00, 0xe2, 0x0f, 0x00, 0x3c, 0x72, 0x18, 0xc0, 0x92, 0x00, 0x00, 0x00,
  0x18, 0x08, 0x00, 0x00, 0x00, 0xde, 0x0f, 0x00, 0x18, 0x79, 0x00, 0x00,
  0x00, 0x00, 0x00, 0x00, 0x00, 0x00, 0x00, 0x00, 0x00, 0xe2, 0x0f, 0x00,
  0x3c, 0x72, 0x16, 0xc0, 0x94, 0x00, 0x00, 0x00, 0x16, 0x08, 0x00, 0x00,
  0x00, 0xde, 0x0f, 0x00, 0x18, 0x79, 0x00, 0x00, 0x00, 0x00, 0x00, 0x00,
  0x00, 0x00, 0x00, 0x00, 0x00, 0xe2, 0x0f, 0x00, 0x3c, 0x72, 0x14, 0xc0,
  0x96, 0x00, 0x00, 0x00, 0x14, 0x08, 0x00, 0x00, 0x00, 0xde, 0x0f, 0x00,
  0x18, 0x79, 0x00, 0x00, 0x00, 0x00, 0x00, 0x00, 0x00, 0x00, 0x00, 0x00,
  0x00, 0xe2, 0x0f, 0x00, 0x3c, 0x72, 0x12, 0xc0, 0x98, 0x00, 0x00, 0x00,
  0x12, 0x08, 0x00, 0x00, 0x00, 0xde, 0x0f, 0x00, 0x18, 0x79, 0x00, 0x00,
  0x00, 0x00, 0x00, 0x00, 0x00, 0x00, 0x00, 0x00, 0x00, 0xe2, 0x0f, 0x00,
  0x3c, 0x72, 0x10, 0xc0, 0x9a, 0x00, 0x00, 0x00, 0x10, 0x08, 0x00, 0x00,
  0x00, 0xde, 0x0f, 0x00, 0x18, 0x79, 0x00, 0x00, 0x00, 0x00, 0x00, 0x00,
  0x00, 0x00, 0x00, 0x00, 0x00, 0xe2, 0x0f, 0x00, 0x3c, 0x72, 0x0e, 0xc0,
  0x9c, 0x00, 0x00, 0x00, 0x0e, 0x08, 0x00, 0x00, 0x00, 0xde, 0x0f, 0x00,
  0x18, 0x79, 0x00, 0x00, 0x00, 0x00, 0x00, 0x00, 0x00, 0x00, 0x00, 0x00,
  0x00, 0xe2, 0x0f, 0x00, 0x3c, 0x72, 0xd0, 0xc0, 0x9e, 0x00, 0x00, 0x00,
  0xd0, 0x08, 0x00, 0x00, 0x00, 0xf0, 0x0f, 0x00, 0x3e, 0x72, 0xc0, 0xe6,
  0xe7, 0x00, 0x00, 0x00, 0xff, 0x00, 0x00, 0x00, 0x00, 0xe4, 0x0f, 0x00,
  0x3e, 0x72, 0xc1, 0xe4, 0xe5, 0x00, 0x00, 0x00, 0xff, 0x00, 0x00, 0x00,
  0x00, 0xc4, 0x0f, 0x00, 0x3e, 0x72, 0xc2, 0xe0, 0xe1, 0x00, 0x00, 0x00,
  0xff, 0x00, 0x00, 0x00, 0x00, 0xe4, 0x0f, 0x00, 0x3e, 0x72, 0xc3, 0xde,
  0xdf, 0x00, 0x00, 0x00, 0xff, 0x00, 0x00, 0x00, 0x00, 0xce, 0x0f, 0x00,
  0x3c, 0x72, 0xce, 0xc0, 0xa0, 0x00, 0x00, 0x00, 0xce, 0x08, 0x00, 0x00,
  0x00, 0xde, 0x0f, 0x00, 0x18, 0x79, 0x00, 0x00, 0x00, 0x00, 0x00, 0x00,
  0x00, 0x00, 0x00, 0x00, 0x00, 0xe2, 0x0f, 0x00, 0x3c, 0x72, 0xcc, 0xc0,
  0xa2, 0x00, 0x00, 0x00, 0xcc, 0x08, 0x00, 0x00, 0x00, 0xde, 0x0f, 0x00,
  0x18, 0x79, 0x00, 0x00, 0x00, 0x00, 0x00, 0x00, 0x00, 0x00, 0x00, 0x00,
  0x00, 0xe2, 0x0f, 0x00, 0x3c, 0x72, 0xca, 0xc0, 0xa4, 0x00, 0x00, 0x00,
  0xca, 0x08, 0x00, 0x00, 0x00, 0xde, 0x0f, 0x00, 0x18, 0x79, 0x00, 0x00,
  0x00, 0x00, 0x00, 0x00, 0x00, 0x00, 0x00, 0x00, 0x00, 0xe2, 0x0f, 0x00,
  0x3c, 0x72, 0xc8, 0xc0, 0xa6, 0x00, 0x00, 0x00, 0xc8, 0x08, 0x00, 0x00,
  0x00, 0xde, 0x0f, 0x00, 0x18, 0x79, 0x00, 0x00, 0x00, 0x00, 0x00, 0x00,
  0x00, 0x00, 0x00, 0x00, 0x00, 0xe2, 0x0f, 0x00, 0x3c, 0x72, 0xc6, 0xc0,
  0xa8, 0x00, 0x00, 0x00, 0xc6, 0x08, 0x00, 0x00, 0x00, 0xde, 0x0f, 0x00,
  0x18, 0x79, 0x00, 0x00, 0x00, 0x00, 0x00, 0x00, 0x00, 0x00, 0x00, 0x00,
  0x00, 0xe2, 0x0f, 0x00, 0x3c, 0x72, 0xc4, 0xc0, 0xaa, 0x00, 0x00, 0x00,
  0xc4, 0x08, 0x00, 0x00, 0x00, 0xde, 0x0f, 0x00, 0x18, 0x79, 0x00, 0x00,
  0x00, 0x00, 0x00, 0x00, 0x00, 0x00, 0x00, 0x00, 0x00, 0xe2, 0x0f, 0x00,
  0x3c, 0x72, 0x1e, 0xc0, 0xac, 0x00, 0x00, 0x00, 0x1e, 0x08, 0x00, 0x00,
  0x00, 0xde, 0x0f, 0x00, 0x18, 0x79, 0x00, 0x00, 0x00, 0x00, 0x00, 0x00,
  0x00, 0x00, 0x00, 0x00, 0x00, 0xe2, 0x0f, 0x00, 0x3c, 0x72, 0x1c, 0xc0,
  0xae, 0x00, 0x00, 0x00, 0x1c, 0x08, 0x00, 0x00, 0x00, 0xde, 0x0f, 0x00,
  0x18, 0x79, 0x00, 0x00, 0x00, 0x00, 0x00, 0x00, 0x00, 0x00, 0x00, 0x00,
  0x00, 0xe2, 0x0f, 0x00, 0x3c, 0x72, 0x1a, 0xc0, 0xb0, 0x00, 0x00, 0x00,
  0x1a, 0x08, 0x00, 0x00, 0x00, 0xde, 0x0f, 0x00, 0x18, 0x79, 0x00, 0x00,
  0x00, 0x00, 0x00, 0x00, 0x00, 0x00, 0x00, 0x00, 0x00, 0xe2, 0x0f, 0x00,
  0x3c, 0x72, 0x18, 0xc0, 0xb2, 0x00, 0x00, 0x00, 0x18, 0x08, 0x00, 0x00,
  0x00, 0xde, 0x0f, 0x00, 0x18, 0x79, 0x00, 0x00, 0x00, 0x00, 0x00, 0x00,
  0x00, 0x00, 0x00, 0x00, 0x00, 0xe2, 0x0f, 0x00, 0x3c, 0x72, 0x16, 0xc0,
  0xb4, 0x00, 0x00, 0x00, 0x16, 0x08, 0x00, 0x00, 0x00, 0xde, 0x0f, 0x00,
  0x18, 0x79, 0x00, 0x00, 0x00, 0x00, 0x00, 0x00, 0x00, 0x00, 0x00, 0x00,
  0x00, 0xe2, 0x0f, 0x00, 0x3c, 0x72, 0x14, 0xc0, 0xb6, 0x00, 0x00, 0x00,
  0x14, 0x08, 0x00, 0x00, 0x00, 0xde, 0x0f, 0x00, 0x18, 0x79, 0x00, 0x00,
  0x00, 0x00, 0x00, 0x00, 0x00, 0x00, 0x00, 0x00, 0x00, 0xe2, 0x0f, 0x00,
  0x3c, 0x72, 0x12, 0xc0, 0xb8, 0x00, 0x00, 0x00, 0x12, 0x08, 0x00, 0x00,
  0x00, 0xde, 0x0f, 0x00, 0x18, 0x79, 0x00, 0x00, 0x00, 0x00, 0x00, 0x00,
  0x00, 0x00, 0x00, 0x00, 0x00, 0xe2, 0x0f, 0x00, 0x3c, 0x72, 0x10, 0xc0,
  0xba, 0x00, 0x00, 0x00, 0x10, 0x08, 0x00, 0x00, 0x00, 0xde, 0x0f, 0x00,
  0x18, 0x79, 0x00, 0x00, 0x00, 0x00, 0x00, 0x00, 0x00, 0x00, 0x00, 0x00,
  0x00, 0xe2, 0x0f, 0x00, 0x3c, 0x72, 0x0e, 0xc0, 0xbc, 0x00, 0x00, 0x00,
  0x0e, 0x08, 0x00, 0x00, 0x00, 0xde, 0x0f, 0x00, 0x18, 0x79, 0x00, 0x00,
  0x00, 0x00, 0x00, 0x00, 0x00, 0x00, 0x00, 0x00, 0x00, 0xe2, 0x0f, 0x00,
  0x3c, 0x72, 0xd0, 0xc0, 0xbe, 0x00, 0x00, 0x00, 0xd0, 0x08, 0x00, 0x00,
  0x00, 0xe2, 0x0f, 0x00, 0x18, 0x79, 0x00, 0x00, 0x00, 0x00, 0x00, 0x00,
  0x00, 0x00, 0x00, 0x00, 0x00, 0xda, 0x0f, 0x00, 0x47, 0x75, 0x40, 0x00,
  0x01, 0x00, 0x00, 0x00, 0x00, 0x00, 0x80, 0x0b, 0x00, 0xde, 0x0f, 0x00,
  0x3b, 0x78, 0x80, 0xe2, 0x0c, 0x00, 0x00, 0x00, 0x00, 0x42, 0x00, 0x08,
  0x00, 0xe8, 0x04, 0x00, 0x3b, 0x78, 0x84, 0x07, 0x0c, 0x00, 0x00, 0x00,
  0x00, 0x42, 0x00, 0x08, 0x00, 0x28, 0x05, 0x00, 0x3b, 0x78, 0x88, 0x06,
  0x0c, 0x00, 0x00, 0x00, 0x00, 0x42, 0x00, 0x08, 0x00, 0x68, 0x04, 0x00,
  0x3b, 0x78, 0x8c, 0x05, 0x0c, 0x00, 0x00, 0x00, 0x00, 0x42, 0x00, 0x08,
  0x00, 0x68, 0x04, 0x00, 0x3b, 0x78, 0x90, 0x04, 0x0c, 0x00, 0x00, 0x00,
  0x00, 0x42, 0x00, 0x08, 0x00, 0x68, 0x04, 0x00, 0x3b, 0x78, 0x94, 0x03,
  0x0c, 0x00, 0x00, 0x00, 0x00, 0x42, 0x00, 0x08, 0x00, 0x68, 0x04, 0x00,
  0x3b, 0x78, 0x98, 0x02, 0x0c, 0x00, 0x00, 0x00, 0x00, 0x42, 0x00, 0x08,
  0x00, 0x68, 0x04, 0x00, 0x3b, 0x78, 0x9c, 0x00, 0x0c, 0x00, 0x00, 0x00,
  0x00, 0x42, 0x00, 0x08, 0x00, 0x68, 0x04, 0x00, 0x3b, 0x78, 0xa0, 0xe2,
  0x0c, 0x00, 0x10, 0x00, 0x00, 0x42, 0x00, 0x08, 0x00, 0x68, 0x04, 0x00,
  0x3b, 0x78, 0xa4, 0x07, 0x0c, 0x00, 0x10, 0x00, 0x00, 0x42, 0x00, 0x08,
  0x00, 0x68, 0x04, 0x00, 0x3b, 0x78, 0xa8, 0x06, 0x0c, 0x00, 0x10, 0x00,
  0x00, 0x42, 0x00, 0x08, 0x00, 0x68, 0x04, 0x00, 0x3b, 0x78, 0xac, 0x05,
  0x0c, 0x00, 0x10, 0x00, 0x00, 0x42, 0x00, 0x08, 0x00, 0x68, 0x04, 0x00,
  0x3b, 0x78, 0xb0, 0x04, 0x0c, 0x00, 0x10, 0x00, 0x00, 0x42, 0x00, 0x08,
  0x00, 0x68, 0x04, 0x00, 0x3b, 0x78, 0xb4, 0x03, 0x0c, 0x00, 0x10, 0x00,
  0x00, 0x42, 0x00, 0x08, 0x00, 0x68, 0x04, 0x00, 0x3b, 0x78, 0xb8, 0x02,
  0x0c, 0x00, 0x10, 0x00, 0x00, 0x42, 0x00, 0x08, 0x00, 0x68, 0x04, 0x00,
  0x3b, 0x78, 0xbc, 0x00, 0x0c, 0x00, 0x10, 0x00, 0x00, 0x42, 0x00, 0x08,
  0x00, 0x64, 0x84, 0x01, 0x8c, 0x72, 0x00, 0x11, 0x09, 0x00, 0x00, 0x00,
  0x70, 0x62, 0xf0, 0x0b, 0x00, 0xe2, 0x0f, 0x00, 0x10, 0x78, 0xd4, 0xd4,
  0x20, 0x00, 0x00, 0x00, 0xff, 0xe0, 0xff, 0x07, 0x00, 0xe2, 0x0f, 0x00,
  0x90, 0x78, 0x0d, 0x0d, 0x20, 0x00, 0x00, 0x00, 0xff, 0xe0, 0xff, 0x0f,
  0x00, 0xce, 0x0f, 0x00, 0x47, 0x75, 0x78, 0x08, 0xdd, 0xff, 0xff, 0xff,
  0xff, 0xff, 0x83, 0x0b, 0x00, 0xea, 0x0f, 0x00, 0x19, 0x79, 0x0c, 0x00,
  0x00, 0x00, 0x00, 0x00, 0x00, 0x21, 0x00, 0x00, 0x00, 0xe2, 0x0e, 0x00,
  0x21, 0x72, 0x00, 0xd5, 0x08, 0x00, 0x00, 0x00, 0x00, 0x01, 0x01, 0x00,
  0x00, 0xe2, 0x4f, 0x12, 0x21, 0x72, 0x08, 0xd7, 0x08, 0x00, 0x00, 0x00,
  0x00, 0x01, 0x01, 0x00, 0x00, 0xe2, 0x0f, 0x00, 0xc3, 0x79, 0x07, 0x00,
  0x00, 0x00, 0x00, 0x00, 0x00, 0x88, 0x00, 0x00, 0x00, 0xb0, 0x0e, 0x00,
  0x1d, 0x7b, 0x00, 0x00, 0x00, 0x00, 0x00, 0x00, 0x00, 0x00, 0x01, 0x00,
  0x00, 0xe2, 0x0f, 0x00, 0x20, 0x78, 0x00, 0x00, 0x3b, 0xaa, 0xb8, 0x3f,
  0x00, 0x00, 0x41, 0x00, 0x00, 0xe2, 0x0f, 0x00, 0x20, 0x78, 0x08, 0x08,
  0x3b, 0xaa, 0xb8, 0x3f, 0x00, 0x00, 0x41, 0x00, 0x00, 0xc8, 0x0f, 0x00,
  0x08, 0x73, 0x03, 0x00, 0x00, 0x00, 0x00, 0x00, 0x00, 0x08, 0x00, 0x00,
  0x00, 0x22, 0x0f, 0x00, 0x82, 0x78, 0x05, 0x00, 0x00, 0x04, 0x00, 0x00,
  0x00, 0x00, 0x00, 0x00, 0x00, 0xe2, 0x0f, 0x00, 0xc3, 0x79, 0x0a, 0x00,
  0x00, 0x00, 0x00, 0x00, 0x00, 0x25, 0x00, 0x00, 0x00, 0x62, 0x0e, 0x00,
  0x45, 0x79, 0x00, 0x00, 0x60, 0x0c, 0x00, 0x00, 0x00, 0x02, 0x80, 0x03,
  0x00, 0xe2, 0x0f, 0x00, 0x08, 0x73, 0x05, 0x00, 0x08, 0x00, 0x00, 0x00,
  0x00, 0x08, 0x00, 0x00, 0x00, 0x6c, 0x0e, 0x00, 0xc3, 0x79, 0x09, 0x00,
  0x00, 0x00, 0x00, 0x00, 0x00, 0x26, 0x00, 0x00, 0x00, 0x62, 0x0e, 0x00,
  0x91, 0x72, 0x08, 0x07, 0x05, 0x00, 0x00, 0x00, 0xff, 0xc0, 0x8e, 0x0f,
  0x00, 0xe2, 0x4f, 0x00, 0x21, 0x72, 0x21, 0x03, 0xd6, 0x00, 0x00, 0x00,
  0x00, 0x00, 0x01, 0x00, 0x00, 0xe2, 0x2f, 0x01, 0xac, 0x77, 0x05, 0xff,
  0x80, 0xa9, 0x00, 0x00, 0x00, 0x08, 0x00, 0x08, 0x00, 0x66, 0x0e, 0x00,
  0x08, 0x73, 0x02, 0x00, 0x21, 0x00, 0x00, 0x00, 0x00, 0x10, 0x00, 0x00,
  0x00, 0xa2, 0x0e, 0x00, 0x19, 0x78, 0x04, 0xff, 0x01, 0x00, 0x00, 0x00,
  0x0c, 0x16, 0x01, 0x00, 0x00, 0xe2, 0x8f, 0x10, 0xac, 0x77, 0x07, 0xff,
  0x80, 0xac, 0x00, 0x00, 0x00, 0x08, 0x00, 0x08, 0x00, 0xe2, 0x0e, 0x00,
  0x19, 0x78, 0x00, 0xff, 0x02, 0x00, 0x00, 0x00, 0x0c, 0x16, 0x01, 0x00,
  0x00, 0xe2, 0x0f, 0x00, 0x21, 0x72, 0xd8, 0x05, 0xd8, 0x00, 0x00, 0x00,
  0x00, 0x00, 0x01, 0x00, 0x00, 0xe2, 0x0f, 0x00, 0x12, 0x78, 0x0d, 0x04,
  0x30, 0x00, 0x00, 0x00, 0xff, 0xc0, 0x8e, 0x07, 0x00, 0xe2, 0x0f, 0x00,
  0x99, 0x78, 0x0a, 0x0a, 0x06, 0x00, 0x00, 0x00, 0xff, 0x06, 0x00, 0x08,
  0x00, 0xe2, 0x0f, 0x00, 0x0b, 0x72, 0x00, 0x21, 0xff, 0x00, 0x00, 0x00,
  0x00, 0x50, 0xf1, 0x03, 0x00, 0xe2, 0x0f, 0x00, 0x08, 0x73, 0x03, 0x00,
  0xd8, 0x00, 0x00, 0x00, 0x00, 0x10, 0x00, 0x00, 0x00, 0x22, 0x0f, 0x00,
  0x12, 0x78, 0x0d, 0x0d, 0x07, 0x00, 0x00, 0x00, 0x00, 0xf8, 0x8e, 0x07,
  0x00, 0xe2, 0x0f, 0x00, 0x24, 0x78, 0x00, 0x0c, 0x04, 0x00, 0x00, 0x00,
  0xff, 0x00, 0x8e, 0x07, 0x00, 0xe2, 0x0f, 0x00, 0x0b, 0x72, 0x00, 0xd8,
  0xff, 0x00, 0x00, 0x00, 0x00, 0x50, 0xf3, 0x03, 0x00, 0xc8, 0x0f, 0x00,
  0x12, 0x78, 0x00, 0x00, 0x7c, 0x00, 0x00, 0x00, 0xff, 0xc0, 0x8e, 0x07,
  0x00, 0xe2, 0x0f, 0x00, 0xa4, 0x72, 0x05, 0x04, 0x05, 0x00, 0x00, 0x00,
  0x09, 0x02, 0x8e, 0x0f, 0x00, 0xe2, 0x2f, 0x00, 0x08, 0x78, 0x02, 0x02,
  0x00, 0x00, 0x80, 0x3f, 0x00, 0x00, 0x00, 0x00, 0x00, 0xe4, 0x4f, 0x00,
  0x10, 0x7c, 0x00, 0x00, 0x08, 0x00, 0x00, 0x00, 0xff, 0xe0, 0xff, 0x0f,
  0x00, 0xe2, 0x0f, 0x00, 0x90, 0x72, 0x04, 0x07, 0x07, 0x00, 0x00, 0x00,
  0xff, 0xe0, 0xff, 0x0f, 0x00, 0xe4, 0x8f, 0x00, 0x3e, 0x72, 0x07, 0x02,
  0x02, 0x00, 0x00, 0x00, 0xff, 0x00, 0x00, 0x00, 0x00, 0xe4, 0x0f, 0x00,
  0x24, 0x78, 0x00, 0x0d, 0x00, 0x01, 0x00, 0x00, 0x00, 0x02, 0x8e, 0x07,
  0x00, 0xe2, 0x0f, 0x00, 0x08, 0x78, 0x03, 0x03, 0x00, 0x00, 0x80, 0x3f,
  0x00, 0x00, 0x80, 0x00, 0x00, 0xe2, 0x0f, 0x01, 0xa4, 0x72, 0x0c, 0x05,
  0x04, 0x00, 0x00, 0x00, 0xff, 0x02, 0x8e, 0x0f, 0x00, 0xe2, 0x0f, 0x00,
  0x32, 0x72, 0x05, 0xce, 0x07, 0x00, 0x00, 0x00, 0x00, 0x00, 0x00, 0x00,
  0x00, 0xc4, 0x0f, 0x00, 0x32, 0x72, 0xcc, 0xcc, 0x07, 0x00, 0x00, 0x00,
  0x00, 0x00, 0x00, 0x00, 0x00, 0xe2, 0x0f, 0x08, 0x3e, 0x72, 0x03, 0x03,
  0x03, 0x00, 0x00, 0x00, 0xff, 0x00, 0x00, 0x00, 0x00, 0xe2, 0x0f, 0x00,
  0x32, 0x72, 0xca, 0xca, 0x07, 0x00, 0x00, 0x00, 0x00, 0x00, 0x00, 0x00,
  0x00, 0xe2, 0x0f, 0x08, 0x12, 0x78, 0x02, 0x00, 0x10, 0x00, 0x00, 0x00,
  0xff, 0x3c, 0x8e, 0x07, 0x00, 0xe2, 0x0f, 0x04, 0x32, 0x72, 0xc8, 0xc8,
  0x07, 0x00, 0x00, 0x00, 0x00, 0x00, 0x00, 0x00, 0x00, 0xe2, 0x0f, 0x00,
  0x12, 0x78, 0x04, 0x00, 0x20, 0x00, 0x00, 0x00, 0xff, 0x3c, 0x8e, 0x07,
  0x00, 0xe2, 0x0f, 0x04, 0x32, 0x72, 0xcf, 0xcf, 0x03, 0x00, 0x00, 0x00,
  0x00, 0x00, 0x00, 0x00, 0x00, 0xe2, 0x0f, 0x08, 0x12, 0x78, 0x06, 0x00,
  0x30, 0x00, 0x00, 0x00, 0xff, 0x3c, 0x8e, 0x07, 0x00, 0xe2, 0x0f, 0x04,
  0x32, 0x72, 0xcd, 0xcd, 0x03, 0x00, 0x00, 0x00, 0x00, 0x00, 0x00, 0x00,
  0x00, 0xe2, 0x0f, 0x08, 0x12, 0x78, 0x08, 0x00, 0x40, 0x00, 0x00, 0x00,
  0xff, 0x3c, 0x8e, 0x07, 0x00, 0xe2, 0x0f, 0x04, 0x32, 0x72, 0xcb, 0xcb,
  0x03, 0x00, 0x00, 0x00, 0x00, 0x00, 0x00, 0x00, 0x00, 0xe2, 0x0f, 0x08,
  0x88, 0x73, 0x00, 0x00, 0x05, 0x00, 0x00, 0x00, 0x00, 0x08, 0x00, 0x00,
  0x00, 0xe2, 0x03, 0x00, 0x32, 0x72, 0xc9, 0xc9, 0x03, 0x00, 0x00, 0x00,
  0x00, 0x00, 0x00, 0x00, 0x00, 0xe2, 0x0f, 0x00, 0x12, 0x78, 0x09, 0x00,
  0x50, 0x00, 0x00, 0x00, 0xff, 0x3c, 0x8e, 0x07, 0x00, 0xe2, 0x0f, 0x04,
  0x32, 0x72, 0xc6, 0xc6, 0x07, 0x00, 0x00, 0x00, 0x00, 0x00, 0x00, 0x00,
  0x00, 0xe2, 0x0f, 0x00, 0x88, 0x73, 0x00, 0x00, 0xcf, 0x00, 0x08, 0x00,
  0x00, 0x08, 0x00, 0x00, 0x00, 0xe2, 0x0f, 0x00, 0x32, 0x72, 0xc7, 0xc7,
  0x03, 0x00, 0x00, 0x00, 0x00, 0x00, 0x00, 0x00, 0x00, 0xe2, 0x0f, 0x00,
  0x99, 0x78, 0x0d, 0xff, 0x1f, 0x00, 0x00, 0x00, 0x0c, 0x14, 0x01, 0x08,
  0x00, 0xe2, 0x0f, 0x00, 0x32, 0x72, 0xc4, 0xc4, 0x07, 0x00, 0x00, 0x00,
  0x00, 0x00, 0x00, 0x00, 0x00, 0xe2, 0x0f, 0x00, 0x88, 0x73, 0x00, 0x02,
  0xcc, 0x00, 0x00, 0x00, 0x00, 0x08, 0x00, 0x00, 0x00, 0xe2, 0x0f, 0x00,
  0x32, 0x72, 0xc5, 0xc5, 0x03, 0x00, 0x00, 0x00, 0x00, 0x00, 0x00, 0x00,
  0x00, 0xe2, 0x0f, 0x00, 0x12, 0x78, 0x05, 0x00, 0x60, 0x00, 0x00, 0x00,
  0xff, 0x3c, 0x8e, 0x07, 0x00, 0xe2, 0x2f, 0x00, 0x32, 0x72, 0x1e, 0x1e,
  0x07, 0x00, 0x00, 0x00, 0x00, 0x00, 0x00, 0x00, 0x00, 0xe2, 0x0f, 0x00,
  0x88, 0x73, 0x00, 0x02, 0xcd, 0x00, 0x08, 0x00, 0x00, 0x08, 0x00, 0x00,
  0x00, 0xe2, 0x03, 0x00, 0x32, 0x72, 0x1f, 0x1f, 0x03, 0x00, 0x00, 0x00,
  0x00, 0x00, 0x00, 0x00, 0x00, 0xc4, 0x0f, 0x00, 0x32, 0x72, 0x1c, 0x1c,
  0x07, 0x00, 0x00, 0x00, 0x00, 0x00, 0x00, 0x00, 0x00, 0xe2, 0x0f, 0x00,
  0x88, 0x73, 0x00, 0x04, 0xca, 0x00, 0x00, 0x00, 0x00, 0x08, 0x00, 0x00,
  0x00, 0xe2, 0x0f, 0x00, 0x32, 0x72, 0x1d, 0x1d, 0x03, 0x00, 0x00, 0x00,
  0x00, 0x00, 0x00, 0x00, 0x00, 0xe4, 0x0f, 0x00, 0x32, 0x72, 0x1a, 0x1a,
  0x07, 0x00, 0x00, 0x00, 0x00, 0x00, 0x00, 0x00, 0x00, 0xe2, 0x0f, 0x00,
  0x88, 0x73, 0x00, 0x04, 0xcb, 0x00, 0x08, 0x00, 0x00, 0x08, 0x00, 0x00,
  0x00, 0xe2, 0x05, 0x00, 0x32, 0x72, 0x1b, 0x1b, 0x03, 0x00, 0x00, 0x00,
  0x00, 0x00, 0x00, 0x00, 0x00, 0xe2, 0x0f, 0x00, 0x12, 0x78, 0x02, 0x00,
  0x70, 0x00, 0x00, 0x00, 0xff, 0x3c, 0x8e, 0x07, 0x00, 0xe2, 0x2f, 0x00,
  0x32, 0x72, 0x18, 0x18, 0x07, 0x00, 0x00, 0x00, 0x00, 0x00, 0x00, 0x00,
  0x00, 0xe2, 0x0f, 0x00, 0x88, 0x73, 0x00, 0x06, 0xc8, 0x00, 0x00, 0x00,
  0x00, 0x08, 0x00, 0x00, 0x00, 0xe2, 0x0f, 0x00, 0x32, 0x72, 0x19, 0x19,
  0x03, 0x00, 0x00, 0x00, 0x00, 0x00, 0x00, 0x00, 0x00, 0xc4, 0x0f, 0x00,
  0x32, 0x72, 0x16, 0x16, 0x07, 0x00, 0x00, 0x00, 0x00, 0x00, 0x00, 0x00,
  0x00, 0xe2, 0x0f, 0x00, 0x88, 0x73, 0x00, 0x06, 0xc9, 0x00, 0x08, 0x00,
  0x00, 0x08, 0x00, 0x00, 0x00, 0xe2, 0x03, 0x00, 0x32, 0x72, 0x17, 0x17,
  0x03, 0x00, 0x00, 0x00, 0x00, 0x00, 0x00, 0x00, 0x00, 0xe2, 0x0f, 0x00,
  0x12, 0x78, 0x04, 0x00, 0x80, 0x00, 0x00, 0x00, 0xff, 0x3c, 0x8e, 0x07,
  0x00, 0xe2, 0x4f, 0x04, 0x32, 0x72, 0x14, 0x14, 0x07, 0x00, 0x00, 0x00,
  0x00, 0x00, 0x00, 0x00, 0x00, 0xe2, 0x0f, 0x00, 0x88, 0x73, 0x00, 0x08,
  0xc6, 0x00, 0x00, 0x00, 0x00, 0x08, 0x00, 0x00, 0x00, 0xe2, 0x0f, 0x00,
  0x32, 0x72, 0x15, 0x15, 0x03, 0x00, 0x00, 0x00, 0x00, 0x00, 0x00, 0x00,
  0x00, 0xe4, 0x0f, 0x00, 0x32, 0x72, 0x12, 0x12, 0x07, 0x00, 0x00, 0x00,
  0x00, 0x00, 0x00, 0x00, 0x00, 0xe2, 0x0f, 0x00, 0x88, 0x73, 0x00, 0x08,
  0xc7, 0x00, 0x08, 0x00, 0x00, 0x08, 0x00, 0x00, 0x00, 0xe2, 0x05, 0x00,
  0x32, 0x72, 0x13, 0x13, 0x03, 0x00, 0x00, 0x00, 0x00, 0x00, 0x00, 0x00,
  0x00, 0xe2, 0x0f, 0x00, 0x12, 0x78, 0x06, 0x00, 0x90, 0x00, 0x00, 0x00,
  0xff, 0x3c, 0x8e, 0x07, 0x00, 0xe2, 0x2f, 0x00, 0x32, 0x72, 0x10, 0x10,
  0x07, 0x00, 0x00, 0x00, 0x00, 0x00, 0x00, 0x00, 0x00, 0xe2, 0x0f, 0x00,
  0x88, 0x73, 0x00, 0x09, 0xc4, 0x00, 0x00, 0x00, 0x00, 0x08, 0x00, 0x00,
  0x00, 0xe2, 0x0f, 0x00, 0x32, 0x72, 0x11, 0x11, 0x03, 0x00, 0x00, 0x00,
  0x00, 0x00, 0x00, 0x00, 0x00, 0xc4, 0x0f, 0x00, 0x32, 0x72, 0x0e, 0x0e,
  0x07, 0x00, 0x00, 0x00, 0x00, 0x00, 0x00, 0x00, 0x00, 0xe2, 0x0f, 0x00,
  0x88, 0x73, 0x00, 0x09, 0xc5, 0x00, 0x08, 0x00, 0x00, 0x08, 0x00, 0x00,
  0x00, 0xe2, 0x03, 0x00, 0x32, 0x72, 0x0f, 0x0f, 0x03, 0x00, 0x00, 0x00,
  0x00, 0x00, 0x00, 0x00, 0x00, 0xe2, 0x0f, 0x00, 0x12, 0x78, 0x08, 0x00,
  0xa0, 0x00, 0x00, 0x00, 0xff, 0x3c, 0x8e, 0x07, 0x00, 0xe2, 0x4f, 0x00,
  0x32, 0x72, 0x07, 0xd0, 0x07, 0x00, 0x00, 0x00, 0x00, 0x00, 0x00, 0x00,
  0x00, 0xe2, 0x0f, 0x00, 0x88, 0x73, 0x00, 0x05, 0x1e, 0x00, 0x00, 0x00,
  0x00, 0x08, 0x00, 0x00, 0x00, 0xe2, 0x0f, 0x00, 0x32, 0x72, 0x03, 0xd1,
  0x03, 0x00, 0x00, 0x00, 0x00, 0x00, 0x00, 0x00, 0x00, 0xc6, 0x0f, 0x00,
  0x88, 0x73, 0x00, 0x05, 0x1f, 0x00, 0x08, 0x00, 0x00, 0x08, 0x00, 0x00,
  0x00, 0xe2, 0x05, 0x00, 0x12, 0x78, 0x09, 0x00, 0xe0, 0x00, 0x00, 0x00,
  0xff, 0x3c, 0x8e, 0x07, 0x00, 0xc6, 0x2f, 0x00, 0x88, 0x73, 0x00, 0x02,
  0x1c, 0x00, 0x00, 0x00, 0x00, 0x08, 0x00, 0x00, 0x00, 0xe8, 0x0f, 0x00,
  0x88, 0x73, 0x00, 0x02, 0x1d, 0x00, 0x08, 0x00, 0x00, 0x08, 0x00, 0x00,
  0x00, 0xe2, 0x03, 0x00, 0x12, 0x78, 0x05, 0x00, 0xb0, 0x00, 0x00, 0x00,
  0xff, 0x3c, 0x8e, 0x07, 0x00, 0xc6, 0x4f, 0x00, 0x88, 0x73, 0x00, 0x04,
  0x1a, 0x00, 0x00, 0x00, 0x00, 0x08, 0x00, 0x00, 0x00, 0xe8, 0x0f, 0x00,
  0x88, 0x73, 0x00, 0x04, 0x1b, 0x00, 0x08, 0x00, 0x00, 0x08, 0x00, 0x00,
  0x00, 0xe2, 0x05, 0x00, 0x12, 0x78, 0x02, 0x00, 0xc0, 0x00, 0x00, 0x00,
  0xff, 0x3c, 0x8e, 0x07, 0x00, 0xc6, 0x2f, 0x00, 0x88, 0x73, 0x00, 0x06,
  0x18, 0x00, 0x00, 0x00, 0x00, 0x08, 0x00, 0x00, 0x00, 0xe8, 0x0f, 0x00,
  0x88, 0x73, 0x00, 0x06, 0x19, 0x00, 0x08, 0x00, 0x00, 0x08, 0x00, 0x00,
  0x00, 0xe2, 0x0f, 0x00, 0x12, 0x78, 0x04, 0x00, 0xd0, 0x00, 0x00, 0x00,
  0xff, 0x3c, 0x8e, 0x07, 0x00, 0xc6, 0x4f, 0x00, 0x88, 0x73, 0x00, 0x08,
  0x16, 0x00, 0x00, 0x00, 0x00, 0x08, 0x00, 0x00, 0x00, 0xe2, 0x0f, 0x00,
  0x12, 0x78, 0x00, 0x00, 0xf0, 0x00, 0x00, 0x00, 0xff, 0x3c, 0x8e, 0x07,
  0x00, 0xc6, 0x0f, 0x00, 0x88, 0x73, 0x00, 0x08, 0x17, 0x00, 0x08, 0x00,
  0x00, 0x08, 0x00, 0x00, 0x00, 0xe8, 0x0f, 0x00, 0x88, 0x73, 0x00, 0x05,
  0x14, 0x00, 0x00, 0x00, 0x00, 0x08, 0x00, 0x00, 0x00, 0xe8, 0x0f, 0x00,
  0x88, 0x73, 0x00, 0x05, 0x15, 0x00, 0x08, 0x00, 0x00, 0x08, 0x00, 0x00,
  0x00, 0xe8, 0x03, 0x00, 0x88, 0x73, 0x00, 0x02, 0x12, 0x00, 0x00, 0x00,
  0x00, 0x08, 0x00, 0x00, 0x00, 0xe8, 0x0f, 0x00, 0x88, 0x73, 0x00, 0x02,
  0x13, 0x00, 0x08, 0x00, 0x00, 0x08, 0x00, 0x00, 0x00, 0xe2, 0x05, 0x00,
  0x19, 0x78, 0x05, 0xff, 0x04, 0x00, 0x00, 0x00, 0x0c, 0x16, 0x01, 0x00,
  0x00, 0xc6, 0x2f, 0x00, 0x88, 0x73, 0x00, 0x04, 0x10, 0x00, 0x00, 0x00,
  0x00, 0x08, 0x00, 0x00, 0x00, 0xe2, 0x0f, 0x00, 0x12, 0x7c, 0x19, 0x05,
  0x0a, 0x00, 0x00, 0x00, 0xff, 0xfc, 0x8e, 0x0f, 0x00, 0xe4, 0x0f, 0x04,
  0x12, 0x78, 0x0b, 0x05, 0x07, 0x00, 0x00, 0x00, 0xff, 0xc0, 0x8e, 0x07,
  0x00, 0xe2, 0x0f, 0x00, 0x88, 0x73, 0x00, 0x04, 0x11, 0x00, 0x08, 0x00,
  0x00, 0x08, 0x00, 0x00, 0x00, 0xe2, 0x03, 0x00, 0x24, 0x78, 0x02, 0x0c,
  0x10, 0x00, 0x00, 0x00, 0xff, 0x00, 0x8e, 0x07, 0x00, 0xe2, 0x4f, 0x00,
  0x0c, 0x7c, 0x00, 0x19, 0x06, 0x00, 0x00, 0x00, 0x70, 0x62, 0xf0, 0x0b,
  0x00, 0xe4, 0x0f, 0x00, 0x88, 0x73, 0x00, 0x09, 0x0e, 0x00, 0x00, 0x00,
  0x00, 0x08, 0x00, 0x00, 0x00, 0xe4, 0x0f, 0x00, 0x12, 0x78, 0x02, 0x02,
  0xf0, 0x00, 0x00, 0x00, 0xff, 0xc0, 0x8e, 0x07, 0x00, 0xc4, 0x0f, 0x00,
  0x88, 0x73, 0x00, 0x09, 0x0f, 0x00, 0x08, 0x00, 0x00, 0x08, 0x00, 0x00,
  0x00, 0xe2, 0x0f, 0x00, 0x12, 0x78, 0x04, 0x0b, 0x0f, 0x00, 0x00, 0x00,
  0x0c, 0x78, 0x8e, 0x07, 0x00, 0xc6, 0x2f, 0x00, 0x88, 0x73, 0x00, 0x00,
  0x07, 0x00, 0x00, 0x00, 0x00, 0x08, 0x00, 0x00, 0x00, 0xe8, 0x0f, 0x00,
  0x88, 0x73, 0x00, 0x00, 0x03, 0x00, 0x08, 0x00, 0x00, 0x08, 0x00, 0x00,
  0x00, 0xe4, 0x03, 0x00, 0x24, 0x78, 0x00, 0x05, 0x10, 0x00, 0x00, 0x00,
  0x04, 0x02, 0x8e, 0x07, 0x00, 0xe2, 0x2f, 0x00, 0x02, 0x72, 0x03, 0x00,
  0xff, 0x00, 0x00, 0x00, 0x00, 0x0f, 0x00, 0x00, 0x00, 0xc8, 0x0f, 0x00,
  0x11, 0x7c, 0x00, 0x00, 0x08, 0x00, 0x00, 0x00, 0xff, 0x20, 0x8e, 0x0f,
  0x00, 0xe2, 0x0f, 0x00, 0x35, 0x7c, 0x06, 0x02, 0x0c, 0x00, 0x00, 0x00,
  0x00, 0x02, 0x8e, 0x0f, 0x00, 0xe4, 0x0f, 0x00, 0x1d, 0x7b, 0x00, 0x00,
  0x00, 0x00, 0x00, 0x00, 0x00, 0x00, 0x01, 0x00, 0x00, 0xec, 0x0f, 0x00,
  0x47, 0x09, 0x34, 0x00, 0x04, 0x00, 0x00, 0x00, 0x00, 0x00, 0x80, 0x03,
  0x00, 0xea, 0x0f, 0x00, 0x0c, 0x7c, 0x00, 0x02, 0x04, 0x00, 0x00, 0x00,
  0x70, 0x62, 0xf0, 0x0b, 0x00, 0xe2, 0x0f, 0x00, 0x84, 0x79, 0x08, 0x00,
  0x00, 0x00, 0x00, 0x00, 0x00, 0x0c, 0x00, 0x00, 0x00, 0x58, 0x0e, 0x00,
  0x82, 0x8b, 0x0e, 0xff, 0x00, 0x04, 0x01, 0x00, 0x00, 0x0a, 0x00, 0x00,
  0x00, 0xb0, 0x0e, 0x00, 0x82, 0x8b, 0x04, 0xff, 0x00, 0xf8, 0x00, 0x00,
  0x00, 0x0a, 0x00, 0x00, 0x00, 0xe2, 0x0e, 0x00, 0x25, 0x82, 0x02, 0x19,
  0x0e, 0x00, 0x00, 0x00, 0x06, 0x00, 0x8e, 0x07, 0x00, 0xc8, 0x4f, 0x00,
  0x24, 0x82, 0x03, 0x19, 0x0f, 0x00, 0x00, 0x00, 0x03, 0x02, 0x8e, 0x07,
  0x00, 0xe2, 0x0f, 0x04, 0x10, 0x78, 0x0f, 0x19, 0x08, 0x00, 0x00, 0x00,
  0xff, 0xe0, 0xff, 0x07, 0x00, 0xc8, 0x0f, 0x00, 0x35, 0x82, 0x02, 0x02,
  0x04, 0x00, 0x00, 0x00, 0x00, 0x02, 0x8e, 0x07, 0x00, 0xe4, 0x8f, 0x00,
  0x0c, 0x7c, 0x00, 0x0f, 0x06, 0x00, 0x00, 0x00, 0x70, 0x62, 0xf2, 0x0b,
  0x00, 0xc8, 0x0f, 0x00, 0x86, 0x89, 0x00, 0x02, 0x08, 0x00, 0x00, 0x00,
  0x0e, 0x1d, 0x10, 0x0c, 0x00, 0xf2, 0x23, 0x00, 0x47, 0x19, 0x08, 0x00,
  0x04, 0x00, 0x00, 0x00, 0x00, 0x00, 0x80, 0x03, 0x00, 0xea, 0x0f, 0x00,
  0x84, 0x79, 0x08, 0x00, 0x00, 0x00, 0x08, 0x00, 0x00, 0x0c, 0x00, 0x00,
  0x00, 0x62, 0x2e, 0x00, 0x82, 0x8b, 0x10, 0xff, 0x00, 0x04, 0x01, 0x00,
  0x00, 0x0a, 0x00, 0x00, 0x00, 0xb0, 0x0e, 0x00, 0x82, 0x8b, 0x04, 0xff,
  0x00, 0xf8, 0x00, 0x00, 0x00, 0x0a, 0x00, 0x00, 0x00, 0xe2, 0x0e, 0x00,
  0x25, 0x82, 0x02, 0x0f, 0x10, 0x00, 0x00, 0x00, 0x06, 0x00, 0x8e, 0x07,
  0x00, 0xc8, 0x4f, 0x00, 0x24, 0x82, 0x03, 0x0f, 0x11, 0x00, 0x00, 0x00,
  0x03, 0x02, 0x8e, 0x07, 0x00, 0xe2, 0x0f, 0x00, 0x10, 0x78, 0x0f, 0x19,
  0x10, 0x00, 0x00, 0x00, 0xff, 0xe0, 0xff, 0x07, 0x00, 0xc8, 0x0f, 0x00,
  0x35, 0x82, 0x02, 0x02, 0x04, 0x00, 0x00, 0x00, 0x00, 0x02, 0x8e, 0x07,
  0x00, 0xe4, 0x8f, 0x00, 0x0c, 0x7c, 0x00, 0x0f, 0x06, 0x00, 0x00, 0x00,
  0x70, 0x62, 0xf2, 0x0b, 0x00, 0xc8, 0x0f, 0x00, 0x86, 0x89, 0x00, 0x02,
  0x08, 0x00, 0x00, 0x00, 0x0e, 0x1d, 0x10, 0x0c, 0x00, 0xf2, 0x25, 0x00,
  0x47, 0x19, 0xe0, 0x00, 0x00, 0x00, 0x00, 0x00, 0x00, 0x00, 0x80, 0x03,
  0x00, 0xea, 0x0f, 0x00, 0x84, 0x79, 0x08, 0x00, 0x00, 0x00, 0x10, 0x00,
  0x00, 0x0c, 0x00, 0x00, 0x00, 0x62, 0x4e, 0x00, 0x82, 0x8b, 0x10, 0xff,
  0x00, 0x04, 0x01, 0x00, 0x00, 0x0a, 0x00, 0x00, 0x00, 0xb0, 0x0e, 0x00,
  0x82, 0x8b, 0x04, 0xff, 0x00, 0xf8, 0x00, 0x00, 0x00, 0x0a, 0x00, 0x00,
  0x00, 0xe2, 0x0e, 0x00, 0x25, 0x82, 0x02, 0x0f, 0x10, 0x00, 0x00, 0x00,
  0x06, 0x00, 0x8e, 0x07, 0x00, 0xc8, 0x4f, 0x00, 0x24, 0x82, 0x03, 0x0f,
  0x11, 0x00, 0x00, 0x00, 0x03, 0x02, 0x8e, 0x07, 0x00, 0xe2, 0x0f, 0x00,
  0x10, 0x78, 0x0f, 0x19, 0x18, 0x00, 0x00, 0x00, 0xff, 0xe0, 0xff, 0x07,
  0x00, 0xc8, 0x0f, 0x00, 0x35, 0x82, 0x02, 0x02, 0x04, 0x00, 0x00, 0x00,
  0x00, 0x02, 0x8e, 0x07, 0x00, 0xe4, 0x8f, 0x00, 0x0c, 0x7c, 0x00, 0x0f,
  0x06, 0x00, 0x00, 0x00, 0x70, 0x62, 0xf2, 0x0b, 0x00, 0xc8, 0x0f, 0x00,
  0x86, 0x89, 0x00, 0x02, 0x08, 0x00, 0x00, 0x00, 0x0e, 0x1d, 0x10, 0x0c,
  0x00, 0xf2, 0x27, 0x00, 0x47, 0x19, 0xb8, 0x00, 0x00, 0x00, 0x00, 0x00,
  0x00, 0x00, 0x80, 0x03, 0x00, 0xea, 0x0f, 0x00, 0x84, 0x79, 0x08, 0x00,
  0x00, 0x00, 0x18, 0x00, 0x00, 0x0c, 0x00, 0x00, 0x00, 0x62, 0x8e, 0x00,
  0x82, 0x8b, 0x10, 0xff, 0x00, 0x04, 0x01, 0x00, 0x00, 0x0a, 0x00, 0x00,
  0x00, 0xb0, 0x0e, 0x00, 0x82, 0x8b, 0x04, 0xff, 0x00, 0xf8, 0x00, 0x00,
  0x00, 0x0a, 0x00, 0x00, 0x00, 0xe2, 0x0e, 0x00, 0x25, 0x82, 0x02, 0x0f,
  0x10, 0x00, 0x00, 0x00, 0x06, 0x00, 0x8e, 0x07, 0x00, 0xc8, 0x4f, 0x00,
  0x24, 0x82, 0x03, 0x0f, 0x11, 0x00, 0x00, 0x00, 0x03, 0x02, 0x8e, 0x07,
  0x00, 0xe2, 0x0f, 0x00, 0x10, 0x78, 0x0f, 0x19, 0x20, 0x00, 0x00, 0x00,
  0xff, 0xe0, 0xff, 0x07, 0x00, 0xc8, 0x0f, 0x00, 0x35, 0x82, 0x02, 0x02,
  0x04, 0x00, 0x00, 0x00, 0x00, 0x02, 0x8e, 0x07, 0x00, 0xe4, 0x8f, 0x00,
  0x0c, 0x7c, 0x00, 0x0f, 0x06, 0x00, 0x00, 0x00, 0x70, 0x62, 0xf2, 0x0b,
  0x00, 0xc8, 0x0f, 0x00, 0x86, 0x89, 0x00, 0x02, 0x08, 0x00, 0x00, 0x00,
  0x0e, 0x1d, 0x10, 0x0c, 0x00, 0xf2, 0x29, 0x00, 0x47, 0x19, 0x90, 0x00,
  0x00, 0x00, 0x00, 0x00, 0x00, 0x00, 0x80, 0x03, 0x00, 0xea, 0x0f, 0x00,
  0x84, 0x79, 0x08, 0x00, 0x00, 0x00, 0x20, 0x00, 0x00, 0x0c, 0x00, 0x00,
  0x00, 0x62, 0x0e, 0x01, 0x82, 0x8b, 0x10, 0xff, 0x00, 0x04, 0x01, 0x00,
  0x00, 0x0a, 0x00, 0x00, 0x00, 0xb0, 0x0e, 0x00, 0x82, 0x8b, 0x04, 0xff,
  0x00, 0xf8, 0x00, 0x00, 0x00, 0x0a, 0x00, 0x00, 0x00, 0xe2, 0x0e, 0x00,
  0x25, 0x82, 0x02, 0x0f, 0x10, 0x00, 0x00, 0x00, 0x06, 0x00, 0x8e, 0x07,
  0x00, 0xc8, 0x4f, 0x00, 0x24, 0x82, 0x03, 0x0f, 0x11, 0x00, 0x00, 0x00,
  0x03, 0x02, 0x8e, 0x07, 0x00, 0xe2, 0x0f, 0x00, 0x10, 0x78, 0x0f, 0x19,
  0x28, 0x00, 0x00, 0x00, 0xff, 0xe0, 0xff, 0x07, 0x00, 0xc8, 0x0f, 0x00,
  0x35, 0x82, 0x02, 0x02, 0x04, 0x00, 0x00, 0x00, 0x00, 0x02, 0x8e, 0x07,
  0x00, 0xe4, 0x8f, 0x00, 0x0c, 0x7c, 0x00, 0x0f, 0x06, 0x00, 0x00, 0x00,
  0x70, 0x62, 0xf2, 0x0b, 0x00, 0xc8, 0x0f, 0x00, 0x86, 0x89, 0x00, 0x02,
  0x08, 0x00, 0x00, 0x00, 0x0e, 0x1d, 0x10, 0x0c, 0x00, 0xf2, 0x23, 0x00,
  0x47, 0x19, 0x68, 0x00, 0x00, 0x00, 0x00, 0x00, 0x00, 0x00, 0x80, 0x03,
  0x00, 0xea, 0x0f, 0x00, 0x84, 0x79, 0x08, 0x00, 0x00, 0x00, 0x28, 0x00,
  0x00, 0x0c, 0x00, 0x00, 0x00, 0x62, 0x2e, 0x00, 0x82, 0x8b, 0x10, 0xff,
  0x00, 0x04, 0x01, 0x00, 0x00, 0x0a, 0x00, 0x00, 0x00, 0xb0, 0x0e, 0x00,
  0x82, 0x8b, 0x04, 0xff, 0x00, 0xf8, 0x00, 0x00, 0x00, 0x0a, 0x00, 0x00,
  0x00, 0xe2, 0x0e, 0x00, 0x25, 0x82, 0x02, 0x0f, 0x10, 0x00, 0x00, 0x00,
  0x06, 0x00, 0x8e, 0x07, 0x00, 0xc8, 0x4f, 0x00, 0x24, 0x82, 0x03, 0x0f,
  0x11, 0x00, 0x00, 0x00, 0x03, 0x02, 0x8e, 0x07, 0x00, 0xe2, 0x0f, 0x00,
  0x10, 0x78, 0x0f, 0x19, 0x30, 0x00, 0x00, 0x00, 0xff, 0xe0, 0xff, 0x07,
  0x00, 0xc8, 0x0f, 0x00, 0x35, 0x82, 0x02, 0x02, 0x04, 0x00, 0x00, 0x00,
  0x00, 0x02, 0x8e, 0x07, 0x00, 0xe4, 0x8f, 0x00, 0x0c, 0x7c, 0x00, 0x0f,
  0x06, 0x00, 0x00, 0x00, 0x70, 0x62, 0xf2, 0x0b, 0x00, 0xc8, 0x0f, 0x00,
  0x86, 0x89, 0x00, 0x02, 0x08, 0x00, 0x00, 0x00, 0x0e, 0x1d, 0x10, 0x0c,
  0x00, 0xf2, 0x23, 0x00, 0x47, 0x19, 0x40, 0x00, 0x00, 0x00, 0x00, 0x00,
  0x00, 0x00, 0x80, 0x03, 0x00, 0xea, 0x0f, 0x00, 0x10, 0x78, 0x19, 0x19,
  0x38, 0x00, 0x00, 0x00, 0xff, 0xe0, 0xff, 0x07, 0x00, 0xe2, 0x0f, 0x00,
  0x84, 0x79, 0x10, 0x00, 0x00, 0x00, 0x30, 0x00, 0x00, 0x0c, 0x00, 0x00,
  0x00, 0xa2, 0x0e, 0x00, 0x82, 0x8b, 0x1a, 0xff, 0x00, 0x04, 0x01, 0x00,
  0x00, 0x0a, 0x00, 0x00, 0x00, 0xe6, 0x0e, 0x00, 0x0c, 0x7c, 0x00, 0x19,
  0x06, 0x00, 0x00, 0x00, 0x70, 0x66, 0x72, 0x08, 0x00, 0xe2, 0x0f, 0x00,
  0x84, 0x79, 0x14, 0x00, 0x00, 0x00, 0x38, 0x00, 0x00, 0x0c, 0x00, 0x00,
  0x00, 0x28, 0x0f, 0x00, 0x82, 0x8b, 0x08, 0xff, 0x00, 0xf8, 0x00, 0x00,
  0x00, 0x0a, 0x00, 0x00, 0x00, 0x70, 0x2e, 0x00, 0x82, 0x9b, 0x1c, 0xff,
  0x00, 0x04, 0x01, 0x00, 0x00, 0x0a, 0x00, 0x00, 0x00, 0x70, 0x0f, 0x00,
  0x82, 0x9b, 0x0a, 0xff, 0x00, 0xf8, 0x00, 0x00, 0x00, 0x0a, 0x00, 0x00,
  0x00, 0x22, 0x0f, 0x00, 0x25, 0x82, 0x02, 0x0f, 0x1a, 0x00, 0x00, 0x00,
  0x06, 0x00, 0x8e, 0x07, 0x00, 0xc8, 0x8f, 0x00, 0x24, 0x82, 0x03, 0x0f,
  0x1b, 0x00, 0x00, 0x00, 0x03, 0x02, 0x8e, 0x07, 0x00, 0xca, 0x0f, 0x00,
  0x35, 0x82, 0x02, 0x02, 0x08, 0x00, 0x00, 0x00, 0x00, 0x02, 0x8e, 0x07,
  0x00, 0xe4, 0x2f, 0x00, 0x25, 0x92, 0x04, 0x19, 0x1c, 0x00, 0x00, 0x00,
  0x06, 0x00, 0x8e, 0x07, 0x00, 0xc8, 0x0f, 0x02, 0x86, 0x89, 0x00, 0x02,
  0x10, 0x00, 0x00, 0x00, 0x0e, 0x1d, 0x10, 0x0c, 0x00, 0xe2, 0x43, 0x00,
  0x24, 0x92, 0x05, 0x19, 0x1d, 0x00, 0x00, 0x00, 0x05, 0x02, 0x8e, 0x07,
  0x00, 0xca, 0x0f, 0x00, 0x35, 0x92, 0x04, 0x04, 0x0a, 0x00, 0x00, 0x00,
  0x00, 0x02, 0x8e, 0x07, 0x00, 0xcc, 0x0f, 0x01, 0x86, 0x99, 0x00, 0x04,
  0x14, 0x00, 0x00, 0x00, 0x0e, 0x1d, 0x10, 0x0c, 0x00, 0xe4, 0x03, 0x00,
  0x41, 0x79, 0x00, 0x00, 0x00, 0x00, 0x00, 0x00, 0x00, 0x02, 0x80, 0x03,
  0x00, 0xea, 0x0f, 0x00, 0xac, 0x77, 0x08, 0xff, 0x00, 0x7d, 0x00, 0x00,
  0x00, 0x0a, 0x00, 0x08, 0x00, 0x64, 0x0f, 0x00, 0x0c, 0x7c, 0x00, 0xff,
  0x08, 0x00, 0x00, 0x00, 0x70, 0x52, 0xf1, 0x0b, 0x00, 0xdc, 0x0f, 0x02,
  0x4d, 0x89, 0x00, 0x00, 0x00, 0x00, 0x00, 0x00, 0x00, 0x00, 0x80, 0x03,
  0x00, 0xea, 0x0f, 0x00, 0x82, 0x7b, 0x06, 0xff, 0x00, 0x06, 0x01, 0x00,
  0x00, 0x0a, 0x00, 0x00, 0x00, 0x62, 0x0e, 0x00, 0x12, 0x78, 0xff, 0x0c,
  0x83, 0x03, 0x00, 0x00, 0xff, 0xc0, 0x80, 0x07, 0x00, 0xe2, 0x0f, 0x00,
  0x02, 0x7c, 0x09, 0x00, 0x05, 0x00, 0x00, 0x00, 0x00, 0x0f, 0x00, 0x08,
  0x00, 0xd8, 0xef, 0x01, 0x4d, 0x09, 0x00, 0x00, 0x00, 0x00, 0x00, 0x00,
  0x00, 0x00, 0x80, 0x03, 0x00, 0xea, 0x0f, 0x00, 0x10, 0x7c, 0x00, 0x0d,
  0x0a, 0x00, 0x00, 0x00, 0xff, 0xe0, 0xff, 0x0f, 0x00, 0xe2, 0x0f, 0x04,
  0x25, 0x72, 0x04, 0x0d, 0x06, 0x00, 0x00, 0x00, 0xff, 0x00, 0x8e, 0x07,
  0x00, 0xc8, 0x0f, 0x00, 0x0c, 0x7c, 0x00, 0x00, 0x06, 0x00, 0x00, 0x00,
  0x70, 0x62, 0xf0, 0x0b, 0x00, 0xe2, 0x0f, 0x04, 0x24, 0x72, 0x05, 0x0d,
  0x07, 0x00, 0x00, 0x00, 0x05, 0x02, 0x8e, 0x07, 0x00, 0xe2, 0x0f, 0x00,
  0x10, 0x78, 0x00, 0x00, 0x08, 0x00, 0x00, 0x00, 0xff, 0xe0, 0xff, 0x07,
  0x00, 0xe2, 0x0f, 0x00, 0x25, 0x78, 0x04, 0x09, 0x08, 0x00, 0x00, 0x00,
  0x04, 0x02, 0x8e, 0x07, 0x00, 0xc8, 0x0f, 0x00, 0x0c, 0x7c, 0x00, 0x00,
  0x06, 0x00, 0x00, 0x00, 0x70, 0x62, 0xf2, 0x0b, 0x00, 0xcc, 0x0f, 0x00,
  0x24, 0x8c, 0x02, 0x06, 0x0a, 0x00, 0x00, 0x00, 0xff, 0x02, 0x8e, 0x0f,
  0x00, 0xca, 0x0f, 0x00, 0x19, 0x88, 0x03, 0xff, 0x1f, 0x00, 0x00, 0x00,
  0x02, 0x14, 0x01, 0x00, 0x00, 0xca, 0x0f, 0x00, 0x35, 0x82, 0x02, 0x04,
  0x02, 0x00, 0x00, 0x00, 0x00, 0x02, 0x8e, 0x07, 0x00, 0xc8, 0x0f, 0x00,
  0x35, 0x8c, 0x02, 0x02, 0x08, 0x00, 0x00, 0x00, 0x00, 0x02, 0x8e, 0x0f,
  0x00, 0xcc, 0x0f, 0x00, 0x86, 0x89, 0x00, 0x02, 0xd5, 0x00, 0x00, 0x00,
  0x0e, 0x19, 0x10, 0x0c, 0x00, 0xe8, 0x03, 0x00, 0x86, 0x89, 0x00, 0x02,
  0x21, 0x04, 0x00, 0x00, 0x0e, 0x19, 0x10, 0x0c, 0x00, 0xe2, 0x03, 0x00,
  0x4d, 0x19, 0x00, 0x00, 0x00, 0x00, 0x00, 0x00, 0x00, 0x00, 0x80, 0x03,
  0x00, 0xea, 0x0f, 0x00, 0x90, 0x78, 0x04, 0x0a, 0x08, 0x00, 0x00, 0x00,
  0xff, 0xe0, 0xff, 0x0f, 0x00, 0xcc, 0x0f, 0x00, 0x24, 0x7c, 0x02, 0x06,
  0x04, 0x00, 0x00, 0x00, 0xff, 0x02, 0x8e, 0x0f, 0x00, 0xca, 0x2f, 0x00,
  0x19, 0x78, 0x03, 0xff, 0x1f, 0x00, 0x00, 0x00, 0x02, 0x14, 0x01, 0x00,
  0x00, 0xca, 0x0f, 0x00, 0x35, 0x72, 0x02, 0x04, 0x02, 0x00, 0x00, 0x00,
  0x00, 0x02, 0x8e, 0x07, 0x00, 0xc8, 0x0f, 0x00, 0x35, 0x7c, 0x02, 0x02,
  0x08, 0x00, 0x00, 0x00, 0x00, 0x02, 0x8e, 0x0f, 0x00, 0xcc, 0x0f, 0x00,
  0x86, 0x79, 0x00, 0x02, 0xd7, 0x00, 0x00, 0x00, 0x0e, 0x19, 0x10, 0x0c,
  0x00, 0xe8, 0x0f, 0x00, 0x86, 0x79, 0x00, 0x02, 0xd8, 0x04, 0x00, 0x00,
  0x0e, 0x19, 0x10, 0x0c, 0x00, 0xe2, 0x0f, 0x00, 0x4d, 0x79, 0x00, 0x00,
  0x00, 0x00, 0x00, 0x00, 0x00, 0x00, 0x80, 0x03, 0x00, 0xea, 0x0f, 0x00,
  0x47, 0x79, 0xfc, 0x00, 0xfc, 0xff, 0xff, 0xff, 0xff, 0xff, 0x83, 0x03,
  0x00, 0xc0, 0x0f, 0x00, 0x18, 0x79, 0x00, 0x00, 0x00, 0x00, 0x00, 0x00,
  0x00, 0x00, 0x00, 0x00, 0x00, 0xc0, 0x0f, 0x00, 0x18, 0x79, 0x00, 0x00,
  0x00, 0x00, 0x00, 0x00, 0x00, 0x00, 0x00, 0x00, 0x00, 0xc0, 0x0f, 0x00,
  0x18, 0x79, 0x00, 0x00, 0x00, 0x00, 0x00, 0x00, 0x00, 0x00, 0x00, 0x00,
  0x00, 0xc0, 0x0f, 0x00, 0x18, 0x79, 0x00, 0x00, 0x00, 0x00, 0x00, 0x00,
  0x00, 0x00, 0x00, 0x00, 0x00, 0xc0, 0x0f, 0x00, 0x18, 0x79, 0x00, 0x00,
  0x00, 0x00, 0x00, 0x00, 0x00, 0x00, 0x00, 0x00, 0x00, 0xc0, 0x0f, 0x00,
  0x18, 0x79, 0x00, 0x00, 0x00, 0x00, 0x00, 0x00, 0x00, 0x00, 0x00, 0x00,
  0x00, 0xc0, 0x0f, 0x00, 0x18, 0x79, 0x00, 0x00, 0x00, 0x00, 0x00, 0x00,
  0x00, 0x00, 0x00, 0x00, 0x00, 0xc0, 0x0f, 0x00, 0x18, 0x79, 0x00, 0x00,
  0x00, 0x00, 0x00, 0x00, 0x00, 0x00, 0x00, 0x00, 0x00, 0xc0, 0x0f, 0x00,
  0x00, 0x00, 0x00, 0x00, 0x00, 0x00, 0x00, 0x00, 0x00, 0x00, 0x00, 0x00,
  0x00, 0x00, 0x00, 0x00, 0x00, 0x00, 0x00, 0x00, 0x00, 0x00, 0x00, 0x00,
  0x00, 0x00, 0x00, 0x00, 0x00, 0x00, 0x00, 0x00, 0x00, 0x00, 0x00, 0x00,
  0x00, 0x00, 0x00, 0x00, 0x00, 0x00, 0x00, 0x00, 0x00, 0x00, 0x00, 0x00,
  0x00, 0x00, 0x00, 0x00, 0x00, 0x00, 0x00, 0x00, 0x00, 0x00, 0x00, 0x00,
  0x00, 0x00, 0x00, 0x00, 0x00, 0x00, 0x00, 0x00, 0x00, 0x00, 0x00, 0x00,
  0x00, 0x00, 0x00, 0x00, 0x00, 0x00, 0x00, 0x00, 0x00, 0x00, 0x00, 0x00,
  0x00, 0x00, 0x00, 0x00, 0x00, 0x00, 0x00, 0x00, 0x00, 0x00, 0x00, 0x00,
  0x00, 0x00, 0x00, 0x00, 0x00, 0x00, 0x00, 0x00, 0x00, 0x00, 0x00, 0x00,
  0x00, 0x00, 0x00, 0x00, 0x00, 0x00, 0x00, 0x00, 0x00, 0x00, 0x00, 0x00,
  0x00, 0x00, 0x00, 0x00, 0x00, 0x00, 0x00, 0x00, 0x00, 0x00, 0x00, 0x00,
  0x00, 0x00, 0x00, 0x00, 0x00, 0x00, 0x00, 0x00, 0x00, 0x00, 0x00, 0x00,
  0x00, 0x00, 0x00, 0x00, 0x00, 0x00, 0x00, 0x00, 0x00, 0x00, 0x00, 0x00,
  0x00, 0x00, 0x00, 0x00, 0x00, 0x00, 0x00, 0x00, 0x00, 0x00, 0x00, 0x00,
  0x00, 0x00, 0x00, 0x00, 0x00, 0x00, 0x00, 0x00, 0x00, 0x00, 0x00, 0x00,
  0x00, 0x00, 0x00, 0x00, 0x00, 0x00, 0x00, 0x00, 0x00, 0x00, 0x00, 0x00,
  0x00, 0x00, 0x00, 0x00, 0x00, 0x00, 0x00, 0x00, 0x00, 0x00, 0x00, 0x00,
  0x00, 0x00, 0x00, 0x00, 0x00, 0x00, 0x00, 0x00, 0x00, 0x00, 0x00, 0x00,
  0x00, 0x00, 0x00, 0x00, 0x00, 0x00, 0x00, 0x00, 0x00, 0x00, 0x00, 0x00,
  0x00, 0x00, 0x00, 0x00, 0x00, 0x00, 0x00, 0x00, 0x00, 0x00, 0x00, 0x00,
  0x00, 0x00, 0x00, 0x00, 0x00, 0x00, 0x00, 0x00, 0x00, 0x00, 0x00, 0x00,
  0x00, 0x00, 0x00, 0x00, 0x00, 0x00, 0x00, 0x00, 0x00, 0x00, 0x00, 0x00,
  0x00, 0x00, 0x00, 0x00, 0x00, 0x00, 0x00, 0x00, 0x00, 0x00, 0x00, 0x00,
  0x00, 0x00, 0x00, 0x00, 0x00, 0x00, 0x00, 0x00, 0x00, 0x00, 0x00, 0x00,
  0x00, 0x00, 0x00, 0x00, 0x00, 0x00, 0x00, 0x00, 0x00, 0x00, 0x00, 0x00,
  0x00, 0x00, 0x00, 0x00, 0x00, 0x00, 0x00, 0x00, 0x00, 0x00, 0x00, 0x00,
  0x00, 0x00, 0x00, 0x00, 0x00, 0x00, 0x00, 0x00, 0x00, 0x00, 0x00, 0x00,
  0x00, 0x00, 0x00, 0x00, 0x00, 0x00, 0x00, 0x00, 0x00, 0x00, 0x00, 0x00,
  0x00, 0x00, 0x00, 0x00, 0x00, 0x00, 0x00, 0x00, 0x00, 0x00, 0x00, 0x00,
  0x00, 0x00, 0x00, 0x00, 0x00, 0x00, 0x00, 0x00, 0x00, 0x00, 0x00, 0x00,
  0x00, 0x00, 0x00, 0x00, 0x00, 0x00, 0x00, 0x00, 0x00, 0x00, 0x00, 0x00,
  0x00, 0x00, 0x00, 0x00, 0x00, 0x00, 0x00, 0x00, 0x00, 0x00, 0x00, 0x00,
  0x00, 0x00, 0x00, 0x00, 0x00, 0x00, 0x00, 0x00, 0x00, 0x00, 0x00, 0x00,
  0x00, 0x00, 0x00, 0x00, 0x00, 0x00, 0x00, 0x00, 0x00, 0x00, 0x00, 0x00,
  0x00, 0x00, 0x00, 0x00, 0x00, 0x00, 0x00, 0x00, 0x00, 0x00, 0x00, 0x00,
  0x00, 0x00, 0x00, 0x00, 0x00, 0x00, 0x00, 0x00, 0x00, 0x00, 0x00, 0x00,
  0x00, 0x00, 0x00, 0x00, 0x00, 0x00, 0x00, 0x00, 0x00, 0x00, 0x00, 0x00,
  0x00, 0x00, 0x00, 0x00, 0x00, 0x00, 0x00, 0x00, 0x00, 0x00, 0x00, 0x00,
  0x00, 0x00, 0x00, 0x00, 0x00, 0x00, 0x00, 0x00, 0x00, 0x00, 0x00, 0x00,
  0x00, 0x00, 0x00, 0x00, 0x00, 0x00, 0x00, 0x00, 0x00, 0x00, 0x00, 0x00,
  0x00, 0x00, 0x00, 0x00, 0x00, 0x00, 0x00, 0x00, 0x00, 0x00, 0x00, 0x00,
  0x00, 0x00, 0x00, 0x00, 0x00, 0x00, 0x00, 0x00, 0x00, 0x00, 0x00, 0x00,
  0x00, 0x00, 0x00, 0x00, 0x00, 0x00, 0x00, 0x00, 0x00, 0x00, 0x00, 0x00,
  0x00, 0x00, 0x00, 0x00, 0x00, 0x00, 0x00, 0x00, 0x00, 0x00, 0x00, 0x00,
  0x00, 0x00, 0x00, 0x00, 0x00, 0x00, 0x00, 0x00, 0x00, 0x00, 0x00, 0x00,
  0x00, 0x00, 0x00, 0x00, 0x00, 0x00, 0x00, 0x00, 0x00, 0x00, 0x00, 0x00,
  0x00, 0x00, 0x00, 0x00, 0x00, 0x00, 0x00, 0x00, 0x00, 0x00, 0x00, 0x00,
  0x00, 0x00, 0x00, 0x00, 0x00, 0x00, 0x00, 0x00, 0x00, 0x00, 0x00, 0x00,
  0x00, 0x00, 0x00, 0x00, 0x00, 0x00, 0x00, 0x00, 0x00, 0x00, 0x00, 0x00,
  0x00, 0x00, 0x00, 0x00, 0x00, 0x00, 0x00, 0x00, 0x00, 0x00, 0x00, 0x00,
  0x00, 0x00, 0x00, 0x00, 0x00, 0x00, 0x00, 0x00, 0x00, 0x00, 0x00, 0x00,
  0x00, 0x00, 0x00, 0x00, 0x00, 0x00, 0x00, 0x00, 0x00, 0x00, 0x00, 0x00,
  0x00, 0x00, 0x00, 0x00, 0x00, 0x00, 0x00, 0x00, 0x00, 0x00, 0x00, 0x00,
  0x00, 0x00, 0x00, 0x00, 0x00, 0x00, 0x00, 0x00, 0x00, 0x00, 0x00, 0x00,
  0x00, 0x00, 0x00, 0x00, 0x00, 0x00, 0x00, 0x00, 0x00, 0x00, 0x00, 0x00,
  0x00, 0x00, 0x00, 0x00, 0x00, 0x00, 0x00, 0x00, 0x00, 0x00, 0x00, 0x00,
  0x00, 0x00, 0x00, 0x00, 0x00, 0x00, 0x00, 0x00, 0x00, 0x00, 0x00, 0x00,
  0x00, 0x00, 0x00, 0x00, 0x00, 0x00, 0x00, 0x00, 0x00, 0x00, 0x00, 0x00,
  0x00, 0x00, 0x00, 0x00, 0x00, 0x00, 0x00, 0x00, 0x00, 0x00, 0x00, 0x00,
  0x00, 0x00, 0x00, 0x00, 0x00, 0x00, 0x00, 0x00, 0x00, 0x00, 0x00, 0x00,
  0x00, 0x00, 0x00, 0x00, 0x00, 0x00, 0x00, 0x00, 0x00, 0x00, 0x00, 0x00,
  0x00, 0x00, 0x00, 0x00, 0x00, 0x00, 0x00, 0x00, 0x00, 0x00, 0x00, 0x00,
  0x00, 0x00, 0x00, 0x00, 0x00, 0x00, 0x00, 0x00, 0x00, 0x00, 0x00, 0x00,
  0x00, 0x00, 0x00, 0x00, 0x00, 0x00, 0x00, 0x00, 0x00, 0x00, 0x00, 0x00,
  0x00, 0x00, 0x00, 0x00, 0x00, 0x00, 0x00, 0x00, 0x00, 0x00, 0x00, 0x00,
  0x00, 0x00, 0x00, 0x00, 0x00, 0x00, 0x00, 0x00, 0x00, 0x00, 0x00, 0x00,
  0x00, 0x00, 0x00, 0x00, 0x00, 0x00, 0x00, 0x00, 0x00, 0x00, 0x00, 0x00,
  0x00, 0x00, 0x00, 0x00, 0x00, 0x00, 0x00, 0x00, 0x00, 0x00, 0x00, 0x00,
  0x00, 0x00, 0x00, 0x00, 0x00, 0x00, 0x00, 0x00, 0x00, 0x00, 0x00, 0x00,
  0x00, 0x00, 0x00, 0x00, 0x00, 0x00, 0x00, 0x00, 0x00, 0x00, 0x00, 0x00,
  0x00, 0x00, 0x00, 0x00, 0x00, 0x00, 0x00, 0x00, 0x00, 0x00, 0x00, 0x00,
  0x00, 0x00, 0x00, 0x00, 0x00, 0x00, 0x00, 0x00, 0x00, 0x00, 0x00, 0x00,
  0x00, 0x00, 0x00, 0x00, 0x00, 0x00, 0x00, 0x00, 0x00, 0x00, 0x00, 0x00,
  0x00, 0x00, 0x00, 0x00, 0x00, 0x00, 0x00, 0x00, 0x00, 0x00, 0x00, 0x00,
  0x00, 0x00, 0x00, 0x00, 0x00, 0x00, 0x00, 0x00, 0x00, 0x00, 0x00, 0x00,
  0x00, 0x00, 0x00, 0x00, 0x00, 0x00, 0x00, 0x00, 0x00, 0x00, 0x00, 0x00,
  0x00, 0x00, 0x00, 0x00, 0x00, 0x00, 0x00, 0x00, 0x00, 0x00, 0x00, 0x00,
  0x00, 0x00, 0x00, 0x00, 0x00, 0x00, 0x00, 0x00, 0x00, 0x00, 0x00, 0x00,
  0x00, 0x00, 0x00, 0x00, 0x00, 0x00, 0x00, 0x00, 0x00, 0x00, 0x00, 0x00,
  0x00, 0x00, 0x00, 0x00, 0x00, 0x00, 0x00, 0x00, 0x00, 0x00, 0x00, 0x00,
  0x00, 0x00, 0x00, 0x00, 0x00, 0x00, 0x00, 0x00, 0x00, 0x00, 0x00, 0x00,
  0x00, 0x00, 0x00, 0x00, 0x00, 0x00, 0x00, 0x00, 0x00, 0x00, 0x00, 0x00,
  0x00, 0x00, 0x00, 0x00, 0x00, 0x00, 0x00, 0x00, 0x00, 0x00, 0x00, 0x00,
  0x00, 0x00, 0x00, 0x00, 0x00, 0x00, 0x00, 0x00, 0x00, 0x00, 0x00, 0x00,
  0x00, 0x00, 0x00, 0x00, 0x00, 0x00, 0x00, 0x00, 0x00, 0x00, 0x00, 0x00,
  0x00, 0x00, 0x00, 0x00, 0x00, 0x00, 0x00, 0x00, 0x00, 0x00, 0x00, 0x00,
  0x00, 0x00, 0x00, 0x00, 0x00, 0x00, 0x00, 0x00, 0x00, 0x00, 0x00, 0x00,
  0x00, 0x00, 0x00, 0x00, 0x00, 0x00, 0x00, 0x00, 0x00, 0x00, 0x00, 0x00,
  0x00, 0x00, 0x00, 0x00, 0x00, 0x00, 0x00, 0x00, 0x00, 0x00, 0x00, 0x00,
  0x00, 0x00, 0x00, 0x00, 0x00, 0x00, 0x00, 0x00, 0x00, 0x00, 0x00, 0x00,
  0x00, 0x00, 0x00, 0x00, 0x00, 0x00, 0x00, 0x00, 0x00, 0x00, 0x00, 0x00,
  0x00, 0x00, 0x00, 0x00, 0x00, 0x00, 0x00, 0x00, 0x00, 0x00, 0x00, 0x00,
  0x00, 0x00, 0x00, 0x00, 0x00, 0x00, 0x00, 0x00, 0x00, 0x00, 0x00, 0x00,
  0x00, 0x00, 0x00, 0x00, 0x00, 0x00, 0x00, 0x00, 0x00, 0x00, 0x00, 0x00,
  0x00, 0x00, 0x00, 0x00, 0x00, 0x00, 0x00, 0x00, 0x00, 0x00, 0x00, 0x00,
  0x00, 0x00, 0x00, 0x00, 0x00, 0x00, 0x00, 0x00, 0x00, 0x00, 0x00, 0x00,
  0x00, 0x00, 0x00, 0x00, 0x00, 0x00, 0x00, 0x00, 0x00, 0x00, 0x00, 0x00,
  0x00, 0x00, 0x00, 0x00, 0x00, 0x00, 0x00, 0x00, 0x00, 0x00, 0x00, 0x00,
  0x00, 0x00, 0x00, 0x00, 0x00, 0x00, 0x00, 0x00, 0x00, 0x00, 0x00, 0x00,
  0x00, 0x00, 0x00, 0x00, 0x00, 0x00, 0x00, 0x00, 0x00, 0x00, 0x00, 0x00,
  0x00, 0x00, 0x00, 0x00, 0x00, 0x00, 0x00, 0x00, 0x00, 0x00, 0x00, 0x00,
  0x00, 0x00, 0x00, 0x00, 0x00, 0x00, 0x00, 0x00, 0x00, 0x00, 0x00, 0x00,
  0x00, 0x00, 0x00, 0x00, 0x00, 0x00, 0x00, 0x00, 0x00, 0x00, 0x00, 0x00,
  0x00, 0x00, 0x00, 0x00, 0x00, 0x00, 0x00, 0x00, 0x00, 0x00, 0x00, 0x00,
  0x00, 0x00, 0x00, 0x00, 0x00, 0x00, 0x00, 0x00, 0x00, 0x00, 0x00, 0x00,
  0x00, 0x00, 0x00, 0x00, 0x00, 0x00, 0x00, 0x00, 0x00, 0x00, 0x00, 0x00,
  0x00, 0x00, 0x00, 0x00, 0x00, 0x00, 0x00, 0x00, 0x00, 0x00, 0x00, 0x00,
  0x00, 0x00, 0x00, 0x00, 0x00, 0x00, 0x00, 0x00, 0x00, 0x00, 0x00, 0x00,
  0x00, 0x00, 0x00, 0x00, 0x00, 0x00, 0x00, 0x00, 0x00, 0x00, 0x00, 0x00,
  0x00, 0x00, 0x00, 0x00, 0x00, 0x00, 0x00, 0x00, 0x00, 0x00, 0x00, 0x00,
  0x00, 0x00, 0x00, 0x00, 0x00, 0x00, 0x00, 0x00, 0x00, 0x00, 0x00, 0x00,
  0x00, 0x00, 0x00, 0x00, 0x00, 0x00, 0x00, 0x00, 0x00, 0x00, 0x00, 0x00,
  0x00, 0x00, 0x00, 0x00, 0x00, 0x00, 0x00, 0x00, 0x00, 0x00, 0x00, 0x00,
  0x00, 0x00, 0x00, 0x00, 0x00, 0x00, 0x00, 0x00, 0x00, 0x00, 0x00, 0x00,
  0x00, 0x00, 0x00, 0x00, 0x00, 0x00, 0x00, 0x00, 0x00, 0x00, 0x00, 0x00,
  0x00, 0x00, 0x00, 0x00, 0x00, 0x00, 0x00, 0x00, 0x00, 0x00, 0x00, 0x00,
  0x00, 0x00, 0x00, 0x00, 0x00, 0x00, 0x00, 0x00, 0x00, 0x00, 0x00, 0x00,
  0x00, 0x00, 0x00, 0x00, 0x00, 0x00, 0x00, 0x00, 0x00, 0x00, 0x00, 0x00,
  0x00, 0x00, 0x00, 0x00, 0x00, 0x00, 0x00, 0x00, 0x00, 0x00, 0x00, 0x00,
  0x00, 0x00, 0x00, 0x00, 0x00, 0x00, 0x00, 0x00, 0x00, 0x00, 0x00, 0x00,
  0x00, 0x00, 0x00, 0x00, 0x00, 0x00, 0x00, 0x00, 0x00, 0x00, 0x00, 0x00,
  0x00, 0x00, 0x00, 0x00, 0x00, 0x00, 0x00, 0x00, 0x00, 0x00, 0x00, 0x00,
  0x00, 0x00, 0x00, 0x00, 0x00, 0x00, 0x00, 0x00, 0x00, 0x00, 0x00, 0x00,
  0x00, 0x00, 0x00, 0x00, 0x00, 0x00, 0x00, 0x00, 0x00, 0x00, 0x00, 0x00,
  0x00, 0x00, 0x00, 0x00, 0x00, 0x00, 0x00, 0x00, 0x00, 0x00, 0x00, 0x00,
  0x00, 0x00, 0x00, 0x00, 0x00, 0x00, 0x00, 0x00, 0x00, 0x00, 0x00, 0x00,
  0x00, 0x00, 0x00, 0x00, 0x00, 0x00, 0x00, 0x00, 0x00, 0x00, 0x00, 0x00,
  0x00, 0x00, 0x00, 0x00, 0x00, 0x00, 0x00, 0x00, 0x00, 0x00, 0x00, 0x00,
  0x00, 0x00, 0x00, 0x00, 0x00, 0x00, 0x00, 0x00, 0x00, 0x00, 0x00, 0x00,
  0x00, 0x00, 0x00, 0x00, 0x00, 0x00, 0x00, 0x00, 0x00, 0x00, 0x00, 0x00,
  0x00, 0x00, 0x00, 0x00, 0x00, 0x00, 0x00, 0x00, 0x00, 0x00, 0x00, 0x00,
  0x00, 0x00, 0x00, 0x00, 0x00, 0x00, 0x00, 0x00, 0x00, 0x00, 0x00, 0x00,
  0x00, 0x00, 0x00, 0x00, 0x00, 0x00, 0x00, 0x00, 0x00, 0x00, 0x00, 0x00,
  0x00, 0x00, 0x00, 0x00, 0x00, 0x00, 0x00, 0x00, 0x00, 0x00, 0x00, 0x00,
  0x00, 0x00, 0x00, 0x00, 0x00, 0x00, 0x00, 0x00, 0x00, 0x00, 0x00, 0x00,
  0x00, 0x00, 0x00, 0x00, 0x00, 0x00, 0x00, 0x00, 0x00, 0x00, 0x00, 0x00,
  0x00, 0x00, 0x00, 0x00, 0x00, 0x00, 0x00, 0x00, 0x00, 0x00, 0x00, 0x00,
  0x00, 0x00, 0x00, 0x00, 0x00, 0x00, 0x00, 0x00, 0x00, 0x00, 0x00, 0x00,
  0x00, 0x00, 0x00, 0x00, 0x00, 0x00, 0x00, 0x00, 0x00, 0x00, 0x00, 0x00,
  0x00, 0x00, 0x00, 0x00, 0x00, 0x00, 0x00, 0x00, 0x00, 0x00, 0x00, 0x00,
  0x00, 0x00, 0x00, 0x00, 0x00, 0x00, 0x00, 0x00, 0x00, 0x00, 0x00, 0x00,
  0x00, 0x00, 0x00, 0x00, 0x00, 0x00, 0x00, 0x00, 0x00, 0x00, 0x00, 0x00,
  0x00, 0x00, 0x00, 0x00, 0x00, 0x00, 0x00, 0x00, 0x00, 0x00, 0x00, 0x00,
  0x00, 0x00, 0x00, 0x00, 0x00, 0x00, 0x00, 0x00, 0x00, 0x00, 0x00, 0x00,
  0x00, 0x00, 0x00, 0x00, 0x00, 0x00, 0x00, 0x00, 0x00, 0x00, 0x00, 0x00,
  0x00, 0x00, 0x00, 0x00, 0x00, 0x00, 0x00, 0x00, 0x00, 0x00, 0x00, 0x00,
  0x00, 0x00, 0x00, 0x00, 0x00, 0x00, 0x00, 0x00, 0x00, 0x00, 0x00, 0x00,
  0x00, 0x00, 0x00, 0x00, 0x00, 0x00, 0x00, 0x00, 0x00, 0x00, 0x00, 0x00,
  0x00, 0x00, 0x00, 0x00, 0x00, 0x00, 0x00, 0x00, 0x00, 0x00, 0x00, 0x00,
  0x00, 0x00, 0x00, 0x00, 0x00, 0x00, 0x00, 0x00, 0x00, 0x00, 0x00, 0x00,
  0x00, 0x00, 0x00, 0x00, 0x00, 0x00, 0x00, 0x00, 0x00, 0x00, 0x00, 0x00,
  0x00, 0x00, 0x00, 0x00, 0x00, 0x00, 0x00, 0x00, 0x00, 0x00, 0x00, 0x00,
  0x00, 0x00, 0x00, 0x00, 0x00, 0x00, 0x00, 0x00, 0x00, 0x00, 0x00, 0x00,
  0x00, 0x00, 0x00, 0x00, 0x00, 0x00, 0x00, 0x00, 0x00, 0x00, 0x00, 0x00,
  0x00, 0x00, 0x00, 0x00, 0x00, 0x00, 0x00, 0x00, 0x00, 0x00, 0x00, 0x00,
  0x00, 0x00, 0x00, 0x00, 0x00, 0x00, 0x00, 0x00, 0x00, 0x00, 0x00, 0x00,
  0x00, 0x00, 0x00, 0x00, 0x00, 0x00, 0x00, 0x00, 0x00, 0x00, 0x00, 0x00,
  0x00, 0x00, 0x00, 0x00, 0x00, 0x00, 0x00, 0x00, 0x00, 0x00, 0x00, 0x00,
  0x00, 0x00, 0x00, 0x00, 0x00, 0x00, 0x00, 0x00, 0x00, 0x00, 0x00, 0x00,
  0x00, 0x00, 0x00, 0x00, 0x00, 0x00, 0x00, 0x00, 0x00, 0x00, 0x00, 0x00,
  0x00, 0x00, 0x00, 0x00, 0x00, 0x00, 0x00, 0x00, 0x00, 0x00, 0x00, 0x00,
  0x00, 0x00, 0x00, 0x00, 0x00, 0x00, 0x00, 0x00, 0x00, 0x00, 0x00, 0x00,
  0x00, 0x00, 0x00, 0x00, 0x00, 0x00, 0x00, 0x00, 0x00, 0x00, 0x00, 0x00,
  0x00, 0x00, 0x00, 0x00, 0x00, 0x00, 0x00, 0x00, 0x00, 0x00, 0x00, 0x00,
  0x00, 0x00, 0x00, 0x00, 0x00, 0x00, 0x00, 0x00, 0x00, 0x00, 0x00, 0x00,
  0x00, 0x00, 0x00, 0x00, 0x00, 0x00, 0x00, 0x00, 0x00, 0x00, 0x00, 0x00,
  0x00, 0x00, 0x00, 0x00, 0x00, 0x00, 0x00, 0x00, 0x00, 0x00, 0x00, 0x00,
  0x00, 0x00, 0x00, 0x00, 0x00, 0x00, 0x00, 0x00, 0x00, 0x00, 0x00, 0x00,
  0x00, 0x00, 0x00, 0x00, 0x00, 0x00, 0x00, 0x00, 0x00, 0x00, 0x00, 0x00,
  0x00, 0x00, 0x00, 0x00, 0x00, 0x00, 0x00, 0x00, 0x00, 0x00, 0x00, 0x00,
  0x00, 0x00, 0x00, 0x00, 0x00, 0x00, 0x00, 0x00, 0x00, 0x00, 0x00, 0x00,
  0x00, 0x00, 0x00, 0x00, 0x00, 0x00, 0x00, 0x00, 0x00, 0x00, 0x00, 0x00,
  0x00, 0x00, 0x00, 0x00, 0x00, 0x00, 0x00, 0x00, 0x00, 0x00, 0x00, 0x00,
  0x00, 0x00, 0x00, 0x00, 0x00, 0x00, 0x00, 0x00, 0x00, 0x00, 0x00, 0x00,
  0x00, 0x00, 0x00, 0x00, 0x00, 0x00, 0x00, 0x00, 0x00, 0x00, 0x00, 0x00,
  0x00, 0x00, 0x00, 0x00, 0x00, 0x00, 0x00, 0x00, 0x00, 0x00, 0x00, 0x00,
  0x00, 0x00, 0x00, 0x00, 0x00, 0x00, 0x00, 0x00, 0x00, 0x00, 0x00, 0x00,
  0x00, 0x00, 0x00, 0x00, 0x00, 0x00, 0x00, 0x00, 0x00, 0x00, 0x00, 0x00,
  0x00, 0x00, 0x00, 0x00, 0x00, 0x00, 0x00, 0x00, 0x00, 0x00, 0x00, 0x00,
  0x00, 0x00, 0x00, 0x00, 0x00, 0x00, 0x00, 0x00, 0x00, 0x00, 0x00, 0x00,
  0x00, 0x00, 0x00, 0x00, 0x00, 0x00, 0x00, 0x00, 0x00, 0x00, 0x00, 0x00,
  0x00, 0x00, 0x00, 0x00, 0x00, 0x00, 0x00, 0x00, 0x00, 0x00, 0x00, 0x00,
  0x00, 0x00, 0x00, 0x00, 0x00, 0x00, 0x00, 0x00, 0x00, 0x00, 0x00, 0x00,
  0x00, 0x00, 0x00, 0x00, 0x00, 0x00, 0x00, 0x00, 0x00, 0x00, 0x00, 0x00,
  0x00, 0x00, 0x00, 0x00, 0x00, 0x00, 0x00, 0x00, 0x00, 0x00, 0x00, 0x00,
  0x00, 0x00, 0x00, 0x00, 0x00, 0x00, 0x00, 0x00, 0x00, 0x00, 0x00, 0x00,
  0x00, 0x00, 0x00, 0x00, 0x00, 0x00, 0x00, 0x00, 0x00, 0x00, 0x00, 0x00,
  0x00, 0x00, 0x00, 0x00, 0x00, 0x00, 0x00, 0x00, 0x00, 0x00, 0x00, 0x00,
  0x00, 0x00, 0x00, 0x00, 0x00, 0x00, 0x00, 0x00, 0x00, 0x00, 0x00, 0x00,
  0x00, 0x00, 0x00, 0x00, 0x00, 0x00, 0x00, 0x00, 0x00, 0x00, 0x00, 0x00,
  0x00, 0x00, 0x00, 0x00, 0x00, 0x00, 0x00, 0x00, 0x00, 0x00, 0x00, 0x00,
  0x00, 0x00, 0x00, 0x00, 0x00, 0x00, 0x00, 0x00, 0x00, 0x00, 0x00, 0x00,
  0x00, 0x00, 0x00, 0x00, 0x00, 0x00, 0x00, 0x00, 0x00, 0x00, 0x00, 0x00,
  0x00, 0x00, 0x00, 0x00, 0x00, 0x00, 0x00, 0x00, 0x00, 0x00, 0x00, 0x00,
  0x00, 0x00, 0x00, 0x00, 0x00, 0x00, 0x00, 0x00, 0x00, 0x00, 0x00, 0x00,
  0x00, 0x00, 0x00, 0x00, 0x00, 0x00, 0x00, 0x00, 0x00, 0x00, 0x00, 0x00,
  0x00, 0x00, 0x00, 0x00, 0x00, 0x00, 0x00, 0x00, 0x00, 0x00, 0x00, 0x00,
  0x00, 0x00, 0x00, 0x00, 0x00, 0x00, 0x00, 0x00, 0x00, 0x00, 0x00, 0x00,
  0x00, 0x00, 0x00, 0x00, 0x00, 0x00, 0x00, 0x00, 0x00, 0x00, 0x00, 0x00,
  0x00, 0x00, 0x00, 0x00, 0x00, 0x00, 0x00, 0x00, 0x00, 0x00, 0x00, 0x00,
  0x00, 0x00, 0x00, 0x00, 0x00, 0x00, 0x00, 0x00, 0x00, 0x00, 0x00, 0x00,
  0x00, 0x00, 0x00, 0x00, 0x00, 0x00, 0x00, 0x00, 0x00, 0x00, 0x00, 0x00,
  0x00, 0x00, 0x00, 0x00, 0x00, 0x00, 0x00, 0x00, 0x00, 0x00, 0x00, 0x00,
  0x00, 0x00, 0x00, 0x00, 0x00, 0x00, 0x00, 0x00, 0x00, 0x00, 0x00, 0x00,
  0x00, 0x00, 0x00, 0x00, 0x00, 0x00, 0x00, 0x00, 0x00, 0x00, 0x00, 0x00,
  0x00, 0x00, 0x00, 0x00, 0x00, 0x00, 0x00, 0x00, 0x00, 0x00, 0x00, 0x00,
  0x00, 0x00, 0x00, 0x00, 0x00, 0x00, 0x00, 0x00, 0x00, 0x00, 0x00, 0x00,
  0x00, 0x00, 0x00, 0x00, 0x00, 0x00, 0x00, 0x00, 0x00, 0x00, 0x00, 0x00,
  0x00, 0x00, 0x00, 0x00, 0x00, 0x00, 0x00, 0x00, 0x00, 0x00, 0x00, 0x00,
  0x00, 0x00, 0x00, 0x00, 0x00, 0x00, 0x00, 0x00, 0x00, 0x00, 0x00, 0x00,
  0x00, 0x00, 0x00, 0x00, 0x00, 0x00, 0x00, 0x00, 0x00, 0x00, 0x00, 0x00,
  0x00, 0x00, 0x00, 0x00, 0x00, 0x00, 0x00, 0x00, 0x00, 0x00, 0x00, 0x00,
  0x00, 0x00, 0x00, 0x00, 0x00, 0x00, 0x00, 0x00, 0x00, 0x00, 0x00, 0x00,
  0x00, 0x00, 0x00, 0x00, 0x00, 0x00, 0x00, 0x00, 0x00, 0x00, 0x00, 0x00,
  0x00, 0x00, 0x00, 0x00, 0x00, 0x00, 0x00, 0x00, 0x00, 0x00, 0x00, 0x00,
  0x00, 0x00, 0x00, 0x00, 0x00, 0x00, 0x00, 0x00, 0x00, 0x00, 0x00, 0x00,
  0x00, 0x00, 0x00, 0x00, 0x00, 0x00, 0x00, 0x00, 0x00, 0x00, 0x00, 0x00,
  0x00, 0x00, 0x00, 0x00, 0x00, 0x00, 0x00, 0x00, 0x00, 0x00, 0x00, 0x00,
  0x00, 0x00, 0x00, 0x00, 0x00, 0x00, 0x00, 0x00, 0x00, 0x00, 0x00, 0x00,
  0x00, 0x00, 0x00, 0x00, 0x00, 0x00, 0x00, 0x00, 0x00, 0x00, 0x00, 0x00,
  0x00, 0x00, 0x00, 0x00, 0x00, 0x00, 0x00, 0x00, 0x00, 0x00, 0x00, 0x00,
  0x00, 0x00, 0x00, 0x00, 0x00, 0x00, 0x00, 0x00, 0x00, 0x00, 0x00, 0x00,
  0x00, 0x00, 0x00, 0x00, 0x00, 0x00, 0x00, 0x00, 0x00, 0x00, 0x00, 0x00,
  0x00, 0x00, 0x00, 0x00, 0x00, 0x00, 0x00, 0x00, 0x00, 0x00, 0x00, 0x00,
  0x00, 0x00, 0x00, 0x00, 0x00, 0x00, 0x00, 0x00, 0x00, 0x00, 0x00, 0x00,
  0x00, 0x00, 0x00, 0x00, 0x00, 0x00, 0x00, 0x00, 0x00, 0x00, 0x00, 0x00,
  0x00, 0x00, 0x00, 0x00, 0x00, 0x00, 0x00, 0x00, 0x00, 0x00, 0x00, 0x00,
  0x00, 0x00, 0x00, 0x00, 0x00, 0x00, 0x00, 0x00, 0x00, 0x00, 0x00, 0x00,
  0x00, 0x00, 0x00, 0x00, 0x00, 0x00, 0x00, 0x00, 0x00, 0x00, 0x00, 0x00,
  0x00, 0x00, 0x00, 0x00, 0x00, 0x00, 0x00, 0x00, 0x00, 0x00, 0x00, 0x00,
  0x00, 0x00, 0x00, 0x00, 0x00, 0x00, 0x00, 0x00, 0x00, 0x00, 0x00, 0x00,
  0x00, 0x00, 0x00, 0x00, 0x00, 0x00, 0x00, 0x00, 0x00, 0x00, 0x00, 0x00,
  0x00, 0x00, 0x00, 0x00, 0x00, 0x00, 0x00, 0x00, 0x00, 0x00, 0x00, 0x00,
  0x00, 0x00, 0x00, 0x00, 0x00, 0x00, 0x00, 0x00, 0x00, 0x00, 0x00, 0x00,
  0x00, 0x00, 0x00, 0x00, 0x00, 0x00, 0x00, 0x00, 0x00, 0x00, 0x00, 0x00,
  0x00, 0x00, 0x00, 0x00, 0x00, 0x00, 0x00, 0x00, 0x00, 0x00, 0x00, 0x00,
  0x00, 0x00, 0x00, 0x00, 0x00, 0x00, 0x00, 0x00, 0x00, 0x00, 0x00, 0x00,
  0x00, 0x00, 0x00, 0x00, 0x00, 0x00, 0x00, 0x00, 0x00, 0x00, 0x00, 0x00,
  0x00, 0x00, 0x00, 0x00, 0x00, 0x00, 0x00, 0x00, 0x00, 0x00, 0x00, 0x00,
  0x00, 0x00, 0x00, 0x00, 0x00, 0x00, 0x00, 0x00, 0x00, 0x00, 0x00, 0x00,
  0x00, 0x00, 0x00, 0x00, 0x00, 0x00, 0x00, 0x00, 0x00, 0x00, 0x00, 0x00,
  0x00, 0x00, 0x00, 0x00, 0x00, 0x00, 0x00, 0x00, 0x00, 0x00, 0x00, 0x00,
  0x00, 0x00, 0x00, 0x00, 0x00, 0x00, 0x00, 0x00, 0x00, 0x00, 0x00, 0x00,
  0x00, 0x00, 0x00, 0x00, 0x00, 0x00, 0x00, 0x00, 0x00, 0x00, 0x00, 0x00,
  0x00, 0x00, 0x00, 0x00, 0x00, 0x00, 0x00, 0x00, 0x00, 0x00, 0x00, 0x00,
  0x00, 0x00, 0x00, 0x00, 0x00, 0x00, 0x00, 0x00, 0x00, 0x00, 0x00, 0x00,
  0x00, 0x00, 0x00, 0x00, 0x00, 0x00, 0x00, 0x00, 0x00, 0x00, 0x00, 0x00,
  0x00, 0x00, 0x00, 0x00, 0x00, 0x00, 0x00, 0x00, 0x00, 0x00, 0x00, 0x00,
  0x00, 0x00, 0x00, 0x00, 0x00, 0x00, 0x00, 0x00, 0x00, 0x00, 0x00, 0x00,
  0x00, 0x00, 0x00, 0x00, 0x00, 0x00, 0x00, 0x00, 0x00, 0x00, 0x00, 0x00,
  0x00, 0x00, 0x00, 0x00, 0x00, 0x00, 0x00, 0x00, 0x00, 0x00, 0x00, 0x00,
  0x00, 0x00, 0x00, 0x00, 0x00, 0x00, 0x00, 0x00, 0x00, 0x00, 0x00, 0x00,
  0x00, 0x00, 0x00, 0x00, 0x00, 0x00, 0x00, 0x00, 0x00, 0x00, 0x00, 0x00,
  0x00, 0x00, 0x00, 0x00, 0x00, 0x00, 0x00, 0x00, 0x00, 0x00, 0x00, 0x00,
  0x00, 0x00, 0x00, 0x00, 0x00, 0x00, 0x00, 0x00, 0x00, 0x00, 0x00, 0x00,
  0x00, 0x00, 0x00, 0x00, 0x00, 0x00, 0x00, 0x00, 0x00, 0x00, 0x00, 0x00,
  0x00, 0x00, 0x00, 0x00, 0x00, 0x00, 0x00, 0x00, 0x00, 0x00, 0x00, 0x00,
  0x00, 0x00, 0x00, 0x00, 0x00, 0x00, 0x00, 0x00, 0x00, 0x00, 0x00, 0x00,
  0x00, 0x00, 0x00, 0x00, 0x00, 0x00, 0x00, 0x00, 0x00, 0x00, 0x00, 0x00,
  0x00, 0x00, 0x00, 0x00, 0x00, 0x00, 0x00, 0x00, 0x00, 0x00, 0x00, 0x00,
  0x00, 0x00, 0x00, 0x00, 0x00, 0x00, 0x00, 0x00, 0x00, 0x00, 0x00, 0x00,
  0x00, 0x00, 0x00, 0x00, 0x00, 0x00, 0x00, 0x00, 0x00, 0x00, 0x00, 0x00,
  0x00, 0x00, 0x00, 0x00, 0x00, 0x00, 0x00, 0x00, 0x00, 0x00, 0x00, 0x00,
  0x00, 0x00, 0x00, 0x00, 0x00, 0x00, 0x00, 0x00, 0x00, 0x00, 0x00, 0x00,
  0x00, 0x00, 0x00, 0x00, 0x00, 0x00, 0x00, 0x00, 0x00, 0x00, 0x00, 0x00,
  0x00, 0x00, 0x00, 0x00, 0x00, 0x00, 0x00, 0x00, 0x00, 0x00, 0x00, 0x00,
  0x00, 0x00, 0x00, 0x00, 0x00, 0x00, 0x00, 0x00, 0x00, 0x00, 0x00, 0x00,
  0x00, 0x00, 0x00, 0x00, 0x00, 0x00, 0x00, 0x00, 0x00, 0x00, 0x00, 0x00,
  0x00, 0x00, 0x00, 0x00, 0x00, 0x00, 0x00, 0x00, 0x00, 0x00, 0x00, 0x00,
  0x00, 0x00, 0x00, 0x00, 0x00, 0x00, 0x00, 0x00, 0x00, 0x00, 0x00, 0x00,
  0x00, 0x00, 0x00, 0x00, 0x00, 0x00, 0x00, 0x00, 0x00, 0x00, 0x00, 0x00,
  0x00, 0x00, 0x00, 0x00, 0x00, 0x00, 0x00, 0x00, 0x00, 0x00, 0x00, 0x00,
  0x00, 0x00, 0x00, 0x00, 0x00, 0x00, 0x00, 0x00, 0x00, 0x00, 0x00, 0x00,
  0x00, 0x00, 0x00, 0x00, 0x00, 0x00, 0x00, 0x00, 0x00, 0x00, 0x00, 0x00,
  0x00, 0x00, 0x00, 0x00, 0x00, 0x00, 0x00, 0x00, 0x00, 0x00, 0x00, 0x00,
  0x00, 0x00, 0x00, 0x00, 0x00, 0x00, 0x00, 0x00, 0x00, 0x00, 0x00, 0x00,
  0x00, 0x00, 0x00, 0x00, 0x00, 0x00, 0x00, 0x00, 0x00, 0x00, 0x00, 0x00,
  0x00, 0x00, 0x00, 0x00, 0x00, 0x00, 0x00, 0x00, 0x00, 0x00, 0x00, 0x00,
  0x00, 0x00, 0x00, 0x00, 0x00, 0x00, 0x00, 0x00, 0x00, 0x00, 0x00, 0x00,
  0x00, 0x00, 0x00, 0x00, 0x00, 0x00, 0x00, 0x00, 0x00, 0x00, 0x00, 0x00,
  0x00, 0x00, 0x00, 0x00, 0x00, 0x00, 0x00, 0x00, 0x00, 0x00, 0x00, 0x00,
  0x00, 0x00, 0x00, 0x00, 0x00, 0x00, 0x00, 0x00, 0x00, 0x00, 0x00, 0x00,
  0x00, 0x00, 0x00, 0x00, 0x00, 0x00, 0x00, 0x00, 0x00, 0x00, 0x00, 0x00,
  0x00, 0x00, 0x00, 0x00, 0x00, 0x00, 0x00, 0x00, 0x00, 0x00, 0x00, 0x00,
  0x00, 0x00, 0x00, 0x00, 0x00, 0x00, 0x00, 0x00, 0x00, 0x00, 0x00, 0x00,
  0x00, 0x00, 0x00, 0x00, 0x00, 0x00, 0x00, 0x00, 0x00, 0x00, 0x00, 0x00,
  0x00, 0x00, 0x00, 0x00, 0x00, 0x00, 0x00, 0x00, 0x00, 0x00, 0x00, 0x00,
  0x00, 0x00, 0x00, 0x00, 0x00, 0x00, 0x00, 0x00, 0x00, 0x00, 0x00, 0x00,
  0x00, 0x00, 0x00, 0x00, 0x00, 0x00, 0x00, 0x00, 0x00, 0x00, 0x00, 0x00,
  0x00, 0x00, 0x00, 0x00, 0x00, 0x00, 0x00, 0x00, 0x00, 0x00, 0x00, 0x00,
  0x00, 0x00, 0x00, 0x00, 0x00, 0x00, 0x00, 0x00, 0x00, 0x00, 0x00, 0x00,
  0x00, 0x00, 0x00, 0x00, 0x00, 0x00, 0x00, 0x00, 0x00, 0x00, 0x00, 0x00,
  0x00, 0x00, 0x00, 0x00, 0x00, 0x00, 0x00, 0x00, 0x00, 0x00, 0x00, 0x00,
  0x00, 0x00, 0x00, 0x00, 0x00, 0x00, 0x00, 0x00, 0x00, 0x00, 0x00, 0x00,
  0x00, 0x00, 0x00, 0x00, 0x00, 0x00, 0x00, 0x00, 0x00, 0x00, 0x00, 0x00,
  0x00, 0x00, 0x00, 0x00, 0x00, 0x00, 0x00, 0x00, 0x00, 0x00, 0x00, 0x00,
  0x00, 0x00, 0x00, 0x00, 0x00, 0x00, 0x00, 0x00, 0x00, 0x00, 0x00, 0x00,
  0x00, 0x00, 0x00, 0x00, 0x00, 0x00, 0x00, 0x00, 0x00, 0x00, 0x00, 0x00,
  0x00, 0x00, 0x00, 0x00, 0x00, 0x00, 0x00, 0x00, 0x00, 0x00, 0x00, 0x00,
  0x00, 0x00, 0x00, 0x00, 0x00, 0x00, 0x00, 0x00, 0x00, 0x00, 0x00, 0x00,
  0x00, 0x00, 0x00, 0x00, 0x00, 0x00, 0x00, 0x00, 0x00, 0x00, 0x00, 0x00,
  0x00, 0x00, 0x00, 0x00, 0x00, 0x00, 0x00, 0x00, 0x00, 0x00, 0x00, 0x00,
  0x00, 0x00, 0x00, 0x00, 0x00, 0x00, 0x00, 0x00, 0x00, 0x00, 0x00, 0x00,
  0x00, 0x00, 0x00, 0x00, 0x00, 0x00, 0x00, 0x00, 0x00, 0x00, 0x00, 0x00,
  0x00, 0x00, 0x00, 0x00, 0x00, 0x00, 0x00, 0x00, 0x00, 0x00, 0x00, 0x00,
  0x00, 0x00, 0x00, 0x00, 0x00, 0x00, 0x00, 0x00, 0x00, 0x00, 0x00, 0x00,
  0x00, 0x00, 0x00, 0x00, 0x00, 0x00, 0x00, 0x00, 0x00, 0x00, 0x00, 0x00,
  0x00, 0x00, 0x00, 0x00, 0x00, 0x00, 0x00, 0x00, 0x00, 0x00, 0x00, 0x00,
  0x00, 0x00, 0x00, 0x00, 0x00, 0x00, 0x00, 0x00, 0x00, 0x00, 0x00, 0x00,
  0x00, 0x00, 0x00, 0x00, 0x00, 0x00, 0x00, 0x00, 0x00, 0x00, 0x00, 0x00,
  0x00, 0x00, 0x00, 0x00, 0x00, 0x00, 0x00, 0x00, 0x00, 0x00, 0x00, 0x00,
  0x00, 0x00, 0x00, 0x00, 0x00, 0x00, 0x00, 0x00, 0x00, 0x00, 0x00, 0x00,
  0x00, 0x00, 0x00, 0x00, 0x00, 0x00, 0x00, 0x00, 0x00, 0x00, 0x00, 0x00,
  0x00, 0x00, 0x00, 0x00, 0x00, 0x00, 0x00, 0x00, 0x00, 0x00, 0x00, 0x00,
  0x00, 0x00, 0x00, 0x00, 0x00, 0x00, 0x00, 0x00, 0x00, 0x00, 0x00, 0x00,
  0x00, 0x00, 0x00, 0x00, 0x00, 0x00, 0x00, 0x00, 0x00, 0x00, 0x00, 0x00,
  0x00, 0x00, 0x00, 0x00, 0x00, 0x00, 0x00, 0x00, 0x00, 0x00, 0x00, 0x00,
  0x00, 0x00, 0x00, 0x00, 0x00, 0x00, 0x00, 0x00, 0x00, 0x00, 0x00, 0x00,
  0x00, 0x00, 0x00, 0x00, 0x00, 0x00, 0x00, 0x00, 0x00, 0x00, 0x00, 0x00,
  0x00, 0x00, 0x00, 0x00, 0x00, 0x00, 0x00, 0x00, 0x00, 0x00, 0x00, 0x00,
  0x00, 0x00, 0x00, 0x00, 0x00, 0x00, 0x00, 0x00, 0x00, 0x00, 0x00, 0x00,
  0x00, 0x00, 0x00, 0x00, 0x00, 0x00, 0x00, 0x00, 0x00, 0x00, 0x00, 0x00,
  0x00, 0x00, 0x00, 0x00, 0x00, 0x00, 0x00, 0x00, 0x00, 0x00, 0x00, 0x00,
  0x00, 0x00, 0x00, 0x00, 0x00, 0x00, 0x00, 0x00, 0x00, 0x00, 0x00, 0x00,
  0x00, 0x00, 0x00, 0x00, 0x00, 0x00, 0x00, 0x00, 0x00, 0x00, 0x00, 0x00,
  0x00, 0x00, 0x00, 0x00, 0x00, 0x00, 0x00, 0x00, 0x00, 0x00, 0x00, 0x00,
  0x00, 0x00, 0x00, 0x00, 0x00, 0x00, 0x00, 0x00, 0x00, 0x00, 0x00, 0x00,
  0x00, 0x00, 0x00, 0x00, 0x00, 0x00, 0x00, 0x00, 0x00, 0x00, 0x00, 0x00,
  0x00, 0x00, 0x00, 0x00, 0x00, 0x00, 0x00, 0x00, 0x00, 0x00, 0x00, 0x00,
  0x00, 0x00, 0x00, 0x00, 0x00, 0x00, 0x00, 0x00, 0x00, 0x00, 0x00, 0x00,
  0x00, 0x00, 0x00, 0x00, 0x00, 0x00, 0x00, 0x00, 0x00, 0x00, 0x00, 0x00,
  0x00, 0x00, 0x00, 0x00, 0x00, 0x00, 0x00, 0x00, 0x00, 0x00, 0x00, 0x00,
  0x00, 0x00, 0x00, 0x00, 0x00, 0x00, 0x00, 0x00, 0x00, 0x00, 0x00, 0x00,
  0x00, 0x00, 0x00, 0x00, 0x00, 0x00, 0x00, 0x00, 0x00, 0x00, 0x00, 0x00,
  0x00, 0x00, 0x00, 0x00, 0x00, 0x00, 0x00, 0x00, 0x00, 0x00, 0x00, 0x00,
  0x00, 0x00, 0x00, 0x00, 0x00, 0x00, 0x00, 0x00, 0x00, 0x00, 0x00, 0x00,
  0x00, 0x00, 0x00, 0x00, 0x00, 0x00, 0x00, 0x00, 0x00, 0x00, 0x00, 0x00,
  0x00, 0x00, 0x00, 0x00, 0x00, 0x00, 0x00, 0x00, 0x00, 0x00, 0x00, 0x00,
  0x00, 0x00, 0x00, 0x00, 0x00, 0x00, 0x00, 0x00, 0x00, 0x00, 0x00, 0x00,
  0x00, 0x00, 0x00, 0x00, 0x00, 0x00, 0x00, 0x00, 0x00, 0x00, 0x00, 0x00,
  0x00, 0x00, 0x00, 0x00, 0x00, 0x00, 0x00, 0x00, 0x00, 0x00, 0x00, 0x00,
  0x00, 0x00, 0x00, 0x00, 0x00, 0x00, 0x00, 0x00, 0x00, 0x00, 0x00, 0x00,
  0x00, 0x00, 0x00, 0x00, 0x00, 0x00, 0x00, 0x00, 0x00, 0x00, 0x00, 0x00,
  0x00, 0x00, 0x00, 0x00, 0x00, 0x00, 0x00, 0x00, 0x00, 0x00, 0x00, 0x00,
  0x00, 0x00, 0x00, 0x00, 0x00, 0x00, 0x00, 0x00, 0x00, 0x00, 0x00, 0x00,
  0x00, 0x00, 0x00, 0x00, 0x00, 0x00, 0x00, 0x00, 0x00, 0x00, 0x00, 0x00,
  0x00, 0x00, 0x00, 0x00, 0x00, 0x00, 0x00, 0x00, 0x00, 0x00, 0x00, 0x00,
  0x00, 0x00, 0x00, 0x00, 0x00, 0x00, 0x00, 0x00, 0x00, 0x00, 0x00, 0x00,
  0x00, 0x00, 0x00, 0x00, 0x00, 0x00, 0x00, 0x00, 0x00, 0x00, 0x00, 0x00,
  0x00, 0x00, 0x00, 0x00, 0x00, 0x00, 0x00, 0x00, 0x00, 0x00, 0x00, 0x00,
  0x00, 0x00, 0x00, 0x00, 0x00, 0x00, 0x00, 0x00, 0x00, 0x00, 0x00, 0x00,
  0x00, 0x00, 0x00, 0x00, 0x00, 0x00, 0x00, 0x00, 0x00, 0x00, 0x00, 0x00,
  0x00, 0x00, 0x00, 0x00, 0x00, 0x00, 0x00, 0x00, 0x00, 0x00, 0x00, 0x00,
  0x00, 0x00, 0x00, 0x00, 0x00, 0x00, 0x00, 0x00, 0x00, 0x00, 0x00, 0x00,
  0x00, 0x00, 0x00, 0x00, 0x00, 0x00, 0x00, 0x00, 0x00, 0x00, 0x00, 0x00,
  0x00, 0x00, 0x00, 0x00, 0x00, 0x00, 0x00, 0x00, 0x00, 0x00, 0x00, 0x00,
  0x00, 0x00, 0x00, 0x00, 0x00, 0x00, 0x00, 0x00, 0x00, 0x00, 0x00, 0x00,
  0x00, 0x00, 0x00, 0x00, 0x00, 0x00, 0x00, 0x00, 0x00, 0x00, 0x00, 0x00,
  0x00, 0x00, 0x00, 0x00, 0x00, 0x00, 0x00, 0x00, 0x00, 0x00, 0x00, 0x00,
  0x00, 0x00, 0x00, 0x00, 0x00, 0x00, 0x00, 0x00, 0x00, 0x00, 0x00, 0x00,
  0x00, 0x00, 0x00, 0x00, 0x00, 0x00, 0x00, 0x00, 0x00, 0x00, 0x00, 0x00,
  0x00, 0x00, 0x00, 0x00, 0x00, 0x00, 0x00, 0x00, 0x00, 0x00, 0x00, 0x00,
  0x00, 0x00, 0x00, 0x00, 0x00, 0x00, 0x00, 0x00, 0x00, 0x00, 0x00, 0x00,
  0x00, 0x00, 0x00, 0x00, 0x00, 0x00, 0x00, 0x00, 0x00, 0x00, 0x00, 0x00,
  0x00, 0x00, 0x00, 0x00, 0x00, 0x00, 0x00, 0x00, 0x00, 0x00, 0x00, 0x00,
  0x00, 0x00, 0x00, 0x00, 0x00, 0x00, 0x00, 0x00, 0x00, 0x00, 0x00, 0x00,
  0x00, 0x00, 0x00, 0x00, 0x00, 0x00, 0x00, 0x00, 0x00, 0x00, 0x00, 0x00,
  0x00, 0x00, 0x00, 0x00, 0x00, 0x00, 0x00, 0x00, 0x00, 0x00, 0x00, 0x00,
  0x00, 0x00, 0x00, 0x00, 0x00, 0x00, 0x00, 0x00, 0x00, 0x00, 0x00, 0x00,
  0x00, 0x00, 0x00, 0x00, 0x00, 0x00, 0x00, 0x00, 0x00, 0x00, 0x00, 0x00,
  0x00, 0x00, 0x00, 0x00, 0x00, 0x00, 0x00, 0x00, 0x00, 0x00, 0x00, 0x00,
  0x00, 0x00, 0x00, 0x00, 0x00, 0x00, 0x00, 0x00, 0x00, 0x00, 0x00, 0x00,
  0x00, 0x00, 0x00, 0x00, 0x00, 0x00, 0x00, 0x00, 0x00, 0x00, 0x00, 0x00,
  0x00, 0x00, 0x00, 0x00, 0x00, 0x00, 0x00, 0x00, 0x00, 0x00, 0x00, 0x00,
  0x00, 0x00, 0x00, 0x00, 0x00, 0x00, 0x00, 0x00, 0x00, 0x00, 0x00, 0x00,
  0x00, 0x00, 0x00, 0x00, 0x00, 0x00, 0x00, 0x00, 0x00, 0x00, 0x00, 0x00,
  0x00, 0x00, 0x00, 0x00, 0x00, 0x00, 0x00, 0x00, 0x00, 0x00, 0x00, 0x00,
  0x00, 0x00, 0x00, 0x00, 0x00, 0x00, 0x00, 0x00, 0x00, 0x00, 0x00, 0x00,
  0x00, 0x00, 0x00, 0x00, 0x00, 0x00, 0x00, 0x00, 0x00, 0x00, 0x00, 0x00,
  0x00, 0x00, 0x00, 0x00, 0x00, 0x00, 0x00, 0x00, 0x00, 0x00, 0x00, 0x00,
  0x00, 0x00, 0x00, 0x00, 0x00, 0x00, 0x00, 0x00, 0x00, 0x00, 0x00, 0x00,
  0x00, 0x00, 0x00, 0x00, 0x00, 0x00, 0x00, 0x00, 0x00, 0x00, 0x00, 0x00,
  0x00, 0x00, 0x00, 0x00, 0x00, 0x00, 0x00, 0x00, 0x00, 0x00, 0x00, 0x00,
  0x00, 0x00, 0x00, 0x00, 0x00, 0x00, 0x00, 0x00, 0x00, 0x00, 0x00, 0x00,
  0x00, 0x00, 0x00, 0x00, 0x00, 0x00, 0x00, 0x00, 0x00, 0x00, 0x00, 0x00,
  0x00, 0x00, 0x00, 0x00, 0x00, 0x00, 0x00, 0x00, 0x00, 0x00, 0x00, 0x00,
  0x00, 0x00, 0x00, 0x00, 0x00, 0x00, 0x00, 0x00, 0x00, 0x00, 0x00, 0x00,
  0x00, 0x00, 0x00, 0x00, 0x00, 0x00, 0x00, 0x00, 0x00, 0x00, 0x00, 0x00,
  0x00, 0x00, 0x00, 0x00, 0x00, 0x00, 0x00, 0x00, 0x00, 0x00, 0x00, 0x00,
  0x00, 0x00, 0x00, 0x00, 0x00, 0x00, 0x00, 0x00, 0x00, 0x00, 0x00, 0x00,
  0x00, 0x00, 0x00, 0x00, 0x00, 0x00, 0x00, 0x00, 0x00, 0x00, 0x00, 0x00,
  0x00, 0x00, 0x00, 0x00, 0x00, 0x00, 0x00, 0x00, 0x00, 0x00, 0x00, 0x00,
  0x00, 0x00, 0x00, 0x00, 0x00, 0x00, 0x00, 0x00, 0x00, 0x00, 0x00, 0x00,
  0x00, 0x00, 0x00, 0x00, 0x00, 0x00, 0x00, 0x00, 0x00, 0x00, 0x00, 0x00,
  0x00, 0x00, 0x00, 0x00, 0x00, 0x00, 0x00, 0x00, 0x00, 0x00, 0x00, 0x00,
  0x00, 0x00, 0x00, 0x00, 0x00, 0x00, 0x00, 0x00, 0x00, 0x00, 0x00, 0x00,
  0x00, 0x00, 0x00, 0x00, 0x00, 0x00, 0x00, 0x00, 0x00, 0x00, 0x00, 0x00,
  0x00, 0x00, 0x00, 0x00, 0x00, 0x00, 0x00, 0x00, 0x00, 0x00, 0x00, 0x00,
  0x00, 0x00, 0x00, 0x00, 0x00, 0x00, 0x00, 0x00, 0x00, 0x00, 0x00, 0x00,
  0x00, 0x00, 0x00, 0x00, 0x00, 0x00, 0x00, 0x00, 0x00, 0x00, 0x00, 0x00,
  0x00, 0x00, 0x00, 0x00, 0x00, 0x00, 0x00, 0x00, 0x00, 0x00, 0x00, 0x00,
  0x00, 0x00, 0x00, 0x00, 0x00, 0x00, 0x00, 0x00, 0x00, 0x00, 0x00, 0x00,
  0x00, 0x00, 0x00, 0x00, 0x00, 0x00, 0x00, 0x00, 0x00, 0x00, 0x00, 0x00,
  0x00, 0x00, 0x00, 0x00, 0x00, 0x00, 0x00, 0x00, 0x00, 0x00, 0x00, 0x00,
  0x00, 0x00, 0x00, 0x00, 0x00, 0x00, 0x00, 0x00, 0x00, 0x00, 0x00, 0x00,
  0x00, 0x00, 0x00, 0x00, 0x00, 0x00, 0x00, 0x00, 0x00, 0x00, 0x00, 0x00,
  0x00, 0x00, 0x00, 0x00, 0x00, 0x00, 0x00, 0x00, 0x00, 0x00, 0x00, 0x00,
  0x00, 0x00, 0x00, 0x00, 0x00, 0x00, 0x00, 0x00, 0x00, 0x00, 0x00, 0x00,
  0x00, 0x00, 0x00, 0x00, 0x00, 0x00, 0x00, 0x00, 0x00, 0x00, 0x00, 0x00,
  0x00, 0x00, 0x00, 0x00, 0x00, 0x00, 0x00, 0x00, 0x00, 0x00, 0x00, 0x00,
  0x00, 0x00, 0x00, 0x00, 0x00, 0x00, 0x00, 0x00, 0x00, 0x00, 0x00, 0x00,
  0x00, 0x00, 0x00, 0x00, 0x00, 0x00, 0x00, 0x00, 0x00, 0x00, 0x00, 0x00,
  0x00, 0x00, 0x00, 0x00, 0x00, 0x00, 0x00, 0x00, 0x00, 0x00, 0x00, 0x00,
  0x00, 0x00, 0x00, 0x00, 0x00, 0x00, 0x00, 0x00, 0x00, 0x00, 0x00, 0x00,
  0x00, 0x00, 0x00, 0x00, 0x00, 0x00, 0x00, 0x00, 0x00, 0x00, 0x00, 0x00,
  0x00, 0x00, 0x00, 0x00, 0x00, 0x00, 0x00, 0x00, 0x00, 0x00, 0x00, 0x00,
  0x00, 0x00, 0x00, 0x00, 0x00, 0x00, 0x00, 0x00, 0x00, 0x00, 0x00, 0x00,
  0x00, 0x00, 0x00, 0x00, 0x00, 0x00, 0x00, 0x00, 0x00, 0x00, 0x00, 0x00,
  0x00, 0x00, 0x00, 0x00, 0x00, 0x00, 0x00, 0x00, 0x00, 0x00, 0x00, 0x00,
  0x00, 0x00, 0x00, 0x00, 0x00, 0x00, 0x00, 0x00, 0x00, 0x00, 0x00, 0x00,
  0x00, 0x00, 0x00, 0x00, 0x00, 0x00, 0x00, 0x00, 0x00, 0x00, 0x00, 0x00,
  0x00, 0x00, 0x00, 0x00, 0x00, 0x00, 0x00, 0x00, 0x00, 0x00, 0x00, 0x00,
  0x00, 0x00, 0x00, 0x00, 0x00, 0x00, 0x00, 0x00, 0x00, 0x00, 0x00, 0x00,
  0x00, 0x00, 0x00, 0x00, 0x00, 0x00, 0x00, 0x00, 0x00, 0x00, 0x00, 0x00,
  0x00, 0x00, 0x00, 0x00, 0x00, 0x00, 0x00, 0x00, 0x00, 0x00, 0x00, 0x00,
  0x00, 0x00, 0x00, 0x00, 0x00, 0x00, 0x00, 0x00, 0x00, 0x00, 0x00, 0x00,
  0x00, 0x00, 0x00, 0x00, 0x00, 0x00, 0x00, 0x00, 0x00, 0x00, 0x00, 0x00,
  0x00, 0x00, 0x00, 0x00, 0x00, 0x00, 0x00, 0x00, 0x00, 0x00, 0x00, 0x00,
  0x00, 0x00, 0x00, 0x00, 0x00, 0x00, 0x00, 0x00, 0x00, 0x00, 0x00, 0x00,
  0x00, 0x00, 0x00, 0x00, 0x00, 0x00, 0x00, 0x00, 0x00, 0x00, 0x00, 0x00,
  0x00, 0x00, 0x00, 0x00, 0x00, 0x00, 0x00, 0x00, 0x00, 0x00, 0x00, 0x00,
  0x00, 0x00, 0x00, 0x00, 0x00, 0x00, 0x00, 0x00, 0x00, 0x00, 0x00, 0x00,
  0x00, 0x00, 0x00, 0x00, 0x00, 0x00, 0x00, 0x00, 0x00, 0x00, 0x00, 0x00,
  0x00, 0x00, 0x00, 0x00, 0x00, 0x00, 0x00, 0x00, 0x00, 0x00, 0x00, 0x00,
  0x00, 0x00, 0x00, 0x00, 0x00, 0x00, 0x00, 0x00, 0x00, 0x00, 0x00, 0x00,
  0x00, 0x00, 0x00, 0x00, 0x00, 0x00, 0x00, 0x00, 0x00, 0x00, 0x00, 0x00,
  0x00, 0x00, 0x00, 0x00, 0x00, 0x00, 0x00, 0x00, 0x00, 0x00, 0x00, 0x00,
  0x00, 0x00, 0x00, 0x00, 0x00, 0x00, 0x00, 0x00, 0x00, 0x00, 0x00, 0x00,
  0x00, 0x00, 0x00, 0x00, 0x00, 0x00, 0x00, 0x00, 0x00, 0x00, 0x00, 0x00,
  0x00, 0x00, 0x00, 0x00, 0x00, 0x00, 0x00, 0x00, 0x00, 0x00, 0x00, 0x00,
  0x00, 0x00, 0x00, 0x00, 0x00, 0x00, 0x00, 0x00, 0x00, 0x00, 0x00, 0x00,
  0x00, 0x00, 0x00, 0x00, 0x00, 0x00, 0x00, 0x00, 0x00, 0x00, 0x00, 0x00,
  0x00, 0x00, 0x00, 0x00, 0x00, 0x00, 0x00, 0x00, 0x00, 0x00, 0x00, 0x00,
  0x00, 0x00, 0x00, 0x00, 0x00, 0x00, 0x00, 0x00, 0x00, 0x00, 0x00, 0x00,
  0x00, 0x00, 0x00, 0x00, 0x00, 0x00, 0x00, 0x00, 0x00, 0x00, 0x00, 0x00,
  0x00, 0x00, 0x00, 0x00, 0x00, 0x00, 0x00, 0x00, 0x00, 0x00, 0x00, 0x00,
  0x00, 0x00, 0x00, 0x00, 0x00, 0x00, 0x00, 0x00, 0x00, 0x00, 0x00, 0x00,
  0x00, 0x00, 0x00, 0x00, 0x00, 0x00, 0x00, 0x00, 0x00, 0x00, 0x00, 0x00,
  0x00, 0x00, 0x00, 0x00, 0x00, 0x00, 0x00, 0x00, 0x00, 0x00, 0x00, 0x00,
  0x00, 0x00, 0x00, 0x00, 0x00, 0x00, 0x00, 0x00, 0x00, 0x00, 0x00, 0x00,
  0x00, 0x00, 0x00, 0x00, 0x00, 0x00, 0x00, 0x00, 0x00, 0x00, 0x00, 0x00,
  0x00, 0x00, 0x00, 0x00, 0x00, 0x00, 0x00, 0x00, 0x00, 0x00, 0x00, 0x00,
  0x00, 0x00, 0x00, 0x00, 0x00, 0x00, 0x00, 0x00, 0x00, 0x00, 0x00, 0x00,
  0x00, 0x00, 0x00, 0x00, 0x00, 0x00, 0x00, 0x00, 0x00, 0x00, 0x00, 0x00,
  0x00, 0x00, 0x00, 0x00, 0x00, 0x00, 0x00, 0x00, 0x00, 0x00, 0x00, 0x00,
  0x00, 0x00, 0x00, 0x00, 0x00, 0x00, 0x00, 0x00, 0x00, 0x00, 0x00, 0x00,
  0x00, 0x00, 0x00, 0x00, 0x00, 0x00, 0x00, 0x00, 0x00, 0x00, 0x00, 0x00,
  0x00, 0x00, 0x00, 0x00, 0x00, 0x00, 0x00, 0x00, 0x00, 0x00, 0x00, 0x00,
  0x00, 0x00, 0x00, 0x00, 0x00, 0x00, 0x00, 0x00, 0x00, 0x00, 0x00, 0x00,
  0x00, 0x00, 0x00, 0x00, 0x00, 0x00, 0x00, 0x00, 0x00, 0x00, 0x00, 0x00,
  0x00, 0x00, 0x00, 0x00, 0x00, 0x00, 0x00, 0x00, 0x00, 0x00, 0x00, 0x00,
  0x00, 0x00, 0x00, 0x00, 0x00, 0x00, 0x00, 0x00, 0x00, 0x00, 0x00, 0x00,
  0x00, 0x00, 0x00, 0x00, 0x00, 0x00, 0x00, 0x00, 0x00, 0x00, 0x00, 0x00,
  0x00, 0x00, 0x00, 0x00, 0x00, 0x00, 0x00, 0x00, 0x00, 0x00, 0x00, 0x00,
  0x00, 0x00, 0x00, 0x00, 0x00, 0x00, 0x00, 0x00, 0x00, 0x00, 0x00, 0x00,
  0x00, 0x00, 0x00, 0x00, 0x00, 0x00, 0x00, 0x00, 0x00, 0x00, 0x00, 0x00,
  0x00, 0x00, 0x00, 0x00, 0x00, 0x00, 0x00, 0x00, 0x00, 0x00, 0x00, 0x00,
  0x00, 0x00, 0x00, 0x00, 0x00, 0x00, 0x00, 0x00, 0x00, 0x00, 0x00, 0x00,
  0x00, 0x00, 0x00, 0x00, 0x00, 0x00, 0x00, 0x00, 0x00, 0x00, 0x00, 0x00,
  0x00, 0x00, 0x00, 0x00, 0x00, 0x00, 0x00, 0x00, 0x00, 0x00, 0x00, 0x00,
  0x00, 0x00, 0x00, 0x00, 0x00, 0x00, 0x00, 0x00, 0x00, 0x00, 0x00, 0x00,
  0x00, 0x00, 0x00, 0x00, 0x00, 0x00, 0x00, 0x00, 0x00, 0x00, 0x00, 0x00,
  0x00, 0x00, 0x00, 0x00, 0x00, 0x00, 0x00, 0x00, 0x00, 0x00, 0x00, 0x00,
  0x00, 0x00, 0x00, 0x00, 0x00, 0x00, 0x00, 0x00, 0x00, 0x00, 0x00, 0x00,
  0x00, 0x00, 0x00, 0x00, 0x00, 0x00, 0x00, 0x00, 0x00, 0x00, 0x00, 0x00,
  0x00, 0x00, 0x00, 0x00, 0x00, 0x00, 0x00, 0x00, 0x00, 0x00, 0x00, 0x00,
  0x00, 0x00, 0x00, 0x00, 0x00, 0x00, 0x00, 0x00, 0x00, 0x00, 0x00, 0x00,
  0x00, 0x00, 0x00, 0x00, 0x00, 0x00, 0x00, 0x00, 0x00, 0x00, 0x00, 0x00,
  0x00, 0x00, 0x00, 0x00, 0x00, 0x00, 0x00, 0x00, 0x00, 0x00, 0x00, 0x00,
  0x00, 0x00, 0x00, 0x00, 0x00, 0x00, 0x00, 0x00, 0x00, 0x00, 0x00, 0x00,
  0x00, 0x00, 0x00, 0x00, 0x00, 0x00, 0x00, 0x00, 0x00, 0x00, 0x00, 0x00,
  0x00, 0x00, 0x00, 0x00, 0x00, 0x00, 0x00, 0x00, 0x00, 0x00, 0x00, 0x00,
  0x00, 0x00, 0x00, 0x00, 0x00, 0x00, 0x00, 0x00, 0x00, 0x00, 0x00, 0x00,
  0x00, 0x00, 0x00, 0x00, 0x00, 0x00, 0x00, 0x00, 0x00, 0x00, 0x00, 0x00,
  0x00, 0x00, 0x00, 0x00, 0x00, 0x00, 0x00, 0x00, 0x00, 0x00, 0x00, 0x00,
  0x00, 0x00, 0x00, 0x00, 0x00, 0x00, 0x00, 0x00, 0x00, 0x00, 0x00, 0x00,
  0x00, 0x00, 0x00, 0x00, 0x00, 0x00, 0x00, 0x00, 0x00, 0x00, 0x00, 0x00,
  0x00, 0x00, 0x00, 0x00, 0x00, 0x00, 0x00, 0x00, 0x00, 0x00, 0x00, 0x00,
  0x00, 0x00, 0x00, 0x00, 0x00, 0x00, 0x00, 0x00, 0x00, 0x00, 0x00, 0x00,
  0x00, 0x00, 0x00, 0x00, 0x00, 0x00, 0x00, 0x00, 0x00, 0x00, 0x00, 0x00,
  0x00, 0x00, 0x00, 0x00, 0x00, 0x00, 0x00, 0x00, 0x00, 0x00, 0x00, 0x00,
  0x00, 0x00, 0x00, 0x00, 0x00, 0x00, 0x00, 0x00, 0x00, 0x00, 0x00, 0x00,
  0x00, 0x00, 0x00, 0x00, 0x00, 0x00, 0x00, 0x00, 0x00, 0x00, 0x00, 0x00,
  0x00, 0x00, 0x00, 0x00, 0x00, 0x00, 0x00, 0x00, 0x00, 0x00, 0x00, 0x00,
  0x00, 0x00, 0x00, 0x00, 0x00, 0x00, 0x00, 0x00, 0x00, 0x00, 0x00, 0x00,
  0x00, 0x00, 0x00, 0x00, 0x00, 0x00, 0x00, 0x00, 0x00, 0x00, 0x00, 0x00,
  0x00, 0x00, 0x00, 0x00, 0x00, 0x00, 0x00, 0x00, 0x00, 0x00, 0x00, 0x00,
  0x00, 0x00, 0x00, 0x00, 0x00, 0x00, 0x00, 0x00, 0x00, 0x00, 0x00, 0x00,
  0x00, 0x00, 0x00, 0x00, 0x00, 0x00, 0x00, 0x00, 0x00, 0x00, 0x00, 0x00,
  0x00, 0x00, 0x00, 0x00, 0x00, 0x00, 0x00, 0x00, 0x00, 0x00, 0x00, 0x00,
  0x00, 0x00, 0x00, 0x00, 0x00, 0x00, 0x00, 0x00, 0x00, 0x00, 0x00, 0x00,
  0x00, 0x00, 0x00, 0x00, 0x00, 0x00, 0x00, 0x00, 0x00, 0x00, 0x00, 0x00,
  0x00, 0x00, 0x00, 0x00, 0x00, 0x00, 0x00, 0x00, 0x00, 0x00, 0x00, 0x00,
  0x00, 0x00, 0x00, 0x00, 0x00, 0x00, 0x00, 0x00, 0x00, 0x00, 0x00, 0x00,
  0x00, 0x00, 0x00, 0x00, 0x00, 0x00, 0x00, 0x00, 0x00, 0x00, 0x00, 0x00,
  0x00, 0x00, 0x00, 0x00, 0x00, 0x00, 0x00, 0x00, 0x00, 0x00, 0x00, 0x00,
  0x00, 0x00, 0x00, 0x00, 0x00, 0x00, 0x00, 0x00, 0x00, 0x00, 0x00, 0x00,
  0x00, 0x00, 0x00, 0x00, 0x00, 0x00, 0x00, 0x00, 0x00, 0x00, 0x00, 0x00,
  0x00, 0x00, 0x00, 0x00, 0x00, 0x00, 0x00, 0x00, 0x00, 0x00, 0x00, 0x00,
  0x00, 0x00, 0x00, 0x00, 0x00, 0x00, 0x00, 0x00, 0x00, 0x00, 0x00, 0x00,
  0x00, 0x00, 0x00, 0x00, 0x00, 0x00, 0x00, 0x00, 0x00, 0x00, 0x00, 0x00,
  0x00, 0x00, 0x00, 0x00, 0x00, 0x00, 0x00, 0x00, 0x00, 0x00, 0x00, 0x00,
  0x00, 0x00, 0x00, 0x00, 0x00, 0x00, 0x00, 0x00, 0x00, 0x00, 0x00, 0x00,
  0x00, 0x00, 0x00, 0x00, 0x00, 0x00, 0x00, 0x00, 0x00, 0x00, 0x00, 0x00,
  0x00, 0x00, 0x00, 0x00, 0x00, 0x00, 0x00, 0x00, 0x00, 0x00, 0x00, 0x00,
  0x00, 0x00, 0x00, 0x00, 0x00, 0x00, 0x00, 0x00, 0x00, 0x00, 0x00, 0x00,
  0x00, 0x00, 0x00, 0x00, 0x00, 0x00, 0x00, 0x00, 0x00, 0x00, 0x00, 0x00,
  0x00, 0x00, 0x00, 0x00, 0x00, 0x00, 0x00, 0x00, 0x00, 0x00, 0x00, 0x00,
  0x00, 0x00, 0x00, 0x00, 0x00, 0x00, 0x00, 0x00, 0x00, 0x00, 0x00, 0x00,
  0x00, 0x00, 0x00, 0x00, 0x00, 0x00, 0x00, 0x00, 0x00, 0x00, 0x00, 0x00,
  0x00, 0x00, 0x00, 0x00, 0x00, 0x00, 0x00, 0x00, 0x00, 0x00, 0x00, 0x00,
  0x00, 0x00, 0x00, 0x00, 0x00, 0x00, 0x00, 0x00, 0x00, 0x00, 0x00, 0x00,
  0x00, 0x00, 0x00, 0x00, 0x00, 0x00, 0x00, 0x00, 0x00, 0x00, 0x00, 0x00,
  0x00, 0x00, 0x00, 0x00, 0x00, 0x00, 0x00, 0x00, 0x00, 0x00, 0x00, 0x00,
  0x00, 0x00, 0x00, 0x00, 0x00, 0x00, 0x00, 0x00, 0x00, 0x00, 0x00, 0x00,
  0x00, 0x00, 0x00, 0x00, 0x00, 0x00, 0x00, 0x00, 0x00, 0x00, 0x00, 0x00,
  0x00, 0x00, 0x00, 0x00, 0x00, 0x00, 0x00, 0x00, 0x00, 0x00, 0x00, 0x00,
  0x00, 0x00, 0x00, 0x00, 0x00, 0x00, 0x00, 0x00, 0x00, 0x00, 0x00, 0x00,
  0x00, 0x00, 0x00, 0x00, 0x00, 0x00, 0x00, 0x00, 0x00, 0x00, 0x00, 0x00,
  0x00, 0x00, 0x00, 0x00, 0x00, 0x00, 0x00, 0x00, 0x00, 0x00, 0x00, 0x00,
  0x00, 0x00, 0x00, 0x00, 0x00, 0x00, 0x00, 0x00, 0x00, 0x00, 0x00, 0x00,
  0x00, 0x00, 0x00, 0x00, 0x00, 0x00, 0x00, 0x00, 0x00, 0x00, 0x00, 0x00,
  0x00, 0x00, 0x00, 0x00, 0x00, 0x00, 0x00, 0x00, 0x00, 0x00, 0x00, 0x00,
  0x00, 0x00, 0x00, 0x00, 0x13, 0x00, 0x00, 0x00, 0x01, 0x00, 0x00, 0xc0,
  0x8e, 0x04, 0x00, 0x00, 0x90, 0x8a, 0x6a, 0x5f, 0x14, 0xbd, 0xef, 0xfe,
  0xff, 0xf6, 0xdb, 0xff, 0xff, 0xff, 0xff, 0x18, 0xd3, 0xc6, 0xfe, 0xcb,
  0xb6, 0x5f, 0xb3, 0xa0, 0x70, 0x00, 0xd0, 0xfb, 0x7d, 0x04, 0x03, 0x01,
  0x00, 0x00, 0x80, 0x14, 0x00, 0x00, 0xd0, 0xd6, 0xab, 0xfd, 0x03, 0xfa,
  0x3c, 0xe3, 0xff, 0x7f, 0xee, 0xfa, 0xfe, 0x23, 0x0f, 0x00, 0x00, 0x00,
  0x00, 0x00, 0x00, 0xc0, 0xde, 0xff, 0xff, 0xff, 0x9f, 0xff, 0xe7, 0xff,
  0xff, 0xff, 0xff, 0xff, 0xff, 0xff, 0xff, 0xff, 0xff, 0xff, 0xff, 0xff,
  0xff, 0xff, 0xff, 0xff, 0xff, 0xff, 0xff, 0xff, 0xff, 0xff, 0xff, 0xff,
  0xff, 0xff, 0xff, 0xff, 0xff, 0xff, 0xff, 0xff, 0xff, 0xff, 0x3f, 0x00,
  0x00, 0x00, 0x00, 0x00, 0x80, 0x07, 0x00, 0x00, 0x00, 0x08, 0x00, 0xb0,
  0x79, 0xdb, 0xfe, 0xff, 0xbf, 0xba, 0xbb, 0xbf, 0xfb, 0xff, 0xbd, 0xbd,
  0xad, 0xff, 0xff, 0x7f, 0xce, 0x35, 0xd7, 0x5c, 0x73, 0xcd, 0x35, 0xd7,
  0x8d, 0x95, 0xf4, 0xff, 0xf0, 0x10, 0x00, 0x00, 0x01, 0x0b, 0x04, 0x0a,
  0xf8, 0x00, 0x04, 0x00, 0x00, 0x00, 0x41, 0x00, 0x00, 0x04, 0x00, 0x00,
  0x01, 0x0b, 0x06, 0x0a, 0xfa, 0x00, 0x04, 0x00, 0x00, 0x00, 0xc1, 0x02,
  0x06, 0x02, 0x00, 0x00, 0x02, 0x22, 0x08, 0x06, 0xfa, 0x00, 0x52, 0x00,
  0x00, 0x00, 0x03, 0x01, 0x40, 0x00, 0x02, 0x00, 0x00, 0x00, 0x00, 0x00,
  0x00, 0x00, 0x00, 0x00, 0x00, 0x00, 0x00, 0x00, 0x18, 0x02, 0x00, 0x00,
  0x01, 0x0b, 0x0e, 0x0a, 0xfa, 0x00, 0x05, 0x00, 0x00, 0x00, 0x83, 0x03,
  0x39, 0x04, 0x00, 0x00, 0x41, 0x0b, 0x24, 0x0a, 0x02, 0x22, 0x08, 0x06,
  0xfa, 0x00, 0x52, 0x00, 0x00, 0x00, 0x03, 0x01, 0x40, 0x00, 0x02, 0x00,
  0x00, 0x00, 0x00, 0x00, 0x00, 0x00, 0x00, 0x00, 0x00, 0x00, 0x00, 0x00,
  0x20, 0x02, 0x00, 0x00, 0x02, 0x22, 0x08, 0x06, 0xfa, 0x00, 0x02, 0x00,
  0x00, 0x00, 0x01, 0x02, 0x40, 0x00, 0x02, 0x00, 0x00, 0x00, 0x00, 0x00,
  0x00, 0x00, 0x00, 0x00, 0x00, 0x00, 0x00, 0x00, 0x59, 0x02, 0x00, 0x00,
  0x41, 0x10, 0x7a, 0x0a, 0x02, 0x10, 0x02, 0x14, 0xf8, 0x00, 0x00, 0x00,
  0x00, 0x00, 0x01, 0x20, 0x01, 0xf8, 0x00, 0xf8, 0x00, 0x00, 0xf8, 0x00,
  0x08, 0x00, 0x00, 0x00, 0x00, 0x00, 0x00, 0x00, 0x00, 0x00, 0x00, 0x00,
  0x02, 0x10, 0x02, 0x14, 0xf8, 0x00, 0x00, 0x00, 0x00, 0x00, 0x01, 0x18,
  0x01, 0xf8, 0x00, 0xf8, 0x00, 0x00, 0xf8, 0x00, 0x00, 0x00, 0x00, 0x00,
  0x00, 0x00, 0x00, 0x00, 0x00, 0x00, 0x00, 0x00, 0x02, 0x22, 0x08, 0x06,
  0x0a, 0x00, 0x52, 0x00, 0x00, 0x00, 0x83, 0x01, 0x40, 0x00, 0x02, 0x00,
  0x00, 0x00, 0x00, 0x00, 0x00, 0x00, 0x00, 0x00, 0x00, 0x00, 0x00, 0x00,
  0x20, 0x02, 0x00, 0x00, 0x41, 0x0b, 0x24, 0x0a, 0x42, 0x25, 0x42, 0x14,
  0x41, 0x0b, 0x24, 0x0a, 0x01, 0x0b, 0x06, 0x0a, 0xfa, 0x00, 0x04, 0x00,
  0x00, 0x00, 0x41, 0x01, 0x04, 0x02, 0x00, 0x00, 0x02, 0x10, 0x02, 0x14,
  0xf8, 0x00, 0x00, 0x00, 0x00, 0x00, 0x01, 0x00, 0x01, 0xf8, 0x00, 0xf8,
  0x00, 0x00, 0xf8, 0x00, 0x10, 0x00, 0x00, 0x00, 0x00, 0x00, 0x00, 0x00,
  0x00, 0x00, 0x00, 0x00, 0x02, 0x22, 0x0e, 0x06, 0xf8, 0x00, 0x42, 0x00,
  0x00, 0x00, 0x01, 0x05, 0x40, 0x00, 0x02, 0x00, 0x00, 0x00, 0x00, 0x00,
  0x00, 0x00, 0x00, 0x00, 0x00, 0x00, 0x00, 0x00, 0xd4, 0x01, 0x00, 0x00,
  0x01, 0x0b, 0x04, 0x0a, 0xf8, 0x00, 0x04, 0x00, 0x00, 0x00, 0xc1, 0x02,
  0x01, 0x02, 0x00, 0x00, 0x02, 0x22, 0x08, 0x06, 0x02, 0x00, 0x52, 0x00,
  0x00, 0x00, 0x03, 0x03, 0x40, 0x00, 0x02, 0x00, 0x00, 0x00, 0x00, 0x00,
  0x00, 0x00, 0x00, 0x00, 0x00, 0x00, 0x00, 0x00, 0xd8, 0x01, 0x00, 0x00,
  0x01, 0x0b, 0x04, 0x0a, 0xf8, 0x00, 0x04, 0x00, 0x00, 0x00, 0xc1, 0x05,
  0x05, 0x02, 0x00, 0x00, 0x02, 0x22, 0x08, 0x06, 0xfa, 0x00, 0x52, 0x00,
  0x00, 0x00, 0x03, 0x05, 0x40, 0x00, 0x02, 0x00, 0x00, 0x00, 0x00, 0x00,
  0x00, 0x00, 0x00, 0x00, 0x00, 0x00, 0x00, 0x00, 0x08, 0x00, 0x00, 0x00,
  0x02, 0x22, 0x0e, 0x06, 0xf8, 0x00, 0x52, 0x00, 0x00, 0x00, 0x03, 0x06,
  0x40, 0x00, 0x02, 0x00, 0x00, 0x00, 0x00, 0x00, 0x00, 0x00, 0x00, 0x00,
  0x00, 0x00, 0x00, 0x00, 0x70, 0x00, 0x00, 0x00, 0x42, 0x17, 0x2c, 0x06,
  0x02, 0x22, 0x0e, 0x06, 0xf8, 0x00, 0x52, 0x00, 0x00, 0x00, 0x83, 0x06,
  0x40, 0x00, 0x02, 0x00, 0x00, 0x00, 0x00, 0x00, 0x00, 0x00, 0x00, 0x00,
  0x00, 0x00, 0x00, 0x00, 0x78, 0x00, 0x00, 0x00, 0x02, 0x22, 0x0e, 0x06,
  0xf8, 0x00, 0x52, 0x00, 0x00, 0x00, 0x03, 0x07, 0x40, 0x00, 0x02, 0x00,
  0x00, 0x00, 0x00, 0x00, 0x00, 0x00, 0x00, 0x00, 0x00, 0x00, 0x00, 0x00,
  0x80, 0x00, 0x00, 0x00, 0x01, 0x0b, 0x06, 0x0a, 0xfa, 0x00, 0x04, 0x00,
  0x00, 0x00, 0x41, 0x02, 0x2c, 0x02, 0x00, 0x00, 0x02, 0x22, 0x08, 0x06,
  0xfa, 0x00, 0x52, 0x00, 0x00, 0x00, 0x03, 0x03, 0x40, 0x00, 0x02, 0x00,
  0x00, 0x00, 0x00, 0x00, 0x00, 0x00, 0x00, 0x00, 0x00, 0x00, 0x00, 0x00,
  0x28, 0x02, 0x00, 0x00, 0x02, 0x22, 0x08, 0x06, 0xfa, 0x00, 0x62, 0x00,
  0x00, 0x00, 0x07, 0x04, 0x40, 0x00, 0x02, 0x00, 0x00, 0x00, 0x00, 0x00,
  0x00, 0x00, 0x00, 0x00, 0x00, 0x00, 0x00, 0x00, 0x10, 0x00, 0x00, 0x00,
  0x41, 0x10, 0x7a, 0x0a, 0x02, 0x22, 0x08, 0x06, 0x02, 0x00, 0x52, 0x00,
  0x00, 0x00, 0x03, 0x03, 0x40, 0x00, 0x02, 0x00, 0x00, 0x00, 0x00, 0x00,
  0x00, 0x00, 0x00, 0x00, 0x00, 0x00, 0x00, 0x00, 0x28, 0x02, 0x00, 0x00,
  0x42, 0x17, 0x2c, 0x06, 0x42, 0x25, 0x42, 0x14, 0x41, 0x0c, 0x50, 0x04,
  0x41, 0x0c, 0x54, 0x04, 0x41, 0x0c, 0x54, 0x04, 0x41, 0x0c, 0x50, 0x04,
  0x51, 0x02, 0x02, 0x23, 0x30, 0x34, 0xf8, 0x00, 0x20, 0x10, 0x10, 0x01,
  0x02, 0x00, 0x40, 0x05, 0x0a, 0x01, 0x00, 0x82, 0x00, 0x09, 0x00, 0x82,
  0x03, 0x00, 0x18, 0x00, 0x00, 0x00, 0x00, 0x00, 0x00, 0x00, 0x41, 0x0c,
  0x50, 0x04, 0x02, 0x23, 0x30, 0x34, 0xf8, 0x00, 0x20, 0x10, 0x10, 0x01,
  0x02, 0x00, 0x40, 0x05, 0x0a, 0x01, 0x00, 0x02, 0x02, 0x09, 0x00, 0x82,
  0x03, 0x00, 0x20, 0x00, 0x00, 0x00, 0x00, 0x08, 0x00, 0x00, 0x41, 0x0c,
  0x54, 0x04, 0x41, 0x0c, 0x54, 0x04, 0x02, 0x23, 0x30, 0x34, 0xf8, 0x00,
  0x20, 0x10, 0x10, 0x01, 0x02, 0x00, 0x40, 0x05, 0x0a, 0x01, 0x00, 0x82,
  0x01, 0x09, 0x00, 0x82, 0x03, 0x00, 0x28, 0x00, 0x00, 0x00, 0x00, 0x10,
  0x00, 0x00, 0x01, 0x29, 0x00, 0x04, 0xf8, 0x00, 0x04, 0x00, 0x01, 0xf8,
  0x01, 0x02, 0xc0, 0x05, 0x00, 0x05, 0x41, 0x0c, 0x50, 0x04, 0x02, 0x23,
  0x30, 0x34, 0xf8, 0x00, 0x20, 0x10, 0x10, 0x01, 0x02, 0x00, 0x40, 0x05,
  0x0a, 0x01, 0x00, 0x82, 0x00, 0x09, 0x00, 0x82, 0x03, 0x00, 0x30, 0x00,
  0x00, 0x00, 0x00, 0x18, 0x00, 0x00, 0x41, 0x0c, 0x50, 0x04, 0x41, 0x0c,
  0x54, 0x04, 0x41, 0x0c, 0x54, 0x04, 0x01, 0x2b, 0x00, 0x0a, 0x19, 0x00,
  0x04, 0x00, 0x00, 0x00, 0x01, 0xf8, 0xc1, 0x34, 0x00, 0x05, 0x02, 0x23,
  0x30, 0x34, 0xf8, 0x00, 0x20, 0x10, 0x10, 0x01, 0x02, 0x00, 0x40, 0x05,
  0x0a, 0x01, 0x00, 0x02, 0x03, 0x09, 0x00, 0x82, 0x03, 0x00, 0x00, 0x00,
  0x00, 0x00, 0x00, 0x20, 0x00, 0x00, 0x02, 0x23, 0x30, 0x34, 0xf8, 0x00,
  0x20, 0x10, 0x10, 0x01, 0x02, 0x00, 0x40, 0x05, 0x0a, 0x01, 0x00, 0x82,
  0x01, 0x09, 0x00, 0x82, 0x03, 0x00, 0x08, 0x00, 0x00, 0x00, 0x00, 0x28,
  0x00, 0x00, 0x41, 0x0c, 0x50, 0x04, 0x41, 0x0c, 0x50, 0x04, 0x41, 0x0c,
  0x50, 0x04, 0x41, 0x0c, 0x54, 0x04, 0x41, 0x0c, 0x54, 0x04, 0x41, 0x0c,
  0x54, 0x04, 0x41, 0x0c, 0x54, 0x04, 0x41, 0x0c, 0x50, 0x04, 0x41, 0x0c,
  0x54, 0x04, 0x02, 0x23, 0x30, 0x34, 0xf8, 0x00, 0x20, 0x10, 0x10, 0x01,
  0x00, 0x00, 0x40, 0x05, 0x0a, 0x01, 0x00, 0x82, 0x01, 0x09, 0x00, 0x82,
  0x03, 0x00, 0x20, 0x00, 0x00, 0x00, 0x00, 0x30, 0x00, 0x00, 0x02, 0x23,
  0x30, 0x34, 0xf8, 0x00, 0x20, 0x10, 0x10, 0x01, 0x00, 0x00, 0x40, 0x05,
  0x0a, 0x01, 0x00, 0x02, 0x01, 0x09, 0x00, 0x82, 0x03, 0x00, 0x28, 0x00,
  0x00, 0x00, 0x00, 0x38, 0x00, 0x00, 0x02, 0x10, 0x02, 0x14, 0xf8, 0x00,
  0x00, 0x00, 0x00, 0x00, 0x01, 0x18, 0x01, 0xf8, 0x00, 0xf8, 0x00, 0x00,
  0xf8, 0x00, 0x00, 0x00, 0x00, 0x00, 0x00, 0x00, 0x00, 0x00, 0x00, 0x00,
  0x00, 0x00, 0x02, 0x23, 0x30, 0x34, 0xf8, 0x00, 0x20, 0x10, 0x10, 0x01,
  0x02, 0x00, 0x80, 0x38, 0x0a, 0x01, 0x00, 0x02, 0x03, 0x09, 0x00, 0x82,
  0x03, 0x00, 0x30, 0x00, 0x00, 0x00, 0x00, 0x00, 0x00, 0x00, 0x02, 0x23,
  0x30, 0x34, 0xf8, 0x00, 0x20, 0x10, 0x10, 0x01, 0x02, 0x00, 0x80, 0x38,
  0x0a, 0x01, 0x00, 0x82, 0x03, 0x09, 0x00, 0x82, 0x03, 0x00, 0x00, 0x00,
  0x00, 0x00, 0x00, 0x08, 0x00, 0x00, 0x02, 0x23, 0x30, 0x34, 0xf8, 0x00,
  0x20, 0x10, 0x10, 0x01, 0x02, 0x00, 0x80, 0x38, 0x0a, 0x01, 0x00, 0x82,
  0x00, 0x09, 0x00, 0x82, 0x03, 0x00, 0x10, 0x00, 0x00, 0x00, 0x00, 0x10,
  0x00, 0x00, 0x02, 0x22, 0x0e, 0x06, 0xf8, 0x00, 0x52, 0x00, 0x00, 0x00,
  0x83, 0x03, 0x40, 0x00, 0x02, 0x00, 0x00, 0x00, 0x00, 0x00, 0x00, 0x00,
  0x00, 0x00, 0x00, 0x00, 0x00, 0x00, 0x58, 0x00, 0x00, 0x00, 0x41, 0x0c,
  0x50, 0x04, 0x41, 0x0c, 0x50, 0x04, 0x41, 0x0c, 0x54, 0x04, 0x41, 0x0c,
  0x54, 0x04, 0x41, 0x0c, 0x54, 0x04, 0x41, 0x0c, 0x54, 0x04, 0x41, 0x0c,
  0x54, 0x04, 0x02, 0x23, 0x30, 0x34, 0xf8, 0x00, 0x20, 0x10, 0x10, 0x01,
  0x02, 0x00, 0x80, 0x38, 0x0a, 0x01, 0x00, 0x82, 0x00, 0x09, 0x00, 0x82,
  0x03, 0x00, 0x08, 0x00, 0x00, 0x00, 0x00, 0x18, 0x00, 0x00, 0x02, 0x23,
  0x30, 0x34, 0xf8, 0x00, 0x20, 0x10, 0x10, 0x01, 0x02, 0x00, 0x40, 0x37,
  0x0a, 0x01, 0x00, 0x82, 0x34, 0x09, 0x00, 0x82, 0x03, 0x00, 0x30, 0x00,
  0x00, 0x00, 0x00, 0x00, 0x00, 0x00, 0x02, 0x23, 0x30, 0x34, 0xf8, 0x00,
  0x20, 0x10, 0x10, 0x01, 0x02, 0x00, 0x40, 0x37, 0x0a, 0x01, 0x00, 0x82,
  0x01, 0x09, 0x00, 0x82, 0x03, 0x00, 0x00, 0x00, 0x00, 0x00, 0x00, 0x08,
  0x00, 0x00, 0x02, 0x23, 0x30, 0x34, 0xf8, 0x00, 0x20, 0x10, 0x10, 0x01,
  0x02, 0x00, 0x40, 0x37, 0x0a, 0x01, 0x00, 0x02, 0x04, 0x09, 0x00, 0x82,
  0x03, 0x00, 0x10, 0x00, 0x00, 0x00, 0x00, 0x10, 0x00, 0x00, 0x02, 0x23,
  0x30, 0x34, 0xf8, 0x00, 0x20, 0x10, 0x10, 0x01, 0x02, 0x00, 0x40, 0x37,
  0x0a, 0x01, 0x00, 0x02, 0x01, 0x09, 0x00, 0x82, 0x03, 0x00, 0x08, 0x00,
  0x00, 0x00, 0x00, 0x18, 0x00, 0x00, 0x41, 0x10, 0x72, 0x0a, 0x01, 0x23,
  0x40, 0x0a, 0xf8, 0x00, 0x08, 0x00, 0x00, 0x00, 0x00, 0x00, 0x00, 0x00,
  0x00, 0x00, 0x01, 0x47, 0x5a, 0x16, 0xf8, 0x00, 0x04, 0x00, 0x00, 0x00,
  0x00, 0x00, 0x01, 0x00, 0x00, 0x00, 0x02, 0x29, 0x04, 0x06, 0xf8, 0x00,
  0x04, 0x00, 0x00, 0x00, 0x01, 0xf8, 0x01, 0x37, 0x00, 0x39, 0x00, 0x02,
  0x00, 0x00, 0x00, 0x00, 0x00, 0x00, 0x00, 0x00, 0x00, 0x00, 0x20, 0x00,
  0x00, 0x00, 0x02, 0x29, 0x04, 0x06, 0xf8, 0x00, 0x04, 0x00, 0x00, 0x00,
  0x01, 0xf8, 0xc1, 0x36, 0x00, 0x39, 0x00, 0x02, 0x00, 0x00, 0x00, 0x00,
  0x00, 0x00, 0x00, 0x00, 0x00, 0x00, 0x40, 0x00, 0x00, 0x00, 0x02, 0x29,
  0x04, 0x06, 0xf8, 0x00, 0x04, 0x00, 0x00, 0x00, 0x01, 0xf8, 0x81, 0x36,
  0x00, 0x39, 0x00, 0x02, 0x00, 0x00, 0x00, 0x00, 0x00, 0x00, 0x00, 0x00,
  0x00, 0x00, 0x60, 0x00, 0x00, 0x00, 0x02, 0x29, 0x04, 0x06, 0xf8, 0x00,
  0x04, 0x00, 0x00, 0x00, 0x01, 0xf8, 0x41, 0x36, 0x00, 0x39, 0x00, 0x02,
  0x00, 0x00, 0x00, 0x00, 0x00, 0x00, 0x00, 0x00, 0x00, 0x00, 0xa0, 0x00,
  0x00, 0x00, 0x02, 0x29, 0x04, 0x06, 0xf8, 0x00, 0x04, 0x00, 0x00, 0x00,
  0x01, 0xf8, 0x41, 0x02, 0x00, 0x39, 0x00, 0x02, 0x00, 0x00, 0x00, 0x00,
  0x00, 0x00, 0x00, 0x00, 0x00, 0x00, 0xc0, 0x00, 0x00, 0x00, 0x42, 0x5b,
  0x02, 0x06, 0x02, 0x29, 0x04, 0x06, 0xf8, 0x00, 0x04, 0x00, 0x00, 0x00,
  0x01, 0xf8, 0x81, 0x02, 0x00, 0x39, 0x00, 0x02, 0x00, 0x00, 0x00, 0x00,
  0x00, 0x00, 0x00, 0x00, 0x00, 0x00, 0xe0, 0x00, 0x00, 0x00, 0x42, 0x5b,
  0x02, 0x06, 0x42, 0x5b, 0x02, 0x06, 0x02, 0x29, 0x04, 0x06, 0xf8, 0x00,
  0x04, 0x00, 0x00, 0x00, 0x01, 0xf8, 0xc1, 0x01, 0xc0, 0x38, 0x00, 0x02,
  0x00, 0x00, 0x00, 0x00, 0x00, 0x00, 0x00, 0x00, 0x00, 0x00, 0x20, 0x00,
  0x00, 0x00, 0x42, 0x5b, 0x02, 0x06, 0x02, 0x29, 0x04, 0x06, 0xf8, 0x00,
  0x04, 0x00, 0x00, 0x00, 0x01, 0xf8, 0x81, 0x01, 0xc0, 0x38, 0x00, 0x02,
  0x00, 0x00, 0x00, 0x00, 0x00, 0x00, 0x00, 0x00, 0x00, 0x00, 0x40, 0x00,
  0x00, 0x00, 0x02, 0x29, 0x04, 0x06, 0xf8, 0x00, 0x04, 0x00, 0x00, 0x00,
  0x01, 0xf8, 0x41, 0x01, 0xc0, 0x38, 0x00, 0x02, 0x00, 0x00, 0x00, 0x00,
  0x00, 0x00, 0x00, 0x00, 0x00, 0x00, 0x60, 0x00, 0x00, 0x00, 0x42, 0x5b,
  0x02, 0x06, 0x02, 0x29, 0x04, 0x06, 0xf8, 0x00, 0x04, 0x00, 0x00, 0x00,
  0x01, 0xf8, 0xc1, 0x00, 0xc0, 0x38, 0x00, 0x02, 0x00, 0x00, 0x00, 0x00,
  0x00, 0x00, 0x00, 0x00, 0x00, 0x00, 0xa0, 0x00, 0x00, 0x00, 0x42, 0x5b,
  0x02, 0x06, 0x02, 0x29, 0x04, 0x06, 0xf8, 0x00, 0x04, 0x00, 0x00, 0x00,
  0x01, 0xf8, 0x81, 0x00, 0xc0, 0x38, 0x00, 0x02, 0x00, 0x00, 0x00, 0x00,
  0x00, 0x00, 0x00, 0x00, 0x00, 0x00, 0xc0, 0x00, 0x00, 0x00, 0x02, 0x29,
  0x04, 0x06, 0xf8, 0x00, 0x04, 0x00, 0x00, 0x00, 0x01, 0xf8, 0x01, 0x00,
  0xc0, 0x38, 0x00, 0x02, 0x00, 0x00, 0x00, 0x00, 0x00, 0x00, 0x00, 0x00,
  0x00, 0x00, 0xe0, 0x00, 0x00, 0x00, 0x42, 0x5b, 0x02, 0x06, 0x42, 0x5b,
  0x02, 0x06, 0x42, 0x5b, 0x02, 0x06, 0x42, 0x5b, 0x02, 0x06, 0x42, 0x5b,
  0x02, 0x06, 0x42, 0x5b, 0x02, 0x06, 0x42, 0x5b, 0x02, 0x06, 0x42, 0x5b,
  0x02, 0x06, 0x42, 0x5b, 0x02, 0x06, 0x42, 0x5b, 0x02, 0x06, 0x42, 0x5b,
  0x02, 0x06, 0x42, 0x5b, 0x02, 0x06, 0x42, 0x5b, 0x02, 0x06, 0x42, 0x5b,
  0x02, 0x06, 0x42, 0x5b, 0x02, 0x06, 0x42, 0x5b, 0x02, 0x06, 0x42, 0x5b,
  0x02, 0x06, 0x42, 0x5b, 0x02, 0x06, 0x42, 0x5b, 0x02, 0x06, 0x42, 0x5b,
  0x02, 0x06, 0x42, 0x5b, 0x02, 0x06, 0x42, 0x5b, 0x02, 0x06, 0x42, 0x5b,
  0x02, 0x06, 0x42, 0x5b, 0x02, 0x06, 0x42, 0x5b, 0x02, 0x06, 0x42, 0x5b,
  0x02, 0x06, 0x02, 0x29, 0x04, 0x06, 0xf8, 0x00, 0x04, 0x00, 0x00, 0x00,
  0x01, 0xf8, 0x01, 0x08, 0x80, 0x03, 0x00, 0x02, 0x00, 0x00, 0x00, 0x00,
  0x00, 0x00, 0x00, 0x00, 0x00, 0x00, 0x20, 0x00, 0x00, 0x00, 0x02, 0x29,
  0x04, 0x06, 0xf8, 0x00, 0x04, 0x00, 0x00, 0x00, 0x01, 0xf8, 0x01, 0x09,
  0x80, 0x03, 0x00, 0x02, 0x00, 0x00, 0x00, 0x00, 0x00, 0x00, 0x00, 0x00,
  0x00, 0x00, 0x40, 0x00, 0x00, 0x00, 0x02, 0x29, 0x04, 0x06, 0xf8, 0x00,
  0x04, 0x00, 0x00, 0x00, 0x01, 0xf8, 0x01, 0x0a, 0x80, 0x03, 0x00, 0x02,
  0x00, 0x00, 0x00, 0x00, 0x00, 0x00, 0x00, 0x00, 0x00, 0x00, 0x60, 0x00,
  0x00, 0x00, 0x02, 0x29, 0x04, 0x06, 0xf8, 0x00, 0x04, 0x00, 0x00, 0x00,
  0x01, 0xf8, 0x01, 0x0d, 0x80, 0x03, 0x00, 0x02, 0x00, 0x00, 0x00, 0x00,
  0x00, 0x00, 0x00, 0x00, 0x00, 0x00, 0xa0, 0x00, 0x00, 0x00, 0x42, 0x5b,
  0x02, 0x06, 0x02, 0x29, 0x04, 0x06, 0xf8, 0x00, 0x04, 0x00, 0x00, 0x00,
  0x01, 0xf8, 0x01, 0x0e, 0x80, 0x03, 0x00, 0x02, 0x00, 0x00, 0x00, 0x00,
  0x00, 0x00, 0x00, 0x00, 0x00, 0x00, 0xc0, 0x00, 0x00, 0x00, 0x02, 0x29,
  0x04, 0x06, 0xf8, 0x00, 0x04, 0x00, 0x00, 0x00, 0x01, 0xf8, 0x01, 0x0f,
  0x80, 0x03, 0x00, 0x02, 0x00, 0x00, 0x00, 0x00, 0x00, 0x00, 0x00, 0x00,
  0x00, 0x00, 0xe0, 0x00, 0x00, 0x00, 0x42, 0x5b, 0x02, 0x06, 0x01, 0x0b,
  0x0c, 0x0a, 0xf8, 0x00, 0x05, 0x00, 0x00, 0x00, 0x83, 0x33, 0xff, 0x0f,
  0x00, 0x00, 0x01, 0x0b, 0x0c, 0x0a, 0xf8, 0x00, 0x05, 0x00, 0x00, 0x00,
  0x03, 0x33, 0xff, 0x0f, 0x00, 0x00, 0x42, 0x5b, 0x02, 0x06, 0x01, 0x0b,
  0x0c, 0x0a, 0xf8, 0x00, 0x05, 0x00, 0x00, 0x00, 0x83, 0x32, 0xff, 0x0f,
  0x00, 0x00, 0x01, 0x0b, 0x0c, 0x0a, 0xf8, 0x00, 0x05, 0x00, 0x00, 0x00,
  0x03, 0x32, 0xff, 0x0f, 0x00, 0x00, 0x42, 0x5b, 0x02, 0x06, 0x01, 0x0b,
  0x0c, 0x0a, 0xf8, 0x00, 0x05, 0x00, 0x00, 0x00, 0x83, 0x31, 0xff, 0x0f,
  0x00, 0x00, 0x01, 0x0b, 0x0c, 0x0a, 0xf8, 0x00, 0x05, 0x00, 0x00, 0x00,
  0x03, 0x31, 0xff, 0x0f, 0x00, 0x00, 0x42, 0x5b, 0x02, 0x06, 0x01, 0x0b,
  0x0c, 0x0a, 0xf8, 0x00, 0x05, 0x00, 0x00, 0x00, 0x83, 0x07, 0xff, 0x0f,
  0x00, 0x00, 0x01, 0x0b, 0x0c, 0x0a, 0xf8, 0x00, 0x05, 0x00, 0x00, 0x00,
  0x03, 0x07, 0xff, 0x0f, 0x00, 0x00, 0x42, 0x5b, 0x02, 0x06, 0x01, 0x0b,
  0x0c, 0x0a, 0xf8, 0x00, 0x05, 0x00, 0x00, 0x00, 0x83, 0x06, 0xff, 0x0f,
  0x00, 0x00, 0x01, 0x0b, 0x0c, 0x0a, 0xf8, 0x00, 0x05, 0x00, 0x00, 0x00,
  0x03, 0x06, 0xff, 0x0f, 0x00, 0x00, 0x42, 0x5b, 0x02, 0x06, 0x01, 0x0b,
  0x0c, 0x0a, 0xf8, 0x00, 0x05, 0x00, 0x00, 0x00, 0x83, 0x05, 0xff, 0x0f,
  0x00, 0x00, 0x01, 0x0b, 0x0c, 0x0a, 0xf8, 0x00, 0x05, 0x00, 0x00, 0x00,
  0x03, 0x05, 0xff, 0x0f, 0x00, 0x00, 0x42, 0x5b, 0x02, 0x06, 0x01, 0x0b,
  0x0c, 0x0a, 0xf8, 0x00, 0x05, 0x00, 0x00, 0x00, 0x03, 0x04, 0xff, 0x0f,
  0x00, 0x00, 0x01, 0x0b, 0x0c, 0x0a, 0xf8, 0x00, 0x05, 0x00, 0x00, 0x00,
  0x03, 0x34, 0xff, 0x0f, 0x00, 0x00, 0x01, 0x0b, 0x0c, 0x0a, 0xf8, 0x00,
  0x05, 0x00, 0x00, 0x00, 0x83, 0x04, 0xff, 0x0f, 0x00, 0x00, 0x02, 0x22,
  0x08, 0x06, 0xfa, 0x00, 0x52, 0x00, 0x00, 0x00, 0x03, 0x04, 0x40, 0x00,
  0x02, 0x00, 0x00, 0x00, 0x00, 0x00, 0x00, 0x00, 0x00, 0x00, 0x00, 0x00,
  0x00, 0x00, 0x88, 0x00, 0x00, 0x00, 0x02, 0x22, 0x08, 0x06, 0xfa, 0x00,
  0x02, 0x00, 0x00, 0x00, 0x01, 0x03, 0x40, 0x00, 0x02, 0x00, 0x00, 0x00,
  0x00, 0x00, 0x00, 0x00, 0x00, 0x00, 0x00, 0x00, 0x00, 0x00, 0x30, 0x02,
  0x00, 0x00, 0x02, 0x22, 0x08, 0x06, 0xfa, 0x00, 0x02, 0x00, 0x00, 0x00,
  0x41, 0x05, 0x40, 0x00, 0x02, 0x00, 0x00, 0x00, 0x00, 0x00, 0x00, 0x00,
  0x00, 0x00, 0x00, 0x00, 0x00, 0x00, 0x30, 0x02, 0x00, 0x00, 0x02, 0x22,
  0x08, 0x06, 0xfa, 0x00, 0x52, 0x00, 0x00, 0x00, 0x83, 0x05, 0x40, 0x00,
  0x02, 0x00, 0x00, 0x00, 0x00, 0x00, 0x00, 0x00, 0x00, 0x00, 0x00, 0x00,
  0x00, 0x00, 0x50, 0x00, 0x00, 0x00, 0x02, 0x22, 0x08, 0x06, 0xfa, 0x00,
  0x52, 0x00, 0x00, 0x00, 0x03, 0x06, 0x40, 0x00, 0x02, 0x00, 0x00, 0x00,
  0x00, 0x00, 0x00, 0x00, 0x00, 0x00, 0x00, 0x00, 0x00, 0x00, 0x88, 0x00,
  0x00, 0x00, 0x42, 0x2a, 0x06, 0x06, 0x02, 0x10, 0x02, 0x14, 0xf8, 0x00,
  0x00, 0x00, 0x00, 0x00, 0x01, 0x00, 0x01, 0xf8, 0x00, 0xf8, 0x00, 0x00,
  0xf8, 0x00, 0x10, 0x00, 0x00, 0x00, 0x00, 0x00, 0x00, 0x00, 0x00, 0x00,
  0x00, 0x00, 0x02, 0x10, 0x02, 0x14, 0xf8, 0x00, 0x00, 0x00, 0x00, 0x00,
  0x01, 0x08, 0x01, 0xf8, 0x00, 0xf8, 0x00, 0x00, 0xf8, 0x00, 0x10, 0x00,
  0x00, 0x00, 0x00, 0x00, 0x00, 0x00, 0x00, 0x00, 0x00, 0x00, 0x02, 0x10,
  0x02, 0x14, 0xf8, 0x00, 0x00, 0x00, 0x00, 0x00, 0x01, 0x10, 0x01, 0xf8,
  0x00, 0xf8, 0x00, 0x00, 0xf8, 0x00, 0x10, 0x00, 0x00, 0x00, 0x00, 0x00,
  0x00, 0x00, 0x00, 0x00, 0x00, 0x00, 0x01, 0x0b, 0x06, 0x0a, 0x13, 0x00,
  0x04, 0x00, 0x00, 0x00, 0x41, 0x02, 0x04, 0x02, 0x00, 0x00, 0x02, 0x22,
  0x08, 0x06, 0x13, 0x00, 0x42, 0x00, 0x00, 0x00, 0x81, 0x04, 0x40, 0x00,
  0x02, 0x00, 0x00, 0x00, 0x00, 0x00, 0x00, 0x00, 0x00, 0x00, 0x00, 0x00,
  0x00, 0x00, 0x88, 0x00, 0x00, 0x00, 0x02, 0x10, 0x02, 0x14, 0xf8, 0x00,
  0x00, 0x00, 0x00, 0x00, 0x01, 0x18, 0x01, 0xf8, 0x00, 0xf8, 0x00, 0x00,
  0xf8, 0x00, 0x10, 0x00, 0x00, 0x00, 0x00, 0x00, 0x00, 0x00, 0x00, 0x00,
  0x00, 0x00, 0x02, 0x22, 0x08, 0x06, 0x13, 0x00, 0x52, 0x00, 0x00, 0x00,
  0x03, 0x07, 0x40, 0x00, 0x02, 0x00, 0x00, 0x00, 0x00, 0x00, 0x00, 0x00,
  0x00, 0x00, 0x00, 0x00, 0x00, 0x00, 0x50, 0x00, 0x00, 0x00, 0x41, 0x0c,
  0x54, 0x04, 0x41, 0x0c, 0x54, 0x04, 0x01, 0x0b, 0x04, 0x0a, 0xf8, 0x00,
  0x04, 0x00, 0x00, 0x00, 0x81, 0x30, 0x01, 0x02, 0x00, 0x00, 0x02, 0x22,
  0x0e, 0x06, 0xf8, 0x00, 0x52, 0x00, 0x00, 0x00, 0x03, 0x30, 0x40, 0x00,
  0x02, 0x00, 0x00, 0x00, 0x00, 0x00, 0x00, 0x00, 0x00, 0x00, 0x00, 0x00,
  0x00, 0x00, 0x78, 0x00, 0x00, 0x00, 0x42, 0x17, 0x2c, 0x06, 0x42, 0x17,
  0x2c, 0x06, 0x01, 0x47, 0x5a, 0x16, 0xf8, 0x00, 0x04, 0x00, 0x00, 0x00,
  0x00, 0x00, 0x01, 0x00, 0x00, 0x00, 0x02, 0x22, 0x0e, 0x06, 0xf8, 0x00,
  0x52, 0x00, 0x00, 0x00, 0x83, 0x30, 0x40, 0x00, 0x02, 0x00, 0x00, 0x00,
  0x00, 0x00, 0x00, 0x00, 0x00, 0x00, 0x00, 0x00, 0x00, 0x00, 0x80, 0x00,
  0x00, 0x00, 0x51, 0x02, 0x02, 0x23, 0x30, 0x34, 0xf8, 0x00, 0x20, 0x10,
  0x10, 0x01, 0x02, 0x00, 0x80, 0x38, 0x0a, 0x01, 0x00, 0x82, 0x37, 0x09,
  0x00, 0x82, 0x03, 0x00, 0x28, 0x00, 0x00, 0x00, 0x00, 0x00, 0x00, 0x00,
  0x02, 0x23, 0x30, 0x34, 0xf8, 0x00, 0x20, 0x10, 0x10, 0x01, 0x02, 0x00,
  0x80, 0x38, 0x0a, 0x01, 0x00, 0x82, 0x39, 0x09, 0x00, 0x82, 0x03, 0x00,
  0x00, 0x00, 0x00, 0x00, 0x00, 0x08, 0x00, 0x00, 0x02, 0x23, 0x30, 0x34,
  0xf8, 0x00, 0x20, 0x10, 0x10, 0x01, 0x02, 0x00, 0x80, 0x38, 0x0a, 0x01,
  0x00, 0x02, 0x38, 0x09, 0x00, 0x82, 0x03, 0x00, 0x10, 0x00, 0x00, 0x00,
  0x00, 0x10, 0x00, 0x00, 0x02, 0x23, 0x30, 0x34, 0xf8, 0x00, 0x20, 0x10,
  0x10, 0x01, 0x02, 0x00, 0x80, 0x38, 0x0a, 0x01, 0x00, 0x02, 0x3c, 0x09,
  0x00, 0x82, 0x03, 0x00, 0x30, 0x00, 0x00, 0x00, 0x00, 0x18, 0x00, 0x00,
  0x02, 0x23, 0x30, 0x34, 0xf8, 0x00, 0x20, 0x10, 0x10, 0x01, 0x02, 0x00,
  0x40, 0x37, 0x0a, 0x01, 0x00, 0x02, 0x30, 0x09, 0x00, 0x82, 0x03, 0x00,
  0x20, 0x00, 0x00, 0x00, 0x00, 0x00, 0x00, 0x00, 0x02, 0x23, 0x30, 0x34,
  0xf8, 0x00, 0x20, 0x10, 0x10, 0x01, 0x02, 0x00, 0x40, 0x37, 0x0a, 0x01,
  0x00, 0x02, 0x3b, 0x09, 0x00, 0x82, 0x03, 0x00, 0x08, 0x00, 0x00, 0x00,
  0x00, 0x08, 0x00, 0x00, 0x02, 0x23, 0x30, 0x34, 0xf8, 0x00, 0x20, 0x10,
  0x10, 0x01, 0x02, 0x00, 0x40, 0x37, 0x0a, 0x01, 0x00, 0x02, 0x3a, 0x09,
  0x00, 0x82, 0x03, 0x00, 0x18, 0x00, 0x00, 0x00, 0x00, 0x10, 0x00, 0x00,
  0x02, 0x23, 0x30, 0x34, 0xf8, 0x00, 0x20, 0x10, 0x10, 0x01, 0x02, 0x00,
  0x40, 0x37, 0x0a, 0x01, 0x00, 0x82, 0x3b, 0x09, 0x00, 0x82, 0x03, 0x00,
  0x28, 0x00, 0x00, 0x00, 0x00, 0x18, 0x00, 0x00, 0x02, 0x5a, 0x00, 0x26,
  0xf8, 0x00, 0x01, 0x00, 0x02, 0x00, 0x00, 0x00, 0x03, 0x38, 0x06, 0x0b,
  0x00, 0x82, 0x10, 0xc0, 0xff, 0x00, 0xf8, 0x00, 0x00, 0x00, 0x00, 0x00,
  0x00, 0x00, 0x00, 0x00, 0x02, 0x22, 0x0e, 0x06, 0xf8, 0x00, 0x42, 0x00,
  0x00, 0x00, 0x81, 0x39, 0x40, 0x00, 0x02, 0x00, 0x00, 0x00, 0x00, 0x00,
  0x00, 0x00, 0x00, 0x00, 0x00, 0x00, 0x00, 0x00, 0xf4, 0x01, 0x00, 0x00,
  0x42, 0x10, 0x36, 0x14, 0x02, 0x5a, 0x00, 0x26, 0xf8, 0x00, 0x01, 0x00,
  0x02, 0x00, 0x00, 0x00, 0x03, 0x30, 0x06, 0x0b, 0x00, 0x02, 0x11, 0xc0,
  0xff, 0x00, 0xf8, 0x00, 0x00, 0x00, 0x00, 0x00, 0x00, 0x00, 0x00, 0x00,
  0xd0, 0x00, 0x02, 0x5a, 0x00, 0x26, 0xf8, 0x00, 0x01, 0x00, 0x02, 0x00,
  0x00, 0x00, 0x83, 0x37, 0x06, 0x0b, 0x00, 0x02, 0x10, 0xc0, 0xff, 0x00,
  0xf8, 0x00, 0x00, 0x00, 0x00, 0x00, 0x00, 0x00, 0x00, 0x00, 0xd0, 0x00,
  0x02, 0x5a, 0x00, 0x26, 0xf8, 0x00, 0x01, 0x00, 0x02, 0x00, 0x00, 0x00,
  0x83, 0x30, 0x06, 0x0b, 0x00, 0x82, 0x11, 0xc0, 0xff, 0x00, 0xf8, 0x00,
  0x00, 0x00, 0x00, 0x00, 0x00, 0x00, 0x00, 0x00, 0xd0, 0x00, 0x02, 0x5a,
  0x00, 0x26, 0xf8, 0x00, 0x01, 0x00, 0x02, 0x00, 0x00, 0x00, 0x03, 0x38,
  0x06, 0x08, 0x00, 0x82, 0x12, 0x02, 0x38, 0x00, 0xf8, 0x00, 0x00, 0x00,
  0x00, 0x00, 0x00, 0x00, 0x00, 0x00, 0xd0, 0x00, 0x02, 0x5a, 0x00, 0x26,
  0xf8, 0x00, 0x01, 0x00, 0x02, 0x00, 0x00, 0x00, 0x03, 0x30, 0x06, 0x08,
  0x00, 0x02, 0x13, 0x02, 0x30, 0x00, 0xf8, 0x00, 0x00, 0x00, 0x00, 0x00,
  0x00, 0x00, 0x00, 0x00, 0xd0, 0x00, 0x02, 0x5a, 0x00, 0x26, 0xf8, 0x00,
  0x01, 0x00, 0x02, 0x00, 0x00, 0x00, 0x83, 0x37, 0x06, 0x08, 0x00, 0x02,
  0x12, 0x82, 0x37, 0x00, 0xf8, 0x00, 0x00, 0x00, 0x00, 0x00, 0x00, 0x00,
  0x00, 0x00, 0xd0, 0x00, 0x02, 0x5a, 0x00, 0x26, 0xf8, 0x00, 0x01, 0x00,
  0x02, 0x00, 0x00, 0x00, 0x83, 0x30, 0x06, 0x08, 0x00, 0x82, 0x13, 0x82,
  0x30, 0x00, 0xf8, 0x00, 0x00, 0x00, 0x00, 0x00, 0x00, 0x00, 0x00, 0x00,
  0xd0, 0x00, 0x02, 0x5a, 0x00, 0x26, 0xf8, 0x00, 0x01, 0x00, 0x02, 0x00,
  0x00, 0x00, 0x03, 0x38, 0x06, 0x09, 0x00, 0x82, 0x14, 0x02, 0x38, 0x00,
  0xf8, 0x00, 0x00, 0x00, 0x00, 0x00, 0x00, 0x00, 0x00, 0x00, 0xd0, 0x00,
  0x02, 0x5a, 0x00, 0x26, 0xf8, 0x00, 0x01, 0x00, 0x02, 0x00, 0x00, 0x00,
  0x03, 0x30, 0x06, 0x09, 0x00, 0x02, 0x15, 0x02, 0x30, 0x00, 0xf8, 0x00,
  0x00, 0x00, 0x00, 0x00, 0x00, 0x00, 0x00, 0x00, 0xd0, 0x00, 0x02, 0x5a,
  0x00, 0x26, 0xf8, 0x00, 0x01, 0x00, 0x02, 0x00, 0x00, 0x00, 0x83, 0x37,
  0x06, 0x09, 0x00, 0x02, 0x14, 0x82, 0x37, 0x00, 0xf8, 0x00, 0x00, 0x00,
  0x00, 0x00, 0x00, 0x00, 0x00, 0x00, 0xd0, 0x00, 0x02, 0x5a, 0x00, 0x26,
  0xf8, 0x00, 0x01, 0x00, 0x02, 0x00, 0x00, 0x00, 0x83, 0x30, 0x06, 0x09,
  0x00, 0x82, 0x15, 0x82, 0x30, 0x00, 0xf8, 0x00, 0x00, 0x00, 0x00, 0x00,
  0x00, 0x00, 0x00, 0x00, 0xd0, 0x00, 0x02, 0x5a, 0x00, 0x26, 0xf8, 0x00,
  0x01, 0x00, 0x02, 0x00, 0x00, 0x00, 0x03, 0x38, 0x06, 0x0a, 0x00, 0x82,
  0x16, 0x02, 0x38, 0x00, 0xf8, 0x00, 0x00, 0x00, 0x00, 0x00, 0x00, 0x00,
  0x00, 0x00, 0xd0, 0x00, 0x02, 0x5a, 0x00, 0x26, 0xf8, 0x00, 0x01, 0x00,
  0x02, 0x00, 0x00, 0x00, 0x03, 0x30, 0x06, 0x0a, 0x00, 0x02, 0x17, 0x02,
  0x30, 0x00, 0xf8, 0x00, 0x00, 0x00, 0x00, 0x00, 0x00, 0x00, 0x00, 0x00,
  0xd0, 0x00, 0x02, 0x5a, 0x00, 0x26, 0xf8, 0x00, 0x01, 0x00, 0x02, 0x00,
  0x00, 0x00, 0x83, 0x37, 0x06, 0x0a, 0x00, 0x02, 0x16, 0x82, 0x37, 0x00,
  0xf8, 0x00, 0x00, 0x00, 0x00, 0x00, 0x00, 0x00, 0x00, 0x00, 0xd0, 0x00,
  0x02, 0x5a, 0x00, 0x26, 0xf8, 0x00, 0x01, 0x00, 0x02, 0x00, 0x00, 0x00,
  0x83, 0x30, 0x06, 0x0a, 0x00, 0x82, 0x17, 0x82, 0x30, 0x00, 0xf8, 0x00,
  0x00, 0x00, 0x00, 0x00, 0x00, 0x00, 0x00, 0x00, 0xd0, 0x00, 0x02, 0x5a,
  0x00, 0x26, 0xf8, 0x00, 0x01, 0x00, 0x02, 0x00, 0x00, 0x00, 0x03, 0x38,
  0x06, 0x0c, 0x00, 0x82, 0x18, 0x02, 0x38, 0x00, 0xf8, 0x00, 0x00, 0x00,
  0x00, 0x00, 0x00, 0x00, 0x00, 0x00, 0xd0, 0x00, 0x02, 0x5a, 0x00, 0x26,
  0xf8, 0x00, 0x01, 0x00, 0x02, 0x00, 0x00, 0x00, 0x03, 0x30, 0x06, 0x0c,
  0x00, 0x02, 0x19, 0x02, 0x30, 0x00, 0xf8, 0x00, 0x00, 0x00, 0x00, 0x00,
  0x00, 0x00, 0x00, 0x00, 0xd0, 0x00, 0x02, 0x5a, 0x00, 0x26, 0xf8, 0x00,
  0x01, 0x00, 0x02, 0x00, 0x00, 0x00, 0x83, 0x37, 0x06, 0x0c, 0x00, 0x02,
  0x18, 0x82, 0x37, 0x00, 0xf8, 0x00, 0x00, 0x00, 0x00, 0x00, 0x00, 0x00,
  0x00, 0x00, 0xd0, 0x00, 0x02, 0x5a, 0x00, 0x26, 0xf8, 0x00, 0x01, 0x00,
  0x02, 0x00, 0x00, 0x00, 0x83, 0x30, 0x06, 0x0c, 0x00, 0x82, 0x19, 0x82,
  0x30, 0x00, 0xf8, 0x00, 0x00, 0x00, 0x00, 0x00, 0x00, 0x00, 0x00, 0x00,
  0xd0, 0x00, 0x02, 0x5a, 0x00, 0x26, 0xf8, 0x00, 0x01, 0x00, 0x02, 0x00,
  0x00, 0x00, 0x03, 0x38, 0x06, 0x0d, 0x00, 0x82, 0x1a, 0x02, 0x38, 0x00,
  0xf8, 0x00, 0x00, 0x00, 0x00, 0x00, 0x00, 0x00, 0x00, 0x00, 0xd0, 0x00,
  0x02, 0x5a, 0x00, 0x26, 0xf8, 0x00, 0x01, 0x00, 0x02, 0x00, 0x00, 0x00,
  0x03, 0x30, 0x06, 0x0d, 0x00, 0x02, 0x1b, 0x02, 0x30, 0x00, 0xf8, 0x00,
  0x00, 0x00, 0x00, 0x00, 0x00, 0x00, 0x00, 0x00, 0xd0, 0x00, 0x02, 0x5a,
  0x00, 0x26, 0xf8, 0x00, 0x01, 0x00, 0x02, 0x00, 0x00, 0x00, 0x83, 0x37,
  0x06, 0x0d, 0x00, 0x02, 0x1a, 0x82, 0x37, 0x00, 0xf8, 0x00, 0x00, 0x00,
  0x00, 0x00, 0x00, 0x00, 0x00, 0x00, 0xd0, 0x00, 0x02, 0x5a, 0x00, 0x26,
  0xf8, 0x00, 0x01, 0x00, 0x02, 0x00, 0x00, 0x00, 0x83, 0x30, 0x06, 0x0d,
  0x00, 0x82, 0x1b, 0x82, 0x30, 0x00, 0xf8, 0x00, 0x00, 0x00, 0x00, 0x00,
  0x00, 0x00, 0x00, 0x00, 0xd0, 0x00, 0x02, 0x5a, 0x00, 0x26, 0xf8, 0x00,
  0x01, 0x00, 0x02, 0x00, 0x00, 0x00, 0x03, 0x38, 0x06, 0x0e, 0x00, 0x82,
  0x1c, 0x02, 0x38, 0x00, 0xf8, 0x00, 0x00, 0x00, 0x00, 0x00, 0x00, 0x00,
  0x00, 0x00, 0xd0, 0x00, 0x02, 0x5a, 0x00, 0x26, 0xf8, 0x00, 0x01, 0x00,
  0x02, 0x00, 0x00, 0x00, 0x03, 0x30, 0x06, 0x0e, 0x00, 0x02, 0x1d, 0x02,
  0x30, 0x00, 0xf8, 0x00, 0x00, 0x00, 0x00, 0x00, 0x00, 0x00, 0x00, 0x00,
  0xd0, 0x00, 0x02, 0x5a, 0x00, 0x26, 0xf8, 0x00, 0x01, 0x00, 0x02, 0x00,
  0x00, 0x00, 0x83, 0x37, 0x06, 0x0e, 0x00, 0x02, 0x1c, 0x82, 0x37, 0x00,
  0xf8, 0x00, 0x00, 0x00, 0x00, 0x00, 0x00, 0x00, 0x00, 0x00, 0xd0, 0x00,
  0x02, 0x5a, 0x00, 0x26, 0xf8, 0x00, 0x01, 0x00, 0x02, 0x00, 0x00, 0x00,
  0x83, 0x30, 0x06, 0x0e, 0x00, 0x82, 0x1d, 0x82, 0x30, 0x00, 0xf8, 0x00,
  0x00, 0x00, 0x00, 0x00, 0x00, 0x00, 0x00, 0x00, 0xd0, 0x00, 0x02, 0x5a,
  0x00, 0x26, 0xf8, 0x00, 0x01, 0x00, 0x02, 0x00, 0x00, 0x00, 0x03, 0x38,
  0x06, 0x0f, 0x00, 0x82, 0x1e, 0x02, 0x38, 0x00, 0xf8, 0x00, 0x00, 0x00,
  0x00, 0x00, 0x00, 0x00, 0x00, 0x00, 0xd0, 0x00, 0x02, 0x5a, 0x00, 0x26,
  0xf8, 0x00, 0x01, 0x00, 0x02, 0x00, 0x00, 0x00, 0x03, 0x30, 0x06, 0x0f,
  0x00, 0x02, 0x1f, 0x02, 0x30, 0x00, 0xf8, 0x00, 0x00, 0x00, 0x00, 0x00,
  0x00, 0x00, 0x00, 0x00, 0x02, 0x5a, 0x00, 0x26, 0xf8, 0x00, 0x01, 0x00,
  0x02, 0x00, 0x00, 0x00, 0x83, 0x37, 0x06, 0x0f, 0x00, 0x02, 0x1e, 0x82,
  0x37, 0x00, 0xf8, 0x00, 0x00, 0x00, 0x00, 0x00, 0x00, 0x00, 0x00, 0x00,
  0x02, 0x5a, 0x00, 0x26, 0xf8, 0x00, 0x01, 0x00, 0x02, 0x00, 0x00, 0x00,
  0x83, 0x30, 0x06, 0x0f, 0x00, 0x82, 0x1f, 0x82, 0x30, 0x00, 0xf8, 0x00,
  0x00, 0x00, 0x00, 0x00, 0x00, 0x00, 0x00, 0x00, 0x01, 0x0b, 0x04, 0x0a,
  0xf8, 0x00, 0x04, 0x00, 0x00, 0x00, 0x01, 0x30, 0x01, 0x02, 0x00, 0x00,
  0x01, 0x0b, 0x06, 0x0a, 0xfa, 0x00, 0x04, 0x00, 0x00, 0x00, 0x41, 0x02,
  0x04, 0x02, 0x00, 0x00, 0x41, 0x0c, 0x54, 0x04, 0x41, 0x0c, 0x54, 0x04,
  0x01, 0x23, 0x40, 0x0a, 0xf8, 0x00, 0x08, 0x00, 0x00, 0x00, 0x00, 0x00,
  0x00, 0x00, 0x00, 0x00, 0x01, 0x47, 0x5a, 0x16, 0xf8, 0x00, 0x04, 0x00,
  0x00, 0x00, 0x00, 0x00, 0x01, 0x00, 0x00, 0x00, 0x42, 0x5b, 0x02, 0x06,
  0x42, 0x5b, 0x02, 0x06, 0x42, 0x5b, 0x02, 0x06, 0x42, 0x5b, 0x02, 0x06,
  0x42, 0x5b, 0x02, 0x06, 0x42, 0x5b, 0x02, 0x06, 0x42, 0x5b, 0x02, 0x06,
  0x42, 0x5b, 0x02, 0x06, 0x42, 0x5b, 0x02, 0x06, 0x42, 0x5b, 0x02, 0x06,
  0x42, 0x5b, 0x02, 0x06, 0x42, 0x5b, 0x02, 0x06, 0x42, 0x5b, 0x02, 0x06,
  0x42, 0x5b, 0x02, 0x06, 0x42, 0x5b, 0x02, 0x06, 0x42, 0x5b, 0x02, 0x06,
  0x02, 0x5a, 0x00, 0x26, 0xf8, 0x00, 0x01, 0x00, 0x02, 0x00, 0x00, 0x00,
  0x83, 0x33, 0x06, 0x30, 0x00, 0x02, 0x20, 0x82, 0x33, 0x00, 0xf8, 0x00,
  0x00, 0x00, 0x00, 0x00, 0x00, 0x00, 0x00, 0x00, 0xd0, 0x00, 0x02, 0x5a,
  0x00, 0x26, 0xf8, 0x00, 0x01, 0x00, 0x02, 0x00, 0x00, 0x00, 0x03, 0x33,
  0x06, 0x30, 0x00, 0x82, 0x20, 0x02, 0x33, 0x00, 0xf8, 0x00, 0x00, 0x00,
  0x00, 0x00, 0x00, 0x00, 0x00, 0x00, 0xd0, 0x00, 0x02, 0x5a, 0x00, 0x26,
  0xf8, 0x00, 0x01, 0x00, 0x02, 0x00, 0x00, 0x00, 0x83, 0x32, 0x06, 0x30,
  0x00, 0x02, 0x21, 0x82, 0x32, 0x00, 0xf8, 0x00, 0x00, 0x00, 0x00, 0x00,
  0x00, 0x00, 0x00, 0x00, 0xd0, 0x00, 0x02, 0x5a, 0x00, 0x26, 0xf8, 0x00,
  0x01, 0x00, 0x02, 0x00, 0x00, 0x00, 0x03, 0x32, 0x06, 0x30, 0x00, 0x82,
  0x21, 0x02, 0x32, 0x00, 0xf8, 0x00, 0x00, 0x00, 0x00, 0x00, 0x00, 0x00,
  0x00, 0x00, 0xd0, 0x00, 0x02, 0x5a, 0x00, 0x26, 0xf8, 0x00, 0x01, 0x00,
  0x02, 0x00, 0x00, 0x00, 0x83, 0x31, 0x06, 0x30, 0x00, 0x02, 0x22, 0x82,
  0x31, 0x00, 0xf8, 0x00, 0x00, 0x00, 0x00, 0x00, 0x00, 0x00, 0x00, 0x00,
  0xd0, 0x00, 0x02, 0x5a, 0x00, 0x26, 0xf8, 0x00, 0x01, 0x00, 0x02, 0x00,
  0x00, 0x00, 0x03, 0x31, 0x06, 0x30, 0x00, 0x82, 0x22, 0x02, 0x31, 0x00,
  0xf8, 0x00, 0x00, 0x00, 0x00, 0x00, 0x00, 0x00, 0x00, 0x00, 0xd0, 0x00,
  0x02, 0x5a, 0x00, 0x26, 0xf8, 0x00, 0x01, 0x00, 0x02, 0x00, 0x00, 0x00,
  0x83, 0x07, 0x06, 0x30, 0x00, 0x02, 0x23, 0x82, 0x07, 0x00, 0xf8, 0x00,
  0x00, 0x00, 0x00, 0x00, 0x00, 0x00, 0x00, 0x00, 0xd0, 0x00, 0x02, 0x5a,
  0x00, 0x26, 0xf8, 0x00, 0x01, 0x00, 0x02, 0x00, 0x00, 0x00, 0x03, 0x07,
  0x06, 0x30, 0x00, 0x82, 0x23, 0x02, 0x07, 0x00, 0xf8, 0x00, 0x00, 0x00,
  0x00, 0x00, 0x00, 0x00, 0x00, 0x00, 0xd0, 0x00, 0x02, 0x5a, 0x00, 0x26,
  0xf8, 0x00, 0x01, 0x00, 0x02, 0x00, 0x00, 0x00, 0x83, 0x06, 0x06, 0x30,
  0x00, 0x02, 0x24, 0x82, 0x06, 0x00, 0xf8, 0x00, 0x00, 0x00, 0x00, 0x00,
  0x00, 0x00, 0x00, 0x00, 0xd0, 0x00, 0x02, 0x5a, 0x00, 0x26, 0xf8, 0x00,
  0x01, 0x00, 0x02, 0x00, 0x00, 0x00, 0x03, 0x06, 0x06, 0x30, 0x00, 0x82,
  0x24, 0x02, 0x06, 0x00, 0xf8, 0x00, 0x00, 0x00, 0x00, 0x00, 0x00, 0x00,
  0x00, 0x00, 0xd0, 0x00, 0x02, 0x5a, 0x00, 0x26, 0xf8, 0x00, 0x01, 0x00,
  0x02, 0x00, 0x00, 0x00, 0x83, 0x05, 0x06, 0x30, 0x00, 0x02, 0x25, 0x82,
  0x05, 0x00, 0xf8, 0x00, 0x00, 0x00, 0x00, 0x00, 0x00, 0x00, 0x00, 0x00,
  0xd0, 0x00, 0x02, 0x5a, 0x00, 0x26, 0xf8, 0x00, 0x01, 0x00, 0x02, 0x00,
  0x00, 0x00, 0x03, 0x05, 0x06, 0x30, 0x00, 0x82, 0x25, 0x02, 0x05, 0x00,
  0xf8, 0x00, 0x00, 0x00, 0x00, 0x00, 0x00, 0x00, 0x00, 0x00, 0xd0, 0x00,
  0x02, 0x5a, 0x00, 0x26, 0xf8, 0x00, 0x01, 0x00, 0x02, 0x00, 0x00, 0x00,
  0x83, 0x04, 0x06, 0x30, 0x00, 0x02, 0x26, 0x82, 0x04, 0x00, 0xf8, 0x00,
  0x00, 0x00, 0x00, 0x00, 0x00, 0x00, 0x00, 0x00, 0xd0, 0x00, 0x02, 0x5a,
  0x00, 0x26, 0xf8, 0x00, 0x01, 0x00, 0x02, 0x00, 0x00, 0x00, 0x03, 0x04,
  0x06, 0x30, 0x00, 0x82, 0x26, 0x02, 0x04, 0x00, 0xf8, 0x00, 0x00, 0x00,
  0x00, 0x00, 0x00, 0x00, 0x00, 0x00, 0xd0, 0x00, 0x02, 0x5a, 0x00, 0x26,
  0xf8, 0x00, 0x01, 0x00, 0x02, 0x00, 0x00, 0x00, 0x83, 0x03, 0x06, 0x30,
  0x00, 0x02, 0x27, 0x82, 0x03, 0x00, 0xf8, 0x00, 0x00, 0x00, 0x00, 0x00,
  0x00, 0x00, 0x00, 0x00, 0xd0, 0x00, 0x02, 0x5a, 0x00, 0x26, 0xf8, 0x00,
  0x01, 0x00, 0x02, 0x00, 0x00, 0x00, 0x03, 0x34, 0x06, 0x30, 0x00, 0x82,
  0x27, 0x02, 0x34, 0x00, 0xf8, 0x00, 0x00, 0x00, 0x00, 0x00, 0x00, 0x00,
  0x00, 0x00, 0x02, 0x5a, 0x00, 0x26, 0xf8, 0x00, 0x01, 0x00, 0x02, 0x00,
  0x00, 0x00, 0x83, 0x33, 0x06, 0x30, 0x00, 0x02, 0x28, 0x82, 0x33, 0x00,
  0xf8, 0x00, 0x00, 0x00, 0x00, 0x00, 0x00, 0x00, 0x00, 0x00, 0xd0, 0x00,
  0x02, 0x5a, 0x00, 0x26, 0xf8, 0x00, 0x01, 0x00, 0x02, 0x00, 0x00, 0x00,
  0x03, 0x33, 0x06, 0x30, 0x00, 0x82, 0x28, 0x02, 0x33, 0x00, 0xf8, 0x00,
  0x00, 0x00, 0x00, 0x00, 0x00, 0x00, 0x00, 0x00, 0xd0, 0x00, 0x02, 0x5a,
  0x00, 0x26, 0xf8, 0x00, 0x01, 0x00, 0x02, 0x00, 0x00, 0x00, 0x83, 0x32,
  0x06, 0x30, 0x00, 0x02, 0x29, 0x82, 0x32, 0x00, 0xf8, 0x00, 0x00, 0x00,
  0x00, 0x00, 0x00, 0x00, 0x00, 0x00, 0xd0, 0x00, 0x02, 0x5a, 0x00, 0x26,
  0xf8, 0x00, 0x01, 0x00, 0x02, 0x00, 0x00, 0x00, 0x03, 0x32, 0x06, 0x30,
  0x00, 0x82, 0x29, 0x02, 0x32, 0x00, 0xf8, 0x00, 0x00, 0x00, 0x00, 0x00,
  0x00, 0x00, 0x00, 0x00, 0xd0, 0x00, 0x02, 0x5a, 0x00, 0x26, 0xf8, 0x00,
  0x01, 0x00, 0x02, 0x00, 0x00, 0x00, 0x83, 0x31, 0x06, 0x30, 0x00, 0x02,
  0x2a, 0x82, 0x31, 0x00, 0xf8, 0x00, 0x00, 0x00, 0x00, 0x00, 0x00, 0x00,
  0x00, 0x00, 0xd0, 0x00, 0x02, 0x5a, 0x00, 0x26, 0xf8, 0x00, 0x01, 0x00,
  0x02, 0x00, 0x00, 0x00, 0x03, 0x31, 0x06, 0x30, 0x00, 0x82, 0x2a, 0x02,
  0x31, 0x00, 0xf8, 0x00, 0x00, 0x00, 0x00, 0x00, 0x00, 0x00, 0x00, 0x00,
  0xd0, 0x00, 0x02, 0x5a, 0x00, 0x26, 0xf8, 0x00, 0x01, 0x00, 0x02, 0x00,
  0x00, 0x00, 0x83, 0x07, 0x06, 0x30, 0x00, 0x02, 0x2b, 0x82, 0x07, 0x00,
  0xf8, 0x00, 0x00, 0x00, 0x00, 0x00, 0x00, 0x00, 0x00, 0x00, 0xd0, 0x00,
  0x02, 0x5a, 0x00, 0x26, 0xf8, 0x00, 0x01, 0x00, 0x02, 0x00, 0x00, 0x00,
  0x03, 0x07, 0x06, 0x30, 0x00, 0x82, 0x2b, 0x02, 0x07, 0x00, 0xf8, 0x00,
  0x00, 0x00, 0x00, 0x00, 0x00, 0x00, 0x00, 0x00, 0xd0, 0x00, 0x02, 0x5a,
  0x00, 0x26, 0xf8, 0x00, 0x01, 0x00, 0x02, 0x00, 0x00, 0x00, 0x83, 0x06,
  0x06, 0x30, 0x00, 0x02, 0x2c, 0x82, 0x06, 0x00, 0xf8, 0x00, 0x00, 0x00,
  0x00, 0x00, 0x00, 0x00, 0x00, 0x00, 0xd0, 0x00, 0x02, 0x5a, 0x00, 0x26,
  0xf8, 0x00, 0x01, 0x00, 0x02, 0x00, 0x00, 0x00, 0x03, 0x06, 0x06, 0x30,
  0x00, 0x82, 0x2c, 0x02, 0x06, 0x00, 0xf8, 0x00, 0x00, 0x00, 0x00, 0x00,
  0x00, 0x00, 0x00, 0x00, 0xd0, 0x00, 0x02, 0x5a, 0x00, 0x26, 0xf8, 0x00,
  0x01, 0x00, 0x02, 0x00, 0x00, 0x00, 0x83, 0x05, 0x06, 0x30, 0x00, 0x02,
  0x2d, 0x82, 0x05, 0x00, 0xf8, 0x00, 0x00, 0x00, 0x00, 0x00, 0x00, 0x00,
  0x00, 0x00, 0xd0, 0x00, 0x02, 0x5a, 0x00, 0x26, 0xf8, 0x00, 0x01, 0x00,
  0x02, 0x00, 0x00, 0x00, 0x03, 0x05, 0x06, 0x30, 0x00, 0x82, 0x2d, 0x02,
  0x05, 0x00, 0xf8, 0x00, 0x00, 0x00, 0x00, 0x00, 0x00, 0x00, 0x00, 0x00,
  0xd0, 0x00, 0x02, 0x5a, 0x00, 0x26, 0xf8, 0x00, 0x01, 0x00, 0x02, 0x00,
  0x00, 0x00, 0x83, 0x04, 0x06, 0x30, 0x00, 0x02, 0x2e, 0x82, 0x04, 0x00,
  0xf8, 0x00, 0x00, 0x00, 0x00, 0x00, 0x00, 0x00, 0x00, 0x00, 0xd0, 0x00,
  0x02, 0x5a, 0x00, 0x26, 0xf8, 0x00, 0x01, 0x00, 0x02, 0x00, 0x00, 0x00,
  0x03, 0x04, 0x06, 0x30, 0x00, 0x82, 0x2e, 0x02, 0x04, 0x00, 0xf8, 0x00,
  0x00, 0x00, 0x00, 0x00, 0x00, 0x00, 0x00, 0x00, 0xd0, 0x00, 0x02, 0x5a,
  0x00, 0x26, 0xf8, 0x00, 0x01, 0x00, 0x02, 0x00, 0x00, 0x00, 0x83, 0x03,
  0x06, 0x30, 0x00, 0x02, 0x2f, 0x82, 0x03, 0x00, 0xf8, 0x00, 0x00, 0x00,
  0x00, 0x00, 0x00, 0x00, 0x00, 0x00, 0xd0, 0x00, 0x02, 0x5a, 0x00, 0x26,
  0xf8, 0x00, 0x01, 0x00, 0x02, 0x00, 0x00, 0x00, 0x03, 0x34, 0x06, 0x30,
  0x00, 0x82, 0x2f, 0x02, 0x34, 0x00, 0xf8, 0x00, 0x00, 0x00, 0x00, 0x00,
  0x00, 0x00, 0x00, 0x00, 0xd0, 0x00, 0x42, 0x5b, 0x02, 0x06, 0x42, 0x5b,
  0x02, 0x06, 0x42, 0x5b, 0x02, 0x06, 0x42, 0x5b, 0x02, 0x06, 0x42, 0x5b,
  0x02, 0x06, 0x42, 0x5b, 0x02, 0x06, 0x42, 0x5b, 0x02, 0x06, 0x42, 0x5b,
  0x02, 0x06, 0x42, 0x5b, 0x02, 0x06, 0x42, 0x5b, 0x02, 0x06, 0x42, 0x5b,
  0x02, 0x06, 0x42, 0x5b, 0x02, 0x06, 0x42, 0x5b, 0x02, 0x06, 0x42, 0x5b,
  0x02, 0x06, 0x42, 0x5b, 0x02, 0x06, 0x42, 0x5b, 0x02, 0x06, 0x01, 0x0b,
  0x04, 0x0a, 0xf8, 0x00, 0x04, 0x00, 0x00, 0x00, 0x01, 0x03, 0x01, 0x02,
  0x00, 0x00, 0x01, 0x0b, 0x06, 0x0a, 0xfa, 0x00, 0x04, 0x00, 0x00, 0x00,
  0x41, 0x01, 0x2c, 0x02, 0x00, 0x00, 0x01, 0x47, 0x5a, 0x16, 0xf8, 0x00,
  0x04, 0x00, 0x00, 0x00, 0x00, 0x00, 0x01, 0x00, 0x00, 0x00, 0x01, 0x0b,
  0x06, 0x0a, 0xfa, 0x00, 0x04, 0x00, 0x00, 0x00, 0x81, 0x02, 0x04, 0x02,
  0x00, 0x00, 0x01, 0x0b, 0x06, 0x0a, 0xfa, 0x00, 0x04, 0x00, 0x00, 0x00,
  0x41, 0x02, 0x05, 0x02, 0x00, 0x00, 0x02, 0x22, 0x08, 0x06, 0xfa, 0x00,
  0x42, 0x00, 0x00, 0x00, 0x01, 0x01, 0x40, 0x00, 0x02, 0x00, 0x00, 0x00,
  0x00, 0x00, 0x00, 0x00, 0x00, 0x00, 0x00, 0x00, 0x00, 0x00, 0xe4, 0x01,
  0x00, 0x00, 0x02, 0x22, 0x08, 0x06, 0xfa, 0x00, 0x42, 0x00, 0x00, 0x00,
  0x41, 0x01, 0x40, 0x00, 0x02, 0x00, 0x00, 0x00, 0x00, 0x00, 0x00, 0x00,
  0x00, 0x00, 0x00, 0x00, 0x00, 0x00, 0xcc, 0x01, 0x00, 0x00, 0x02, 0x29,
  0x04, 0x06, 0xf8, 0x00, 0x04, 0x00, 0x00, 0x00, 0x01, 0xf8, 0x81, 0x00,
  0x00, 0x00, 0x00, 0x02, 0x00, 0x00, 0x00, 0x00, 0x00, 0x00, 0x00, 0x00,
  0x00, 0x00, 0x10, 0x00, 0x00, 0x00, 0x02, 0x29, 0x04, 0x06, 0xf8, 0x00,
  0x04, 0x00, 0x00, 0x00, 0x01, 0xf8, 0x01, 0x01, 0x00, 0x00, 0x00, 0x02,
  0x00, 0x00, 0x00, 0x00, 0x00, 0x00, 0x00, 0x00, 0x00, 0x00, 0x30, 0x00,
  0x00, 0x00, 0x02, 0x29, 0x04, 0x06, 0xf8, 0x00, 0x04, 0x00, 0x00, 0x00,
  0x01, 0xf8, 0x81, 0x01, 0x00, 0x00, 0x00, 0x02, 0x00, 0x00, 0x00, 0x00,
  0x00, 0x00, 0x00, 0x00, 0x00, 0x00, 0x40, 0x00, 0x00, 0x00, 0x02, 0x29,
  0x04, 0x06, 0xf8, 0x00, 0x04, 0x00, 0x00, 0x00, 0x01, 0xf8, 0x01, 0x02,
  0x00, 0x00, 0x00, 0x02, 0x00, 0x00, 0x00, 0x00, 0x00, 0x00, 0x00, 0x00,
  0x00, 0x00, 0x50, 0x00, 0x00, 0x00, 0x02, 0x29, 0x04, 0x06, 0xf8, 0x00,
  0x04, 0x00, 0x00, 0x00, 0x01, 0xf8, 0x41, 0x02, 0x00, 0x00, 0x00, 0x02,
  0x00, 0x00, 0x00, 0x00, 0x00, 0x00, 0x00, 0x00, 0x00, 0x00, 0x90, 0x00,
  0x00, 0x00, 0x02, 0x29, 0x04, 0x06, 0xf8, 0x00, 0x04, 0x00, 0x00, 0x00,
  0x01, 0xf8, 0x41, 0x01, 0x00, 0x00, 0x00, 0x02, 0x00, 0x00, 0x00, 0x00,
  0x00, 0x00, 0x00, 0x00, 0x00, 0x00, 0x60, 0x00, 0x00, 0x00, 0x02, 0x29,
  0x04, 0x06, 0xf8, 0x00, 0x04, 0x00, 0x00, 0x00, 0x01, 0xf8, 0x81, 0x00,
  0x00, 0x00, 0x00, 0x02, 0x00, 0x00, 0x00, 0x00, 0x00, 0x00, 0x00, 0x00,
  0x00, 0x00, 0x70, 0x00, 0x00, 0x00, 0x02, 0x29, 0x04, 0x06, 0xf8, 0x00,
  0x04, 0x00, 0x00, 0x00, 0x01, 0xf8, 0xc1, 0x00, 0x00, 0x00, 0x00, 0x02,
  0x00, 0x00, 0x00, 0x00, 0x00, 0x00, 0x00, 0x00, 0x00, 0x00, 0x20, 0x00,
  0x00, 0x00, 0x02, 0x29, 0x04, 0x06, 0xf8, 0x00, 0x04, 0x00, 0x00, 0x00,
  0x01, 0xf8, 0xc1, 0x00, 0x00, 0x00, 0x00, 0x02, 0x00, 0x00, 0x00, 0x00,
  0x00, 0x00, 0x00, 0x00, 0x00, 0x00, 0x80, 0x00, 0x00, 0x00, 0x02, 0x29,
  0x04, 0x06, 0xf8, 0x00, 0x04, 0x00, 0x00, 0x00, 0x01, 0xf8, 0x01, 0x01,
  0x00, 0x00, 0x00, 0x02, 0x00, 0x00, 0x00, 0x00, 0x00, 0x00, 0x00, 0x00,
  0x00, 0x00, 0xa0, 0x00, 0x00, 0x00, 0x02, 0x29, 0x04, 0x06, 0xf8, 0x00,
  0x04, 0x00, 0x00, 0x00, 0x01, 0xf8, 0x81, 0x01, 0x00, 0x00, 0x00, 0x02,
  0x00, 0x00, 0x00, 0x00, 0x00, 0x00, 0x00, 0x00, 0x00, 0x00, 0xe0, 0x00,
  0x00, 0x00, 0x02, 0x29, 0x04, 0x06, 0xf8, 0x00, 0x04, 0x00, 0x00, 0x00,
  0x01, 0xf8, 0x41, 0x01, 0x00, 0x00, 0x00, 0x02, 0x00, 0x00, 0x00, 0x00,
  0x00, 0x00, 0x00, 0x00, 0x00, 0x00, 0xb0, 0x00, 0x00, 0x00, 0x02, 0x29,
  0x04, 0x06, 0xf8, 0x00, 0x04, 0x00, 0x00, 0x00, 0x01, 0xf8, 0x81, 0x00,
  0x00, 0x00, 0x00, 0x02, 0x00, 0x00, 0x00, 0x00, 0x00, 0x00, 0x00, 0x00,
  0x00, 0x00, 0xc0, 0x00, 0x00, 0x00, 0x02, 0x29, 0x04, 0x06, 0xf8, 0x00,
  0x04, 0x00, 0x00, 0x00, 0x01, 0xf8, 0xc1, 0x00, 0x00, 0x00, 0x00, 0x02,
  0x00, 0x00, 0x00, 0x00, 0x00, 0x00, 0x00, 0x00, 0x00, 0x00, 0xd0, 0x00,
  0x00, 0x00, 0x02, 0x29, 0x04, 0x06, 0xf8, 0x00, 0x04, 0x00, 0x00, 0x00,
  0x01, 0xf8, 0x01, 0x00, 0x00, 0x00, 0x00, 0x02, 0x00, 0x00, 0x00, 0x00,
  0x00, 0x00, 0x00, 0x00, 0x00, 0x00, 0xf0, 0x00, 0x00, 0x00, 0x41, 0x0c,
  0x50, 0x04, 0x01, 0x47, 0x5a, 0x16, 0xf8, 0x00, 0x04, 0x00, 0x00, 0x00,
  0x00, 0x00, 0x01, 0x00, 0x00, 0x00, 0x02, 0x22, 0x0e, 0x06, 0x01, 0x00,
  0x52, 0x00, 0x00, 0x00, 0x83, 0x03, 0x40, 0x00, 0x02, 0x00, 0x00, 0x00,
  0x00, 0x00, 0x00, 0x00, 0x00, 0x00, 0x00, 0x00, 0x00, 0x00, 0x90, 0x00,
  0x00, 0x00, 0x02, 0x22, 0x0e, 0x06, 0x01, 0x00, 0x52, 0x00, 0x00, 0x00,
  0x03, 0x01, 0x40, 0x00, 0x02, 0x00, 0x00, 0x00, 0x00, 0x00, 0x00, 0x00,
  0x00, 0x00, 0x00, 0x00, 0x00, 0x00, 0x60, 0x00, 0x00, 0x00, 0x41, 0x0c,
  0x50, 0x04, 0x02, 0x38, 0x0e, 0x32, 0x01, 0x00, 0x60, 0x11, 0x00, 0x00,
  0x00, 0x00, 0x82, 0x00, 0x0a, 0x00, 0x00, 0x82, 0x03, 0x06, 0x02, 0x00,
  0x00, 0x00, 0x00, 0x00, 0x00, 0x00, 0x00, 0x00, 0x00, 0x00, 0x02, 0x22,
  0x0e, 0x06, 0x01, 0x00, 0x52, 0x00, 0x00, 0x00, 0x03, 0x04, 0x40, 0x00,
  0x02, 0x00, 0x00, 0x00, 0x00, 0x00, 0x00, 0x00, 0x00, 0x00, 0x00, 0x00,
  0x00, 0x00, 0x90, 0x00, 0x00, 0x00, 0x02, 0x22, 0x0e, 0x06, 0x01, 0x00,
  0x52, 0x00, 0x00, 0x00, 0x03, 0x01, 0x40, 0x00, 0x02, 0x00, 0x00, 0x00,
  0x00, 0x00, 0x00, 0x00, 0x00, 0x00, 0x00, 0x00, 0x00, 0x00, 0x60, 0x00,
  0x00, 0x00, 0x41, 0x0c, 0x50, 0x04, 0x02, 0x38, 0x0e, 0x32, 0x01, 0x00,
  0x60, 0x11, 0x00, 0x00, 0x00, 0x00, 0x82, 0x00, 0x0a, 0x00, 0x00, 0x82,
  0x03, 0x06, 0x02, 0x00, 0x00, 0x00, 0x00, 0x00, 0x00, 0x00, 0x00, 0x00,
  0x00, 0x00, 0x02, 0x22, 0x0e, 0x06, 0x01, 0x00, 0x52, 0x00, 0x00, 0x00,
  0x03, 0x04, 0x40, 0x00, 0x02, 0x00, 0x00, 0x00, 0x00, 0x00, 0x00, 0x00,
  0x00, 0x00, 0x00, 0x00, 0x00, 0x00, 0x90, 0x00, 0x00, 0x00, 0x02, 0x22,
  0x0e, 0x06, 0x01, 0x00, 0x52, 0x00, 0x00, 0x00, 0x03, 0x01, 0x40, 0x00,
  0x02, 0x00, 0x00, 0x00, 0x00, 0x00, 0x00, 0x00, 0x00, 0x00, 0x00, 0x00,
  0x00, 0x00, 0x60, 0x00, 0x00, 0x00, 0x41, 0x0c, 0x50, 0x04, 0x02, 0x38,
  0x0e, 0x32, 0x01, 0x00, 0x60, 0x11, 0x00, 0x00, 0x00, 0x00, 0x82, 0x00,
  0x0a, 0x00, 0x00, 0x82, 0x03, 0x06, 0x02, 0x00, 0x00, 0x00, 0x00, 0x00,
  0x00, 0x00, 0x00, 0x00, 0x00, 0x00, 0x02, 0x22, 0x0e, 0x06, 0x01, 0x00,
  0x52, 0x00, 0x00, 0x00, 0x03, 0x04, 0x40, 0x00, 0x02, 0x00, 0x00, 0x00,
  0x00, 0x00, 0x00, 0x00, 0x00, 0x00, 0x00, 0x00, 0x00, 0x00, 0x90, 0x00,
  0x00, 0x00, 0x02, 0x22, 0x0e, 0x06, 0x01, 0x00, 0x52, 0x00, 0x00, 0x00,
  0x03, 0x01, 0x40, 0x00, 0x02, 0x00, 0x00, 0x00, 0x00, 0x00, 0x00, 0x00,
  0x00, 0x00, 0x00, 0x00, 0x00, 0x00, 0x60, 0x00, 0x00, 0x00, 0x41, 0x0c,
  0x50, 0x04, 0x02, 0x38, 0x0e, 0x32, 0x01, 0x00, 0x60, 0x11, 0x00, 0x00,
  0x00, 0x00, 0x82, 0x00, 0x0a, 0x00, 0x00, 0x82, 0x03, 0x06, 0x02, 0x00,
  0x00, 0x00, 0x00, 0x00, 0x00, 0x00, 0x00, 0x00, 0x00, 0x00, 0x02, 0x22,
  0x0e, 0x06, 0x01, 0x00, 0x52, 0x00, 0x00, 0x00, 0x03, 0x04, 0x40, 0x00,
  0x02, 0x00, 0x00, 0x00, 0x00, 0x00, 0x00, 0x00, 0x00, 0x00, 0x00, 0x00,
  0x00, 0x00, 0x90, 0x00, 0x00, 0x00, 0x02, 0x22, 0x0e, 0x06, 0x01, 0x00,
  0x52, 0x00, 0x00, 0x00, 0x03, 0x01, 0x40, 0x00, 0x02, 0x00, 0x00, 0x00,
  0x00, 0x00, 0x00, 0x00, 0x00, 0x00, 0x00, 0x00, 0x00, 0x00, 0x60, 0x00,
  0x00, 0x00, 0x41, 0x0c, 0x50, 0x04, 0x02, 0x38, 0x0e, 0x32, 0x01, 0x00,
  0x60, 0x11, 0x00, 0x00, 0x00, 0x00, 0x82, 0x00, 0x0a, 0x00, 0x00, 0x82,
  0x03, 0x06, 0x02, 0x00, 0x00, 0x00, 0x00, 0x00, 0x00, 0x00, 0x00, 0x00,
  0x00, 0x00, 0x02, 0x22, 0x0e, 0x06, 0x01, 0x00, 0x52, 0x00, 0x00, 0x00,
  0x03, 0x04, 0x40, 0x00, 0x02, 0x00, 0x00, 0x00, 0x00, 0x00, 0x00, 0x00,
  0x00, 0x00, 0x00, 0x00, 0x00, 0x00, 0x90, 0x00, 0x00, 0x00, 0x02, 0x22,
  0x0e, 0x06, 0x01, 0x00, 0x52, 0x00, 0x00, 0x00, 0x03, 0x01, 0x40, 0x00,
  0x02, 0x00, 0x00, 0x00, 0x00, 0x00, 0x00, 0x00, 0x00, 0x00, 0x00, 0x00,
  0x00, 0x00, 0x60, 0x00, 0x00, 0x00, 0x41, 0x0c, 0x50, 0x04, 0x02, 0x38,
  0x0e, 0x32, 0x01, 0x00, 0x60, 0x11, 0x00, 0x00, 0x00, 0x00, 0x82, 0x00,
  0x0a, 0x00, 0x00, 0x82, 0x03, 0x06, 0x02, 0x00, 0x00, 0x00, 0x00, 0x00,
  0x00, 0x00, 0x00, 0x00, 0x00, 0x00, 0x02, 0x22, 0x0e, 0x06, 0x01, 0x00,
  0x52, 0x00, 0x00, 0x00, 0x83, 0x06, 0x40, 0x00, 0x02, 0x00, 0x00, 0x00,
  0x00, 0x00, 0x00, 0x00, 0x00, 0x00, 0x00, 0x00, 0x00, 0x00, 0x90, 0x00,
  0x00, 0x00, 0x02, 0x22, 0x0e, 0x06, 0x01, 0x00, 0x52, 0x00, 0x00, 0x00,
  0x03, 0x02, 0x40, 0x00, 0x02, 0x00, 0x00, 0x00, 0x00, 0x00, 0x00, 0x00,
  0x00, 0x00, 0x00, 0x00, 0x00, 0x00, 0x60, 0x00, 0x00, 0x00, 0x02, 0x22,
  0x0e, 0x06, 0x09, 0x00, 0x52, 0x00, 0x00, 0x00, 0x03, 0x07, 0x40, 0x00,
  0x02, 0x00, 0x00, 0x00, 0x00, 0x00, 0x00, 0x00, 0x00, 0x00, 0x00, 0x00,
  0x00, 0x00, 0x90, 0x00, 0x00, 0x00, 0x02, 0x22, 0x0e, 0x06, 0x09, 0x00,
  0x52, 0x00, 0x00, 0x00, 0x83, 0x02, 0x40, 0x00, 0x02, 0x00, 0x00, 0x00,
  0x00, 0x00, 0x00, 0x00, 0x00, 0x00, 0x00, 0x00, 0x00, 0x00, 0x60, 0x00,
  0x00, 0x00, 0x41, 0x0c, 0x50, 0x04, 0x02, 0x38, 0x0e, 0x32, 0x01, 0x00,
  0x60, 0x11, 0x00, 0x00, 0x00, 0x00, 0x82, 0x00, 0x0a, 0x00, 0x00, 0x82,
  0x03, 0x06, 0x04, 0x00, 0x00, 0x00, 0x00, 0x00, 0x00, 0x00, 0x00, 0x00,
  0x00, 0x00, 0x41, 0x0c, 0x50, 0x04, 0x02, 0x38, 0x0e, 0x32, 0x09, 0x00,
  0x60, 0x11, 0x00, 0x00, 0x00, 0x00, 0x02, 0x01, 0x0a, 0x00, 0x00, 0x82,
  0x03, 0x06, 0x05, 0x00, 0x00, 0x00, 0x00, 0x00, 0x00, 0x00, 0x00, 0x00,
  0x00, 0x00, 0x02, 0x22, 0x08, 0x06, 0xfa, 0x00, 0x52, 0x00, 0x00, 0x00,
  0x03, 0x02, 0x40, 0x00, 0x02, 0x00, 0x00, 0x00, 0x00, 0x00, 0x00, 0x00,
  0x00, 0x00, 0x00, 0x00, 0x00, 0x00, 0x68, 0x00, 0x00, 0x00, 0x41, 0x10,
  0x76, 0x0a, 0x02, 0x22, 0x0e, 0x06, 0xf8, 0x00, 0x52, 0x00, 0x00, 0x00,
  0x83, 0x01, 0x40, 0x00, 0x02, 0x00, 0x00, 0x00, 0x00, 0x00, 0x00, 0x00,
  0x00, 0x00, 0x00, 0x00, 0x00, 0x00, 0x98, 0x00, 0x00, 0x00, 0x41, 0x0c,
  0x50, 0x04, 0x41, 0x0c, 0x54, 0x04, 0x02, 0x38, 0x0e, 0x32, 0x01, 0x00,
  0x40, 0x11, 0x00, 0x00, 0x00, 0x00, 0x82, 0x00, 0x0a, 0x00, 0x00, 0x82,
  0x03, 0x40, 0x35, 0x00, 0x00, 0x00, 0x00, 0x00, 0x00, 0x00, 0x00, 0x00,
  0x00, 0x00, 0x02, 0x38, 0x0e, 0x32, 0x01, 0x00, 0x40, 0x11, 0x00, 0x00,
  0x00, 0x00, 0x82, 0x00, 0x0a, 0x00, 0x00, 0x82, 0x03, 0x40, 0x08, 0x00,
  0x00, 0x00, 0x00, 0x00, 0x00, 0x00, 0x04, 0x00, 0x00, 0x00, 0x41, 0x0c,
  0x50, 0x04, 0x41, 0x0c, 0x54, 0x04, 0x02, 0x38, 0x0e, 0x32, 0xf8, 0x00,
  0x40, 0x11, 0x00, 0x00, 0x00, 0x00, 0x82, 0x00, 0x0a, 0x00, 0x00, 0x82,
  0x03, 0xc0, 0x35, 0x00, 0x00, 0x00, 0x00, 0x00, 0x00, 0x00, 0x00, 0x00,
  0x00, 0x00, 0x02, 0x38, 0x0e, 0x32, 0xf8, 0x00, 0x40, 0x11, 0x00, 0x00,
  0x00, 0x00, 0x82, 0x00, 0x0a, 0x00, 0x00, 0x82, 0x03, 0x00, 0x36, 0x00,
  0x00, 0x00, 0x00, 0x00, 0x00, 0x00, 0x04, 0x00, 0x00, 0x00, 0xd0, 0x06,
  0x00, 0x00, 0x00, 0x00, 0x00, 0x00, 0x00, 0x00, 0x14, 0x00, 0x00, 0x00,
  0x01, 0x00, 0x00, 0xc0, 0x7a, 0x05, 0x00, 0x00, 0x40, 0xca, 0x5c, 0x5f,
  0x2a, 0xac, 0xff, 0xff, 0xff, 0xff, 0xff, 0xff, 0xff, 0xff, 0xb3, 0x8a,
  0xe5, 0x7e, 0x14, 0x57, 0x4f, 0xb9, 0xbd, 0x6e, 0x40, 0xa0, 0xc0, 0xcf,
  0x7f, 0x81, 0x32, 0x60, 0x00, 0x00, 0x00, 0x00, 0x00, 0x00, 0x00, 0xfc,
  0x0a, 0x3e, 0xe3, 0xff, 0xff, 0xee, 0xf8, 0x7f, 0x8f, 0x0c, 0x00, 0x00,
  0x00, 0x00, 0x00, 0x00, 0x00, 0x7b, 0xff, 0xff, 0xff, 0xff, 0xb3, 0xff,
  0xff, 0xff, 0xf6, 0xf8, 0xff, 0xbf, 0xfc, 0xff, 0xfd, 0xdf, 0xff, 0xbf,
  0xff, 0x7f, 0xff, 0xff, 0xf7, 0x7b, 0xef, 0xfe, 0xff, 0xfd, 0xff, 0xff,
  0xff, 0x9f, 0xff, 0xff, 0xff, 0xff, 0xff, 0xff, 0xff, 0xff, 0xff, 0xff,
  0xff, 0xff, 0xff, 0xff, 0xff, 0xff, 0xff, 0xff, 0xff, 0xff, 0xff, 0xff,
  0xff, 0xff, 0xff, 0xff, 0xff, 0xff, 0xff, 0xff, 0xff, 0xff, 0xff, 0xff,
  0xff, 0xff, 0xff, 0xff, 0xff, 0xff, 0xff, 0xff, 0x01, 0x00, 0x00, 0x00,
  0x00, 0x00, 0x3c, 0x00, 0x00, 0x00, 0x40, 0x00, 0x80, 0xcf, 0xb6, 0xfa,
  0xff, 0x7f, 0x5d, 0xf7, 0xf7, 0xdf, 0xef, 0xf7, 0xfb, 0x6d, 0xeb, 0xff,
  0xff, 0xe7, 0x5c, 0x73, 0xcd, 0x35, 0xd7, 0x5c, 0xdb, 0xdc, 0x58, 0x49,
  0xff, 0x0f, 0x0f, 0x01, 0x01, 0x0b, 0x04, 0x0a, 0xf8, 0x00, 0x04, 0x00,
  0x00, 0x00, 0x41, 0x00, 0x00, 0x04, 0x00, 0x00, 0x01, 0x0b, 0x06, 0x0a,
  0xfa, 0x00, 0x04, 0x00, 0x00, 0x00, 0x41, 0x02, 0x06, 0x02, 0x00, 0x00,
  0x02, 0x22, 0x08, 0x06, 0xfa, 0x00, 0x52, 0x00, 0x00, 0x00, 0x03, 0x01,
  0x40, 0x00, 0x02, 0x00, 0x00, 0x00, 0x00, 0x00, 0x00, 0x00, 0x00, 0x00,
  0x00, 0x00, 0x00, 0x00, 0x18, 0x02, 0x00, 0x00, 0x02, 0x22, 0x08, 0x06,
  0xfa, 0x00, 0x52, 0x00, 0x00, 0x00, 0x83, 0x01, 0x40, 0x00, 0x02, 0x00,
  0x00, 0x00, 0x00, 0x00, 0x00, 0x00, 0x00, 0x00, 0x00, 0x00, 0x00, 0x00,
  0x20, 0x02, 0x00, 0x00, 0x01, 0x0b, 0x0e, 0x0a, 0xfa, 0x00, 0x05, 0x00,
  0x00, 0x00, 0x03, 0x04, 0x39, 0x04, 0x00, 0x00, 0x41, 0x10, 0x7a, 0x0a,
  0x41, 0x0b, 0x24, 0x0a, 0x02, 0x22, 0x08, 0x06, 0x02, 0x00, 0x52, 0x00,
  0x00, 0x00, 0x03, 0x01, 0x40, 0x00, 0x02, 0x00, 0x00, 0x00, 0x00, 0x00,
  0x00, 0x00, 0x00, 0x00, 0x00, 0x00, 0x00, 0x00, 0x20, 0x02, 0x00, 0x00,
  0x02, 0x22, 0x08, 0x06, 0xfa, 0x00, 0x02, 0x00, 0x00, 0x00, 0x01, 0x02,
  0x40, 0x00, 0x02, 0x00, 0x00, 0x00, 0x00, 0x00, 0x00, 0x00, 0x00, 0x00,
  0x00, 0x00, 0x00, 0x00, 0x59, 0x02, 0x00, 0x00, 0x02, 0x10, 0x02, 0x14,
  0xf8, 0x00, 0x00, 0x00, 0x00, 0x00, 0x01, 0x10, 0x01, 0xf8, 0x00, 0xf8,
  0x00, 0x00, 0xf8, 0x00, 0x00, 0x00, 0x00, 0x00, 0x00, 0x00, 0x00, 0x00,
  0x00, 0x00, 0x00, 0x00, 0x42, 0x25, 0x42, 0x14, 0x41, 0x0b, 0x24, 0x0a,
  0x02, 0x10, 0x02, 0x14, 0xf8, 0x00, 0x00, 0x00, 0x00, 0x00, 0x01, 0x30,
  0x01, 0xf8, 0x00, 0xf8, 0x00, 0x00, 0xf8, 0x00, 0x08, 0x00, 0x00, 0x00,
  0x00, 0x00, 0x00, 0x00, 0x00, 0x00, 0x00, 0x00, 0x41, 0x0b, 0x24, 0x0a,
  0x01, 0x0b, 0x06, 0x0a, 0xfa, 0x00, 0x04, 0x00, 0x00, 0x00, 0x01, 0x01,
  0x04, 0x02, 0x00, 0x00, 0x02, 0x10, 0x02, 0x14, 0xf8, 0x00, 0x00, 0x00,
  0x00, 0x00, 0x01, 0x00, 0x01, 0xf8, 0x00, 0xf8, 0x00, 0x00, 0xf8, 0x00,
  0x10, 0x00, 0x00, 0x00, 0x00, 0x00, 0x00, 0x00, 0x00, 0x00, 0x00, 0x00,
  0x02, 0x22, 0x0e, 0x06, 0xf8, 0x00, 0x42, 0x00, 0x00, 0x00, 0x81, 0x04,
  0x40, 0x00, 0x02, 0x00, 0x00, 0x00, 0x00, 0x00, 0x00, 0x00, 0x00, 0x00,
  0x00, 0x00, 0x00, 0x00, 0xd4, 0x01, 0x00, 0x00, 0x01, 0x0b, 0x04, 0x0a,
  0xf8, 0x00, 0x04, 0x00, 0x00, 0x00, 0xc1, 0x05, 0x01, 0x02, 0x00, 0x00,
  0x02, 0x22, 0x08, 0x06, 0x0a, 0x00, 0x52, 0x00, 0x00, 0x00, 0x83, 0x02,
  0x40, 0x00, 0x02, 0x00, 0x00, 0x00, 0x00, 0x00, 0x00, 0x00, 0x00, 0x00,
  0x00, 0x00, 0x00, 0x00, 0xd8, 0x01, 0x00, 0x00, 0x01, 0x0b, 0x04, 0x0a,
  0xf8, 0x00, 0x04, 0x00, 0x00, 0x00, 0x41, 0x06, 0x05, 0x02, 0x00, 0x00,
  0x42, 0x17, 0x2c, 0x06, 0x02, 0x22, 0x0e, 0x06, 0xf8, 0x00, 0x52, 0x00,
  0x00, 0x00, 0x03, 0x07, 0x40, 0x00, 0x02, 0x00, 0x00, 0x00, 0x00, 0x00,
  0x00, 0x00, 0x00, 0x00, 0x00, 0x00, 0x00, 0x00, 0x70, 0x00, 0x00, 0x00,
  0x02, 0x22, 0x08, 0x06, 0xfa, 0x00, 0x52, 0x00, 0x00, 0x00, 0x83, 0x04,
  0x40, 0x00, 0x02, 0x00, 0x00, 0x00, 0x00, 0x00, 0x00, 0x00, 0x00, 0x00,
  0x00, 0x00, 0x00, 0x00, 0x08, 0x00, 0x00, 0x00, 0x02, 0x22, 0x08, 0x06,
  0xfa, 0x00, 0x62, 0x00, 0x00, 0x00, 0x07, 0x06, 0x40, 0x00, 0x02, 0x00,
  0x00, 0x00, 0x00, 0x00, 0x00, 0x00, 0x00, 0x00, 0x00, 0x00, 0x00, 0x00,
  0x10, 0x00, 0x00, 0x00, 0x01, 0x0b, 0x06, 0x0a, 0xfa, 0x00, 0x04, 0x00,
  0x00, 0x00, 0x81, 0x02, 0x2c, 0x02, 0x00, 0x00, 0x02, 0x22, 0x08, 0x06,
  0xfa, 0x00, 0x42, 0x00, 0x00, 0x00, 0xc1, 0x02, 0x40, 0x00, 0x02, 0x00,
  0x00, 0x00, 0x00, 0x00, 0x00, 0x00, 0x00, 0x00, 0x00, 0x00, 0x00, 0x00,
  0xec, 0x01, 0x00, 0x00, 0x41, 0x0c, 0x50, 0x04, 0x41, 0x0c, 0x54, 0x04,
  0x41, 0x0c, 0x54, 0x04, 0x51, 0x02, 0x02, 0x23, 0x30, 0x34, 0xf8, 0x00,
  0x20, 0x10, 0x10, 0x01, 0x02, 0x00, 0xc0, 0x04, 0x0a, 0x01, 0x00, 0x82,
  0x00, 0x09, 0x00, 0x02, 0x04, 0x00, 0x18, 0x00, 0x00, 0x00, 0x00, 0x00,
  0x00, 0x00, 0x41, 0x0c, 0x50, 0x04, 0x02, 0x22, 0x0e, 0x06, 0xf8, 0x00,
  0x52, 0x00, 0x00, 0x00, 0x83, 0x06, 0x40, 0x00, 0x02, 0x00, 0x00, 0x00,
  0x00, 0x00, 0x00, 0x00, 0x00, 0x00, 0x00, 0x00, 0x00, 0x00, 0x78, 0x00,
  0x00, 0x00, 0x41, 0x0c, 0x54, 0x04, 0x41, 0x16, 0x2e, 0x0a, 0x41, 0x0c,
  0x50, 0x04, 0x01, 0x29, 0x00, 0x04, 0xf8, 0x00, 0x04, 0x00, 0x01, 0xf8,
  0x81, 0x00, 0x40, 0x06, 0x80, 0x04, 0x02, 0x23, 0x30, 0x34, 0xf8, 0x00,
  0x20, 0x10, 0x10, 0x01, 0x02, 0x00, 0xc0, 0x04, 0x0a, 0x01, 0x00, 0x02,
  0x02, 0x09, 0x00, 0x02, 0x04, 0x00, 0x20, 0x00, 0x00, 0x00, 0x00, 0x08,
  0x00, 0x00, 0x02, 0x23, 0x30, 0x34, 0xf8, 0x00, 0x20, 0x10, 0x10, 0x01,
  0x02, 0x00, 0xc0, 0x04, 0x0a, 0x01, 0x00, 0x82, 0x02, 0x09, 0x00, 0x02,
  0x04, 0x00, 0x28, 0x00, 0x00, 0x00, 0x00, 0x10, 0x00, 0x00, 0x42, 0x17,
  0x2c, 0x06, 0x41, 0x0c, 0x54, 0x04, 0x02, 0x22, 0x0e, 0x06, 0xf8, 0x00,
  0x52, 0x00, 0x00, 0x00, 0x03, 0x07, 0x40, 0x00, 0x02, 0x00, 0x00, 0x00,
  0x00, 0x00, 0x00, 0x00, 0x00, 0x00, 0x00, 0x00, 0x00, 0x00, 0x80, 0x00,
  0x00, 0x00, 0x41, 0x0c, 0x50, 0x04, 0x01, 0x2b, 0x00, 0x0a, 0x19, 0x00,
  0x04, 0x00, 0x00, 0x00, 0x01, 0xf8, 0x81, 0x03, 0x80, 0x04, 0x41, 0x0c,
  0x54, 0x04, 0x02, 0x23, 0x30, 0x34, 0xf8, 0x00, 0x20, 0x10, 0x10, 0x01,
  0x02, 0x00, 0xc0, 0x04, 0x0a, 0x01, 0x00, 0x02, 0x02, 0x09, 0x00, 0x02,
  0x04, 0x00, 0x10, 0x00, 0x00, 0x00, 0x00, 0x18, 0x00, 0x00, 0x02, 0x23,
  0x30, 0x34, 0xf8, 0x00, 0x20, 0x10, 0x10, 0x01, 0x02, 0x00, 0xc0, 0x04,
  0x0a, 0x01, 0x00, 0x02, 0x03, 0x09, 0x00, 0x02, 0x04, 0x00, 0x00, 0x00,
  0x00, 0x00, 0x00, 0x20, 0x00, 0x00, 0x41, 0x0c, 0x54, 0x04, 0x41, 0x0c,
  0x50, 0x04, 0x41, 0x0c, 0x50, 0x04, 0x41, 0x0c, 0x54, 0x04, 0x41, 0x0c,
  0x50, 0x04, 0x02, 0x23, 0x30, 0x34, 0xf8, 0x00, 0x20, 0x10, 0x10, 0x01,
  0x02, 0x00, 0xc0, 0x04, 0x0a, 0x01, 0x00, 0x82, 0x02, 0x09, 0x00, 0x02,
  0x04, 0x00, 0x08, 0x00, 0x00, 0x00, 0x00, 0x28, 0x00, 0x00, 0x41, 0x0c,
  0x54, 0x04, 0x41, 0x0c, 0x54, 0x04, 0x02, 0x23, 0x30, 0x34, 0xf8, 0x00,
  0x20, 0x10, 0x10, 0x01, 0x00, 0x00, 0xc0, 0x04, 0x0a, 0x01, 0x00, 0x82,
  0x00, 0x09, 0x00, 0x02, 0x04, 0x00, 0x20, 0x00, 0x00, 0x00, 0x00, 0x30,
  0x00, 0x00, 0x02, 0x23, 0x30, 0x34, 0xf8, 0x00, 0x20, 0x10, 0x10, 0x01,
  0x00, 0x00, 0xc0, 0x04, 0x0a, 0x01, 0x00, 0x82, 0x01, 0x09, 0x00, 0x02,
  0x04, 0x00, 0x28, 0x00, 0x00, 0x00, 0x00, 0x38, 0x00, 0x00, 0x41, 0x0c,
  0x54, 0x04, 0x41, 0x0c, 0x50, 0x04, 0x41, 0x0c, 0x54, 0x04, 0x41, 0x0c,
  0x50, 0x04, 0x41, 0x0c, 0x50, 0x04, 0x41, 0x0c, 0x54, 0x04, 0x41, 0x0c,
  0x50, 0x04, 0x41, 0x0c, 0x54, 0x04, 0x41, 0x0c, 0x54, 0x04, 0x41, 0x0c,
  0x54, 0x04, 0x02, 0x23, 0x30, 0x34, 0xf8, 0x00, 0x20, 0x10, 0x10, 0x01,
  0x02, 0x00, 0x00, 0x37, 0x0a, 0x01, 0x00, 0x82, 0x34, 0x09, 0x00, 0x02,
  0x04, 0x00, 0x30, 0x00, 0x00, 0x00, 0x00, 0x00, 0x00, 0x00, 0x41, 0x0c,
  0x54, 0x04, 0x41, 0x0c, 0x54, 0x04, 0x02, 0x23, 0x30, 0x34, 0xf8, 0x00,
  0x20, 0x10, 0x10, 0x01, 0x02, 0x00, 0x00, 0x37, 0x0a, 0x01, 0x00, 0x82,
  0x00, 0x09, 0x00, 0x02, 0x04, 0x00, 0x10, 0x00, 0x00, 0x00, 0x00, 0x08,
  0x00, 0x00, 0x02, 0x22, 0x0e, 0x06, 0xf8, 0x00, 0x52, 0x00, 0x00, 0x00,
  0x83, 0x04, 0x40, 0x00, 0x02, 0x00, 0x00, 0x00, 0x00, 0x00, 0x00, 0x00,
  0x00, 0x00, 0x00, 0x00, 0x00, 0x00, 0x58, 0x00, 0x00, 0x00, 0x02, 0x23,
  0x30, 0x34, 0xf8, 0x00, 0x20, 0x10, 0x10, 0x01, 0x02, 0x00, 0x00, 0x37,
  0x0a, 0x01, 0x00, 0x02, 0x01, 0x09, 0x00, 0x02, 0x04, 0x00, 0x18, 0x00,
  0x00, 0x00, 0x00, 0x10, 0x00, 0x00, 0x02, 0x23, 0x30, 0x34, 0xf8, 0x00,
  0x20, 0x10, 0x10, 0x01, 0x02, 0x00, 0x00, 0x37, 0x0a, 0x01, 0x00, 0x82,
  0x01, 0x09, 0x00, 0x02, 0x04, 0x00, 0x00, 0x00, 0x00, 0x00, 0x00, 0x18,
  0x00, 0x00, 0x02, 0x23, 0x30, 0x34, 0xf8, 0x00, 0x20, 0x10, 0x10, 0x01,
  0x02, 0x00, 0xc0, 0x36, 0x0a, 0x01, 0x00, 0x02, 0x35, 0x09, 0x00, 0x02,
  0x04, 0x00, 0x30, 0x00, 0x00, 0x00, 0x00, 0x00, 0x00, 0x00, 0x02, 0x23,
  0x30, 0x34, 0xf8, 0x00, 0x20, 0x10, 0x10, 0x01, 0x02, 0x00, 0xc0, 0x36,
  0x0a, 0x01, 0x00, 0x02, 0x03, 0x09, 0x00, 0x02, 0x04, 0x00, 0x10, 0x00,
  0x00, 0x00, 0x00, 0x08, 0x00, 0x00, 0x02, 0x23, 0x30, 0x34, 0xf8, 0x00,
  0x20, 0x10, 0x10, 0x01, 0x02, 0x00, 0xc0, 0x36, 0x0a, 0x01, 0x00, 0x82,
  0x03, 0x09, 0x00, 0x02, 0x04, 0x00, 0x18, 0x00, 0x00, 0x00, 0x00, 0x10,
  0x00, 0x00, 0x02, 0x23, 0x30, 0x34, 0xf8, 0x00, 0x20, 0x10, 0x10, 0x01,
  0x02, 0x00, 0xc0, 0x36, 0x0a, 0x01, 0x00, 0x82, 0x02, 0x09, 0x00, 0x02,
  0x04, 0x00, 0x00, 0x00, 0x00, 0x00, 0x00, 0x18, 0x00, 0x00, 0x41, 0x10,
  0x72, 0x0a, 0x01, 0x23, 0x40, 0x0a, 0xf8, 0x00, 0x08, 0x00, 0x00, 0x00,
  0x00, 0x00, 0x00, 0x00, 0x00, 0x00, 0x01, 0x47, 0x5a, 0x16, 0xf8, 0x00,
  0x04, 0x00, 0x00, 0x00, 0x00, 0x00, 0x01, 0x00, 0x00, 0x00, 0x02, 0x29,
  0x04, 0x06, 0xf8, 0x00, 0x04, 0x00, 0x00, 0x00, 0x01, 0xf8, 0x81, 0x36,
  0x80, 0x38, 0x00, 0x02, 0x00, 0x00, 0x00, 0x00, 0x00, 0x00, 0x00, 0x00,
  0x00, 0x00, 0x20, 0x00, 0x00, 0x00, 0x02, 0x29, 0x04, 0x06, 0xf8, 0x00,
  0x04, 0x00, 0x00, 0x00, 0x01, 0xf8, 0x41, 0x36, 0x80, 0x38, 0x00, 0x02,
  0x00, 0x00, 0x00, 0x00, 0x00, 0x00, 0x00, 0x00, 0x00, 0x00, 0x40, 0x00,
  0x00, 0x00, 0x42, 0x5b, 0x02, 0x06, 0x02, 0x29, 0x04, 0x06, 0xf8, 0x00,
  0x04, 0x00, 0x00, 0x00, 0x01, 0xf8, 0x41, 0x02, 0x80, 0x38, 0x00, 0x02,
  0x00, 0x00, 0x00, 0x00, 0x00, 0x00, 0x00, 0x00, 0x00, 0x00, 0x60, 0x00,
  0x00, 0x00, 0x41, 0x17, 0x2e, 0x0a, 0x02, 0x29, 0x04, 0x06, 0xf8, 0x00,
  0x04, 0x00, 0x00, 0x00, 0x01, 0xf8, 0x81, 0x02, 0x80, 0x38, 0x00, 0x02,
  0x00, 0x00, 0x00, 0x00, 0x00, 0x00, 0x00, 0x00, 0x00, 0x00, 0xa0, 0x00,
  0x00, 0x00, 0x42, 0x5b, 0x02, 0x06, 0x02, 0x29, 0x04, 0x06, 0xf8, 0x00,
  0x04, 0x00, 0x00, 0x00, 0x01, 0xf8, 0xc1, 0x02, 0x80, 0x38, 0x00, 0x02,
  0x00, 0x00, 0x00, 0x00, 0x00, 0x00, 0x00, 0x00, 0x00, 0x00, 0xc0, 0x00,
  0x00, 0x00, 0x02, 0x29, 0x04, 0x06, 0xf8, 0x00, 0x04, 0x00, 0x00, 0x00,
  0x01, 0xf8, 0x01, 0x03, 0x80, 0x38, 0x00, 0x02, 0x00, 0x00, 0x00, 0x00,
  0x00, 0x00, 0x00, 0x00, 0x00, 0x00, 0xe0, 0x00, 0x00, 0x00, 0x42, 0x5b,
  0x02, 0x06, 0x02, 0x29, 0x04, 0x06, 0xf8, 0x00, 0x04, 0x00, 0x00, 0x00,
  0x01, 0xf8, 0x01, 0x08, 0x40, 0x03, 0x00, 0x02, 0x00, 0x00, 0x00, 0x00,
  0x00, 0x00, 0x00, 0x00, 0x00, 0x00, 0x20, 0x00, 0x00, 0x00, 0x42, 0x5b,
  0x02, 0x06, 0x02, 0x29, 0x04, 0x06, 0xf8, 0x00, 0x04, 0x00, 0x00, 0x00,
  0x01, 0xf8, 0xc1, 0x01, 0x40, 0x37, 0x00, 0x02, 0x00, 0x00, 0x00, 0x00,
  0x00, 0x00, 0x00, 0x00, 0x00, 0x00, 0x20, 0x00, 0x00, 0x00, 0x41, 0x16,
  0x2e, 0x0a, 0x02, 0x29, 0x04, 0x06, 0xf8, 0x00, 0x04, 0x00, 0x00, 0x00,
  0x01, 0xf8, 0x81, 0x01, 0x40, 0x37, 0x00, 0x02, 0x00, 0x00, 0x00, 0x00,
  0x00, 0x00, 0x00, 0x00, 0x00, 0x00, 0x40, 0x00, 0x00, 0x00, 0x42, 0x5b,
  0x02, 0x06, 0x02, 0x29, 0x04, 0x06, 0xf8, 0x00, 0x04, 0x00, 0x00, 0x00,
  0x01, 0xf8, 0x41, 0x01, 0x40, 0x37, 0x00, 0x02, 0x00, 0x00, 0x00, 0x00,
  0x00, 0x00, 0x00, 0x00, 0x00, 0x00, 0x60, 0x00, 0x00, 0x00, 0x42, 0x5b,
  0x02, 0x06, 0x02, 0x29, 0x04, 0x06, 0xf8, 0x00, 0x04, 0x00, 0x00, 0x00,
  0x01, 0xf8, 0xc1, 0x00, 0x40, 0x37, 0x00, 0x02, 0x00, 0x00, 0x00, 0x00,
  0x00, 0x00, 0x00, 0x00, 0x00, 0x00, 0xa0, 0x00, 0x00, 0x00, 0x01, 0x0b,
  0x0c, 0x0a, 0xf8, 0x00, 0x05, 0x00, 0x00, 0x00, 0x83, 0x33, 0xff, 0x0f,
  0x00, 0x00, 0x02, 0x29, 0x04, 0x06, 0xf8, 0x00, 0x04, 0x00, 0x00, 0x00,
  0x01, 0xf8, 0x81, 0x00, 0x40, 0x37, 0x00, 0x02, 0x00, 0x00, 0x00, 0x00,
  0x00, 0x00, 0x00, 0x00, 0x00, 0x00, 0xc0, 0x00, 0x00, 0x00, 0x42, 0x5b,
  0x02, 0x06, 0x02, 0x29, 0x04, 0x06, 0xf8, 0x00, 0x04, 0x00, 0x00, 0x00,
  0x01, 0xf8, 0x01, 0x00, 0x40, 0x37, 0x00, 0x02, 0x00, 0x00, 0x00, 0x00,
  0x00, 0x00, 0x00, 0x00, 0x00, 0x00, 0xe0, 0x00, 0x00, 0x00, 0x01, 0x0b,
  0x0c, 0x0a, 0xf8, 0x00, 0x05, 0x00, 0x00, 0x00, 0x03, 0x33, 0xff, 0x0f,
  0x00, 0x00, 0x02, 0x29, 0x04, 0x06, 0xf8, 0x00, 0x04, 0x00, 0x00, 0x00,
  0x01, 0xf8, 0x01, 0x09, 0x40, 0x03, 0x00, 0x02, 0x00, 0x00, 0x00, 0x00,
  0x00, 0x00, 0x00, 0x00, 0x00, 0x00, 0x40, 0x00, 0x00, 0x00, 0x42, 0x5b,
  0x02, 0x06, 0x02, 0x29, 0x04, 0x06, 0xf8, 0x00, 0x04, 0x00, 0x00, 0x00,
  0x01, 0xf8, 0x01, 0x0a, 0x40, 0x03, 0x00, 0x02, 0x00, 0x00, 0x00, 0x00,
  0x00, 0x00, 0x00, 0x00, 0x00, 0x00, 0x60, 0x00, 0x00, 0x00, 0x01, 0x0b,
  0x0c, 0x0a, 0xf8, 0x00, 0x05, 0x00, 0x00, 0x00, 0x83, 0x32, 0xff, 0x0f,
  0x00, 0x00, 0x02, 0x29, 0x04, 0x06, 0xf8, 0x00, 0x04, 0x00, 0x00, 0x00,
  0x01, 0xf8, 0x01, 0x0d, 0x40, 0x03, 0x00, 0x02, 0x00, 0x00, 0x00, 0x00,
  0x00, 0x00, 0x00, 0x00, 0x00, 0x00, 0xa0, 0x00, 0x00, 0x00, 0x42, 0x5b,
  0x02, 0x06, 0x02, 0x29, 0x04, 0x06, 0xf8, 0x00, 0x04, 0x00, 0x00, 0x00,
  0x01, 0xf8, 0x01, 0x0e, 0x40, 0x03, 0x00, 0x02, 0x00, 0x00, 0x00, 0x00,
  0x00, 0x00, 0x00, 0x00, 0x00, 0x00, 0xc0, 0x00, 0x00, 0x00, 0x01, 0x0b,
  0x0c, 0x0a, 0xf8, 0x00, 0x05, 0x00, 0x00, 0x00, 0x03, 0x32, 0xff, 0x0f,
  0x00, 0x00, 0x02, 0x29, 0x04, 0x06, 0xf8, 0x00, 0x04, 0x00, 0x00, 0x00,
  0x01, 0xf8, 0x01, 0x0f, 0x40, 0x03, 0x00, 0x02, 0x00, 0x00, 0x00, 0x00,
  0x00, 0x00, 0x00, 0x00, 0x00, 0x00, 0xe0, 0x00, 0x00, 0x00, 0x42, 0x5b,
  0x02, 0x06, 0x01, 0x0b, 0x0c, 0x0a, 0xf8, 0x00, 0x05, 0x00, 0x00, 0x00,
  0x83, 0x31, 0xff, 0x0f, 0x00, 0x00, 0x01, 0x0b, 0x0c, 0x0a, 0xf8, 0x00,
  0x05, 0x00, 0x00, 0x00, 0x03, 0x31, 0xff, 0x0f, 0x00, 0x00, 0x01, 0x0b,
  0x0c, 0x0a, 0xf8, 0x00, 0x05, 0x00, 0x00, 0x00, 0x83, 0x07, 0xff, 0x0f,
  0x00, 0x00, 0x42, 0x5b, 0x02, 0x06, 0x01, 0x0b, 0x0c, 0x0a, 0xf8, 0x00,
  0x05, 0x00, 0x00, 0x00, 0x03, 0x07, 0xff, 0x0f, 0x00, 0x00, 0x01, 0x0b,
  0x0c, 0x0a, 0xf8, 0x00, 0x05, 0x00, 0x00, 0x00, 0x83, 0x06, 0xff, 0x0f,
  0x00, 0x00, 0x01, 0x0b, 0x0c, 0x0a, 0xf8, 0x00, 0x05, 0x00, 0x00, 0x00,
  0x03, 0x06, 0xff, 0x0f, 0x00, 0x00, 0x42, 0x5b, 0x02, 0x06, 0x01, 0x0b,
  0x0c, 0x0a, 0xf8, 0x00, 0x05, 0x00, 0x00, 0x00, 0x83, 0x05, 0xff, 0x0f,
  0x00, 0x00, 0x01, 0x0b, 0x0c, 0x0a, 0xf8, 0x00, 0x05, 0x00, 0x00, 0x00,
  0x03, 0x05, 0xff, 0x0f, 0x00, 0x00, 0x01, 0x0b, 0x0c, 0x0a, 0xf8, 0x00,
  0x05, 0x00, 0x00, 0x00, 0x83, 0x04, 0xff, 0x0f, 0x00, 0x00, 0x42, 0x5b,
  0x02, 0x06, 0x01, 0x0b, 0x0c, 0x0a, 0xf8, 0x00, 0x05, 0x00, 0x00, 0x00,
  0x03, 0x04, 0xff, 0x0f, 0x00, 0x00, 0x01, 0x0b, 0x0c, 0x0a, 0xf8, 0x00,
  0x05, 0x00, 0x00, 0x00, 0x83, 0x03, 0xff, 0x0f, 0x00, 0x00, 0x01, 0x0b,
  0x0c, 0x0a, 0xf8, 0x00, 0x05, 0x00, 0x00, 0x00, 0x03, 0x34, 0xff, 0x0f,
  0x00, 0x00, 0x42, 0x5b, 0x02, 0x06, 0x42, 0x5b, 0x02, 0x06, 0x42, 0x5b,
  0x02, 0x06, 0x42, 0x5b, 0x02, 0x06, 0x42, 0x5b, 0x02, 0x06, 0x42, 0x5b,
  0x02, 0x06, 0x42, 0x5b, 0x02, 0x06, 0x42, 0x5b, 0x02, 0x06, 0x42, 0x5b,
  0x02, 0x06, 0x42, 0x5b, 0x02, 0x06, 0x42, 0x5b, 0x02, 0x06, 0x42, 0x5b,
  0x02, 0x06, 0x42, 0x5b, 0x02, 0x06, 0x42, 0x5b, 0x02, 0x06, 0x42, 0x5b,
  0x02, 0x06, 0x42, 0x5b, 0x02, 0x06, 0x42, 0x5b, 0x02, 0x06, 0x42, 0x5b,
  0x02, 0x06, 0x42, 0x5b, 0x02, 0x06, 0x42, 0x5b, 0x02, 0x06, 0x42, 0x5b,
  0x02, 0x06, 0x42, 0x5b, 0x02, 0x06, 0x42, 0x5b, 0x02, 0x06, 0x42, 0x5b,
  0x02, 0x06, 0x42, 0x5b, 0x02, 0x06, 0x42, 0x5b, 0x02, 0x06, 0x42, 0x5b,
  0x02, 0x06, 0x02, 0x22, 0x08, 0x06, 0xfa, 0x00, 0x02, 0x00, 0x00, 0x00,
  0x81, 0x02, 0x40, 0x00, 0x02, 0x00, 0x00, 0x00, 0x00, 0x00, 0x00, 0x00,
  0x00, 0x00, 0x00, 0x00, 0x00, 0x00, 0x30, 0x02, 0x00, 0x00, 0x02, 0x22,
  0x08, 0x06, 0xfa, 0x00, 0x42, 0x00, 0x00, 0x00, 0x41, 0x06, 0x40, 0x00,
  0x02, 0x00, 0x00, 0x00, 0x00, 0x00, 0x00, 0x00, 0x00, 0x00, 0x00, 0x00,
  0x00, 0x00, 0xec, 0x01, 0x00, 0x00, 0x02, 0x22, 0x08, 0x06, 0xfa, 0x00,
  0x02, 0x00, 0x00, 0x00, 0x01, 0x05, 0x40, 0x00, 0x02, 0x00, 0x00, 0x00,
  0x00, 0x00, 0x00, 0x00, 0x00, 0x00, 0x00, 0x00, 0x00, 0x00, 0x30, 0x02,
  0x00, 0x00, 0x02, 0x22, 0x08, 0x06, 0xfa, 0x00, 0x42, 0x00, 0x00, 0x00,
  0xc1, 0x05, 0x40, 0x00, 0x02, 0x00, 0x00, 0x00, 0x00, 0x00, 0x00, 0x00,
  0x00, 0x00, 0x00, 0x00, 0x00, 0x00, 0x40, 0x02, 0x00, 0x00, 0x02, 0x22,
  0x08, 0x06, 0xfa, 0x00, 0x42, 0x00, 0x00, 0x00, 0x01, 0x06, 0x40, 0x00,
  0x02, 0x00, 0x00, 0x00, 0x00, 0x00, 0x00, 0x00, 0x00, 0x00, 0x00, 0x00,
  0x00, 0x00, 0x34, 0x02, 0x00, 0x00, 0x02, 0x22, 0x08, 0x06, 0xfa, 0x00,
  0x42, 0x00, 0x00, 0x00, 0x01, 0x07, 0x40, 0x00, 0x02, 0x00, 0x00, 0x00,
  0x00, 0x00, 0x00, 0x00, 0x00, 0x00, 0x00, 0x00, 0x00, 0x00, 0x44, 0x02,
  0x00, 0x00, 0x02, 0x22, 0x08, 0x06, 0xfa, 0x00, 0x52, 0x00, 0x00, 0x00,
  0x83, 0x06, 0x40, 0x00, 0x02, 0x00, 0x00, 0x00, 0x00, 0x00, 0x00, 0x00,
  0x00, 0x00, 0x00, 0x00, 0x00, 0x00, 0x38, 0x02, 0x00, 0x00, 0x01, 0x0b,
  0x04, 0x0a, 0xf8, 0x00, 0x04, 0x00, 0x00, 0x00, 0x01, 0x30, 0x01, 0x02,
  0x00, 0x00, 0x02, 0x22, 0x0e, 0x06, 0xf8, 0x00, 0x52, 0x00, 0x00, 0x00,
  0x83, 0x30, 0x40, 0x00, 0x02, 0x00, 0x00, 0x00, 0x00, 0x00, 0x00, 0x00,
  0x00, 0x00, 0x00, 0x00, 0x00, 0x00, 0x78, 0x00, 0x00, 0x00, 0x42, 0x17,
  0x2c, 0x06, 0x42, 0x17, 0x2c, 0x06, 0x01, 0x47, 0x5a, 0x16, 0xf8, 0x00,
  0x04, 0x00, 0x00, 0x00, 0x00, 0x00, 0x01, 0x00, 0x00, 0x00, 0x02, 0x22,
  0x0e, 0x06, 0xf8, 0x00, 0x52, 0x00, 0x00, 0x00, 0x03, 0x30, 0x40, 0x00,
  0x02, 0x00, 0x00, 0x00, 0x00, 0x00, 0x00, 0x00, 0x00, 0x00, 0x00, 0x00,
  0x00, 0x00, 0x80, 0x00, 0x00, 0x00, 0x51, 0x02, 0x02, 0x23, 0x30, 0x34,
  0xf8, 0x00, 0x20, 0x10, 0x10, 0x01, 0x02, 0x00, 0x00, 0x37, 0x0a, 0x01,
  0x00, 0x82, 0x37, 0x09, 0x00, 0x02, 0x04, 0x00, 0x28, 0x00, 0x00, 0x00,
  0x00, 0x00, 0x00, 0x00, 0x02, 0x23, 0x30, 0x34, 0xf8, 0x00, 0x20, 0x10,
  0x10, 0x01, 0x02, 0x00, 0x00, 0x37, 0x0a, 0x01, 0x00, 0x82, 0x3a, 0x09,
  0x00, 0x02, 0x04, 0x00, 0x00, 0x00, 0x00, 0x00, 0x00, 0x08, 0x00, 0x00,
  0x02, 0x23, 0x30, 0x34, 0xf8, 0x00, 0x20, 0x10, 0x10, 0x01, 0x02, 0x00,
  0x00, 0x37, 0x0a, 0x01, 0x00, 0x02, 0x3a, 0x09, 0x00, 0x02, 0x04, 0x00,
  0x18, 0x00, 0x00, 0x00, 0x00, 0x10, 0x00, 0x00, 0x02, 0x23, 0x30, 0x34,
  0xf8, 0x00, 0x20, 0x10, 0x10, 0x01, 0x02, 0x00, 0x00, 0x37, 0x0a, 0x01,
  0x00, 0x82, 0x39, 0x09, 0x00, 0x02, 0x04, 0x00, 0x30, 0x00, 0x00, 0x00,
  0x00, 0x18, 0x00, 0x00, 0x02, 0x23, 0x30, 0x34, 0xf8, 0x00, 0x20, 0x10,
  0x10, 0x01, 0x02, 0x00, 0xc0, 0x36, 0x0a, 0x01, 0x00, 0x82, 0x30, 0x09,
  0x00, 0x02, 0x04, 0x00, 0x20, 0x00, 0x00, 0x00, 0x00, 0x00, 0x00, 0x00,
  0x02, 0x23, 0x30, 0x34, 0xf8, 0x00, 0x20, 0x10, 0x10, 0x01, 0x02, 0x00,
  0xc0, 0x36, 0x0a, 0x01, 0x00, 0x02, 0x39, 0x09, 0x00, 0x02, 0x04, 0x00,
  0x10, 0x00, 0x00, 0x00, 0x00, 0x08, 0x00, 0x00, 0x02, 0x23, 0x30, 0x34,
  0xf8, 0x00, 0x20, 0x10, 0x10, 0x01, 0x02, 0x00, 0xc0, 0x36, 0x0a, 0x01,
  0x00, 0x82, 0x3a, 0x09, 0x00, 0x02, 0x04, 0x00, 0x08, 0x00, 0x00, 0x00,
  0x00, 0x10, 0x00, 0x00, 0x02, 0x23, 0x30, 0x34, 0xf8, 0x00, 0x20, 0x10,
  0x10, 0x01, 0x02, 0x00, 0xc0, 0x36, 0x0a, 0x01, 0x00, 0x02, 0x38, 0x09,
  0x00, 0x02, 0x04, 0x00, 0x28, 0x00, 0x00, 0x00, 0x00, 0x18, 0x00, 0x00,
  0x02, 0x5a, 0x00, 0x26, 0xf8, 0x00, 0x01, 0x00, 0x02, 0x00, 0x00, 0x00,
  0x03, 0x38, 0x06, 0x0b, 0x00, 0x82, 0x10, 0xc0, 0xff, 0x00, 0xf8, 0x00,
  0x00, 0x00, 0x00, 0x00, 0x00, 0x00, 0x00, 0x00, 0x02, 0x22, 0x0e, 0x06,
  0xf8, 0x00, 0x42, 0x00, 0x00, 0x00, 0x41, 0x39, 0x40, 0x00, 0x02, 0x00,
  0x00, 0x00, 0x00, 0x00, 0x00, 0x00, 0x00, 0x00, 0x00, 0x00, 0x00, 0x00,
  0xf4, 0x01, 0x00, 0x00, 0x42, 0x10, 0x36, 0x14, 0x42, 0x10, 0x36, 0x14,
  0x01, 0x10, 0x08, 0x0a, 0xfa, 0x00, 0x20, 0x00, 0x00, 0x00, 0x01, 0x00,
  0x00, 0x08, 0x00, 0x00, 0x02, 0x5a, 0x00, 0x26, 0xf8, 0x00, 0x01, 0x00,
  0x02, 0x00, 0x00, 0x00, 0x03, 0x30, 0x06, 0x0b, 0x00, 0x02, 0x11, 0xc0,
  0xff, 0x00, 0xf8, 0x00, 0x00, 0x00, 0x00, 0x00, 0x00, 0x00, 0x00, 0x00,
  0xd0, 0x00, 0x02, 0x5a, 0x00, 0x26, 0xf8, 0x00, 0x01, 0x00, 0x02, 0x00,
  0x00, 0x00, 0x83, 0x37, 0x06, 0x0b, 0x00, 0x02, 0x10, 0xc0, 0xff, 0x00,
  0xf8, 0x00, 0x00, 0x00, 0x00, 0x00, 0x00, 0x00, 0x00, 0x00, 0xd0, 0x00,
  0x02, 0x5a, 0x00, 0x26, 0xf8, 0x00, 0x01, 0x00, 0x02, 0x00, 0x00, 0x00,
  0x83, 0x30, 0x06, 0x0b, 0x00, 0x82, 0x11, 0xc0, 0xff, 0x00, 0xf8, 0x00,
  0x00, 0x00, 0x00, 0x00, 0x00, 0x00, 0x00, 0x00, 0xd0, 0x00, 0x02, 0x5a,
  0x00, 0x26, 0xf8, 0x00, 0x01, 0x00, 0x02, 0x00, 0x00, 0x00, 0x03, 0x38,
  0x06, 0x08, 0x00, 0x82, 0x12, 0x02, 0x38, 0x00, 0xf8, 0x00, 0x00, 0x00,
  0x00, 0x00, 0x00, 0x00, 0x00, 0x00, 0xd0, 0x00, 0x02, 0x5a, 0x00, 0x26,
  0xf8, 0x00, 0x01, 0x00, 0x02, 0x00, 0x00, 0x00, 0x03, 0x30, 0x06, 0x08,
  0x00, 0x02, 0x13, 0x02, 0x30, 0x00, 0xf8, 0x00, 0x00, 0x00, 0x00, 0x00,
  0x00, 0x00, 0x00, 0x00, 0xd0, 0x00, 0x02, 0x5a, 0x00, 0x26, 0xf8, 0x00,
  0x01, 0x00, 0x02, 0x00, 0x00, 0x00, 0x83, 0x37, 0x06, 0x08, 0x00, 0x02,
  0x12, 0x82, 0x37, 0x00, 0xf8, 0x00, 0x00, 0x00, 0x00, 0x00, 0x00, 0x00,
  0x00, 0x00, 0xd0, 0x00, 0x02, 0x5a, 0x00, 0x26, 0xf8, 0x00, 0x01, 0x00,
  0x02, 0x00, 0x00, 0x00, 0x83, 0x30, 0x06, 0x08, 0x00, 0x82, 0x13, 0x82,
  0x30, 0x00, 0xf8, 0x00, 0x00, 0x00, 0x00, 0x00, 0x00, 0x00, 0x00, 0x00,
  0xd0, 0x00, 0x02, 0x5a, 0x00, 0x26, 0xf8, 0x00, 0x01, 0x00, 0x02, 0x00,
  0x00, 0x00, 0x03, 0x38, 0x06, 0x09, 0x00, 0x82, 0x14, 0x02, 0x38, 0x00,
  0xf8, 0x00, 0x00, 0x00, 0x00, 0x00, 0x00, 0x00, 0x00, 0x00, 0xd0, 0x00,
  0x02, 0x5a, 0x00, 0x26, 0xf8, 0x00, 0x01, 0x00, 0x02, 0x00, 0x00, 0x00,
  0x03, 0x30, 0x06, 0x09, 0x00, 0x02, 0x15, 0x02, 0x30, 0x00, 0xf8, 0x00,
  0x00, 0x00, 0x00, 0x00, 0x00, 0x00, 0x00, 0x00, 0xd0, 0x00, 0x02, 0x5a,
  0x00, 0x26, 0xf8, 0x00, 0x01, 0x00, 0x02, 0x00, 0x00, 0x00, 0x83, 0x37,
  0x06, 0x09, 0x00, 0x02, 0x14, 0x82, 0x37, 0x00, 0xf8, 0x00, 0x00, 0x00,
  0x00, 0x00, 0x00, 0x00, 0x00, 0x00, 0xd0, 0x00, 0x02, 0x5a, 0x00, 0x26,
  0xf8, 0x00, 0x01, 0x00, 0x02, 0x00, 0x00, 0x00, 0x83, 0x30, 0x06, 0x09,
  0x00, 0x82, 0x15, 0x82, 0x30, 0x00, 0xf8, 0x00, 0x00, 0x00, 0x00, 0x00,
  0x00, 0x00, 0x00, 0x00, 0xd0, 0x00, 0x02, 0x5a, 0x00, 0x26, 0xf8, 0x00,
  0x01, 0x00, 0x02, 0x00, 0x00, 0x00, 0x03, 0x38, 0x06, 0x0a, 0x00, 0x82,
  0x16, 0x02, 0x38, 0x00, 0xf8, 0x00, 0x00, 0x00, 0x00, 0x00, 0x00, 0x00,
  0x00, 0x00, 0xd0, 0x00, 0x02, 0x5a, 0x00, 0x26, 0xf8, 0x00, 0x01, 0x00,
  0x02, 0x00, 0x00, 0x00, 0x03, 0x30, 0x06, 0x0a, 0x00, 0x02, 0x17, 0x02,
  0x30, 0x00, 0xf8, 0x00, 0x00, 0x00, 0x00, 0x00, 0x00, 0x00, 0x00, 0x00,
  0xd0, 0x00, 0x02, 0x5a, 0x00, 0x26, 0xf8, 0x00, 0x01, 0x00, 0x02, 0x00,
  0x00, 0x00, 0x83, 0x37, 0x06, 0x0a, 0x00, 0x02, 0x16, 0x82, 0x37, 0x00,
  0xf8, 0x00, 0x00, 0x00, 0x00, 0x00, 0x00, 0x00, 0x00, 0x00, 0xd0, 0x00,
  0x02, 0x5a, 0x00, 0x26, 0xf8, 0x00, 0x01, 0x00, 0x02, 0x00, 0x00, 0x00,
  0x83, 0x30, 0x06, 0x0a, 0x00, 0x82, 0x17, 0x82, 0x30, 0x00, 0xf8, 0x00,
  0x00, 0x00, 0x00, 0x00, 0x00, 0x00, 0x00, 0x00, 0xd0, 0x00, 0x02, 0x5a,
  0x00, 0x26, 0xf8, 0x00, 0x01, 0x00, 0x02, 0x00, 0x00, 0x00, 0x03, 0x38,
  0x06, 0x0c, 0x00, 0x82, 0x18, 0x02, 0x38, 0x00, 0xf8, 0x00, 0x00, 0x00,
  0x00, 0x00, 0x00, 0x00, 0x00, 0x00, 0xd0, 0x00, 0x02, 0x5a, 0x00, 0x26,
  0xf8, 0x00, 0x01, 0x00, 0x02, 0x00, 0x00, 0x00, 0x03, 0x30, 0x06, 0x0c,
  0x00, 0x02, 0x19, 0x02, 0x30, 0x00, 0xf8, 0x00, 0x00, 0x00, 0x00, 0x00,
  0x00, 0x00, 0x00, 0x00, 0xd0, 0x00, 0x02, 0x5a, 0x00, 0x26, 0xf8, 0x00,
  0x01, 0x00, 0x02, 0x00, 0x00, 0x00, 0x83, 0x37, 0x06, 0x0c, 0x00, 0x02,
  0x18, 0x82, 0x37, 0x00, 0xf8, 0x00, 0x00, 0x00, 0x00, 0x00, 0x00, 0x00,
  0x00, 0x00, 0xd0, 0x00, 0x02, 0x5a, 0x00, 0x26, 0xf8, 0x00, 0x01, 0x00,
  0x02, 0x00, 0x00, 0x00, 0x83, 0x30, 0x06, 0x0c, 0x00, 0x82, 0x19, 0x82,
  0x30, 0x00, 0xf8, 0x00, 0x00, 0x00, 0x00, 0x00, 0x00, 0x00, 0x00, 0x00,
  0xd0, 0x00, 0x02, 0x5a, 0x00, 0x26, 0xf8, 0x00, 0x01, 0x00, 0x02, 0x00,
  0x00, 0x00, 0x03, 0x38, 0x06, 0x0d, 0x00, 0x82, 0x1a, 0x02, 0x38, 0x00,
  0xf8, 0x00, 0x00, 0x00, 0x00, 0x00, 0x00, 0x00, 0x00, 0x00, 0xd0, 0x00,
  0x02, 0x5a, 0x00, 0x26, 0xf8, 0x00, 0x01, 0x00, 0x02, 0x00, 0x00, 0x00,
  0x03, 0x30, 0x06, 0x0d, 0x00, 0x02, 0x1b, 0x02, 0x30, 0x00, 0xf8, 0x00,
  0x00, 0x00, 0x00, 0x00, 0x00, 0x00, 0x00, 0x00, 0xd0, 0x00, 0x02, 0x5a,
  0x00, 0x26, 0xf8, 0x00, 0x01, 0x00, 0x02, 0x00, 0x00, 0x00, 0x83, 0x37,
  0x06, 0x0d, 0x00, 0x02, 0x1a, 0x82, 0x37, 0x00, 0xf8, 0x00, 0x00, 0x00,
  0x00, 0x00, 0x00, 0x00, 0x00, 0x00, 0xd0, 0x00, 0x02, 0x5a, 0x00, 0x26,
  0xf8, 0x00, 0x01, 0x00, 0x02, 0x00, 0x00, 0x00, 0x83, 0x30, 0x06, 0x0d,
  0x00, 0x82, 0x1b, 0x82, 0x30, 0x00, 0xf8, 0x00, 0x00, 0x00, 0x00, 0x00,
  0x00, 0x00, 0x00, 0x00, 0xd0, 0x00, 0x02, 0x5a, 0x00, 0x26, 0xf8, 0x00,
  0x01, 0x00, 0x02, 0x00, 0x00, 0x00, 0x03, 0x38, 0x06, 0x0e, 0x00, 0x82,
  0x1c, 0x02, 0x38, 0x00, 0xf8, 0x00, 0x00, 0x00, 0x00, 0x00, 0x00, 0x00,
  0x00, 0x00, 0xd0, 0x00, 0x02, 0x5a, 0x00, 0x26, 0xf8, 0x00, 0x01, 0x00,
  0x02, 0x00, 0x00, 0x00, 0x03, 0x30, 0x06, 0x0e, 0x00, 0x02, 0x1d, 0x02,
  0x30, 0x00, 0xf8, 0x00, 0x00, 0x00, 0x00, 0x00, 0x00, 0x00, 0x00, 0x00,
  0xd0, 0x00, 0x02, 0x5a, 0x00, 0x26, 0xf8, 0x00, 0x01, 0x00, 0x02, 0x00,
  0x00, 0x00, 0x83, 0x37, 0x06, 0x0e, 0x00, 0x02, 0x1c, 0x82, 0x37, 0x00,
  0xf8, 0x00, 0x00, 0x00, 0x00, 0x00, 0x00, 0x00, 0x00, 0x00, 0xd0, 0x00,
  0x02, 0x5a, 0x00, 0x26, 0xf8, 0x00, 0x01, 0x00, 0x02, 0x00, 0x00, 0x00,
  0x83, 0x30, 0x06, 0x0e, 0x00, 0x82, 0x1d, 0x82, 0x30, 0x00, 0xf8, 0x00,
  0x00, 0x00, 0x00, 0x00, 0x00, 0x00, 0x00, 0x00, 0xd0, 0x00, 0x02, 0x5a,
  0x00, 0x26, 0xf8, 0x00, 0x01, 0x00, 0x02, 0x00, 0x00, 0x00, 0x03, 0x38,
  0x06, 0x0f, 0x00, 0x82, 0x1e, 0x02, 0x38, 0x00, 0xf8, 0x00, 0x00, 0x00,
  0x00, 0x00, 0x00, 0x00, 0x00, 0x00, 0xd0, 0x00, 0x02, 0x5a, 0x00, 0x26,
  0xf8, 0x00, 0x01, 0x00, 0x02, 0x00, 0x00, 0x00, 0x03, 0x30, 0x06, 0x0f,
  0x00, 0x02, 0x1f, 0x02, 0x30, 0x00, 0xf8, 0x00, 0x00, 0x00, 0x00, 0x00,
  0x00, 0x00, 0x00, 0x00, 0x02, 0x5a, 0x00, 0x26, 0xf8, 0x00, 0x01, 0x00,
  0x02, 0x00, 0x00, 0x00, 0x83, 0x37, 0x06, 0x0f, 0x00, 0x02, 0x1e, 0x82,
  0x37, 0x00, 0xf8, 0x00, 0x00, 0x00, 0x00, 0x00, 0x00, 0x00, 0x00, 0x00,
  0x02, 0x5a, 0x00, 0x26, 0xf8, 0x00, 0x01, 0x00, 0x02, 0x00, 0x00, 0x00,
  0x83, 0x30, 0x06, 0x0f, 0x00, 0x82, 0x1f, 0x82, 0x30, 0x00, 0xf8, 0x00,
  0x00, 0x00, 0x00, 0x00, 0x00, 0x00, 0x00, 0x00, 0x01, 0x0b, 0x04, 0x0a,
  0xf8, 0x00, 0x04, 0x00, 0x00, 0x00, 0xc1, 0x35, 0x01, 0x02, 0x00, 0x00,
  0x01, 0x0b, 0x06, 0x0a, 0xfa, 0x00, 0x04, 0x00, 0x00, 0x00, 0x41, 0x03,
  0x05, 0x02, 0x00, 0x00, 0x01, 0x0b, 0x04, 0x0a, 0xf8, 0x00, 0x04, 0x00,
  0x00, 0x00, 0xc1, 0x39, 0x04, 0x02, 0x00, 0x00, 0x41, 0x12, 0xb2, 0x0b,
  0x41, 0x0f, 0x3a, 0x0a, 0x41, 0x51, 0x0a, 0x0a, 0x02, 0x22, 0x0e, 0x06,
  0x01, 0x00, 0x42, 0x00, 0x00, 0x00, 0xc1, 0x35, 0x40, 0x00, 0x02, 0x00,
  0x00, 0x00, 0x00, 0x00, 0x00, 0x00, 0x00, 0x00, 0x00, 0x00, 0x00, 0x00,
  0x44, 0x02, 0x00, 0x00, 0x02, 0x22, 0x0e, 0x06, 0x09, 0x00, 0x42, 0x00,
  0x00, 0x00, 0x41, 0x3b, 0x40, 0x00, 0x02, 0x00, 0x00, 0x00, 0x00, 0x00,
  0x00, 0x00, 0x00, 0x00, 0x00, 0x00, 0x00, 0x00, 0x44, 0x02, 0x00, 0x00,
  0x02, 0x22, 0x0e, 0x06, 0x01, 0x00, 0x42, 0x00, 0x00, 0x00, 0xc1, 0x35,
  0x40, 0x00, 0x02, 0x00, 0x00, 0x00, 0x00, 0x00, 0x00, 0x00, 0x00, 0x00,
  0x00, 0x00, 0x00, 0x00, 0x44, 0x02, 0x00, 0x00, 0x02, 0x22, 0x0e, 0x06,
  0x11, 0x00, 0x42, 0x00, 0x00, 0x00, 0xc1, 0x3d, 0x40, 0x00, 0x02, 0x00,
  0x00, 0x00, 0x00, 0x00, 0x00, 0x00, 0x00, 0x00, 0x00, 0x00, 0x00, 0x00,
  0x44, 0x02, 0x00, 0x00, 0x02, 0x22, 0x0e, 0x06, 0x09, 0x00, 0x42, 0x00,
  0x00, 0x00, 0x41, 0x3b, 0x40, 0x00, 0x02, 0x00, 0x00, 0x00, 0x00, 0x00,
  0x00, 0x00, 0x00, 0x00, 0x00, 0x00, 0x00, 0x00, 0x44, 0x02, 0x00, 0x00,
  0x02, 0x22, 0x0e, 0x06, 0x01, 0x00, 0x42, 0x00, 0x00, 0x00, 0x41, 0x3b,
  0x40, 0x00, 0x02, 0x00, 0x00, 0x00, 0x00, 0x00, 0x00, 0x00, 0x00, 0x00,
  0x00, 0x00, 0x00, 0x00, 0x44, 0x02, 0x00, 0x00, 0x02, 0x22, 0x0e, 0x06,
  0x09, 0x00, 0x42, 0x00, 0x00, 0x00, 0x41, 0x3a, 0x40, 0x00, 0x02, 0x00,
  0x00, 0x00, 0x00, 0x00, 0x00, 0x00, 0x00, 0x00, 0x00, 0x00, 0x00, 0x00,
  0x44, 0x02, 0x00, 0x00, 0x02, 0x22, 0x0e, 0x06, 0x01, 0x00, 0x42, 0x00,
  0x00, 0x00, 0x41, 0x03, 0x40, 0x00, 0x02, 0x00, 0x00, 0x00, 0x00, 0x00,
  0x00, 0x00, 0x00, 0x00, 0x00, 0x00, 0x00, 0x00, 0x44, 0x02, 0x00, 0x00,
  0x02, 0x22, 0x0e, 0x06, 0x09, 0x00, 0x42, 0x00, 0x00, 0x00, 0xc1, 0x3d,
  0x40, 0x00, 0x02, 0x00, 0x00, 0x00, 0x00, 0x00, 0x00, 0x00, 0x00, 0x00,
  0x00, 0x00, 0x00, 0x00, 0x44, 0x02, 0x00, 0x00, 0x02, 0x22, 0x0e, 0x06,
  0x01, 0x00, 0x42, 0x00, 0x00, 0x00, 0x41, 0x38, 0x40, 0x00, 0x02, 0x00,
  0x00, 0x00, 0x00, 0x00, 0x00, 0x00, 0x00, 0x00, 0x00, 0x00, 0x00, 0x00,
  0x44, 0x02, 0x00, 0x00, 0x02, 0x22, 0x0e, 0x06, 0x11, 0x00, 0x42, 0x00,
  0x00, 0x00, 0x41, 0x39, 0x40, 0x00, 0x02, 0x00, 0x00, 0x00, 0x00, 0x00,
  0x00, 0x00, 0x00, 0x00, 0x00, 0x00, 0x00, 0x00, 0x44, 0x02, 0x00, 0x00,
  0x02, 0x22, 0x0e, 0x06, 0x19, 0x00, 0x42, 0x00, 0x00, 0x00, 0x41, 0x38,
  0x40, 0x00, 0x02, 0x00, 0x00, 0x00, 0x00, 0x00, 0x00, 0x00, 0x00, 0x00,
  0x00, 0x00, 0x00, 0x00, 0x44, 0x02, 0x00, 0x00, 0x02, 0x22, 0x0e, 0x06,
  0x29, 0x00, 0x42, 0x00, 0x00, 0x00, 0xc1, 0x30, 0x40, 0x00, 0x02, 0x00,
  0x00, 0x00, 0x00, 0x00, 0x00, 0x00, 0x00, 0x00, 0x00, 0x00, 0x00, 0x00,
  0x44, 0x02, 0x00, 0x00, 0x02, 0x22, 0x0e, 0x06, 0x31, 0x00, 0x42, 0x00,
  0x00, 0x00, 0xc1, 0x37, 0x40, 0x00, 0x02, 0x00, 0x00, 0x00, 0x00, 0x00,
  0x00, 0x00, 0x00, 0x00, 0x00, 0x00, 0x00, 0x00, 0x44, 0x02, 0x00, 0x00,
  0x02, 0x22, 0x0e, 0x06, 0x09, 0x00, 0x42, 0x00, 0x00, 0x00, 0xc1, 0x30,
  0x40, 0x00, 0x02, 0x00, 0x00, 0x00, 0x00, 0x00, 0x00, 0x00, 0x00, 0x00,
  0x00, 0x00, 0x00, 0x00, 0x44, 0x02, 0x00, 0x00, 0x01, 0x0b, 0x04, 0x0a,
  0xf8, 0x00, 0x04, 0x00, 0x00, 0x00, 0x41, 0x03, 0x01, 0x02, 0x00, 0x00,
  0x01, 0x0b, 0x04, 0x0a, 0xf8, 0x00, 0x04, 0x00, 0x00, 0x00, 0xc1, 0x39,
  0x04, 0x02, 0x00, 0x00, 0x01, 0x23, 0x40, 0x0a, 0xf8, 0x00, 0x08, 0x00,
  0x00, 0x00, 0x00, 0x00, 0x00, 0x00, 0x00, 0x00, 0x01, 0x47, 0x5a, 0x16,
  0xf8, 0x00, 0x04, 0x00, 0x00, 0x00, 0x00, 0x00, 0x01, 0x00, 0x00, 0x00,
  0x42, 0x5b, 0x02, 0x06, 0x42, 0x5b, 0x02, 0x06, 0x42, 0x5b, 0x02, 0x06,
  0x42, 0x5b, 0x02, 0x06, 0x42, 0x5b, 0x02, 0x06, 0x42, 0x5b, 0x02, 0x06,
  0x42, 0x5b, 0x02, 0x06, 0x42, 0x5b, 0x02, 0x06, 0x42, 0x5b, 0x02, 0x06,
  0x42, 0x5b, 0x02, 0x06, 0x42, 0x5b, 0x02, 0x06, 0x42, 0x5b, 0x02, 0x06,
  0x42, 0x5b, 0x02, 0x06, 0x42, 0x5b, 0x02, 0x06, 0x42, 0x5b, 0x02, 0x06,
  0x42, 0x5b, 0x02, 0x06, 0x02, 0x5a, 0x00, 0x26, 0xf8, 0x00, 0x01, 0x00,
  0x02, 0x00, 0x00, 0x00, 0x83, 0x33, 0x06, 0x30, 0x00, 0x02, 0x20, 0x82,
  0x33, 0x00, 0xf8, 0x00, 0x00, 0x00, 0x00, 0x00, 0x00, 0x00, 0x00, 0x00,
  0xd0, 0x00, 0x02, 0x5a, 0x00, 0x26, 0xf8, 0x00, 0x01, 0x00, 0x02, 0x00,
  0x00, 0x00, 0x03, 0x33, 0x06, 0x30, 0x00, 0x82, 0x20, 0x02, 0x33, 0x00,
  0xf8, 0x00, 0x00, 0x00, 0x00, 0x00, 0x00, 0x00, 0x00, 0x00, 0xd0, 0x00,
  0x02, 0x5a, 0x00, 0x26, 0xf8, 0x00, 0x01, 0x00, 0x02, 0x00, 0x00, 0x00,
  0x83, 0x32, 0x06, 0x30, 0x00, 0x02, 0x21, 0x82, 0x32, 0x00, 0xf8, 0x00,
  0x00, 0x00, 0x00, 0x00, 0x00, 0x00, 0x00, 0x00, 0xd0, 0x00, 0x02, 0x5a,
  0x00, 0x26, 0xf8, 0x00, 0x01, 0x00, 0x02, 0x00, 0x00, 0x00, 0x03, 0x32,
  0x06, 0x30, 0x00, 0x82, 0x21, 0x02, 0x32, 0x00, 0xf8, 0x00, 0x00, 0x00,
  0x00, 0x00, 0x00, 0x00, 0x00, 0x00, 0xd0, 0x00, 0x02, 0x5a, 0x00, 0x26,
  0xf8, 0x00, 0x01, 0x00, 0x02, 0x00, 0x00, 0x00, 0x83, 0x31, 0x06, 0x30,
  0x00, 0x02, 0x22, 0x82, 0x31, 0x00, 0xf8, 0x00, 0x00, 0x00, 0x00, 0x00,
  0x00, 0x00, 0x00, 0x00, 0xd0, 0x00, 0x02, 0x5a, 0x00, 0x26, 0xf8, 0x00,
  0x01, 0x00, 0x02, 0x00, 0x00, 0x00, 0x03, 0x31, 0x06, 0x30, 0x00, 0x82,
  0x22, 0x02, 0x31, 0x00, 0xf8, 0x00, 0x00, 0x00, 0x00, 0x00, 0x00, 0x00,
  0x00, 0x00, 0xd0, 0x00, 0x02, 0x5a, 0x00, 0x26, 0xf8, 0x00, 0x01, 0x00,
  0x02, 0x00, 0x00, 0x00, 0x83, 0x07, 0x06, 0x30, 0x00, 0x02, 0x23, 0x82,
  0x07, 0x00, 0xf8, 0x00, 0x00, 0x00, 0x00, 0x00, 0x00, 0x00, 0x00, 0x00,
  0xd0, 0x00, 0x02, 0x5a, 0x00, 0x26, 0xf8, 0x00, 0x01, 0x00, 0x02, 0x00,
  0x00, 0x00, 0x03, 0x07, 0x06, 0x30, 0x00, 0x82, 0x23, 0x02, 0x07, 0x00,
  0xf8, 0x00, 0x00, 0x00, 0x00, 0x00, 0x00, 0x00, 0x00, 0x00, 0xd0, 0x00,
  0x02, 0x5a, 0x00, 0x26, 0xf8, 0x00, 0x01, 0x00, 0x02, 0x00, 0x00, 0x00,
  0x83, 0x06, 0x06, 0x30, 0x00, 0x02, 0x24, 0x82, 0x06, 0x00, 0xf8, 0x00,
  0x00, 0x00, 0x00, 0x00, 0x00, 0x00, 0x00, 0x00, 0xd0, 0x00, 0x02, 0x5a,
  0x00, 0x26, 0xf8, 0x00, 0x01, 0x00, 0x02, 0x00, 0x00, 0x00, 0x03, 0x06,
  0x06, 0x30, 0x00, 0x82, 0x24, 0x02, 0x06, 0x00, 0xf8, 0x00, 0x00, 0x00,
  0x00, 0x00, 0x00, 0x00, 0x00, 0x00, 0xd0, 0x00, 0x02, 0x5a, 0x00, 0x26,
  0xf8, 0x00, 0x01, 0x00, 0x02, 0x00, 0x00, 0x00, 0x83, 0x05, 0x06, 0x30,
  0x00, 0x02, 0x25, 0x82, 0x05, 0x00, 0xf8, 0x00, 0x00, 0x00, 0x00, 0x00,
  0x00, 0x00, 0x00, 0x00, 0xd0, 0x00, 0x02, 0x5a, 0x00, 0x26, 0xf8, 0x00,
  0x01, 0x00, 0x02, 0x00, 0x00, 0x00, 0x03, 0x05, 0x06, 0x30, 0x00, 0x82,
  0x25, 0x02, 0x05, 0x00, 0xf8, 0x00, 0x00, 0x00, 0x00, 0x00, 0x00, 0x00,
  0x00, 0x00, 0xd0, 0x00, 0x02, 0x5a, 0x00, 0x26, 0xf8, 0x00, 0x01, 0x00,
  0x02, 0x00, 0x00, 0x00, 0x83, 0x04, 0x06, 0x30, 0x00, 0x02, 0x26, 0x82,
  0x04, 0x00, 0xf8, 0x00, 0x00, 0x00, 0x00, 0x00, 0x00, 0x00, 0x00, 0x00,
  0xd0, 0x00, 0x02, 0x5a, 0x00, 0x26, 0xf8, 0x00, 0x01, 0x00, 0x02, 0x00,
  0x00, 0x00, 0x03, 0x04, 0x06, 0x30, 0x00, 0x82, 0x26, 0x02, 0x04, 0x00,
  0xf8, 0x00, 0x00, 0x00, 0x00, 0x00, 0x00, 0x00, 0x00, 0x00, 0xd0, 0x00,
  0x02, 0x5a, 0x00, 0x26, 0xf8, 0x00, 0x01, 0x00, 0x02, 0x00, 0x00, 0x00,
  0x83, 0x03, 0x06, 0x30, 0x00, 0x02, 0x27, 0x82, 0x03, 0x00, 0xf8, 0x00,
  0x00, 0x00, 0x00, 0x00, 0x00, 0x00, 0x00, 0x00, 0xd0, 0x00, 0x02, 0x5a,
  0x00, 0x26, 0xf8, 0x00, 0x01, 0x00, 0x02, 0x00, 0x00, 0x00, 0x03, 0x34,
  0x06, 0x30, 0x00, 0x82, 0x27, 0x02, 0x34, 0x00, 0xf8, 0x00, 0x00, 0x00,
  0x00, 0x00, 0x00, 0x00, 0x00, 0x00, 0x02, 0x5a, 0x00, 0x26, 0xf8, 0x00,
  0x01, 0x00, 0x02, 0x00, 0x00, 0x00, 0x83, 0x33, 0x06, 0x30, 0x00, 0x02,
  0x28, 0x82, 0x33, 0x00, 0xf8, 0x00, 0x00, 0x00, 0x00, 0x00, 0x00, 0x00,
  0x00, 0x00, 0xd0, 0x00, 0x02, 0x5a, 0x00, 0x26, 0xf8, 0x00, 0x01, 0x00,
  0x02, 0x00, 0x00, 0x00, 0x03, 0x33, 0x06, 0x30, 0x00, 0x82, 0x28, 0x02,
  0x33, 0x00, 0xf8, 0x00, 0x00, 0x00, 0x00, 0x00, 0x00, 0x00, 0x00, 0x00,
  0xd0, 0x00, 0x02, 0x5a, 0x00, 0x26, 0xf8, 0x00, 0x01, 0x00, 0x02, 0x00,
  0x00, 0x00, 0x83, 0x32, 0x06, 0x30, 0x00, 0x02, 0x29, 0x82, 0x32, 0x00,
  0xf8, 0x00, 0x00, 0x00, 0x00, 0x00, 0x00, 0x00, 0x00, 0x00, 0xd0, 0x00,
  0x02, 0x5a, 0x00, 0x26, 0xf8, 0x00, 0x01, 0x00, 0x02, 0x00, 0x00, 0x00,
  0x03, 0x32, 0x06, 0x30, 0x00, 0x82, 0x29, 0x02, 0x32, 0x00, 0xf8, 0x00,
  0x00, 0x00, 0x00, 0x00, 0x00, 0x00, 0x00, 0x00, 0xd0, 0x00, 0x02, 0x5a,
  0x00, 0x26, 0xf8, 0x00, 0x01, 0x00, 0x02, 0x00, 0x00, 0x00, 0x83, 0x31,
  0x06, 0x30, 0x00, 0x02, 0x2a, 0x82, 0x31, 0x00, 0xf8, 0x00, 0x00, 0x00,
  0x00, 0x00, 0x00, 0x00, 0x00, 0x00, 0xd0, 0x00, 0x02, 0x5a, 0x00, 0x26,
  0xf8, 0x00, 0x01, 0x00, 0x02, 0x00, 0x00, 0x00, 0x03, 0x31, 0x06, 0x30,
  0x00, 0x82, 0x2a, 0x02, 0x31, 0x00, 0xf8, 0x00, 0x00, 0x00, 0x00, 0x00,
  0x00, 0x00, 0x00, 0x00, 0xd0, 0x00, 0x02, 0x5a, 0x00, 0x26, 0xf8, 0x00,
  0x01, 0x00, 0x02, 0x00, 0x00, 0x00, 0x83, 0x07, 0x06, 0x30, 0x00, 0x02,
  0x2b, 0x82, 0x07, 0x00, 0xf8, 0x00, 0x00, 0x00, 0x00, 0x00, 0x00, 0x00,
  0x00, 0x00, 0xd0, 0x00, 0x02, 0x5a, 0x00, 0x26, 0xf8, 0x00, 0x01, 0x00,
  0x02, 0x00, 0x00, 0x00, 0x03, 0x07, 0x06, 0x30, 0x00, 0x82, 0x2b, 0x02,
  0x07, 0x00, 0xf8, 0x00, 0x00, 0x00, 0x00, 0x00, 0x00, 0x00, 0x00, 0x00,
  0xd0, 0x00, 0x02, 0x5a, 0x00, 0x26, 0xf8, 0x00, 0x01, 0x00, 0x02, 0x00,
  0x00, 0x00, 0x83, 0x06, 0x06, 0x30, 0x00, 0x02, 0x2c, 0x82, 0x06, 0x00,
  0xf8, 0x00, 0x00, 0x00, 0x00, 0x00, 0x00, 0x00, 0x00, 0x00, 0xd0, 0x00,
  0x02, 0x5a, 0x00, 0x26, 0xf8, 0x00, 0x01, 0x00, 0x02, 0x00, 0x00, 0x00,
  0x03, 0x06, 0x06, 0x30, 0x00, 0x82, 0x2c, 0x02, 0x06, 0x00, 0xf8, 0x00,
  0x00, 0x00, 0x00, 0x00, 0x00, 0x00, 0x00, 0x00, 0xd0, 0x00, 0x02, 0x5a,
  0x00, 0x26, 0xf8, 0x00, 0x01, 0x00, 0x02, 0x00, 0x00, 0x00, 0x83, 0x05,
  0x06, 0x30, 0x00, 0x02, 0x2d, 0x82, 0x05, 0x00, 0xf8, 0x00, 0x00, 0x00,
  0x00, 0x00, 0x00, 0x00, 0x00, 0x00, 0xd0, 0x00, 0x02, 0x5a, 0x00, 0x26,
  0xf8, 0x00, 0x01, 0x00, 0x02, 0x00, 0x00, 0x00, 0x03, 0x05, 0x06, 0x30,
  0x00, 0x82, 0x2d, 0x02, 0x05, 0x00, 0xf8, 0x00, 0x00, 0x00, 0x00, 0x00,
  0x00, 0x00, 0x00, 0x00, 0xd0, 0x00, 0x02, 0x5a, 0x00, 0x26, 0xf8, 0x00,
  0x01, 0x00, 0x02, 0x00, 0x00, 0x00, 0x83, 0x04, 0x06, 0x30, 0x00, 0x02,
  0x2e, 0x82, 0x04, 0x00, 0xf8, 0x00, 0x00, 0x00, 0x00, 0x00, 0x00, 0x00,
  0x00, 0x00, 0xd0, 0x00, 0x02, 0x5a, 0x00, 0x26, 0xf8, 0x00, 0x01, 0x00,
  0x02, 0x00, 0x00, 0x00, 0x03, 0x04, 0x06, 0x30, 0x00, 0x82, 0x2e, 0x02,
  0x04, 0x00, 0xf8, 0x00, 0x00, 0x00, 0x00, 0x00, 0x00, 0x00, 0x00, 0x00,
  0xd0, 0x00, 0x02, 0x5a, 0x00, 0x26, 0xf8, 0x00, 0x01, 0x00, 0x02, 0x00,
  0x00, 0x00, 0x83, 0x03, 0x06, 0x30, 0x00, 0x02, 0x2f, 0x82, 0x03, 0x00,
  0xf8, 0x00, 0x00, 0x00, 0x00, 0x00, 0x00, 0x00, 0x00, 0x00, 0xd0, 0x00,
  0x02, 0x5a, 0x00, 0x26, 0xf8, 0x00, 0x01, 0x00, 0x02, 0x00, 0x00, 0x00,
  0x03, 0x34, 0x06, 0x30, 0x00, 0x82, 0x2f, 0x02, 0x34, 0x00, 0xf8, 0x00,
  0x00, 0x00, 0x00, 0x00, 0x00, 0x00, 0x00, 0x00, 0xd0, 0x00, 0x42, 0x5b,
  0x02, 0x06, 0x42, 0x5b, 0x02, 0x06, 0x42, 0x5b, 0x02, 0x06, 0x42, 0x5b,
  0x02, 0x06, 0x42, 0x5b, 0x02, 0x06, 0x42, 0x5b, 0x02, 0x06, 0x42, 0x5b,
  0x02, 0x06, 0x42, 0x5b, 0x02, 0x06, 0x42, 0x5b, 0x02, 0x06, 0x42, 0x5b,
  0x02, 0x06, 0x42, 0x5b, 0x02, 0x06, 0x42, 0x5b, 0x02, 0x06, 0x42, 0x5b,
  0x02, 0x06, 0x42, 0x5b, 0x02, 0x06, 0x42, 0x5b, 0x02, 0x06, 0x42, 0x5b,
  0x02, 0x06, 0x01, 0x0b, 0x04, 0x0a, 0xf8, 0x00, 0x04, 0x00, 0x00, 0x00,
  0x01, 0x08, 0x01, 0x02, 0x00, 0x00, 0x01, 0x0b, 0x06, 0x0a, 0xfa, 0x00,
  0x04, 0x00, 0x00, 0x00, 0x41, 0x01, 0x2c, 0x02, 0x00, 0x00, 0x01, 0x47,
  0x5a, 0x16, 0xf8, 0x00, 0x04, 0x00, 0x00, 0x00, 0x00, 0x00, 0x01, 0x00,
  0x00, 0x00, 0x01, 0x0b, 0x06, 0x0a, 0xfa, 0x00, 0x04, 0x00, 0x00, 0x00,
  0x81, 0x02, 0x04, 0x02, 0x00, 0x00, 0x01, 0x0b, 0x06, 0x0a, 0xfa, 0x00,
  0x04, 0x00, 0x00, 0x00, 0x41, 0x02, 0x05, 0x02, 0x00, 0x00, 0x02, 0x22,
  0x08, 0x06, 0xfa, 0x00, 0x42, 0x00, 0x00, 0x00, 0x01, 0x01, 0x40, 0x00,
  0x02, 0x00, 0x00, 0x00, 0x00, 0x00, 0x00, 0x00, 0x00, 0x00, 0x00, 0x00,
  0x00, 0x00, 0xcc, 0x01, 0x00, 0x00, 0x02, 0x22, 0x08, 0x06, 0xfa, 0x00,
  0x42, 0x00, 0x00, 0x00, 0x41, 0x01, 0x40, 0x00, 0x02, 0x00, 0x00, 0x00,
  0x00, 0x00, 0x00, 0x00, 0x00, 0x00, 0x00, 0x00, 0x00, 0x00, 0xe4, 0x01,
  0x00, 0x00, 0x02, 0x29, 0x04, 0x06, 0xf8, 0x00, 0x04, 0x00, 0x00, 0x00,
  0x01, 0xf8, 0x81, 0x00, 0x00, 0x00, 0x00, 0x02, 0x00, 0x00, 0x00, 0x00,
  0x00, 0x00, 0x00, 0x00, 0x00, 0x00, 0x10, 0x00, 0x00, 0x00, 0x02, 0x29,
  0x04, 0x06, 0xf8, 0x00, 0x04, 0x00, 0x00, 0x00, 0x01, 0xf8, 0x01, 0x01,
  0x00, 0x00, 0x00, 0x02, 0x00, 0x00, 0x00, 0x00, 0x00, 0x00, 0x00, 0x00,
  0x00, 0x00, 0x20, 0x00, 0x00, 0x00, 0x02, 0x29, 0x04, 0x06, 0xf8, 0x00,
  0x04, 0x00, 0x00, 0x00, 0x01, 0xf8, 0x81, 0x01, 0x00, 0x00, 0x00, 0x02,
  0x00, 0x00, 0x00, 0x00, 0x00, 0x00, 0x00, 0x00, 0x00, 0x00, 0x30, 0x00,
  0x00, 0x00, 0x02, 0x29, 0x04, 0x06, 0xf8, 0x00, 0x04, 0x00, 0x00, 0x00,
  0x01, 0xf8, 0x01, 0x02, 0x00, 0x00, 0x00, 0x02, 0x00, 0x00, 0x00, 0x00,
  0x00, 0x00, 0x00, 0x00, 0x00, 0x00, 0x40, 0x00, 0x00, 0x00, 0x02, 0x29,
  0x04, 0x06, 0xf8, 0x00, 0x04, 0x00, 0x00, 0x00, 0x01, 0xf8, 0x41, 0x02,
  0x00, 0x00, 0x00, 0x02, 0x00, 0x00, 0x00, 0x00, 0x00, 0x00, 0x00, 0x00,
  0x00, 0x00, 0x50, 0x00, 0x00, 0x00, 0x02, 0x29, 0x04, 0x06, 0xf8, 0x00,
  0x04, 0x00, 0x00, 0x00, 0x01, 0xf8, 0x41, 0x01, 0x00, 0x00, 0x00, 0x02,
  0x00, 0x00, 0x00, 0x00, 0x00, 0x00, 0x00, 0x00, 0x00, 0x00, 0x60, 0x00,
  0x00, 0x00, 0x02, 0x29, 0x04, 0x06, 0xf8, 0x00, 0x04, 0x00, 0x00, 0x00,
  0x01, 0xf8, 0x81, 0x00, 0x00, 0x00, 0x00, 0x02, 0x00, 0x00, 0x00, 0x00,
  0x00, 0x00, 0x00, 0x00, 0x00, 0x00, 0x70, 0x00, 0x00, 0x00, 0x02, 0x29,
  0x04, 0x06, 0xf8, 0x00, 0x04, 0x00, 0x00, 0x00, 0x01, 0xf8, 0x01, 0x01,
  0x00, 0x00, 0x00, 0x02, 0x00, 0x00, 0x00, 0x00, 0x00, 0x00, 0x00, 0x00,
  0x00, 0x00, 0x80, 0x00, 0x00, 0x00, 0x02, 0x29, 0x04, 0x06, 0xf8, 0x00,
  0x04, 0x00, 0x00, 0x00, 0x01, 0xf8, 0x81, 0x01, 0x00, 0x00, 0x00, 0x02,
  0x00, 0x00, 0x00, 0x00, 0x00, 0x00, 0x00, 0x00, 0x00, 0x00, 0x90, 0x00,
  0x00, 0x00, 0x02, 0x29, 0x04, 0x06, 0xf8, 0x00, 0x04, 0x00, 0x00, 0x00,
  0x01, 0xf8, 0x01, 0x02, 0x00, 0x00, 0x00, 0x02, 0x00, 0x00, 0x00, 0x00,
  0x00, 0x00, 0x00, 0x00, 0x00, 0x00, 0xa0, 0x00, 0x00, 0x00, 0x02, 0x29,
  0x04, 0x06, 0xf8, 0x00, 0x04, 0x00, 0x00, 0x00, 0x01, 0xf8, 0x41, 0x02,
  0x00, 0x00, 0x00, 0x02, 0x00, 0x00, 0x00, 0x00, 0x00, 0x00, 0x00, 0x00,
  0x00, 0x00, 0xe0, 0x00, 0x00, 0x00, 0x02, 0x29, 0x04, 0x06, 0xf8, 0x00,
  0x04, 0x00, 0x00, 0x00, 0x01, 0xf8, 0x41, 0x01, 0x00, 0x00, 0x00, 0x02,
  0x00, 0x00, 0x00, 0x00, 0x00, 0x00, 0x00, 0x00, 0x00, 0x00, 0xb0, 0x00,
  0x00, 0x00, 0x02, 0x29, 0x04, 0x06, 0xf8, 0x00, 0x04, 0x00, 0x00, 0x00,
  0x01, 0xf8, 0x81, 0x00, 0x00, 0x00, 0x00, 0x02, 0x00, 0x00, 0x00, 0x00,
  0x00, 0x00, 0x00, 0x00, 0x00, 0x00, 0xc0, 0x00, 0x00, 0x00, 0x02, 0x29,
  0x04, 0x06, 0xf8, 0x00, 0x04, 0x00, 0x00, 0x00, 0x01, 0xf8, 0x01, 0x01,
  0x00, 0x00, 0x00, 0x02, 0x00, 0x00, 0x00, 0x00, 0x00, 0x00, 0x00, 0x00,
  0x00, 0x00, 0xd0, 0x00, 0x00, 0x00, 0x02, 0x29, 0x04, 0x06, 0xf8, 0x00,
  0x04, 0x00, 0x00, 0x00, 0x01, 0xf8, 0x01, 0x00, 0x00, 0x00, 0x00, 0x02,
  0x00, 0x00, 0x00, 0x00, 0x00, 0x00, 0x00, 0x00, 0x00, 0x00, 0xf0, 0x00,
  0x00, 0x00, 0x41, 0x0c, 0x54, 0x04, 0x01, 0x47, 0x5a, 0x16, 0xf8, 0x00,
  0x04, 0x00, 0x00, 0x00, 0x00, 0x00, 0x01, 0x00, 0x00, 0x00, 0x02, 0x22,
  0x0e, 0x06, 0x01, 0x00, 0x52, 0x00, 0x00, 0x00, 0x03, 0x03, 0x40, 0x00,
  0x02, 0x00, 0x00, 0x00, 0x00, 0x00, 0x00, 0x00, 0x00, 0x00, 0x00, 0x00,
  0x00, 0x00, 0x90, 0x00, 0x00, 0x00, 0x02, 0x22, 0x0e, 0x06, 0x01, 0x00,
  0x52, 0x00, 0x00, 0x00, 0x03, 0x01, 0x40, 0x00, 0x02, 0x00, 0x00, 0x00,
  0x00, 0x00, 0x00, 0x00, 0x00, 0x00, 0x00, 0x00, 0x00, 0x00, 0x60, 0x00,
  0x00, 0x00, 0x41, 0x0c, 0x50, 0x04, 0x02, 0x38, 0x0e, 0x32, 0x01, 0x00,
  0x60, 0x11, 0x00, 0x00, 0x00, 0x00, 0x82, 0x00, 0x0a, 0x00, 0x00, 0x02,
  0x04, 0x06, 0x02, 0x00, 0x00, 0x00, 0x00, 0x00, 0x00, 0x00, 0x00, 0x00,
  0x00, 0x00, 0x02, 0x22, 0x0e, 0x06, 0x01, 0x00, 0x52, 0x00, 0x00, 0x00,
  0x83, 0x03, 0x40, 0x00, 0x02, 0x00, 0x00, 0x00, 0x00, 0x00, 0x00, 0x00,
  0x00, 0x00, 0x00, 0x00, 0x00, 0x00, 0x90, 0x00, 0x00, 0x00, 0x02, 0x22,
  0x0e, 0x06, 0x01, 0x00, 0x52, 0x00, 0x00, 0x00, 0x03, 0x01, 0x40, 0x00,
  0x02, 0x00, 0x00, 0x00, 0x00, 0x00, 0x00, 0x00, 0x00, 0x00, 0x00, 0x00,
  0x00, 0x00, 0x60, 0x00, 0x00, 0x00, 0x41, 0x0c, 0x50, 0x04, 0x02, 0x38,
  0x0e, 0x32, 0x01, 0x00, 0x60, 0x11, 0x00, 0x00, 0x00, 0x00, 0x82, 0x00,
  0x0a, 0x00, 0x00, 0x02, 0x04, 0x06, 0x02, 0x00, 0x00, 0x00, 0x00, 0x00,
  0x00, 0x00, 0x00, 0x00, 0x00, 0x00, 0x02, 0x22, 0x0e, 0x06, 0x01, 0x00,
  0x52, 0x00, 0x00, 0x00, 0x83, 0x03, 0x40, 0x00, 0x02, 0x00, 0x00, 0x00,
  0x00, 0x00, 0x00, 0x00, 0x00, 0x00, 0x00, 0x00, 0x00, 0x00, 0x90, 0x00,
  0x00, 0x00, 0x02, 0x22, 0x0e, 0x06, 0x01, 0x00, 0x52, 0x00, 0x00, 0x00,
  0x03, 0x01, 0x40, 0x00, 0x02, 0x00, 0x00, 0x00, 0x00, 0x00, 0x00, 0x00,
  0x00, 0x00, 0x00, 0x00, 0x00, 0x00, 0x60, 0x00, 0x00, 0x00, 0x41, 0x0c,
  0x50, 0x04, 0x02, 0x38, 0x0e, 0x32, 0x01, 0x00, 0x60, 0x11, 0x00, 0x00,
  0x00, 0x00, 0x82, 0x00, 0x0a, 0x00, 0x00, 0x02, 0x04, 0x06, 0x02, 0x00,
  0x00, 0x00, 0x00, 0x00, 0x00, 0x00, 0x00, 0x00, 0x00, 0x00, 0x02, 0x22,
  0x0e, 0x06, 0x01, 0x00, 0x52, 0x00, 0x00, 0x00, 0x83, 0x03, 0x40, 0x00,
  0x02, 0x00, 0x00, 0x00, 0x00, 0x00, 0x00, 0x00, 0x00, 0x00, 0x00, 0x00,
  0x00, 0x00, 0x90, 0x00, 0x00, 0x00, 0x02, 0x22, 0x0e, 0x06, 0x01, 0x00,
  0x52, 0x00, 0x00, 0x00, 0x03, 0x01, 0x40, 0x00, 0x02, 0x00, 0x00, 0x00,
  0x00, 0x00, 0x00, 0x00, 0x00, 0x00, 0x00, 0x00, 0x00, 0x00, 0x60, 0x00,
  0x00, 0x00, 0x41, 0x0c, 0x50, 0x04, 0x02, 0x38, 0x0e, 0x32, 0x01, 0x00,
  0x60, 0x11, 0x00, 0x00, 0x00, 0x00, 0x82, 0x00, 0x0a, 0x00, 0x00, 0x02,
  0x04, 0x06, 0x02, 0x00, 0x00, 0x00, 0x00, 0x00, 0x00, 0x00, 0x00, 0x00,
  0x00, 0x00, 0x02, 0x22, 0x0e, 0x06, 0x01, 0x00, 0x52, 0x00, 0x00, 0x00,
  0x83, 0x03, 0x40, 0x00, 0x02, 0x00, 0x00, 0x00, 0x00, 0x00, 0x00, 0x00,
  0x00, 0x00, 0x00, 0x00, 0x00, 0x00, 0x90, 0x00, 0x00, 0x00, 0x02, 0x22,
  0x0e, 0x06, 0x01, 0x00, 0x52, 0x00, 0x00, 0x00, 0x03, 0x01, 0x40, 0x00,
  0x02, 0x00, 0x00, 0x00, 0x00, 0x00, 0x00, 0x00, 0x00, 0x00, 0x00, 0x00,
  0x00, 0x00, 0x60, 0x00, 0x00, 0x00, 0x41, 0x0c, 0x50, 0x04, 0x02, 0x38,
  0x0e, 0x32, 0x01, 0x00, 0x60, 0x11, 0x00, 0x00, 0x00, 0x00, 0x82, 0x00,
  0x0a, 0x00, 0x00, 0x02, 0x04, 0x06, 0x02, 0x00, 0x00, 0x00, 0x00, 0x00,
  0x00, 0x00, 0x00, 0x00, 0x00, 0x00, 0x02, 0x22, 0x0e, 0x06, 0x01, 0x00,
  0x52, 0x00, 0x00, 0x00, 0x83, 0x03, 0x40, 0x00, 0x02, 0x00, 0x00, 0x00,
  0x00, 0x00, 0x00, 0x00, 0x00, 0x00, 0x00, 0x00, 0x00, 0x00, 0x90, 0x00,
  0x00, 0x00, 0x02, 0x22, 0x0e, 0x06, 0x01, 0x00, 0x52, 0x00, 0x00, 0x00,
  0x03, 0x01, 0x40, 0x00, 0x02, 0x00, 0x00, 0x00, 0x00, 0x00, 0x00, 0x00,
  0x00, 0x00, 0x00, 0x00, 0x00, 0x00, 0x60, 0x00, 0x00, 0x00, 0x41, 0x0c,
  0x50, 0x04, 0x02, 0x38, 0x0e, 0x32, 0x01, 0x00, 0x60, 0x11, 0x00, 0x00,
  0x00, 0x00, 0x82, 0x00, 0x0a, 0x00, 0x00, 0x02, 0x04, 0x06, 0x02, 0x00,
  0x00, 0x00, 0x00, 0x00, 0x00, 0x00, 0x00, 0x00, 0x00, 0x00, 0x02, 0x22,
  0x0e, 0x06, 0x01, 0x00, 0x52, 0x00, 0x00, 0x00, 0x83, 0x06, 0x40, 0x00,
  0x02, 0x00, 0x00, 0x00, 0x00, 0x00, 0x00, 0x00, 0x00, 0x00, 0x00, 0x00,
  0x00, 0x00, 0x90, 0x00, 0x00, 0x00, 0x02, 0x22, 0x0e, 0x06, 0x01, 0x00,
  0x52, 0x00, 0x00, 0x00, 0x03, 0x02, 0x40, 0x00, 0x02, 0x00, 0x00, 0x00,
  0x00, 0x00, 0x00, 0x00, 0x00, 0x00, 0x00, 0x00, 0x00, 0x00, 0x60, 0x00,
  0x00, 0x00, 0x02, 0x22, 0x0e, 0x06, 0x09, 0x00, 0x52, 0x00, 0x00, 0x00,
  0x03, 0x07, 0x40, 0x00, 0x02, 0x00, 0x00, 0x00, 0x00, 0x00, 0x00, 0x00,
  0x00, 0x00, 0x00, 0x00, 0x00, 0x00, 0x90, 0x00, 0x00, 0x00, 0x02, 0x22,
  0x0e, 0x06, 0x09, 0x00, 0x52, 0x00, 0x00, 0x00, 0x83, 0x02, 0x40, 0x00,
  0x02, 0x00, 0x00, 0x00, 0x00, 0x00, 0x00, 0x00, 0x00, 0x00, 0x00, 0x00,
  0x00, 0x00, 0x60, 0x00, 0x00, 0x00, 0x41, 0x0c, 0x50, 0x04, 0x02, 0x38,
  0x0e, 0x32, 0x01, 0x00, 0x60, 0x11, 0x00, 0x00, 0x00, 0x00, 0x82, 0x00,
  0x0a, 0x00, 0x00, 0x02, 0x04, 0x06, 0x03, 0x00, 0x00, 0x00, 0x00, 0x00,
  0x00, 0x00, 0x00, 0x00, 0x00, 0x00, 0x41, 0x0c, 0x50, 0x04, 0x02, 0x38,
  0x0e, 0x32, 0x09, 0x00, 0x60, 0x11, 0x00, 0x00, 0x00, 0x00, 0x02, 0x01,
  0x0a, 0x00, 0x00, 0x02, 0x04, 0x06, 0x04, 0x00, 0x00, 0x00, 0x00, 0x00,
  0x00, 0x00, 0x00, 0x00, 0x00, 0x00, 0x02, 0x22, 0x08, 0x06, 0xfa, 0x00,
  0x52, 0x00, 0x00, 0x00, 0x03, 0x02, 0x40, 0x00, 0x02, 0x00, 0x00, 0x00,
  0x00, 0x00, 0x00, 0x00, 0x00, 0x00, 0x00, 0x00, 0x00, 0x00, 0x68, 0x00,
  0x00, 0x00, 0x41, 0x10, 0x76, 0x0a, 0x02, 0x22, 0x0e, 0x06, 0xf8, 0x00,
  0x52, 0x00, 0x00, 0x00, 0x83, 0x01, 0x40, 0x00, 0x02, 0x00, 0x00, 0x00,
  0x00, 0x00, 0x00, 0x00, 0x00, 0x00, 0x00, 0x00, 0x00, 0x00, 0x98, 0x00,
  0x00, 0x00, 0x41, 0x0c, 0x50, 0x04, 0x41, 0x0c, 0x54, 0x04, 0x02, 0x38,
  0x0e, 0x32, 0x01, 0x00, 0x40, 0x11, 0x00, 0x00, 0x00, 0x00, 0x82, 0x00,
  0x0a, 0x00, 0x00, 0x02, 0x04, 0x40, 0x06, 0x00, 0x00, 0x00, 0x00, 0x00,
  0x00, 0x00, 0x00, 0x00, 0x00, 0x00, 0x02, 0x38, 0x0e, 0x32, 0x01, 0x00,
  0x40, 0x11, 0x00, 0x00, 0x00, 0x00, 0x82, 0x00, 0x0a, 0x00, 0x00, 0x02,
  0x04, 0x40, 0x08, 0x00, 0x00, 0x00, 0x00, 0x00, 0x00, 0x00, 0x04, 0x00,
  0x00, 0x00, 0x41, 0x0c, 0x50, 0x04, 0x41, 0x0c, 0x54, 0x04, 0x02, 0x38,
  0x0e, 0x32, 0xf8, 0x00, 0x40, 0x11, 0x00, 0x00, 0x00, 0x00, 0x82, 0x00,
  0x0a, 0x00, 0x00, 0x02, 0x04, 0xc0, 0x35, 0x00, 0x00, 0x00, 0x00, 0x00,
  0x00, 0x00, 0x00, 0x00, 0x00, 0x00, 0x02, 0x38, 0x0e, 0x32, 0xf8, 0x00,
  0x40, 0x11, 0x00, 0x00, 0x00, 0x00, 0x82, 0x00, 0x0a, 0x00, 0x00, 0x02,
  0x04, 0x00, 0x36, 0x00, 0x00, 0x00, 0x00, 0x00, 0x00, 0x00, 0x04, 0x00,
  0x00, 0x00, 0xd0, 0x04, 0x00, 0x00, 0x00, 0x00, 0x00, 0x00, 0x00, 0x00,
  0x15, 0x00, 0x00, 0x00, 0x01, 0x00, 0x00, 0xc0, 0x21, 0x05, 0x00, 0x00,
  0x40, 0x26, 0x57, 0x5f, 0x52, 0xda, 0xf7, 0xff, 0xff, 0xff, 0xfb, 0xff,
  0xfe, 0xff, 0x77, 0xaa, 0x8c, 0xc8, 0xbc, 0xcd, 0xf5, 0xb7, 0x1b, 0xa0,
  0x00, 0xf1, 0xfc, 0x17, 0x93, 0x02, 0x08, 0x00, 0x00, 0xa0, 0x00, 0x00,
  0x00, 0xb0, 0xfd, 0x3f, 0xf0, 0x79, 0xde, 0xff, 0xfe, 0x9b, 0xfe, 0x2f,
  0xce, 0x0f, 0x00, 0x00, 0x00, 0x00, 0x00, 0x00, 0xc0, 0xfe, 0xfb, 0xff,
  0xff, 0x3f, 0xff, 0xff, 0x1f, 0xd8, 0xff, 0xff, 0xff, 0x8f, 0xff, 0xff,
  0x5f, 0xff, 0xef, 0xf7, 0xff, 0xdf, 0xf7, 0xbf, 0xf7, 0xff, 0xff, 0xff,
  0xff, 0xfb, 0xff, 0xff, 0xff, 0xff, 0xff, 0xff, 0xff, 0xff, 0xff, 0xff,
  0xff, 0xff, 0xff, 0xff, 0xff, 0xff, 0xff, 0xff, 0xff, 0xff, 0xff, 0xff,
  0xff, 0xff, 0xff, 0xff, 0xff, 0xff, 0xff, 0xff, 0xff, 0xff, 0xff, 0xff,
  0x3f, 0x00, 0x00, 0x00, 0x00, 0x00, 0x00, 0x0f, 0x00, 0x00, 0x00, 0x10,
  0x00, 0xe0, 0xb3, 0xad, 0xfe, 0xff, 0xff, 0xbf, 0xea, 0x7e, 0xff, 0xfd,
  0x7e, 0x6f, 0xdb, 0xfa, 0xff, 0xff, 0xf3, 0x99, 0xb9, 0xe6, 0x9a, 0x6b,
  0xae, 0xb9, 0x76, 0xaa, 0xa4, 0xff, 0x87, 0x87, 0x00, 0x00, 0x00, 0x00,
  0x01, 0x0b, 0x04, 0x0a, 0xf8, 0x00, 0x04, 0x00, 0x00, 0x00, 0x41, 0x00,
  0x00, 0x04, 0x00, 0x00, 0x01, 0x0b, 0x06, 0x0a, 0xfa, 0x00, 0x04, 0x00,
  0x00, 0x00, 0x81, 0x02, 0x06, 0x02, 0x00, 0x00, 0x02, 0x22, 0x08, 0x06,
  0xfa, 0x00, 0x52, 0x00, 0x00, 0x00, 0x03, 0x01, 0x40, 0x00, 0x02, 0x00,
  0x00, 0x00, 0x00, 0x00, 0x00, 0x00, 0x00, 0x00, 0x00, 0x00, 0x00, 0x00,
  0x18, 0x02, 0x00, 0x00, 0x02, 0x22, 0x08, 0x06, 0xfa, 0x00, 0x52, 0x00,
  0x00, 0x00, 0x83, 0x01, 0x40, 0x00, 0x02, 0x00, 0x00, 0x00, 0x00, 0x00,
  0x00, 0x00, 0x00, 0x00, 0x00, 0x00, 0x00, 0x00, 0x20, 0x02, 0x00, 0x00,
  0x01, 0x0b, 0x0e, 0x0a, 0xfa, 0x00, 0x05, 0x00, 0x00, 0x00, 0x83, 0x03,
  0x39, 0x04, 0x00, 0x00, 0x41, 0x10, 0x7a, 0x0a, 0x41, 0x0b, 0x24, 0x0a,
  0x02, 0x22, 0x08, 0x06, 0x02, 0x00, 0x52, 0x00, 0x00, 0x00, 0x03, 0x01,
  0x40, 0x00, 0x02, 0x00, 0x00, 0x00, 0x00, 0x00, 0x00, 0x00, 0x00, 0x00,
  0x00, 0x00, 0x00, 0x00, 0x20, 0x02, 0x00, 0x00, 0x02, 0x10, 0x02, 0x14,
  0xf8, 0x00, 0x00, 0x00, 0x00, 0x00, 0x01, 0x00, 0x01, 0xf8, 0x00, 0xf8,
  0x00, 0x00, 0xf8, 0x00, 0x00, 0x00, 0x00, 0x00, 0x00, 0x00, 0x00, 0x00,
  0x00, 0x00, 0x00, 0x00, 0x42, 0x25, 0x42, 0x14, 0x41, 0x0b, 0x24, 0x0a,
  0x02, 0x22, 0x08, 0x06, 0xfa, 0x00, 0x02, 0x00, 0x00, 0x00, 0x01, 0x01,
  0x40, 0x00, 0x02, 0x00, 0x00, 0x00, 0x00, 0x00, 0x00, 0x00, 0x00, 0x00,
  0x00, 0x00, 0x00, 0x00, 0x59, 0x02, 0x00, 0x00, 0x02, 0x10, 0x02, 0x14,
  0xf8, 0x00, 0x00, 0x00, 0x00, 0x00, 0x01, 0x08, 0x01, 0xf8, 0x00, 0xf8,
  0x00, 0x00, 0xf8, 0x00, 0x08, 0x00, 0x00, 0x00, 0x00, 0x00, 0x00, 0x00,
  0x00, 0x00, 0x00, 0x00, 0x41, 0x0b, 0x24, 0x0a, 0x01, 0x0b, 0x06, 0x0a,
  0xfa, 0x00, 0x04, 0x00, 0x00, 0x00, 0x01, 0x02, 0x04, 0x02, 0x00, 0x00,
  0x02, 0x10, 0x02, 0x14, 0xf8, 0x00, 0x00, 0x00, 0x00, 0x00, 0x01, 0x10,
  0x01, 0xf8, 0x00, 0xf8, 0x00, 0x00, 0xf8, 0x00, 0x10, 0x00, 0x00, 0x00,
  0x00, 0x00, 0x00, 0x00, 0x00, 0x00, 0x00, 0x00, 0x01, 0x0b, 0x04, 0x0a,
  0xf8, 0x00, 0x04, 0x00, 0x00, 0x00, 0x01, 0x00, 0x01, 0x02, 0x00, 0x00,
  0x02, 0x22, 0x0e, 0x06, 0xf8, 0x00, 0x42, 0x00, 0x00, 0x00, 0x01, 0x06,
  0x40, 0x00, 0x02, 0x00, 0x00, 0x00, 0x00, 0x00, 0x00, 0x00, 0x00, 0x00,
  0x00, 0x00, 0x00, 0x00, 0xd4, 0x01, 0x00, 0x00, 0x02, 0x22, 0x08, 0x06,
  0x0a, 0x00, 0x52, 0x00, 0x00, 0x00, 0x03, 0x03, 0x40, 0x00, 0x02, 0x00,
  0x00, 0x00, 0x00, 0x00, 0x00, 0x00, 0x00, 0x00, 0x00, 0x00, 0x00, 0x00,
  0xd8, 0x01, 0x00, 0x00, 0x01, 0x0b, 0x04, 0x0a, 0xf8, 0x00, 0x04, 0x00,
  0x00, 0x00, 0xc1, 0x05, 0x05, 0x02, 0x00, 0x00, 0x42, 0x17, 0x2c, 0x06,
  0x02, 0x22, 0x0e, 0x06, 0xf8, 0x00, 0x52, 0x00, 0x00, 0x00, 0x03, 0x03,
  0x40, 0x00, 0x02, 0x00, 0x00, 0x00, 0x00, 0x00, 0x00, 0x00, 0x00, 0x00,
  0x00, 0x00, 0x00, 0x00, 0x70, 0x00, 0x00, 0x00, 0x02, 0x22, 0x08, 0x06,
  0xfa, 0x00, 0x62, 0x00, 0x00, 0x00, 0x07, 0x05, 0x40, 0x00, 0x02, 0x00,
  0x00, 0x00, 0x00, 0x00, 0x00, 0x00, 0x00, 0x00, 0x00, 0x00, 0x00, 0x00,
  0x10, 0x00, 0x00, 0x00, 0x01, 0x0b, 0x06, 0x0a, 0xfa, 0x00, 0x04, 0x00,
  0x00, 0x00, 0x41, 0x02, 0x2c, 0x02, 0x00, 0x00, 0x02, 0x22, 0x0e, 0x06,
  0xf8, 0x00, 0x52, 0x00, 0x00, 0x00, 0x83, 0x06, 0x40, 0x00, 0x02, 0x00,
  0x00, 0x00, 0x00, 0x00, 0x00, 0x00, 0x00, 0x00, 0x00, 0x00, 0x00, 0x00,
  0x78, 0x00, 0x00, 0x00, 0x02, 0x22, 0x0e, 0x06, 0xf8, 0x00, 0x52, 0x00,
  0x00, 0x00, 0x03, 0x07, 0x40, 0x00, 0x02, 0x00, 0x00, 0x00, 0x00, 0x00,
  0x00, 0x00, 0x00, 0x00, 0x00, 0x00, 0x00, 0x00, 0x80, 0x00, 0x00, 0x00,
  0x02, 0x22, 0x08, 0x06, 0xfa, 0x00, 0x52, 0x00, 0x00, 0x00, 0x03, 0x03,
  0x40, 0x00, 0x02, 0x00, 0x00, 0x00, 0x00, 0x00, 0x00, 0x00, 0x00, 0x00,
  0x00, 0x00, 0x00, 0x00, 0x08, 0x00, 0x00, 0x00, 0x42, 0x17, 0x2c, 0x06,
  0x41, 0x0c, 0x54, 0x04, 0x41, 0x0c, 0x50, 0x04, 0x51, 0x02, 0x02, 0x23,
  0x30, 0x34, 0xf8, 0x00, 0x20, 0x10, 0x10, 0x01, 0x02, 0x00, 0x40, 0x05,
  0x0a, 0x01, 0x00, 0x02, 0x01, 0x09, 0x00, 0x82, 0x03, 0x00, 0x10, 0x00,
  0x00, 0x00, 0x00, 0x00, 0x00, 0x00, 0x41, 0x0c, 0x54, 0x04, 0x41, 0x0c,
  0x50, 0x04, 0x02, 0x23, 0x30, 0x34, 0xf8, 0x00, 0x20, 0x10, 0x10, 0x01,
  0x02, 0x00, 0x40, 0x05, 0x0a, 0x01, 0x00, 0x02, 0x02, 0x09, 0x00, 0x82,
  0x03, 0x00, 0x00, 0x00, 0x00, 0x00, 0x00, 0x08, 0x00, 0x00, 0x41, 0x0c,
  0x54, 0x04, 0x41, 0x0c, 0x50, 0x04, 0x41, 0x0c, 0x54, 0x04, 0x41, 0x0c,
  0x50, 0x04, 0x02, 0x23, 0x30, 0x34, 0xf8, 0x00, 0x20, 0x10, 0x10, 0x01,
  0x02, 0x00, 0x40, 0x05, 0x0a, 0x01, 0x00, 0x82, 0x02, 0x09, 0x00, 0x82,
  0x03, 0x00, 0x28, 0x00, 0x00, 0x00, 0x00, 0x10, 0x00, 0x00, 0x41, 0x0c,
  0x54, 0x04, 0x41, 0x0c, 0x50, 0x04, 0x02, 0x23, 0x30, 0x34, 0xf8, 0x00,
  0x20, 0x10, 0x10, 0x01, 0x02, 0x00, 0x40, 0x05, 0x0a, 0x01, 0x00, 0x02,
  0x01, 0x09, 0x00, 0x82, 0x03, 0x00, 0x30, 0x00, 0x00, 0x00, 0x00, 0x18,
  0x00, 0x00, 0x41, 0x0c, 0x54, 0x04, 0x02, 0x23, 0x30, 0x34, 0xf8, 0x00,
  0x20, 0x10, 0x10, 0x01, 0x02, 0x00, 0x40, 0x05, 0x0a, 0x01, 0x00, 0x02,
  0x03, 0x09, 0x00, 0x82, 0x03, 0x00, 0x20, 0x00, 0x00, 0x00, 0x00, 0x20,
  0x00, 0x00, 0x01, 0x29, 0x00, 0x04, 0xf8, 0x00, 0x04, 0x00, 0x01, 0xf8,
  0x81, 0x02, 0xc0, 0x05, 0x00, 0x06, 0x02, 0x23, 0x30, 0x34, 0xf8, 0x00,
  0x20, 0x10, 0x10, 0x01, 0x02, 0x00, 0x40, 0x05, 0x0a, 0x01, 0x00, 0x02,
  0x02, 0x09, 0x00, 0x82, 0x03, 0x00, 0x18, 0x00, 0x00, 0x00, 0x00, 0x28,
  0x00, 0x00, 0x41, 0x0c, 0x50, 0x04, 0x41, 0x0c, 0x54, 0x04, 0x41, 0x0c,
  0x50, 0x04, 0x02, 0x23, 0x30, 0x34, 0xf8, 0x00, 0x20, 0x10, 0x10, 0x01,
  0x00, 0x00, 0x40, 0x05, 0x0a, 0x01, 0x00, 0x02, 0x01, 0x09, 0x00, 0x82,
  0x03, 0x00, 0x08, 0x00, 0x00, 0x00, 0x00, 0x30, 0x00, 0x00, 0x01, 0x2b,
  0x00, 0x0a, 0x01, 0x00, 0x04, 0x00, 0x00, 0x00, 0x01, 0xf8, 0x01, 0x04,
  0x00, 0x06, 0x41, 0x0c, 0x54, 0x04, 0x02, 0x23, 0x30, 0x34, 0xf8, 0x00,
  0x20, 0x10, 0x10, 0x01, 0x00, 0x00, 0x40, 0x05, 0x0a, 0x01, 0x00, 0x82,
  0x01, 0x09, 0x00, 0x82, 0x03, 0x00, 0x10, 0x00, 0x00, 0x00, 0x00, 0x38,
  0x00, 0x00, 0x02, 0x22, 0x0e, 0x06, 0xf8, 0x00, 0x52, 0x00, 0x00, 0x00,
  0x83, 0x04, 0x40, 0x00, 0x02, 0x00, 0x00, 0x00, 0x00, 0x00, 0x00, 0x00,
  0x00, 0x00, 0x00, 0x00, 0x00, 0x00, 0x58, 0x00, 0x00, 0x00, 0x41, 0x0c,
  0x50, 0x04, 0x41, 0x0c, 0x54, 0x04, 0x41, 0x0c, 0x54, 0x04, 0x41, 0x0c,
  0x50, 0x04, 0x41, 0x0c, 0x50, 0x04, 0x41, 0x0c, 0x54, 0x04, 0x41, 0x0c,
  0x54, 0x04, 0x41, 0x0c, 0x54, 0x04, 0x02, 0x23, 0x30, 0x34, 0xf8, 0x00,
  0x20, 0x10, 0x10, 0x01, 0x02, 0x00, 0x00, 0x35, 0x0a, 0x01, 0x00, 0x82,
  0x00, 0x09, 0x00, 0x82, 0x03, 0x00, 0x28, 0x00, 0x00, 0x00, 0x00, 0x00,
  0x00, 0x00, 0x02, 0x23, 0x30, 0x34, 0xf8, 0x00, 0x20, 0x10, 0x10, 0x01,
  0x02, 0x00, 0x00, 0x35, 0x0a, 0x01, 0x00, 0x82, 0x02, 0x09, 0x00, 0x82,
  0x03, 0x00, 0x20, 0x00, 0x00, 0x00, 0x00, 0x08, 0x00, 0x00, 0x41, 0x0c,
  0x54, 0x04, 0x02, 0x23, 0x30, 0x34, 0xf8, 0x00, 0x20, 0x10, 0x10, 0x01,
  0x02, 0x00, 0x00, 0x35, 0x0a, 0x01, 0x00, 0x02, 0x03, 0x09, 0x00, 0x82,
  0x03, 0x00, 0x30, 0x00, 0x00, 0x00, 0x00, 0x10, 0x00, 0x00, 0x41, 0x10,
  0x72, 0x0a, 0x41, 0x0c, 0x50, 0x04, 0x41, 0x0c, 0x54, 0x04, 0x41, 0x0c,
  0x54, 0x04, 0x02, 0x23, 0x30, 0x34, 0xf8, 0x00, 0x20, 0x10, 0x10, 0x01,
  0x02, 0x00, 0x00, 0x35, 0x0a, 0x01, 0x00, 0x02, 0x02, 0x09, 0x00, 0x82,
  0x03, 0x00, 0x08, 0x00, 0x00, 0x00, 0x00, 0x18, 0x00, 0x00, 0x02, 0x23,
  0x30, 0x34, 0xf8, 0x00, 0x20, 0x10, 0x10, 0x01, 0x02, 0x00, 0xc0, 0x34,
  0x0a, 0x01, 0x00, 0x02, 0x01, 0x09, 0x00, 0x82, 0x03, 0x00, 0x28, 0x00,
  0x00, 0x00, 0x00, 0x00, 0x00, 0x00, 0x02, 0x23, 0x30, 0x34, 0xf8, 0x00,
  0x20, 0x10, 0x10, 0x01, 0x02, 0x00, 0xc0, 0x34, 0x0a, 0x01, 0x00, 0x82,
  0x01, 0x09, 0x00, 0x82, 0x03, 0x00, 0x20, 0x00, 0x00, 0x00, 0x00, 0x08,
  0x00, 0x00, 0x02, 0x23, 0x30, 0x34, 0xf8, 0x00, 0x20, 0x10, 0x10, 0x01,
  0x02, 0x00, 0xc0, 0x34, 0x0a, 0x01, 0x00, 0x02, 0x04, 0x09, 0x00, 0x82,
  0x03, 0x00, 0x30, 0x00, 0x00, 0x00, 0x00, 0x10, 0x00, 0x00, 0x02, 0x23,
  0x30, 0x34, 0xf8, 0x00, 0x20, 0x10, 0x10, 0x01, 0x02, 0x00, 0xc0, 0x34,
  0x0a, 0x01, 0x00, 0x82, 0x03, 0x09, 0x00, 0x82, 0x03, 0x00, 0x08, 0x00,
  0x00, 0x00, 0x00, 0x18, 0x00, 0x00, 0x01, 0x23, 0x40, 0x0a, 0xf8, 0x00,
  0x08, 0x00, 0x00, 0x00, 0x00, 0x00, 0x00, 0x00, 0x00, 0x00, 0x01, 0x47,
  0x5a, 0x16, 0xf8, 0x00, 0x04, 0x00, 0x00, 0x00, 0x00, 0x00, 0x01, 0x00,
  0x00, 0x00, 0x02, 0x29, 0x04, 0x06, 0xf8, 0x00, 0x04, 0x00, 0x00, 0x00,
  0x01, 0xf8, 0x01, 0x3a, 0x00, 0x03, 0x00, 0x02, 0x00, 0x00, 0x00, 0x00,
  0x00, 0x00, 0x00, 0x00, 0x00, 0x00, 0x40, 0x00, 0x00, 0x00, 0x02, 0x29,
  0x04, 0x06, 0xf8, 0x00, 0x04, 0x00, 0x00, 0x00, 0x01, 0xf8, 0x41, 0x39,
  0x00, 0x03, 0x00, 0x02, 0x00, 0x00, 0x00, 0x00, 0x00, 0x00, 0x00, 0x00,
  0x00, 0x00, 0x60, 0x00, 0x00, 0x00, 0x42, 0x5b, 0x02, 0x06, 0x02, 0x29,
  0x04, 0x06, 0xf8, 0x00, 0x04, 0x00, 0x00, 0x00, 0x01, 0xf8, 0x41, 0x37,
  0x00, 0x03, 0x00, 0x02, 0x00, 0x00, 0x00, 0x00, 0x00, 0x00, 0x00, 0x00,
  0x00, 0x00, 0xa0, 0x00, 0x00, 0x00, 0x42, 0x5b, 0x02, 0x06, 0x02, 0x29,
  0x04, 0x06, 0xf8, 0x00, 0x04, 0x00, 0x00, 0x00, 0x01, 0xf8, 0xc1, 0x07,
  0x00, 0x03, 0x00, 0x02, 0x00, 0x00, 0x00, 0x00, 0x00, 0x00, 0x00, 0x00,
  0x00, 0x00, 0x20, 0x00, 0x00, 0x00, 0x02, 0x29, 0x04, 0x06, 0xf8, 0x00,
  0x04, 0x00, 0x00, 0x00, 0x01, 0xf8, 0xc1, 0x02, 0x00, 0x03, 0x00, 0x02,
  0x00, 0x00, 0x00, 0x00, 0x00, 0x00, 0x00, 0x00, 0x00, 0x00, 0xc0, 0x00,
  0x00, 0x00, 0x42, 0x5b, 0x02, 0x06, 0x01, 0x0b, 0x0c, 0x0a, 0xf8, 0x00,
  0x05, 0x00, 0x00, 0x00, 0x83, 0x33, 0xff, 0x0f, 0x00, 0x00, 0x42, 0x5b,
  0x02, 0x06, 0x02, 0x29, 0x04, 0x06, 0xf8, 0x00, 0x04, 0x00, 0x00, 0x00,
  0x01, 0xf8, 0x81, 0x02, 0x00, 0x03, 0x00, 0x02, 0x00, 0x00, 0x00, 0x00,
  0x00, 0x00, 0x00, 0x00, 0x00, 0x00, 0xe0, 0x00, 0x00, 0x00, 0x01, 0x0b,
  0x0c, 0x0a, 0xf8, 0x00, 0x05, 0x00, 0x00, 0x00, 0x03, 0x33, 0xff, 0x0f,
  0x00, 0x00, 0x02, 0x29, 0x04, 0x06, 0xf8, 0x00, 0x04, 0x00, 0x00, 0x00,
  0x01, 0xf8, 0x01, 0x39, 0x40, 0x03, 0x00, 0x02, 0x00, 0x00, 0x00, 0x00,
  0x00, 0x00, 0x00, 0x00, 0x00, 0x00, 0x20, 0x00, 0x00, 0x00, 0x42, 0x5b,
  0x02, 0x06, 0x02, 0x29, 0x04, 0x06, 0xf8, 0x00, 0x04, 0x00, 0x00, 0x00,
  0x01, 0xf8, 0xc1, 0x38, 0x40, 0x03, 0x00, 0x02, 0x00, 0x00, 0x00, 0x00,
  0x00, 0x00, 0x00, 0x00, 0x00, 0x00, 0x40, 0x00, 0x00, 0x00, 0x01, 0x0b,
  0x0c, 0x0a, 0xf8, 0x00, 0x05, 0x00, 0x00, 0x00, 0x83, 0x32, 0xff, 0x0f,
  0x00, 0x00, 0x02, 0x29, 0x04, 0x06, 0xf8, 0x00, 0x04, 0x00, 0x00, 0x00,
  0x01, 0xf8, 0x81, 0x38, 0x40, 0x03, 0x00, 0x02, 0x00, 0x00, 0x00, 0x00,
  0x00, 0x00, 0x00, 0x00, 0x00, 0x00, 0x60, 0x00, 0x00, 0x00, 0x42, 0x5b,
  0x02, 0x06, 0x01, 0x0b, 0x0c, 0x0a, 0xf8, 0x00, 0x05, 0x00, 0x00, 0x00,
  0x03, 0x32, 0xff, 0x0f, 0x00, 0x00, 0x02, 0x29, 0x04, 0x06, 0xf8, 0x00,
  0x04, 0x00, 0x00, 0x00, 0x01, 0xf8, 0x01, 0x38, 0x40, 0x03, 0x00, 0x02,
  0x00, 0x00, 0x00, 0x00, 0x00, 0x00, 0x00, 0x00, 0x00, 0x00, 0xa0, 0x00,
  0x00, 0x00, 0x42, 0x5b, 0x02, 0x06, 0x02, 0x29, 0x04, 0x06, 0xf8, 0x00,
  0x04, 0x00, 0x00, 0x00, 0x01, 0xf8, 0xc1, 0x37, 0x40, 0x03, 0x00, 0x02,
  0x00, 0x00, 0x00, 0x00, 0x00, 0x00, 0x00, 0x00, 0x00, 0x00, 0xc0, 0x00,
  0x00, 0x00, 0x01, 0x0b, 0x0c, 0x0a, 0xf8, 0x00, 0x05, 0x00, 0x00, 0x00,
  0x83, 0x31, 0xff, 0x0f, 0x00, 0x00, 0x02, 0x29, 0x04, 0x06, 0xf8, 0x00,
  0x04, 0x00, 0x00, 0x00, 0x01, 0xf8, 0x81, 0x37, 0x40, 0x03, 0x00, 0x02,
  0x00, 0x00, 0x00, 0x00, 0x00, 0x00, 0x00, 0x00, 0x00, 0x00, 0xe0, 0x00,
  0x00, 0x00, 0x42, 0x5b, 0x02, 0x06, 0x02, 0x29, 0x04, 0x06, 0xf8, 0x00,
  0x04, 0x00, 0x00, 0x00, 0x01, 0xf8, 0x01, 0x08, 0x80, 0x01, 0x00, 0x02,
  0x00, 0x00, 0x00, 0x00, 0x00, 0x00, 0x00, 0x00, 0x00, 0x00, 0x20, 0x00,
  0x00, 0x00, 0x01, 0x0b, 0x0c, 0x0a, 0xf8, 0x00, 0x05, 0x00, 0x00, 0x00,
  0x03, 0x31, 0xff, 0x0f, 0x00, 0x00, 0x02, 0x29, 0x04, 0x06, 0xf8, 0x00,
  0x04, 0x00, 0x00, 0x00, 0x01, 0xf8, 0x01, 0x09, 0x80, 0x01, 0x00, 0x02,
  0x00, 0x00, 0x00, 0x00, 0x00, 0x00, 0x00, 0x00, 0x00, 0x00, 0x40, 0x00,
  0x00, 0x00, 0x42, 0x5b, 0x02, 0x06, 0x02, 0x29, 0x04, 0x06, 0xf8, 0x00,
  0x04, 0x00, 0x00, 0x00, 0x01, 0xf8, 0x01, 0x0a, 0x80, 0x01, 0x00, 0x02,
  0x00, 0x00, 0x00, 0x00, 0x00, 0x00, 0x00, 0x00, 0x00, 0x00, 0x60, 0x00,
  0x00, 0x00, 0x01, 0x0b, 0x0c, 0x0a, 0xf8, 0x00, 0x05, 0x00, 0x00, 0x00,
  0x03, 0x07, 0xff, 0x0f, 0x00, 0x00, 0x02, 0x29, 0x04, 0x06, 0xf8, 0x00,
  0x04, 0x00, 0x00, 0x00, 0x01, 0xf8, 0x01, 0x0d, 0x80, 0x01, 0x00, 0x02,
  0x00, 0x00, 0x00, 0x00, 0x00, 0x00, 0x00, 0x00, 0x00, 0x00, 0xa0, 0x00,
  0x00, 0x00, 0x42, 0x5b, 0x02, 0x06, 0x02, 0x29, 0x04, 0x06, 0xf8, 0x00,
  0x04, 0x00, 0x00, 0x00, 0x01, 0xf8, 0x01, 0x0e, 0x80, 0x01, 0x00, 0x02,
  0x00, 0x00, 0x00, 0x00, 0x00, 0x00, 0x00, 0x00, 0x00, 0x00, 0xc0, 0x00,
  0x00, 0x00, 0x01, 0x0b, 0x0c, 0x0a, 0xf8, 0x00, 0x05, 0x00, 0x00, 0x00,
  0x83, 0x06, 0xff, 0x0f, 0x00, 0x00, 0x02, 0x29, 0x04, 0x06, 0xf8, 0x00,
  0x04, 0x00, 0x00, 0x00, 0x01, 0xf8, 0x01, 0x0f, 0x80, 0x01, 0x00, 0x02,
  0x00, 0x00, 0x00, 0x00, 0x00, 0x00, 0x00, 0x00, 0x00, 0x00, 0xe0, 0x00,
  0x00, 0x00, 0x42, 0x5b, 0x02, 0x06, 0x01, 0x0b, 0x0c, 0x0a, 0xf8, 0x00,
  0x05, 0x00, 0x00, 0x00, 0x03, 0x06, 0xff, 0x0f, 0x00, 0x00, 0x01, 0x0b,
  0x0c, 0x0a, 0xf8, 0x00, 0x05, 0x00, 0x00, 0x00, 0x83, 0x05, 0xff, 0x0f,
  0x00, 0x00, 0x01, 0x0b, 0x0c, 0x0a, 0xf8, 0x00, 0x05, 0x00, 0x00, 0x00,
  0x03, 0x05, 0xff, 0x0f, 0x00, 0x00, 0x42, 0x5b, 0x02, 0x06, 0x01, 0x0b,
  0x0c, 0x0a, 0xf8, 0x00, 0x05, 0x00, 0x00, 0x00, 0x83, 0x04, 0xff, 0x0f,
  0x00, 0x00, 0x01, 0x0b, 0x0c, 0x0a, 0xf8, 0x00, 0x05, 0x00, 0x00, 0x00,
  0x03, 0x04, 0xff, 0x0f, 0x00, 0x00, 0x42, 0x5b, 0x02, 0x06, 0x01, 0x0b,
  0x0c, 0x0a, 0xf8, 0x00, 0x05, 0x00, 0x00, 0x00, 0x03, 0x34, 0xff, 0x0f,
  0x00, 0x00, 0x42, 0x5b, 0x02, 0x06, 0x42, 0x5b, 0x02, 0x06, 0x42, 0x5b,
  0x02, 0x06, 0x42, 0x5b, 0x02, 0x06, 0x42, 0x5b, 0x02, 0x06, 0x42, 0x5b,
  0x02, 0x06, 0x42, 0x5b, 0x02, 0x06, 0x42, 0x5b, 0x02, 0x06, 0x42, 0x5b,
  0x02, 0x06, 0x42, 0x5b, 0x02, 0x06, 0x42, 0x5b, 0x02, 0x06, 0x42, 0x5b,
  0x02, 0x06, 0x42, 0x5b, 0x02, 0x06, 0x42, 0x5b, 0x02, 0x06, 0x42, 0x5b,
  0x02, 0x06, 0x42, 0x5b, 0x02, 0x06, 0x42, 0x5b, 0x02, 0x06, 0x42, 0x5b,
  0x02, 0x06, 0x42, 0x5b, 0x02, 0x06, 0x42, 0x5b, 0x02, 0x06, 0x42, 0x5b,
  0x02, 0x06, 0x42, 0x5b, 0x02, 0x06, 0x42, 0x5b, 0x02, 0x06, 0x42, 0x5b,
  0x02, 0x06, 0x42, 0x5b, 0x02, 0x06, 0x41, 0x17, 0x2e, 0x0a, 0x42, 0x5b,
  0x02, 0x06, 0x42, 0x5b, 0x02, 0x06, 0x01, 0x0b, 0x0c, 0x0a, 0xf8, 0x00,
  0x05, 0x00, 0x00, 0x00, 0x83, 0x07, 0xff, 0x0f, 0x00, 0x00, 0x02, 0x22,
  0x08, 0x06, 0xfa, 0x00, 0x02, 0x00, 0x00, 0x00, 0x41, 0x02, 0x40, 0x00,
  0x02, 0x00, 0x00, 0x00, 0x00, 0x00, 0x00, 0x00, 0x00, 0x00, 0x00, 0x00,
  0x00, 0x00, 0x30, 0x02, 0x00, 0x00, 0x02, 0x22, 0x08, 0x06, 0xfa, 0x00,
  0x02, 0x00, 0x00, 0x00, 0x41, 0x04, 0x40, 0x00, 0x02, 0x00, 0x00, 0x00,
  0x00, 0x00, 0x00, 0x00, 0x00, 0x00, 0x00, 0x00, 0x00, 0x00, 0x30, 0x02,
  0x00, 0x00, 0x02, 0x22, 0x08, 0x06, 0xfa, 0x00, 0x42, 0x00, 0x00, 0x00,
  0x01, 0x05, 0x40, 0x00, 0x02, 0x00, 0x00, 0x00, 0x00, 0x00, 0x00, 0x00,
  0x00, 0x00, 0x00, 0x00, 0x00, 0x00, 0x40, 0x02, 0x00, 0x00, 0x02, 0x22,
  0x08, 0x06, 0xfa, 0x00, 0x42, 0x00, 0x00, 0x00, 0x41, 0x05, 0x40, 0x00,
  0x02, 0x00, 0x00, 0x00, 0x00, 0x00, 0x00, 0x00, 0x00, 0x00, 0x00, 0x00,
  0x00, 0x00, 0x34, 0x02, 0x00, 0x00, 0x02, 0x22, 0x08, 0x06, 0xfa, 0x00,
  0x42, 0x00, 0x00, 0x00, 0x01, 0x06, 0x40, 0x00, 0x02, 0x00, 0x00, 0x00,
  0x00, 0x00, 0x00, 0x00, 0x00, 0x00, 0x00, 0x00, 0x00, 0x00, 0x44, 0x02,
  0x00, 0x00, 0x02, 0x22, 0x08, 0x06, 0xfa, 0x00, 0x52, 0x00, 0x00, 0x00,
  0x83, 0x05, 0x40, 0x00, 0x02, 0x00, 0x00, 0x00, 0x00, 0x00, 0x00, 0x00,
  0x00, 0x00, 0x00, 0x00, 0x00, 0x00, 0x38, 0x02, 0x00, 0x00, 0x01, 0x0b,
  0x04, 0x0a, 0xf8, 0x00, 0x04, 0x00, 0x00, 0x00, 0x01, 0x30, 0x01, 0x02,
  0x00, 0x00, 0x02, 0x22, 0x0e, 0x06, 0xf8, 0x00, 0x52, 0x00, 0x00, 0x00,
  0x83, 0x35, 0x40, 0x00, 0x02, 0x00, 0x00, 0x00, 0x00, 0x00, 0x00, 0x00,
  0x00, 0x00, 0x00, 0x00, 0x00, 0x00, 0x78, 0x00, 0x00, 0x00, 0x42, 0x17,
  0x2c, 0x06, 0x42, 0x17, 0x2c, 0x06, 0x01, 0x47, 0x5a, 0x16, 0xf8, 0x00,
  0x04, 0x00, 0x00, 0x00, 0x00, 0x00, 0x01, 0x00, 0x00, 0x00, 0x02, 0x22,
  0x0e, 0x06, 0xf8, 0x00, 0x52, 0x00, 0x00, 0x00, 0x83, 0x30, 0x40, 0x00,
  0x02, 0x00, 0x00, 0x00, 0x00, 0x00, 0x00, 0x00, 0x00, 0x00, 0x00, 0x00,
  0x00, 0x00, 0x80, 0x00, 0x00, 0x00, 0x51, 0x02, 0x02, 0x23, 0x30, 0x34,
  0xf8, 0x00, 0x20, 0x10, 0x10, 0x01, 0x02, 0x00, 0x00, 0x35, 0x0a, 0x01,
  0x00, 0x02, 0x30, 0x09, 0x00, 0x82, 0x03, 0x00, 0x10, 0x00, 0x00, 0x00,
  0x00, 0x00, 0x00, 0x00, 0x02, 0x23, 0x30, 0x34, 0xf8, 0x00, 0x20, 0x10,
  0x10, 0x01, 0x02, 0x00, 0x00, 0x35, 0x0a, 0x01, 0x00, 0x02, 0x36, 0x09,
  0x00, 0x82, 0x03, 0x00, 0x00, 0x00, 0x00, 0x00, 0x00, 0x08, 0x00, 0x00,
  0x02, 0x23, 0x30, 0x34, 0xf8, 0x00, 0x20, 0x10, 0x10, 0x01, 0x02, 0x00,
  0x00, 0x35, 0x0a, 0x01, 0x00, 0x02, 0x02, 0x09, 0x00, 0x82, 0x03, 0x00,
  0x30, 0x00, 0x00, 0x00, 0x00, 0x10, 0x00, 0x00, 0x02, 0x23, 0x30, 0x34,
  0xf8, 0x00, 0x20, 0x10, 0x10, 0x01, 0x02, 0x00, 0x00, 0x35, 0x0a, 0x01,
  0x00, 0x82, 0x39, 0x09, 0x00, 0x82, 0x03, 0x00, 0x28, 0x00, 0x00, 0x00,
  0x00, 0x18, 0x00, 0x00, 0x02, 0x23, 0x30, 0x34, 0xf8, 0x00, 0x20, 0x10,
  0x10, 0x01, 0x02, 0x00, 0xc0, 0x34, 0x0a, 0x01, 0x00, 0x82, 0x35, 0x09,
  0x00, 0x82, 0x03, 0x00, 0x20, 0x00, 0x00, 0x00, 0x00, 0x00, 0x00, 0x00,
  0x02, 0x23, 0x30, 0x34, 0xf8, 0x00, 0x20, 0x10, 0x10, 0x01, 0x02, 0x00,
  0xc0, 0x34, 0x0a, 0x01, 0x00, 0x02, 0x02, 0x09, 0x00, 0x82, 0x03, 0x00,
  0x08, 0x00, 0x00, 0x00, 0x00, 0x08, 0x00, 0x00, 0x02, 0x23, 0x30, 0x34,
  0xf8, 0x00, 0x20, 0x10, 0x10, 0x01, 0x02, 0x00, 0xc0, 0x34, 0x0a, 0x01,
  0x00, 0x02, 0x36, 0x09, 0x00, 0x82, 0x03, 0x00, 0x18, 0x00, 0x00, 0x00,
  0x00, 0x10, 0x00, 0x00, 0x02, 0x23, 0x30, 0x34, 0xf8, 0x00, 0x20, 0x10,
  0x10, 0x01, 0x02, 0x00, 0xc0, 0x34, 0x0a, 0x01, 0x00, 0x82, 0x36, 0x09,
  0x00, 0x82, 0x03, 0x00, 0x10, 0x00, 0x00, 0x00, 0x00, 0x18, 0x00, 0x00,
  0x02, 0x5a, 0x00, 0x26, 0xf8, 0x00, 0x01, 0x00, 0x02, 0x00, 0x00, 0x00,
  0x83, 0x30, 0x06, 0x0b, 0x00, 0x82, 0x11, 0xc0, 0xff, 0x00, 0xf8, 0x00,
  0x00, 0x00, 0x00, 0x00, 0x00, 0x00, 0x00, 0x00, 0x02, 0x22, 0x0e, 0x06,
  0xf8, 0x00, 0x42, 0x00, 0x00, 0x00, 0x41, 0x35, 0x40, 0x00, 0x02, 0x00,
  0x00, 0x00, 0x00, 0x00, 0x00, 0x00, 0x00, 0x00, 0x00, 0x00, 0x00, 0x00,
  0xf4, 0x01, 0x00, 0x00, 0x02, 0x10, 0x02, 0x14, 0xf8, 0x00, 0x00, 0x00,
  0x00, 0x00, 0x01, 0x00, 0x01, 0xf8, 0x00, 0xf8, 0x00, 0x00, 0xf8, 0x00,
  0x08, 0x00, 0x00, 0x00, 0x00, 0x00, 0x00, 0x00, 0x00, 0x00, 0x00, 0x00,
  0x02, 0x5a, 0x00, 0x26, 0xf8, 0x00, 0x01, 0x00, 0x02, 0x00, 0x00, 0x00,
  0x83, 0x35, 0x06, 0x0b, 0x00, 0x02, 0x10, 0xc0, 0xff, 0x00, 0xf8, 0x00,
  0x00, 0x00, 0x00, 0x00, 0x00, 0x00, 0x00, 0x00, 0xd0, 0x00, 0x02, 0x5a,
  0x00, 0x26, 0xf8, 0x00, 0x01, 0x00, 0x02, 0x00, 0x00, 0x00, 0x03, 0x36,
  0x06, 0x0b, 0x00, 0x82, 0x10, 0xc0, 0xff, 0x00, 0xf8, 0x00, 0x00, 0x00,
  0x00, 0x00, 0x00, 0x00, 0x00, 0x00, 0xd0, 0x00, 0x02, 0x5a, 0x00, 0x26,
  0xf8, 0x00, 0x01, 0x00, 0x02, 0x00, 0x00, 0x00, 0x03, 0x30, 0x06, 0x0b,
  0x00, 0x02, 0x11, 0xc0, 0xff, 0x00, 0xf8, 0x00, 0x00, 0x00, 0x00, 0x00,
  0x00, 0x00, 0x00, 0x00, 0xd0, 0x00, 0x02, 0x5a, 0x00, 0x26, 0xf8, 0x00,
  0x01, 0x00, 0x02, 0x00, 0x00, 0x00, 0x83, 0x30, 0x06, 0x08, 0x00, 0x82,
  0x13, 0x82, 0x30, 0x00, 0xf8, 0x00, 0x00, 0x00, 0x00, 0x00, 0x00, 0x00,
  0x00, 0x00, 0xd0, 0x00, 0x02, 0x5a, 0x00, 0x26, 0xf8, 0x00, 0x01, 0x00,
  0x02, 0x00, 0x00, 0x00, 0x83, 0x35, 0x06, 0x08, 0x00, 0x02, 0x12, 0x82,
  0x35, 0x00, 0xf8, 0x00, 0x00, 0x00, 0x00, 0x00, 0x00, 0x00, 0x00, 0x00,
  0xd0, 0x00, 0x02, 0x5a, 0x00, 0x26, 0xf8, 0x00, 0x01, 0x00, 0x02, 0x00,
  0x00, 0x00, 0x03, 0x36, 0x06, 0x08, 0x00, 0x82, 0x12, 0x02, 0x36, 0x00,
  0xf8, 0x00, 0x00, 0x00, 0x00, 0x00, 0x00, 0x00, 0x00, 0x00, 0xd0, 0x00,
  0x02, 0x5a, 0x00, 0x26, 0xf8, 0x00, 0x01, 0x00, 0x02, 0x00, 0x00, 0x00,
  0x03, 0x30, 0x06, 0x08, 0x00, 0x02, 0x13, 0x02, 0x30, 0x00, 0xf8, 0x00,
  0x00, 0x00, 0x00, 0x00, 0x00, 0x00, 0x00, 0x00, 0xd0, 0x00, 0x02, 0x5a,
  0x00, 0x26, 0xf8, 0x00, 0x01, 0x00, 0x02, 0x00, 0x00, 0x00, 0x83, 0x30,
  0x06, 0x09, 0x00, 0x82, 0x15, 0x82, 0x30, 0x00, 0xf8, 0x00, 0x00, 0x00,
  0x00, 0x00, 0x00, 0x00, 0x00, 0x00, 0xd0, 0x00, 0x02, 0x5a, 0x00, 0x26,
  0xf8, 0x00, 0x01, 0x00, 0x02, 0x00, 0x00, 0x00, 0x83, 0x35, 0x06, 0x09,
  0x00, 0x02, 0x14, 0x82, 0x35, 0x00, 0xf8, 0x00, 0x00, 0x00, 0x00, 0x00,
  0x00, 0x00, 0x00, 0x00, 0xd0, 0x00, 0x02, 0x5a, 0x00, 0x26, 0xf8, 0x00,
  0x01, 0x00, 0x02, 0x00, 0x00, 0x00, 0x03, 0x36, 0x06, 0x09, 0x00, 0x82,
  0x14, 0x02, 0x36, 0x00, 0xf8, 0x00, 0x00, 0x00, 0x00, 0x00, 0x00, 0x00,
  0x00, 0x00, 0xd0, 0x00, 0x02, 0x5a, 0x00, 0x26, 0xf8, 0x00, 0x01, 0x00,
  0x02, 0x00, 0x00, 0x00, 0x03, 0x30, 0x06, 0x09, 0x00, 0x02, 0x15, 0x02,
  0x30, 0x00, 0xf8, 0x00, 0x00, 0x00, 0x00, 0x00, 0x00, 0x00, 0x00, 0x00,
  0xd0, 0x00, 0x02, 0x5a, 0x00, 0x26, 0xf8, 0x00, 0x01, 0x00, 0x02, 0x00,
  0x00, 0x00, 0x83, 0x30, 0x06, 0x0a, 0x00, 0x82, 0x17, 0x82, 0x30, 0x00,
  0xf8, 0x00, 0x00, 0x00, 0x00, 0x00, 0x00, 0x00, 0x00, 0x00, 0xd0, 0x00,
  0x02, 0x5a, 0x00, 0x26, 0xf8, 0x00, 0x01, 0x00, 0x02, 0x00, 0x00, 0x00,
  0x83, 0x35, 0x06, 0x0a, 0x00, 0x02, 0x16, 0x82, 0x35, 0x00, 0xf8, 0x00,
  0x00, 0x00, 0x00, 0x00, 0x00, 0x00, 0x00, 0x00, 0xd0, 0x00, 0x02, 0x5a,
  0x00, 0x26, 0xf8, 0x00, 0x01, 0x00, 0x02, 0x00, 0x00, 0x00, 0x03, 0x36,
  0x06, 0x0a, 0x00, 0x82, 0x16, 0x02, 0x36, 0x00, 0xf8, 0x00, 0x00, 0x00,
  0x00, 0x00, 0x00, 0x00, 0x00, 0x00, 0xd0, 0x00, 0x02, 0x5a, 0x00, 0x26,
  0xf8, 0x00, 0x01, 0x00, 0x02, 0x00, 0x00, 0x00, 0x03, 0x30, 0x06, 0x0a,
  0x00, 0x02, 0x17, 0x02, 0x30, 0x00, 0xf8, 0x00, 0x00, 0x00, 0x00, 0x00,
  0x00, 0x00, 0x00, 0x00, 0xd0, 0x00, 0x02, 0x5a, 0x00, 0x26, 0xf8, 0x00,
  0x01, 0x00, 0x02, 0x00, 0x00, 0x00, 0x83, 0x30, 0x06, 0x0c, 0x00, 0x82,
  0x19, 0x82, 0x30, 0x00, 0xf8, 0x00, 0x00, 0x00, 0x00, 0x00, 0x00, 0x00,
  0x00, 0x00, 0xd0, 0x00, 0x02, 0x5a, 0x00, 0x26, 0xf8, 0x00, 0x01, 0x00,
  0x02, 0x00, 0x00, 0x00, 0x83, 0x35, 0x06, 0x0c, 0x00, 0x02, 0x18, 0x82,
  0x35, 0x00, 0xf8, 0x00, 0x00, 0x00, 0x00, 0x00, 0x00, 0x00, 0x00, 0x00,
  0xd0, 0x00, 0x02, 0x5a, 0x00, 0x26, 0xf8, 0x00, 0x01, 0x00, 0x02, 0x00,
  0x00, 0x00, 0x03, 0x36, 0x06, 0x0c, 0x00, 0x82, 0x18, 0x02, 0x36, 0x00,
  0xf8, 0x00, 0x00, 0x00, 0x00, 0x00, 0x00, 0x00, 0x00, 0x00, 0xd0, 0x00,
  0x02, 0x5a, 0x00, 0x26, 0xf8, 0x00, 0x01, 0x00, 0x02, 0x00, 0x00, 0x00,
  0x03, 0x30, 0x06, 0x0c, 0x00, 0x02, 0x19, 0x02, 0x30, 0x00, 0xf8, 0x00,
  0x00, 0x00, 0x00, 0x00, 0x00, 0x00, 0x00, 0x00, 0xd0, 0x00, 0x02, 0x5a,
  0x00, 0x26, 0xf8, 0x00, 0x01, 0x00, 0x02, 0x00, 0x00, 0x00, 0x83, 0x30,
  0x06, 0x0d, 0x00, 0x82, 0x1b, 0x82, 0x30, 0x00, 0xf8, 0x00, 0x00, 0x00,
  0x00, 0x00, 0x00, 0x00, 0x00, 0x00, 0xd0, 0x00, 0x02, 0x5a, 0x00, 0x26,
  0xf8, 0x00, 0x01, 0x00, 0x02, 0x00, 0x00, 0x00, 0x83, 0x35, 0x06, 0x0d,
  0x00, 0x02, 0x1a, 0x82, 0x35, 0x00, 0xf8, 0x00, 0x00, 0x00, 0x00, 0x00,
  0x00, 0x00, 0x00, 0x00, 0xd0, 0x00, 0x02, 0x5a, 0x00, 0x26, 0xf8, 0x00,
  0x01, 0x00, 0x02, 0x00, 0x00, 0x00, 0x03, 0x36, 0x06, 0x0d, 0x00, 0x82,
  0x1a, 0x02, 0x36, 0x00, 0xf8, 0x00, 0x00, 0x00, 0x00, 0x00, 0x00, 0x00,
  0x00, 0x00, 0xd0, 0x00, 0x02, 0x5a, 0x00, 0x26, 0xf8, 0x00, 0x01, 0x00,
  0x02, 0x00, 0x00, 0x00, 0x03, 0x30, 0x06, 0x0d, 0x00, 0x02, 0x1b, 0x02,
  0x30, 0x00, 0xf8, 0x00, 0x00, 0x00, 0x00, 0x00, 0x00, 0x00, 0x00, 0x00,
  0xd0, 0x00, 0x02, 0x5a, 0x00, 0x26, 0xf8, 0x00, 0x01, 0x00, 0x02, 0x00,
  0x00, 0x00, 0x83, 0x30, 0x06, 0x0e, 0x00, 0x82, 0x1d, 0x82, 0x30, 0x00,
  0xf8, 0x00, 0x00, 0x00, 0x00, 0x00, 0x00, 0x00, 0x00, 0x00, 0xd0, 0x00,
  0x02, 0x5a, 0x00, 0x26, 0xf8, 0x00, 0x01, 0x00, 0x02, 0x00, 0x00, 0x00,
  0x83, 0x35, 0x06, 0x0e, 0x00, 0x02, 0x1c, 0x82, 0x35, 0x00, 0xf8, 0x00,
  0x00, 0x00, 0x00, 0x00, 0x00, 0x00, 0x00, 0x00, 0xd0, 0x00, 0x02, 0x5a,
  0x00, 0x26, 0xf8, 0x00, 0x01, 0x00, 0x02, 0x00, 0x00, 0x00, 0x03, 0x36,
  0x06, 0x0e, 0x00, 0x82, 0x1c, 0x02, 0x36, 0x00, 0xf8, 0x00, 0x00, 0x00,
  0x00, 0x00, 0x00, 0x00, 0x00, 0x00, 0xd0, 0x00, 0x02, 0x5a, 0x00, 0x26,
  0xf8, 0x00, 0x01, 0x00, 0x02, 0x00, 0x00, 0x00, 0x03, 0x30, 0x06, 0x0e,
  0x00, 0x02, 0x1d, 0x02, 0x30, 0x00, 0xf8, 0x00, 0x00, 0x00, 0x00, 0x00,
  0x00, 0x00, 0x00, 0x00, 0xd0, 0x00, 0x02, 0x5a, 0x00, 0x26, 0xf8, 0x00,
  0x01, 0x00, 0x02, 0x00, 0x00, 0x00, 0x83, 0x30, 0x06, 0x0f, 0x00, 0x82,
  0x1f, 0x82, 0x30, 0x00, 0xf8, 0x00, 0x00, 0x00, 0x00, 0x00, 0x00, 0x00,
  0x00, 0x00, 0xd0, 0x00, 0x02, 0x5a, 0x00, 0x26, 0xf8, 0x00, 0x01, 0x00,
  0x02, 0x00, 0x00, 0x00, 0x83, 0x35, 0x06, 0x0f, 0x00, 0x02, 0x1e, 0x82,
  0x35, 0x00, 0xf8, 0x00, 0x00, 0x00, 0x00, 0x00, 0x00, 0x00, 0x00, 0x00,
  0x02, 0x5a, 0x00, 0x26, 0xf8, 0x00, 0x01, 0x00, 0x02, 0x00, 0x00, 0x00,
  0x03, 0x36, 0x06, 0x0f, 0x00, 0x82, 0x1e, 0x02, 0x36, 0x00, 0xf8, 0x00,
  0x00, 0x00, 0x00, 0x00, 0x00, 0x00, 0x00, 0x00, 0x02, 0x5a, 0x00, 0x26,
  0xf8, 0x00, 0x01, 0x00, 0x02, 0x00, 0x00, 0x00, 0x03, 0x30, 0x06, 0x0f,
  0x00, 0x02, 0x1f, 0x02, 0x30, 0x00, 0xf8, 0x00, 0x00, 0x00, 0x00, 0x00,
  0x00, 0x00, 0x00, 0x00, 0x01, 0x0b, 0x04, 0x0a, 0xf8, 0x00, 0x04, 0x00,
  0x00, 0x00, 0xc1, 0x00, 0x01, 0x02, 0x00, 0x00, 0x01, 0x0b, 0x06, 0x0a,
  0xfa, 0x00, 0x04, 0x00, 0x00, 0x00, 0x81, 0x02, 0x05, 0x02, 0x00, 0x00,
  0x41, 0x12, 0xb2, 0x0b, 0x41, 0x0f, 0x3a, 0x0a, 0x02, 0x22, 0x0e, 0x06,
  0x08, 0x00, 0x42, 0x00, 0x00, 0x00, 0xc1, 0x30, 0x40, 0x00, 0x02, 0x00,
  0x00, 0x00, 0x00, 0x00, 0x00, 0x00, 0x00, 0x00, 0x00, 0x00, 0x00, 0x00,
  0x44, 0x02, 0x00, 0x00, 0x41, 0x51, 0x0a, 0x0a, 0x02, 0x22, 0x0e, 0x06,
  0x10, 0x00, 0x42, 0x00, 0x00, 0x00, 0xc1, 0x00, 0x40, 0x00, 0x02, 0x00,
  0x00, 0x00, 0x00, 0x00, 0x00, 0x00, 0x00, 0x00, 0x00, 0x00, 0x00, 0x00,
  0x44, 0x02, 0x00, 0x00, 0x02, 0x22, 0x0e, 0x06, 0x00, 0x00, 0x42, 0x00,
  0x00, 0x00, 0x41, 0x35, 0x40, 0x00, 0x02, 0x00, 0x00, 0x00, 0x00, 0x00,
  0x00, 0x00, 0x00, 0x00, 0x00, 0x00, 0x00, 0x00, 0x44, 0x02, 0x00, 0x00,
  0x02, 0x22, 0x0e, 0x06, 0x00, 0x00, 0x42, 0x00, 0x00, 0x00, 0xc1, 0x30,
  0x40, 0x00, 0x02, 0x00, 0x00, 0x00, 0x00, 0x00, 0x00, 0x00, 0x00, 0x00,
  0x00, 0x00, 0x00, 0x00, 0x44, 0x02, 0x00, 0x00, 0x02, 0x22, 0x0e, 0x06,
  0x08, 0x00, 0x42, 0x00, 0x00, 0x00, 0xc1, 0x30, 0x40, 0x00, 0x02, 0x00,
  0x00, 0x00, 0x00, 0x00, 0x00, 0x00, 0x00, 0x00, 0x00, 0x00, 0x00, 0x00,
  0x44, 0x02, 0x00, 0x00, 0x02, 0x22, 0x0e, 0x06, 0x10, 0x00, 0x42, 0x00,
  0x00, 0x00, 0x41, 0x35, 0x40, 0x00, 0x02, 0x00, 0x00, 0x00, 0x00, 0x00,
  0x00, 0x00, 0x00, 0x00, 0x00, 0x00, 0x00, 0x00, 0x44, 0x02, 0x00, 0x00,
  0x02, 0x22, 0x0e, 0x06, 0x18, 0x00, 0x42, 0x00, 0x00, 0x00, 0x41, 0x36,
  0x40, 0x00, 0x02, 0x00, 0x00, 0x00, 0x00, 0x00, 0x00, 0x00, 0x00, 0x00,
  0x00, 0x00, 0x00, 0x00, 0x44, 0x02, 0x00, 0x00, 0x02, 0x22, 0x0e, 0x06,
  0x00, 0x00, 0x42, 0x00, 0x00, 0x00, 0xc1, 0x35, 0x40, 0x00, 0x02, 0x00,
  0x00, 0x00, 0x00, 0x00, 0x00, 0x00, 0x00, 0x00, 0x00, 0x00, 0x00, 0x00,
  0x44, 0x02, 0x00, 0x00, 0x02, 0x22, 0x0e, 0x06, 0x10, 0x00, 0x42, 0x00,
  0x00, 0x00, 0x41, 0x36, 0x40, 0x00, 0x02, 0x00, 0x00, 0x00, 0x00, 0x00,
  0x00, 0x00, 0x00, 0x00, 0x00, 0x00, 0x00, 0x00, 0x44, 0x02, 0x00, 0x00,
  0x02, 0x22, 0x0e, 0x06, 0x08, 0x00, 0x42, 0x00, 0x00, 0x00, 0x41, 0x36,
  0x40, 0x00, 0x02, 0x00, 0x00, 0x00, 0x00, 0x00, 0x00, 0x00, 0x00, 0x00,
  0x00, 0x00, 0x00, 0x00, 0x44, 0x02, 0x00, 0x00, 0x02, 0x22, 0x0e, 0x06,
  0x18, 0x00, 0x42, 0x00, 0x00, 0x00, 0x41, 0x3b, 0x40, 0x00, 0x02, 0x00,
  0x00, 0x00, 0x00, 0x00, 0x00, 0x00, 0x00, 0x00, 0x00, 0x00, 0x00, 0x00,
  0x44, 0x02, 0x00, 0x00, 0x02, 0x22, 0x0e, 0x06, 0x00, 0x00, 0x42, 0x00,
  0x00, 0x00, 0x41, 0x3b, 0x40, 0x00, 0x02, 0x00, 0x00, 0x00, 0x00, 0x00,
  0x00, 0x00, 0x00, 0x00, 0x00, 0x00, 0x00, 0x00, 0x44, 0x02, 0x00, 0x00,
  0x02, 0x22, 0x0e, 0x06, 0x20, 0x00, 0x42, 0x00, 0x00, 0x00, 0xc1, 0x3b,
  0x40, 0x00, 0x02, 0x00, 0x00, 0x00, 0x00, 0x00, 0x00, 0x00, 0x00, 0x00,
  0x00, 0x00, 0x00, 0x00, 0x44, 0x02, 0x00, 0x00, 0x02, 0x22, 0x0e, 0x06,
  0x08, 0x00, 0x42, 0x00, 0x00, 0x00, 0x41, 0x3b, 0x40, 0x00, 0x02, 0x00,
  0x00, 0x00, 0x00, 0x00, 0x00, 0x00, 0x00, 0x00, 0x00, 0x00, 0x00, 0x00,
  0x44, 0x02, 0x00, 0x00, 0x02, 0x22, 0x0e, 0x06, 0x10, 0x00, 0x42, 0x00,
  0x00, 0x00, 0xc1, 0x3b, 0x40, 0x00, 0x02, 0x00, 0x00, 0x00, 0x00, 0x00,
  0x00, 0x00, 0x00, 0x00, 0x00, 0x00, 0x00, 0x00, 0x44, 0x02, 0x00, 0x00,
  0x01, 0x0b, 0x04, 0x0a, 0xf8, 0x00, 0x04, 0x00, 0x00, 0x00, 0x01, 0x00,
  0x01, 0x02, 0x00, 0x00, 0x01, 0x23, 0x40, 0x0a, 0xf8, 0x00, 0x08, 0x00,
  0x00, 0x00, 0x00, 0x00, 0x00, 0x00, 0x00, 0x00, 0x01, 0x47, 0x5a, 0x16,
  0xf8, 0x00, 0x04, 0x00, 0x00, 0x00, 0x00, 0x00, 0x01, 0x00, 0x00, 0x00,
  0x02, 0x29, 0x04, 0x06, 0xf8, 0x00, 0x04, 0x00, 0x00, 0x00, 0x01, 0xf8,
  0x81, 0x39, 0x00, 0x03, 0x00, 0x02, 0x00, 0x00, 0x00, 0x00, 0x00, 0x00,
  0x00, 0x00, 0x00, 0x00, 0x20, 0x00, 0x00, 0x00, 0x42, 0x5b, 0x02, 0x06,
  0x42, 0x5b, 0x02, 0x06, 0x42, 0x5b, 0x02, 0x06, 0x42, 0x5b, 0x02, 0x06,
  0x42, 0x5b, 0x02, 0x06, 0x42, 0x5b, 0x02, 0x06, 0x42, 0x5b, 0x02, 0x06,
  0x42, 0x5b, 0x02, 0x06, 0x42, 0x5b, 0x02, 0x06, 0x42, 0x5b, 0x02, 0x06,
  0x42, 0x5b, 0x02, 0x06, 0x42, 0x5b, 0x02, 0x06, 0x42, 0x5b, 0x02, 0x06,
  0x42, 0x5b, 0x02, 0x06, 0x42, 0x5b, 0x02, 0x06, 0x42, 0x5b, 0x02, 0x06,
  0x02, 0x5a, 0x00, 0x26, 0xf8, 0x00, 0x01, 0x00, 0x02, 0x00, 0x00, 0x00,
  0x83, 0x33, 0x06, 0x30, 0x00, 0x02, 0x20, 0x82, 0x33, 0x00, 0xf8, 0x00,
  0x00, 0x00, 0x00, 0x00, 0x00, 0x00, 0x00, 0x00, 0xd0, 0x00, 0x02, 0x5a,
  0x00, 0x26, 0xf8, 0x00, 0x01, 0x00, 0x02, 0x00, 0x00, 0x00, 0x03, 0x33,
  0x06, 0x30, 0x00, 0x82, 0x20, 0x02, 0x33, 0x00, 0xf8, 0x00, 0x00, 0x00,
  0x00, 0x00, 0x00, 0x00, 0x00, 0x00, 0xd0, 0x00, 0x02, 0x5a, 0x00, 0x26,
  0xf8, 0x00, 0x01, 0x00, 0x02, 0x00, 0x00, 0x00, 0x83, 0x32, 0x06, 0x30,
  0x00, 0x02, 0x21, 0x82, 0x32, 0x00, 0xf8, 0x00, 0x00, 0x00, 0x00, 0x00,
  0x00, 0x00, 0x00, 0x00, 0xd0, 0x00, 0x02, 0x5a, 0x00, 0x26, 0xf8, 0x00,
  0x01, 0x00, 0x02, 0x00, 0x00, 0x00, 0x03, 0x32, 0x06, 0x30, 0x00, 0x82,
  0x21, 0x02, 0x32, 0x00, 0xf8, 0x00, 0x00, 0x00, 0x00, 0x00, 0x00, 0x00,
  0x00, 0x00, 0xd0, 0x00, 0x02, 0x5a, 0x00, 0x26, 0xf8, 0x00, 0x01, 0x00,
  0x02, 0x00, 0x00, 0x00, 0x83, 0x31, 0x06, 0x30, 0x00, 0x02, 0x22, 0x82,
  0x31, 0x00, 0xf8, 0x00, 0x00, 0x00, 0x00, 0x00, 0x00, 0x00, 0x00, 0x00,
  0xd0, 0x00, 0x02, 0x5a, 0x00, 0x26, 0xf8, 0x00, 0x01, 0x00, 0x02, 0x00,
  0x00, 0x00, 0x03, 0x31, 0x06, 0x30, 0x00, 0x82, 0x22, 0x02, 0x31, 0x00,
  0xf8, 0x00, 0x00, 0x00, 0x00, 0x00, 0x00, 0x00, 0x00, 0x00, 0xd0, 0x00,
  0x02, 0x5a, 0x00, 0x26, 0xf8, 0x00, 0x01, 0x00, 0x02, 0x00, 0x00, 0x00,
  0x83, 0x07, 0x06, 0x30, 0x00, 0x02, 0x23, 0x82, 0x07, 0x00, 0xf8, 0x00,
  0x00, 0x00, 0x00, 0x00, 0x00, 0x00, 0x00, 0x00, 0xd0, 0x00, 0x02, 0x5a,
  0x00, 0x26, 0xf8, 0x00, 0x01, 0x00, 0x02, 0x00, 0x00, 0x00, 0x03, 0x07,
  0x06, 0x30, 0x00, 0x82, 0x23, 0x02, 0x07, 0x00, 0xf8, 0x00, 0x00, 0x00,
  0x00, 0x00, 0x00, 0x00, 0x00, 0x00, 0xd0, 0x00, 0x02, 0x5a, 0x00, 0x26,
  0xf8, 0x00, 0x01, 0x00, 0x02, 0x00, 0x00, 0x00, 0x83, 0x06, 0x06, 0x30,
  0x00, 0x02, 0x24, 0x82, 0x06, 0x00, 0xf8, 0x00, 0x00, 0x00, 0x00, 0x00,
  0x00, 0x00, 0x00, 0x00, 0xd0, 0x00, 0x02, 0x5a, 0x00, 0x26, 0xf8, 0x00,
  0x01, 0x00, 0x02, 0x00, 0x00, 0x00, 0x03, 0x06, 0x06, 0x30, 0x00, 0x82,
  0x24, 0x02, 0x06, 0x00, 0xf8, 0x00, 0x00, 0x00, 0x00, 0x00, 0x00, 0x00,
  0x00, 0x00, 0xd0, 0x00, 0x02, 0x5a, 0x00, 0x26, 0xf8, 0x00, 0x01, 0x00,
  0x02, 0x00, 0x00, 0x00, 0x83, 0x05, 0x06, 0x30, 0x00, 0x02, 0x25, 0x82,
  0x05, 0x00, 0xf8, 0x00, 0x00, 0x00, 0x00, 0x00, 0x00, 0x00, 0x00, 0x00,
  0xd0, 0x00, 0x02, 0x5a, 0x00, 0x26, 0xf8, 0x00, 0x01, 0x00, 0x02, 0x00,
  0x00, 0x00, 0x03, 0x05, 0x06, 0x30, 0x00, 0x82, 0x25, 0x02, 0x05, 0x00,
  0xf8, 0x00, 0x00, 0x00, 0x00, 0x00, 0x00, 0x00, 0x00, 0x00, 0xd0, 0x00,
  0x02, 0x5a, 0x00, 0x26, 0xf8, 0x00, 0x01, 0x00, 0x02, 0x00, 0x00, 0x00,
  0x83, 0x04, 0x06, 0x30, 0x00, 0x02, 0x26, 0x82, 0x04, 0x00, 0xf8, 0x00,
  0x00, 0x00, 0x00, 0x00, 0x00, 0x00, 0x00, 0x00, 0xd0, 0x00, 0x02, 0x5a,
  0x00, 0x26, 0xf8, 0x00, 0x01, 0x00, 0x02, 0x00, 0x00, 0x00, 0x03, 0x04,
  0x06, 0x30, 0x00, 0x82, 0x26, 0x02, 0x04, 0x00, 0xf8, 0x00, 0x00, 0x00,
  0x00, 0x00, 0x00, 0x00, 0x00, 0x00, 0xd0, 0x00, 0x02, 0x5a, 0x00, 0x26,
  0xf8, 0x00, 0x01, 0x00, 0x02, 0x00, 0x00, 0x00, 0x83, 0x03, 0x06, 0x30,
  0x00, 0x02, 0x27, 0x82, 0x03, 0x00, 0xf8, 0x00, 0x00, 0x00, 0x00, 0x00,
  0x00, 0x00, 0x00, 0x00, 0xd0, 0x00, 0x02, 0x5a, 0x00, 0x26, 0xf8, 0x00,
  0x01, 0x00, 0x02, 0x00, 0x00, 0x00, 0x03, 0x34, 0x06, 0x30, 0x00, 0x82,
  0x27, 0x02, 0x34, 0x00, 0xf8, 0x00, 0x00, 0x00, 0x00, 0x00, 0x00, 0x00,
  0x00, 0x00, 0x02, 0x5a, 0x00, 0x26, 0xf8, 0x00, 0x01, 0x00, 0x02, 0x00,
  0x00, 0x00, 0x83, 0x33, 0x06, 0x30, 0x00, 0x02, 0x28, 0x82, 0x33, 0x00,
  0xf8, 0x00, 0x00, 0x00, 0x00, 0x00, 0x00, 0x00, 0x00, 0x00, 0xd0, 0x00,
  0x02, 0x5a, 0x00, 0x26, 0xf8, 0x00, 0x01, 0x00, 0x02, 0x00, 0x00, 0x00,
  0x03, 0x33, 0x06, 0x30, 0x00, 0x82, 0x28, 0x02, 0x33, 0x00, 0xf8, 0x00,
  0x00, 0x00, 0x00, 0x00, 0x00, 0x00, 0x00, 0x00, 0xd0, 0x00, 0x02, 0x5a,
  0x00, 0x26, 0xf8, 0x00, 0x01, 0x00, 0x02, 0x00, 0x00, 0x00, 0x83, 0x32,
  0x06, 0x30, 0x00, 0x02, 0x29, 0x82, 0x32, 0x00, 0xf8, 0x00, 0x00, 0x00,
  0x00, 0x00, 0x00, 0x00, 0x00, 0x00, 0xd0, 0x00, 0x02, 0x5a, 0x00, 0x26,
  0xf8, 0x00, 0x01, 0x00, 0x02, 0x00, 0x00, 0x00, 0x03, 0x32, 0x06, 0x30,
  0x00, 0x82, 0x29, 0x02, 0x32, 0x00, 0xf8, 0x00, 0x00, 0x00, 0x00, 0x00,
  0x00, 0x00, 0x00, 0x00, 0xd0, 0x00, 0x02, 0x5a, 0x00, 0x26, 0xf8, 0x00,
  0x01, 0x00, 0x02, 0x00, 0x00, 0x00, 0x83, 0x31, 0x06, 0x30, 0x00, 0x02,
  0x2a, 0x82, 0x31, 0x00, 0xf8, 0x00, 0x00, 0x00, 0x00, 0x00, 0x00, 0x00,
  0x00, 0x00, 0xd0, 0x00, 0x02, 0x5a, 0x00, 0x26, 0xf8, 0x00, 0x01, 0x00,
  0x02, 0x00, 0x00, 0x00, 0x03, 0x31, 0x06, 0x30, 0x00, 0x82, 0x2a, 0x02,
  0x31, 0x00, 0xf8, 0x00, 0x00, 0x00, 0x00, 0x00, 0x00, 0x00, 0x00, 0x00,
  0xd0, 0x00, 0x02, 0x5a, 0x00, 0x26, 0xf8, 0x00, 0x01, 0x00, 0x02, 0x00,
  0x00, 0x00, 0x83, 0x07, 0x06, 0x30, 0x00, 0x02, 0x2b, 0x82, 0x07, 0x00,
  0xf8, 0x00, 0x00, 0x00, 0x00, 0x00, 0x00, 0x00, 0x00, 0x00, 0xd0, 0x00,
  0x02, 0x5a, 0x00, 0x26, 0xf8, 0x00, 0x01, 0x00, 0x02, 0x00, 0x00, 0x00,
  0x03, 0x07, 0x06, 0x30, 0x00, 0x82, 0x2b, 0x02, 0x07, 0x00, 0xf8, 0x00,
  0x00, 0x00, 0x00, 0x00, 0x00, 0x00, 0x00, 0x00, 0xd0, 0x00, 0x02, 0x5a,
  0x00, 0x26, 0xf8, 0x00, 0x01, 0x00, 0x02, 0x00, 0x00, 0x00, 0x83, 0x06,
  0x06, 0x30, 0x00, 0x02, 0x2c, 0x82, 0x06, 0x00, 0xf8, 0x00, 0x00, 0x00,
  0x00, 0x00, 0x00, 0x00, 0x00, 0x00, 0xd0, 0x00, 0x02, 0x5a, 0x00, 0x26,
  0xf8, 0x00, 0x01, 0x00, 0x02, 0x00, 0x00, 0x00, 0x03, 0x06, 0x06, 0x30,
  0x00, 0x82, 0x2c, 0x02, 0x06, 0x00, 0xf8, 0x00, 0x00, 0x00, 0x00, 0x00,
  0x00, 0x00, 0x00, 0x00, 0xd0, 0x00, 0x02, 0x5a, 0x00, 0x26, 0xf8, 0x00,
  0x01, 0x00, 0x02, 0x00, 0x00, 0x00, 0x83, 0x05, 0x06, 0x30, 0x00, 0x02,
  0x2d, 0x82, 0x05, 0x00, 0xf8, 0x00, 0x00, 0x00, 0x00, 0x00, 0x00, 0x00,
  0x00, 0x00, 0xd0, 0x00, 0x02, 0x5a, 0x00, 0x26, 0xf8, 0x00, 0x01, 0x00,
  0x02, 0x00, 0x00, 0x00, 0x03, 0x05, 0x06, 0x30, 0x00, 0x82, 0x2d, 0x02,
  0x05, 0x00, 0xf8, 0x00, 0x00, 0x00, 0x00, 0x00, 0x00, 0x00, 0x00, 0x00,
  0xd0, 0x00, 0x02, 0x5a, 0x00, 0x26, 0xf8, 0x00, 0x01, 0x00, 0x02, 0x00,
  0x00, 0x00, 0x83, 0x04, 0x06, 0x30, 0x00, 0x02, 0x2e, 0x82, 0x04, 0x00,
  0xf8, 0x00, 0x00, 0x00, 0x00, 0x00, 0x00, 0x00, 0x00, 0x00, 0xd0, 0x00,
  0x02, 0x5a, 0x00, 0x26, 0xf8, 0x00, 0x01, 0x00, 0x02, 0x00, 0x00, 0x00,
  0x03, 0x04, 0x06, 0x30, 0x00, 0x82, 0x2e, 0x02, 0x04, 0x00, 0xf8, 0x00,
  0x00, 0x00, 0x00, 0x00, 0x00, 0x00, 0x00, 0x00, 0xd0, 0x00, 0x02, 0x5a,
  0x00, 0x26, 0xf8, 0x00, 0x01, 0x00, 0x02, 0x00, 0x00, 0x00, 0x83, 0x03,
  0x06, 0x30, 0x00, 0x02, 0x2f, 0x82, 0x03, 0x00, 0xf8, 0x00, 0x00, 0x00,
  0x00, 0x00, 0x00, 0x00, 0x00, 0x00, 0xd0, 0x00, 0x02, 0x5a, 0x00, 0x26,
  0xf8, 0x00, 0x01, 0x00, 0x02, 0x00, 0x00, 0x00, 0x03, 0x34, 0x06, 0x30,
  0x00, 0x82, 0x2f, 0x02, 0x34, 0x00, 0xf8, 0x00, 0x00, 0x00, 0x00, 0x00,
  0x00, 0x00, 0x00, 0x00, 0xd0, 0x00, 0x42, 0x5b, 0x02, 0x06, 0x42, 0x5b,
  0x02, 0x06, 0x42, 0x5b, 0x02, 0x06, 0x42, 0x5b, 0x02, 0x06, 0x42, 0x5b,
  0x02, 0x06, 0x42, 0x5b, 0x02, 0x06, 0x42, 0x5b, 0x02, 0x06, 0x42, 0x5b,
  0x02, 0x06, 0x42, 0x5b, 0x02, 0x06, 0x42, 0x5b, 0x02, 0x06, 0x42, 0x5b,
  0x02, 0x06, 0x42, 0x5b, 0x02, 0x06, 0x42, 0x5b, 0x02, 0x06, 0x42, 0x5b,
  0x02, 0x06, 0x42, 0x5b, 0x02, 0x06, 0x42, 0x5b, 0x02, 0x06, 0x01, 0x0b,
  0x04, 0x0a, 0xf8, 0x00, 0x04, 0x00, 0x00, 0x00, 0x01, 0x08, 0x01, 0x02,
  0x00, 0x00, 0x01, 0x0b, 0x06, 0x0a, 0xfa, 0x00, 0x04, 0x00, 0x00, 0x00,
  0xc1, 0x01, 0x2c, 0x02, 0x00, 0x00, 0x01, 0x47, 0x5a, 0x16, 0xf8, 0x00,
  0x04, 0x00, 0x00, 0x00, 0x00, 0x00, 0x01, 0x00, 0x00, 0x00, 0x01, 0x0b,
  0x06, 0x0a, 0xfa, 0x00, 0x04, 0x00, 0x00, 0x00, 0x81, 0x02, 0x04, 0x02,
  0x00, 0x00, 0x01, 0x0b, 0x06, 0x0a, 0xfa, 0x00, 0x04, 0x00, 0x00, 0x00,
  0x41, 0x02, 0x05, 0x02, 0x00, 0x00, 0x02, 0x22, 0x08, 0x06, 0xfa, 0x00,
  0x42, 0x00, 0x00, 0x00, 0x01, 0x01, 0x40, 0x00, 0x02, 0x00, 0x00, 0x00,
  0x00, 0x00, 0x00, 0x00, 0x00, 0x00, 0x00, 0x00, 0x00, 0x00, 0xcc, 0x01,
  0x00, 0x00, 0x02, 0x22, 0x08, 0x06, 0xfa, 0x00, 0x42, 0x00, 0x00, 0x00,
  0xc1, 0x01, 0x40, 0x00, 0x02, 0x00, 0x00, 0x00, 0x00, 0x00, 0x00, 0x00,
  0x00, 0x00, 0x00, 0x00, 0x00, 0x00, 0xe4, 0x01, 0x00, 0x00, 0x02, 0x29,
  0x04, 0x06, 0xf8, 0x00, 0x04, 0x00, 0x00, 0x00, 0x01, 0xf8, 0x01, 0x02,
  0x80, 0x00, 0x00, 0x02, 0x00, 0x00, 0x00, 0x00, 0x00, 0x00, 0x00, 0x00,
  0x00, 0x00, 0x10, 0x00, 0x00, 0x00, 0x02, 0x29, 0x04, 0x06, 0xf8, 0x00,
  0x04, 0x00, 0x00, 0x00, 0x01, 0xf8, 0x41, 0x02, 0x80, 0x00, 0x00, 0x02,
  0x00, 0x00, 0x00, 0x00, 0x00, 0x00, 0x00, 0x00, 0x00, 0x00, 0x20, 0x00,
  0x00, 0x00, 0x02, 0x29, 0x04, 0x06, 0xf8, 0x00, 0x04, 0x00, 0x00, 0x00,
  0x01, 0xf8, 0x81, 0x02, 0x80, 0x00, 0x00, 0x02, 0x00, 0x00, 0x00, 0x00,
  0x00, 0x00, 0x00, 0x00, 0x00, 0x00, 0x30, 0x00, 0x00, 0x00, 0x02, 0x29,
  0x04, 0x06, 0xf8, 0x00, 0x04, 0x00, 0x00, 0x00, 0x01, 0xf8, 0xc1, 0x02,
  0x80, 0x00, 0x00, 0x02, 0x00, 0x00, 0x00, 0x00, 0x00, 0x00, 0x00, 0x00,
  0x00, 0x00, 0x40, 0x00, 0x00, 0x00, 0x02, 0x29, 0x04, 0x06, 0xf8, 0x00,
  0x04, 0x00, 0x00, 0x00, 0x01, 0xf8, 0x01, 0x03, 0x80, 0x00, 0x00, 0x02,
  0x00, 0x00, 0x00, 0x00, 0x00, 0x00, 0x00, 0x00, 0x00, 0x00, 0x50, 0x00,
  0x00, 0x00, 0x02, 0x29, 0x04, 0x06, 0xf8, 0x00, 0x04, 0x00, 0x00, 0x00,
  0x01, 0xf8, 0x41, 0x01, 0x80, 0x00, 0x00, 0x02, 0x00, 0x00, 0x00, 0x00,
  0x00, 0x00, 0x00, 0x00, 0x00, 0x00, 0x60, 0x00, 0x00, 0x00, 0x02, 0x29,
  0x04, 0x06, 0xf8, 0x00, 0x04, 0x00, 0x00, 0x00, 0x01, 0xf8, 0x01, 0x02,
  0x80, 0x00, 0x00, 0x02, 0x00, 0x00, 0x00, 0x00, 0x00, 0x00, 0x00, 0x00,
  0x00, 0x00, 0x70, 0x00, 0x00, 0x00, 0x02, 0x29, 0x04, 0x06, 0xf8, 0x00,
  0x04, 0x00, 0x00, 0x00, 0x01, 0xf8, 0x41, 0x02, 0x80, 0x00, 0x00, 0x02,
  0x00, 0x00, 0x00, 0x00, 0x00, 0x00, 0x00, 0x00, 0x00, 0x00, 0x80, 0x00,
  0x00, 0x00, 0x02, 0x29, 0x04, 0x06, 0xf8, 0x00, 0x04, 0x00, 0x00, 0x00,
  0x01, 0xf8, 0x81, 0x02, 0x80, 0x00, 0x00, 0x02, 0x00, 0x00, 0x00, 0x00,
  0x00, 0x00, 0x00, 0x00, 0x00, 0x00, 0x90, 0x00, 0x00, 0x00, 0x02, 0x29,
  0x04, 0x06, 0xf8, 0x00, 0x04, 0x00, 0x00, 0x00, 0x01, 0xf8, 0xc1, 0x02,
  0x80, 0x00, 0x00, 0x02, 0x00, 0x00, 0x00, 0x00, 0x00, 0x00, 0x00, 0x00,
  0x00, 0x00, 0xa0, 0x00, 0x00, 0x00, 0x02, 0x29, 0x04, 0x06, 0xf8, 0x00,
  0x04, 0x00, 0x00, 0x00, 0x01, 0xf8, 0x01, 0x03, 0x80, 0x00, 0x00, 0x02,
  0x00, 0x00, 0x00, 0x00, 0x00, 0x00, 0x00, 0x00, 0x00, 0x00, 0xe0, 0x00,
  0x00, 0x00, 0x02, 0x29, 0x04, 0x06, 0xf8, 0x00, 0x04, 0x00, 0x00, 0x00,
  0x01, 0xf8, 0x41, 0x01, 0x80, 0x00, 0x00, 0x02, 0x00, 0x00, 0x00, 0x00,
  0x00, 0x00, 0x00, 0x00, 0x00, 0x00, 0xb0, 0x00, 0x00, 0x00, 0x02, 0x29,
  0x04, 0x06, 0xf8, 0x00, 0x04, 0x00, 0x00, 0x00, 0x01, 0xf8, 0x01, 0x02,
  0x80, 0x00, 0x00, 0x02, 0x00, 0x00, 0x00, 0x00, 0x00, 0x00, 0x00, 0x00,
  0x00, 0x00, 0xc0, 0x00, 0x00, 0x00, 0x02, 0x29, 0x04, 0x06, 0xf8, 0x00,
  0x04, 0x00, 0x00, 0x00, 0x01, 0xf8, 0x41, 0x02, 0x80, 0x00, 0x00, 0x02,
  0x00, 0x00, 0x00, 0x00, 0x00, 0x00, 0x00, 0x00, 0x00, 0x00, 0xd0, 0x00,
  0x00, 0x00, 0x02, 0x29, 0x04, 0x06, 0xf8, 0x00, 0x04, 0x00, 0x00, 0x00,
  0x01, 0xf8, 0x81, 0x00, 0x80, 0x00, 0x00, 0x02, 0x00, 0x00, 0x00, 0x00,
  0x00, 0x00, 0x00, 0x00, 0x00, 0x00, 0xf0, 0x00, 0x00, 0x00, 0x41, 0x0c,
  0x54, 0x04, 0x01, 0x47, 0x5a, 0x16, 0xf8, 0x00, 0x04, 0x00, 0x00, 0x00,
  0x00, 0x00, 0x01, 0x00, 0x00, 0x00, 0x02, 0x22, 0x0e, 0x06, 0x01, 0x00,
  0x52, 0x00, 0x00, 0x00, 0x83, 0x03, 0x40, 0x00, 0x02, 0x00, 0x00, 0x00,
  0x00, 0x00, 0x00, 0x00, 0x00, 0x00, 0x00, 0x00, 0x00, 0x00, 0x90, 0x00,
  0x00, 0x00, 0x02, 0x22, 0x0e, 0x06, 0x01, 0x00, 0x52, 0x00, 0x00, 0x00,
  0x03, 0x01, 0x40, 0x00, 0x02, 0x00, 0x00, 0x00, 0x00, 0x00, 0x00, 0x00,
  0x00, 0x00, 0x00, 0x00, 0x00, 0x00, 0x60, 0x00, 0x00, 0x00, 0x41, 0x0c,
  0x50, 0x04, 0x02, 0x38, 0x0e, 0x32, 0x01, 0x00, 0x60, 0x11, 0x00, 0x00,
  0x00, 0x00, 0x82, 0x00, 0x0a, 0x00, 0x00, 0x82, 0x03, 0x06, 0x02, 0x00,
  0x00, 0x00, 0x00, 0x00, 0x00, 0x00, 0x00, 0x00, 0x00, 0x00, 0x02, 0x22,
  0x0e, 0x06, 0x01, 0x00, 0x52, 0x00, 0x00, 0x00, 0x83, 0x03, 0x40, 0x00,
  0x02, 0x00, 0x00, 0x00, 0x00, 0x00, 0x00, 0x00, 0x00, 0x00, 0x00, 0x00,
  0x00, 0x00, 0x90, 0x00, 0x00, 0x00, 0x02, 0x22, 0x0e, 0x06, 0x01, 0x00,
  0x52, 0x00, 0x00, 0x00, 0x03, 0x01, 0x40, 0x00, 0x02, 0x00, 0x00, 0x00,
  0x00, 0x00, 0x00, 0x00, 0x00, 0x00, 0x00, 0x00, 0x00, 0x00, 0x60, 0x00,
  0x00, 0x00, 0x41, 0x0c, 0x50, 0x04, 0x02, 0x38, 0x0e, 0x32, 0x01, 0x00,
  0x60, 0x11, 0x00, 0x00, 0x00, 0x00, 0x82, 0x00, 0x0a, 0x00, 0x00, 0x82,
  0x03, 0x06, 0x02, 0x00, 0x00, 0x00, 0x00, 0x00, 0x00, 0x00, 0x00, 0x00,
  0x00, 0x00, 0x02, 0x22, 0x0e, 0x06, 0x01, 0x00, 0x52, 0x00, 0x00, 0x00,
  0x83, 0x03, 0x40, 0x00, 0x02, 0x00, 0x00, 0x00, 0x00, 0x00, 0x00, 0x00,
  0x00, 0x00, 0x00, 0x00, 0x00, 0x00, 0x90, 0x00, 0x00, 0x00, 0x02, 0x22,
  0x0e, 0x06, 0x01, 0x00, 0x52, 0x00, 0x00, 0x00, 0x03, 0x01, 0x40, 0x00,
  0x02, 0x00, 0x00, 0x00, 0x00, 0x00, 0x00, 0x00, 0x00, 0x00, 0x00, 0x00,
  0x00, 0x00, 0x60, 0x00, 0x00, 0x00, 0x41, 0x0c, 0x50, 0x04, 0x02, 0x38,
  0x0e, 0x32, 0x01, 0x00, 0x60, 0x11, 0x00, 0x00, 0x00, 0x00, 0x82, 0x00,
  0x0a, 0x00, 0x00, 0x82, 0x03, 0x06, 0x02, 0x00, 0x00, 0x00, 0x00, 0x00,
  0x00, 0x00, 0x00, 0x00, 0x00, 0x00, 0x02, 0x22, 0x0e, 0x06, 0x01, 0x00,
  0x52, 0x00, 0x00, 0x00, 0x83, 0x03, 0x40, 0x00, 0x02, 0x00, 0x00, 0x00,
  0x00, 0x00, 0x00, 0x00, 0x00, 0x00, 0x00, 0x00, 0x00, 0x00, 0x90, 0x00,
  0x00, 0x00, 0x02, 0x22, 0x0e, 0x06, 0x01, 0x00, 0x52, 0x00, 0x00, 0x00,
  0x03, 0x01, 0x40, 0x00, 0x02, 0x00, 0x00, 0x00, 0x00, 0x00, 0x00, 0x00,
  0x00, 0x00, 0x00, 0x00, 0x00, 0x00, 0x60, 0x00, 0x00, 0x00, 0x41, 0x0c,
  0x50, 0x04, 0x02, 0x38, 0x0e, 0x32, 0x01, 0x00, 0x60, 0x11, 0x00, 0x00,
  0x00, 0x00, 0x82, 0x00, 0x0a, 0x00, 0x00, 0x82, 0x03, 0x06, 0x02, 0x00,
  0x00, 0x00, 0x00, 0x00, 0x00, 0x00, 0x00, 0x00, 0x00, 0x00, 0x02, 0x22,
  0x0e, 0x06, 0x01, 0x00, 0x52, 0x00, 0x00, 0x00, 0x83, 0x03, 0x40, 0x00,
  0x02, 0x00, 0x00, 0x00, 0x00, 0x00, 0x00, 0x00, 0x00, 0x00, 0x00, 0x00,
  0x00, 0x00, 0x90, 0x00, 0x00, 0x00, 0x02, 0x22, 0x0e, 0x06, 0x01, 0x00,
  0x52, 0x00, 0x00, 0x00, 0x03, 0x01, 0x40, 0x00, 0x02, 0x00, 0x00, 0x00,
  0x00, 0x00, 0x00, 0x00, 0x00, 0x00, 0x00, 0x00, 0x00, 0x00, 0x60, 0x00,
  0x00, 0x00, 0x41, 0x0c, 0x50, 0x04, 0x02, 0x38, 0x0e, 0x32, 0x01, 0x00,
  0x60, 0x11, 0x00, 0x00, 0x00, 0x00, 0x82, 0x00, 0x0a, 0x00, 0x00, 0x82,
  0x03, 0x06, 0x02, 0x00, 0x00, 0x00, 0x00, 0x00, 0x00, 0x00, 0x00, 0x00,
  0x00, 0x00, 0x02, 0x22, 0x0e, 0x06, 0x01, 0x00, 0x52, 0x00, 0x00, 0x00,
  0x83, 0x03, 0x40, 0x00, 0x02, 0x00, 0x00, 0x00, 0x00, 0x00, 0x00, 0x00,
  0x00, 0x00, 0x00, 0x00, 0x00, 0x00, 0x90, 0x00, 0x00, 0x00, 0x02, 0x22,
  0x0e, 0x06, 0x01, 0x00, 0x52, 0x00, 0x00, 0x00, 0x03, 0x01, 0x40, 0x00,
  0x02, 0x00, 0x00, 0x00, 0x00, 0x00, 0x00, 0x00, 0x00, 0x00, 0x00, 0x00,
  0x00, 0x00, 0x60, 0x00, 0x00, 0x00, 0x41, 0x0c, 0x50, 0x04, 0x02, 0x38,
  0x0e, 0x32, 0x01, 0x00, 0x60, 0x11, 0x00, 0x00, 0x00, 0x00, 0x82, 0x00,
  0x0a, 0x00, 0x00, 0x82, 0x03, 0x06, 0x02, 0x00, 0x00, 0x00, 0x00, 0x00,
  0x00, 0x00, 0x00, 0x00, 0x00, 0x00, 0x02, 0x22, 0x0e, 0x06, 0x01, 0x00,
  0x52, 0x00, 0x00, 0x00, 0x03, 0x07, 0x40, 0x00, 0x02, 0x00, 0x00, 0x00,
  0x00, 0x00, 0x00, 0x00, 0x00, 0x00, 0x00, 0x00, 0x00, 0x00, 0x90, 0x00,
  0x00, 0x00, 0x02, 0x22, 0x0e, 0x06, 0x01, 0x00, 0x52, 0x00, 0x00, 0x00,
  0x03, 0x02, 0x40, 0x00, 0x02, 0x00, 0x00, 0x00, 0x00, 0x00, 0x00, 0x00,
  0x00, 0x00, 0x00, 0x00, 0x00, 0x00, 0x60, 0x00, 0x00, 0x00, 0x02, 0x22,
  0x0e, 0x06, 0x09, 0x00, 0x52, 0x00, 0x00, 0x00, 0x83, 0x07, 0x40, 0x00,
  0x02, 0x00, 0x00, 0x00, 0x00, 0x00, 0x00, 0x00, 0x00, 0x00, 0x00, 0x00,
  0x00, 0x00, 0x90, 0x00, 0x00, 0x00, 0x02, 0x22, 0x0e, 0x06, 0x09, 0x00,
  0x52, 0x00, 0x00, 0x00, 0x83, 0x02, 0x40, 0x00, 0x02, 0x00, 0x00, 0x00,
  0x00, 0x00, 0x00, 0x00, 0x00, 0x00, 0x00, 0x00, 0x00, 0x00, 0x60, 0x00,
  0x00, 0x00, 0x41, 0x0c, 0x50, 0x04, 0x02, 0x38, 0x0e, 0x32, 0x01, 0x00,
  0x60, 0x11, 0x00, 0x00, 0x00, 0x00, 0x82, 0x00, 0x0a, 0x00, 0x00, 0x82,
  0x03, 0x06, 0x04, 0x00, 0x00, 0x00, 0x00, 0x00, 0x00, 0x00, 0x00, 0x00,
  0x00, 0x00, 0x41, 0x0c, 0x50, 0x04, 0x02, 0x38, 0x0e, 0x32, 0x09, 0x00,
  0x60, 0x11, 0x00, 0x00, 0x00, 0x00, 0x02, 0x01, 0x0a, 0x00, 0x00, 0x82,
  0x03, 0x06, 0x05, 0x00, 0x00, 0x00, 0x00, 0x00, 0x00, 0x00, 0x00, 0x00,
  0x00, 0x00, 0x02, 0x22, 0x08, 0x06, 0xfa, 0x00, 0x52, 0x00, 0x00, 0x00,
  0x03, 0x02, 0x40, 0x00, 0x02, 0x00, 0x00, 0x00, 0x00, 0x00, 0x00, 0x00,
  0x00, 0x00, 0x00, 0x00, 0x00, 0x00, 0x68, 0x00, 0x00, 0x00, 0x41, 0x10,
  0x76, 0x0a, 0x02, 0x22, 0x0e, 0x06, 0xf8, 0x00, 0x52, 0x00, 0x00, 0x00,
  0x03, 0x02, 0x40, 0x00, 0x02, 0x00, 0x00, 0x00, 0x00, 0x00, 0x00, 0x00,
  0x00, 0x00, 0x00, 0x00, 0x00, 0x00, 0x98, 0x00, 0x00, 0x00, 0x41, 0x0c,
  0x50, 0x04, 0x41, 0x0c, 0x54, 0x04, 0x02, 0x38, 0x0e, 0x32, 0x01, 0x00,
  0x40, 0x11, 0x00, 0x00, 0x00, 0x00, 0x82, 0x00, 0x0a, 0x00, 0x00, 0x82,
  0x03, 0xc0, 0x06, 0x00, 0x00, 0x00, 0x00, 0x00, 0x00, 0x00, 0x00, 0x00,
  0x00, 0x00, 0x02, 0x38, 0x0e, 0x32, 0x01, 0x00, 0x40, 0x11, 0x00, 0x00,
  0x00, 0x00, 0x82, 0x00, 0x0a, 0x00, 0x00, 0x82, 0x03, 0x40, 0x08, 0x00,
  0x00, 0x00, 0x00, 0x00, 0x00, 0x00, 0x04, 0x00, 0x00, 0x00, 0x41, 0x0c,
  0x50, 0x04, 0x41, 0x0c, 0x54, 0x04, 0x02, 0x38, 0x0e, 0x32, 0xf8, 0x00,
  0x40, 0x11, 0x00, 0x00, 0x00, 0x00, 0x82, 0x00, 0x0a, 0x00, 0x00, 0x82,
  0x03, 0x40, 0x06, 0x00, 0x00, 0x00, 0x00, 0x00, 0x00, 0x00, 0x00, 0x00,
  0x00, 0x00, 0x02, 0x38, 0x0e, 0x32, 0xf8, 0x00, 0x40, 0x11, 0x00, 0x00,
  0x00, 0x00, 0x82, 0x00, 0x0a, 0x00, 0x00, 0x82, 0x03, 0x00, 0x00, 0x00,
  0x00, 0x00, 0x00, 0x00, 0x00, 0x00, 0x04, 0x00, 0x00, 0x00, 0x50, 0x05,
  0x00, 0x00, 0x00, 0x00, 0x16, 0x00, 0x00, 0x00, 0x01, 0x00, 0x00, 0xc0,
  0x4a, 0x04, 0x00, 0x00, 0x40, 0x26, 0x57, 0x5f, 0x52, 0xf6, 0xfd, 0xff,
  0xff, 0xff, 0xfb, 0xdf, 0xfe, 0x7f, 0x77, 0xc4, 0x48, 0xe6, 0x76, 0xad,
  0xdd, 0xff, 0x03, 0x90, 0x90, 0xd8, 0xcf, 0x5f, 0x28, 0x02, 0x00, 0x00,
  0x00, 0x04, 0x00, 0x00, 0x00, 0x74, 0xff, 0x7f, 0x1e, 0xff, 0xff, 0x7d,
  0xc7, 0xff, 0xbb, 0x64, 0x00, 0x00, 0x00, 0x00, 0x00, 0x00, 0x00, 0xec,
  0xfe, 0xff, 0xff, 0xff, 0xff, 0xff, 0xff, 0xff, 0xff, 0xff, 0xff, 0xff,
  0xff, 0xff, 0xff, 0xff, 0xff, 0xff, 0xff, 0xff, 0xff, 0xff, 0xff, 0xff,
  0xff, 0xff, 0xff, 0xff, 0xff, 0xff, 0xff, 0xff, 0xff, 0xff, 0xff, 0xff,
  0xff, 0xff, 0x01, 0x00, 0x10, 0x00, 0x00, 0x00, 0x3c, 0x00, 0x00, 0x00,
  0x40, 0x00, 0x80, 0x37, 0x6f, 0xdb, 0xff, 0xff, 0xaf, 0xba, 0xbf, 0xff,
  0x7e, 0xbf, 0xdf, 0xdb, 0xd6, 0xff, 0xff, 0xe7, 0x5c, 0x73, 0xcd, 0x35,
  0xd7, 0x5c, 0x73, 0xdd, 0x58, 0x49, 0xff, 0x0f, 0x0f, 0x01, 0x00, 0x00,
  0x01, 0x0b, 0x04, 0x0a, 0xf8, 0x00, 0x04, 0x00, 0x00, 0x00, 0x41, 0x00,
  0x00, 0x04, 0x00, 0x00, 0x01, 0x0b, 0x06, 0x0a, 0xfa, 0x00, 0x04, 0x00,
  0x00, 0x00, 0x81, 0x02, 0x06, 0x02, 0x00, 0x00, 0x02, 0x22, 0x08, 0x06,
  0xfa, 0x00, 0x52, 0x00, 0x00, 0x00, 0x03, 0x01, 0x40, 0x00, 0x02, 0x00,
  0x00, 0x00, 0x00, 0x00, 0x00, 0x00, 0x00, 0x00, 0x00, 0x00, 0x00, 0x00,
  0x18, 0x02, 0x00, 0x00, 0x02, 0x22, 0x08, 0x06, 0xfa, 0x00, 0x52, 0x00,
  0x00, 0x00, 0x83, 0x01, 0x40, 0x00, 0x02, 0x00, 0x00, 0x00, 0x00, 0x00,
  0x00, 0x00, 0x00, 0x00, 0x00, 0x00, 0x00, 0x00, 0x20, 0x02, 0x00, 0x00,
  0x01, 0x0b, 0x0e, 0x0a, 0xfa, 0x00, 0x05, 0x00, 0x00, 0x00, 0x83, 0x03,
  0x39, 0x04, 0x00, 0x00, 0x41, 0x10, 0x7a, 0x0a, 0x41, 0x0b, 0x24, 0x0a,
  0x02, 0x22, 0x08, 0x06, 0x0a, 0x00, 0x52, 0x00, 0x00, 0x00, 0x03, 0x01,
  0x40, 0x00, 0x02, 0x00, 0x00, 0x00, 0x00, 0x00, 0x00, 0x00, 0x00, 0x00,
  0x00, 0x00, 0x00, 0x00, 0x20, 0x02, 0x00, 0x00, 0x02, 0x10, 0x02, 0x14,
  0xf8, 0x00, 0x00, 0x00, 0x00, 0x00, 0x01, 0x00, 0x01, 0xf8, 0x00, 0xf8,
  0x00, 0x00, 0xf8, 0x00, 0x08, 0x00, 0x00, 0x00, 0x00, 0x00, 0x00, 0x00,
  0x00, 0x00, 0x00, 0x00, 0x42, 0x25, 0x42, 0x14, 0x41, 0x0b, 0x24, 0x0a,
  0x02, 0x22, 0x08, 0x06, 0xfa, 0x00, 0x02, 0x00, 0x00, 0x00, 0x01, 0x01,
  0x40, 0x00, 0x02, 0x00, 0x00, 0x00, 0x00, 0x00, 0x00, 0x00, 0x00, 0x00,
  0x00, 0x00, 0x00, 0x00, 0x59, 0x02, 0x00, 0x00, 0x02, 0x10, 0x02, 0x14,
  0xf8, 0x00, 0x00, 0x00, 0x00, 0x00, 0x01, 0x08, 0x01, 0xf8, 0x00, 0xf8,
  0x00, 0x00, 0xf8, 0x00, 0x00, 0x00, 0x00, 0x00, 0x00, 0x00, 0x00, 0x00,
  0x00, 0x00, 0x00, 0x00, 0x41, 0x0b, 0x24, 0x0a, 0x01, 0x0b, 0x06, 0x0a,
  0xfa, 0x00, 0x04, 0x00, 0x00, 0x00, 0x01, 0x02, 0x04, 0x02, 0x00, 0x00,
  0x02, 0x10, 0x02, 0x14, 0xf8, 0x00, 0x00, 0x00, 0x00, 0x00, 0x01, 0x10,
  0x01, 0xf8, 0x00, 0xf8, 0x00, 0x00, 0xf8, 0x00, 0x10, 0x00, 0x00, 0x00,
  0x00, 0x00, 0x00, 0x00, 0x00, 0x00, 0x00, 0x00, 0x01, 0x0b, 0x04, 0x0a,
  0xf8, 0x00, 0x04, 0x00, 0x00, 0x00, 0x01, 0x30, 0x01, 0x02, 0x00, 0x00,
  0x02, 0x22, 0x0e, 0x06, 0xf8, 0x00, 0x42, 0x00, 0x00, 0x00, 0x81, 0x05,
  0x40, 0x00, 0x02, 0x00, 0x00, 0x00, 0x00, 0x00, 0x00, 0x00, 0x00, 0x00,
  0x00, 0x00, 0x00, 0x00, 0xd4, 0x01, 0x00, 0x00, 0x02, 0x22, 0x08, 0x06,
  0x02, 0x00, 0x52, 0x00, 0x00, 0x00, 0x03, 0x03, 0x40, 0x00, 0x02, 0x00,
  0x00, 0x00, 0x00, 0x00, 0x00, 0x00, 0x00, 0x00, 0x00, 0x00, 0x00, 0x00,
  0xd8, 0x01, 0x00, 0x00, 0x01, 0x0b, 0x04, 0x0a, 0xf8, 0x00, 0x04, 0x00,
  0x00, 0x00, 0x41, 0x05, 0x05, 0x02, 0x00, 0x00, 0x42, 0x17, 0x2c, 0x06,
  0x02, 0x22, 0x0e, 0x06, 0xf8, 0x00, 0x52, 0x00, 0x00, 0x00, 0x03, 0x03,
  0x40, 0x00, 0x02, 0x00, 0x00, 0x00, 0x00, 0x00, 0x00, 0x00, 0x00, 0x00,
  0x00, 0x00, 0x00, 0x00, 0x70, 0x00, 0x00, 0x00, 0x01, 0x0b, 0x06, 0x0a,
  0xfa, 0x00, 0x04, 0x00, 0x00, 0x00, 0x41, 0x02, 0x2c, 0x02, 0x00, 0x00,
  0x02, 0x22, 0x0e, 0x06, 0xf8, 0x00, 0x52, 0x00, 0x00, 0x00, 0x03, 0x06,
  0x40, 0x00, 0x02, 0x00, 0x00, 0x00, 0x00, 0x00, 0x00, 0x00, 0x00, 0x00,
  0x00, 0x00, 0x00, 0x00, 0x78, 0x00, 0x00, 0x00, 0x02, 0x22, 0x0e, 0x06,
  0xf8, 0x00, 0x52, 0x00, 0x00, 0x00, 0x83, 0x06, 0x40, 0x00, 0x02, 0x00,
  0x00, 0x00, 0x00, 0x00, 0x00, 0x00, 0x00, 0x00, 0x00, 0x00, 0x00, 0x00,
  0x80, 0x00, 0x00, 0x00, 0x02, 0x22, 0x08, 0x06, 0xfa, 0x00, 0x52, 0x00,
  0x00, 0x00, 0x03, 0x03, 0x40, 0x00, 0x02, 0x00, 0x00, 0x00, 0x00, 0x00,
  0x00, 0x00, 0x00, 0x00, 0x00, 0x00, 0x00, 0x00, 0x08, 0x00, 0x00, 0x00,
  0x02, 0x22, 0x08, 0x06, 0xfa, 0x00, 0x62, 0x00, 0x00, 0x00, 0x07, 0x04,
  0x40, 0x00, 0x02, 0x00, 0x00, 0x00, 0x00, 0x00, 0x00, 0x00, 0x00, 0x00,
  0x00, 0x00, 0x00, 0x00, 0x10, 0x00, 0x00, 0x00, 0x42, 0x17, 0x2c, 0x06,
  0x41, 0x0c, 0x54, 0x04, 0x41, 0x0c, 0x50, 0x04, 0x41, 0x0c, 0x54, 0x04,
  0x51, 0x02, 0x02, 0x23, 0x30, 0x34, 0xf8, 0x00, 0x20, 0x10, 0x10, 0x01,
  0x02, 0x00, 0xc0, 0x04, 0x0a, 0x01, 0x00, 0x02, 0x01, 0x09, 0x00, 0x82,
  0x03, 0x00, 0x10, 0x00, 0x00, 0x00, 0x00, 0x00, 0x00, 0x00, 0x41, 0x0c,
  0x50, 0x04, 0x02, 0x23, 0x30, 0x34, 0xf8, 0x00, 0x20, 0x10, 0x10, 0x01,
  0x02, 0x00, 0xc0, 0x04, 0x0a, 0x01, 0x00, 0x02, 0x02, 0x09, 0x00, 0x82,
  0x03, 0x00, 0x00, 0x00, 0x00, 0x00, 0x00, 0x08, 0x00, 0x00, 0x41, 0x0c,
  0x54, 0x04, 0x41, 0x0c, 0x50, 0x04, 0x02, 0x23, 0x30, 0x34, 0xf8, 0x00,
  0x20, 0x10, 0x10, 0x01, 0x02, 0x00, 0xc0, 0x04, 0x0a, 0x01, 0x00, 0x82,
  0x02, 0x09, 0x00, 0x82, 0x03, 0x00, 0x28, 0x00, 0x00, 0x00, 0x00, 0x10,
  0x00, 0x00, 0x41, 0x0c, 0x54, 0x04, 0x41, 0x0c, 0x50, 0x04, 0x41, 0x0c,
  0x54, 0x04, 0x41, 0x0c, 0x50, 0x04, 0x02, 0x23, 0x30, 0x34, 0xf8, 0x00,
  0x20, 0x10, 0x10, 0x01, 0x02, 0x00, 0xc0, 0x04, 0x0a, 0x01, 0x00, 0x02,
  0x01, 0x09, 0x00, 0x82, 0x03, 0x00, 0x30, 0x00, 0x00, 0x00, 0x00, 0x18,
  0x00, 0x00, 0x41, 0x0c, 0x54, 0x04, 0x01, 0x29, 0x00, 0x04, 0xf8, 0x00,
  0x04, 0x00, 0x01, 0xf8, 0x81, 0x02, 0x40, 0x05, 0x80, 0x05, 0x02, 0x23,
  0x30, 0x34, 0xf8, 0x00, 0x20, 0x10, 0x10, 0x01, 0x02, 0x00, 0xc0, 0x04,
  0x0a, 0x01, 0x00, 0x02, 0x03, 0x09, 0x00, 0x82, 0x03, 0x00, 0x20, 0x00,
  0x00, 0x00, 0x00, 0x20, 0x00, 0x00, 0x02, 0x23, 0x30, 0x34, 0xf8, 0x00,
  0x20, 0x10, 0x10, 0x01, 0x02, 0x00, 0xc0, 0x04, 0x0a, 0x01, 0x00, 0x02,
  0x02, 0x09, 0x00, 0x82, 0x03, 0x00, 0x18, 0x00, 0x00, 0x00, 0x00, 0x28,
  0x00, 0x00, 0x41, 0x0c, 0x50, 0x04, 0x41, 0x0c, 0x54, 0x04, 0x41, 0x0c,
  0x50, 0x04, 0x01, 0x2b, 0x00, 0x0a, 0x01, 0x00, 0x04, 0x00, 0x00, 0x00,
  0x01, 0xf8, 0x01, 0x00, 0x80, 0x05, 0x41, 0x0c, 0x54, 0x04, 0x02, 0x23,
  0x30, 0x34, 0xf8, 0x00, 0x20, 0x10, 0x10, 0x01, 0x00, 0x00, 0xc0, 0x04,
  0x0a, 0x01, 0x00, 0x02, 0x01, 0x09, 0x00, 0x82, 0x03, 0x00, 0x08, 0x00,
  0x00, 0x00, 0x00, 0x30, 0x00, 0x00, 0x02, 0x23, 0x30, 0x34, 0xf8, 0x00,
  0x20, 0x10, 0x10, 0x01, 0x00, 0x00, 0xc0, 0x04, 0x0a, 0x01, 0x00, 0x82,
  0x00, 0x09, 0x00, 0x82, 0x03, 0x00, 0x10, 0x00, 0x00, 0x00, 0x00, 0x38,
  0x00, 0x00, 0x41, 0x0c, 0x50, 0x04, 0x02, 0x22, 0x0e, 0x06, 0xf8, 0x00,
  0x52, 0x00, 0x00, 0x00, 0x83, 0x04, 0x40, 0x00, 0x02, 0x00, 0x00, 0x00,
  0x00, 0x00, 0x00, 0x00, 0x00, 0x00, 0x00, 0x00, 0x00, 0x00, 0x58, 0x00,
  0x00, 0x00, 0x41, 0x0c, 0x50, 0x04, 0x41, 0x0c, 0x50, 0x04, 0x41, 0x0c,
  0x54, 0x04, 0x41, 0x0c, 0x54, 0x04, 0x41, 0x0c, 0x54, 0x04, 0x41, 0x0c,
  0x54, 0x04, 0x41, 0x0c, 0x54, 0x04, 0x02, 0x23, 0x30, 0x34, 0xf8, 0x00,
  0x20, 0x10, 0x10, 0x01, 0x02, 0x00, 0x40, 0x37, 0x0a, 0x01, 0x00, 0x02,
  0x03, 0x09, 0x00, 0x82, 0x03, 0x00, 0x28, 0x00, 0x00, 0x00, 0x00, 0x00,
  0x00, 0x00, 0x41, 0x0c, 0x54, 0x04, 0x02, 0x23, 0x30, 0x34, 0xf8, 0x00,
  0x20, 0x10, 0x10, 0x01, 0x02, 0x00, 0x40, 0x37, 0x0a, 0x01, 0x00, 0x82,
  0x01, 0x09, 0x00, 0x82, 0x03, 0x00, 0x20, 0x00, 0x00, 0x00, 0x00, 0x08,
  0x00, 0x00, 0x41, 0x0c, 0x50, 0x04, 0x41, 0x0c, 0x54, 0x04, 0x41, 0x0c,
  0x54, 0x04, 0x02, 0x23, 0x30, 0x34, 0xf8, 0x00, 0x20, 0x10, 0x10, 0x01,
  0x02, 0x00, 0x40, 0x37, 0x0a, 0x01, 0x00, 0x82, 0x00, 0x09, 0x00, 0x82,
  0x03, 0x00, 0x30, 0x00, 0x00, 0x00, 0x00, 0x10, 0x00, 0x00, 0x41, 0x10,
  0x72, 0x0a, 0x02, 0x23, 0x30, 0x34, 0xf8, 0x00, 0x20, 0x10, 0x10, 0x01,
  0x02, 0x00, 0x40, 0x37, 0x0a, 0x01, 0x00, 0x02, 0x01, 0x09, 0x00, 0x82,
  0x03, 0x00, 0x08, 0x00, 0x00, 0x00, 0x00, 0x18, 0x00, 0x00, 0x02, 0x23,
  0x30, 0x34, 0xf8, 0x00, 0x20, 0x10, 0x10, 0x01, 0x02, 0x00, 0x00, 0x37,
  0x0a, 0x01, 0x00, 0x82, 0x34, 0x09, 0x00, 0x82, 0x03, 0x00, 0x28, 0x00,
  0x00, 0x00, 0x00, 0x00, 0x00, 0x00, 0x02, 0x23, 0x30, 0x34, 0xf8, 0x00,
  0x20, 0x10, 0x10, 0x01, 0x02, 0x00, 0x00, 0x37, 0x0a, 0x01, 0x00, 0x82,
  0x03, 0x09, 0x00, 0x82, 0x03, 0x00, 0x20, 0x00, 0x00, 0x00, 0x00, 0x08,
  0x00, 0x00, 0x02, 0x23, 0x30, 0x34, 0xf8, 0x00, 0x20, 0x10, 0x10, 0x01,
  0x02, 0x00, 0x00, 0x37, 0x0a, 0x01, 0x00, 0x02, 0x04, 0x09, 0x00, 0x82,
  0x03, 0x00, 0x30, 0x00, 0x00, 0x00, 0x00, 0x10, 0x00, 0x00, 0x02, 0x23,
  0x30, 0x34, 0xf8, 0x00, 0x20, 0x10, 0x10, 0x01, 0x02, 0x00, 0x00, 0x37,
  0x0a, 0x01, 0x00, 0x82, 0x02, 0x09, 0x00, 0x82, 0x03, 0x00, 0x08, 0x00,
  0x00, 0x00, 0x00, 0x18, 0x00, 0x00, 0x01, 0x23, 0x40, 0x0a, 0xf8, 0x00,
  0x08, 0x00, 0x00, 0x00, 0x00, 0x00, 0x00, 0x00, 0x00, 0x00, 0x01, 0x47,
  0x5a, 0x16, 0xf8, 0x00, 0x04, 0x00, 0x00, 0x00, 0x00, 0x00, 0x01, 0x00,
  0x00, 0x00, 0x02, 0x29, 0x04, 0x06, 0xf8, 0x00, 0x04, 0x00, 0x00, 0x00,
  0x01, 0xf8, 0x41, 0x01, 0x80, 0x38, 0x00, 0x02, 0x00, 0x00, 0x00, 0x00,
  0x00, 0x00, 0x00, 0x00, 0x00, 0x00, 0x60, 0x00, 0x00, 0x00, 0x02, 0x29,
  0x04, 0x06, 0xf8, 0x00, 0x04, 0x00, 0x00, 0x00, 0x01, 0xf8, 0xc1, 0x00,
  0x80, 0x38, 0x00, 0x02, 0x00, 0x00, 0x00, 0x00, 0x00, 0x00, 0x00, 0x00,
  0x00, 0x00, 0xa0, 0x00, 0x00, 0x00, 0x02, 0x29, 0x04, 0x06, 0xf8, 0x00,
  0x04, 0x00, 0x00, 0x00, 0x01, 0xf8, 0x81, 0x00, 0x80, 0x38, 0x00, 0x02,
  0x00, 0x00, 0x00, 0x00, 0x00, 0x00, 0x00, 0x00, 0x00, 0x00, 0xc0, 0x00,
  0x00, 0x00, 0x02, 0x29, 0x04, 0x06, 0xf8, 0x00, 0x04, 0x00, 0x00, 0x00,
  0x01, 0xf8, 0x01, 0x00, 0x80, 0x38, 0x00, 0x02, 0x00, 0x00, 0x00, 0x00,
  0x00, 0x00, 0x00, 0x00, 0x00, 0x00, 0xe0, 0x00, 0x00, 0x00, 0x02, 0x29,
  0x04, 0x06, 0xf8, 0x00, 0x04, 0x00, 0x00, 0x00, 0x01, 0xf8, 0xc1, 0x36,
  0xc0, 0x38, 0x00, 0x02, 0x00, 0x00, 0x00, 0x00, 0x00, 0x00, 0x00, 0x00,
  0x00, 0x00, 0x20, 0x00, 0x00, 0x00, 0x02, 0x29, 0x04, 0x06, 0xf8, 0x00,
  0x04, 0x00, 0x00, 0x00, 0x01, 0xf8, 0x81, 0x36, 0xc0, 0x38, 0x00, 0x02,
  0x00, 0x00, 0x00, 0x00, 0x00, 0x00, 0x00, 0x00, 0x00, 0x00, 0x40, 0x00,
  0x00, 0x00, 0x02, 0x29, 0x04, 0x06, 0xf8, 0x00, 0x04, 0x00, 0x00, 0x00,
  0x01, 0xf8, 0x41, 0x36, 0xc0, 0x38, 0x00, 0x02, 0x00, 0x00, 0x00, 0x00,
  0x00, 0x00, 0x00, 0x00, 0x00, 0x00, 0x60, 0x00, 0x00, 0x00, 0x42, 0x5b,
  0x02, 0x06, 0x02, 0x29, 0x04, 0x06, 0xf8, 0x00, 0x04, 0x00, 0x00, 0x00,
  0x01, 0xf8, 0x41, 0x02, 0xc0, 0x38, 0x00, 0x02, 0x00, 0x00, 0x00, 0x00,
  0x00, 0x00, 0x00, 0x00, 0x00, 0x00, 0xa0, 0x00, 0x00, 0x00, 0x02, 0x29,
  0x04, 0x06, 0xf8, 0x00, 0x04, 0x00, 0x00, 0x00, 0x01, 0xf8, 0x81, 0x02,
  0xc0, 0x38, 0x00, 0x02, 0x00, 0x00, 0x00, 0x00, 0x00, 0x00, 0x00, 0x00,
  0x00, 0x00, 0xc0, 0x00, 0x00, 0x00, 0x42, 0x5b, 0x02, 0x06, 0x02, 0x29,
  0x04, 0x06, 0xf8, 0x00, 0x04, 0x00, 0x00, 0x00, 0x01, 0xf8, 0xc1, 0x02,
  0xc0, 0x38, 0x00, 0x02, 0x00, 0x00, 0x00, 0x00, 0x00, 0x00, 0x00, 0x00,
  0x00, 0x00, 0xe0, 0x00, 0x00, 0x00, 0x01, 0x0b, 0x0c, 0x0a, 0xf8, 0x00,
  0x05, 0x00, 0x00, 0x00, 0x83, 0x33, 0xff, 0x0f, 0x00, 0x00, 0x02, 0x29,
  0x04, 0x06, 0xf8, 0x00, 0x04, 0x00, 0x00, 0x00, 0x01, 0xf8, 0xc1, 0x01,
  0x80, 0x38, 0x00, 0x02, 0x00, 0x00, 0x00, 0x00, 0x00, 0x00, 0x00, 0x00,
  0x00, 0x00, 0x20, 0x00, 0x00, 0x00, 0x42, 0x5b, 0x02, 0x06, 0x02, 0x29,
  0x04, 0x06, 0xf8, 0x00, 0x04, 0x00, 0x00, 0x00, 0x01, 0xf8, 0x81, 0x01,
  0x80, 0x38, 0x00, 0x02, 0x00, 0x00, 0x00, 0x00, 0x00, 0x00, 0x00, 0x00,
  0x00, 0x00, 0x40, 0x00, 0x00, 0x00, 0x01, 0x0b, 0x0c, 0x0a, 0xf8, 0x00,
  0x05, 0x00, 0x00, 0x00, 0x03, 0x33, 0xff, 0x0f, 0x00, 0x00, 0x02, 0x29,
  0x04, 0x06, 0xf8, 0x00, 0x04, 0x00, 0x00, 0x00, 0x01, 0xf8, 0x01, 0x08,
  0x80, 0x03, 0x00, 0x02, 0x00, 0x00, 0x00, 0x00, 0x00, 0x00, 0x00, 0x00,
  0x00, 0x00, 0x20, 0x00, 0x00, 0x00, 0x42, 0x5b, 0x02, 0x06, 0x02, 0x29,
  0x04, 0x06, 0xf8, 0x00, 0x04, 0x00, 0x00, 0x00, 0x01, 0xf8, 0x01, 0x09,
  0x80, 0x03, 0x00, 0x02, 0x00, 0x00, 0x00, 0x00, 0x00, 0x00, 0x00, 0x00,
  0x00, 0x00, 0x40, 0x00, 0x00, 0x00, 0x01, 0x0b, 0x0c, 0x0a, 0xf8, 0x00,
  0x05, 0x00, 0x00, 0x00, 0x83, 0x32, 0xff, 0x0f, 0x00, 0x00, 0x02, 0x29,
  0x04, 0x06, 0xf8, 0x00, 0x04, 0x00, 0x00, 0x00, 0x01, 0xf8, 0x01, 0x0a,
  0x80, 0x03, 0x00, 0x02, 0x00, 0x00, 0x00, 0x00, 0x00, 0x00, 0x00, 0x00,
  0x00, 0x00, 0x60, 0x00, 0x00, 0x00, 0x42, 0x5b, 0x02, 0x06, 0x02, 0x29,
  0x04, 0x06, 0xf8, 0x00, 0x04, 0x00, 0x00, 0x00, 0x01, 0xf8, 0x01, 0x0d,
  0x80, 0x03, 0x00, 0x02, 0x00, 0x00, 0x00, 0x00, 0x00, 0x00, 0x00, 0x00,
  0x00, 0x00, 0xa0, 0x00, 0x00, 0x00, 0x01, 0x0b, 0x0c, 0x0a, 0xf8, 0x00,
  0x05, 0x00, 0x00, 0x00, 0x03, 0x32, 0xff, 0x0f, 0x00, 0x00, 0x02, 0x29,
  0x04, 0x06, 0xf8, 0x00, 0x04, 0x00, 0x00, 0x00, 0x01, 0xf8, 0x01, 0x0e,
  0x80, 0x03, 0x00, 0x02, 0x00, 0x00, 0x00, 0x00, 0x00, 0x00, 0x00, 0x00,
  0x00, 0x00, 0xc0, 0x00, 0x00, 0x00, 0x42, 0x5b, 0x02, 0x06, 0x02, 0x29,
  0x04, 0x06, 0xf8, 0x00, 0x04, 0x00, 0x00, 0x00, 0x01, 0xf8, 0x01, 0x0f,
  0x80, 0x03, 0x00, 0x02, 0x00, 0x00, 0x00, 0x00, 0x00, 0x00, 0x00, 0x00,
  0x00, 0x00, 0xe0, 0x00, 0x00, 0x00, 0x01, 0x0b, 0x0c, 0x0a, 0xf8, 0x00,
  0x05, 0x00, 0x00, 0x00, 0x83, 0x31, 0xff, 0x0f, 0x00, 0x00, 0x01, 0x0b,
  0x0c, 0x0a, 0xf8, 0x00, 0x05, 0x00, 0x00, 0x00, 0x03, 0x31, 0xff, 0x0f,
  0x00, 0x00, 0x42, 0x5b, 0x02, 0x06, 0x01, 0x0b, 0x0c, 0x0a, 0xf8, 0x00,
  0x05, 0x00, 0x00, 0x00, 0x83, 0x07, 0xff, 0x0f, 0x00, 0x00, 0x01, 0x0b,
  0x0c, 0x0a, 0xf8, 0x00, 0x05, 0x00, 0x00, 0x00, 0x03, 0x07, 0xff, 0x0f,
  0x00, 0x00, 0x01, 0x0b, 0x0c, 0x0a, 0xf8, 0x00, 0x05, 0x00, 0x00, 0x00,
  0x83, 0x06, 0xff, 0x0f, 0x00, 0x00, 0x42, 0x5b, 0x02, 0x06, 0x01, 0x0b,
  0x0c, 0x0a, 0xf8, 0x00, 0x05, 0x00, 0x00, 0x00, 0x03, 0x06, 0xff, 0x0f,
  0x00, 0x00, 0x01, 0x0b, 0x0c, 0x0a, 0xf8, 0x00, 0x05, 0x00, 0x00, 0x00,
  0x83, 0x05, 0xff, 0x0f, 0x00, 0x00, 0x01, 0x0b, 0x0c, 0x0a, 0xf8, 0x00,
  0x05, 0x00, 0x00, 0x00, 0x03, 0x05, 0xff, 0x0f, 0x00, 0x00, 0x42, 0x5b,
  0x02, 0x06, 0x01, 0x0b, 0x0c, 0x0a, 0xf8, 0x00, 0x05, 0x00, 0x00, 0x00,
  0x83, 0x04, 0xff, 0x0f, 0x00, 0x00, 0x01, 0x0b, 0x0c, 0x0a, 0xf8, 0x00,
  0x05, 0x00, 0x00, 0x00, 0x03, 0x04, 0xff, 0x0f, 0x00, 0x00, 0x42, 0x5b,
  0x02, 0x06, 0x01, 0x0b, 0x0c, 0x0a, 0xf8, 0x00, 0x05, 0x00, 0x00, 0x00,
  0x03, 0x34, 0xff, 0x0f, 0x00, 0x00, 0x42, 0x5b, 0x02, 0x06, 0x42, 0x5b,
  0x02, 0x06, 0x42, 0x5b, 0x02, 0x06, 0x42, 0x5b, 0x02, 0x06, 0x42, 0x5b,
  0x02, 0x06, 0x42, 0x5b, 0x02, 0x06, 0x42, 0x5b, 0x02, 0x06, 0x42, 0x5b,
  0x02, 0x06, 0x42, 0x5b, 0x02, 0x06, 0x42, 0x5b, 0x02, 0x06, 0x42, 0x5b,
  0x02, 0x06, 0x42, 0x5b, 0x02, 0x06, 0x42, 0x5b, 0x02, 0x06, 0x42, 0x5b,
  0x02, 0x06, 0x42, 0x5b, 0x02, 0x06, 0x42, 0x5b, 0x02, 0x06, 0x42, 0x5b,
  0x02, 0x06, 0x42, 0x5b, 0x02, 0x06, 0x42, 0x5b, 0x02, 0x06, 0x42, 0x5b,
  0x02, 0x06, 0x42, 0x5b, 0x02, 0x06, 0x42, 0x5b, 0x02, 0x06, 0x42, 0x5b,
  0x02, 0x06, 0x42, 0x5b, 0x02, 0x06, 0x42, 0x5b, 0x02, 0x06, 0x42, 0x5b,
  0x02, 0x06, 0x42, 0x5b, 0x02, 0x06, 0x42, 0x5b, 0x02, 0x06, 0x42, 0x5b,
  0x02, 0x06, 0x42, 0x5b, 0x02, 0x06, 0x02, 0x22, 0x08, 0x06, 0xfa, 0x00,
  0x02, 0x00, 0x00, 0x00, 0xc1, 0x04, 0x40, 0x00, 0x02, 0x00, 0x00, 0x00,
  0x00, 0x00, 0x00, 0x00, 0x00, 0x00, 0x00, 0x00, 0x00, 0x00, 0x30, 0x02,
  0x00, 0x00, 0x01, 0x0b, 0x04, 0x0a, 0xf8, 0x00, 0x04, 0x00, 0x00, 0x00,
  0x81, 0x30, 0x01, 0x02, 0x00, 0x00, 0x02, 0x22, 0x0e, 0x06, 0xf8, 0x00,
  0x52, 0x00, 0x00, 0x00, 0x03, 0x30, 0x40, 0x00, 0x02, 0x00, 0x00, 0x00,
  0x00, 0x00, 0x00, 0x00, 0x00, 0x00, 0x00, 0x00, 0x00, 0x00, 0x78, 0x00,
  0x00, 0x00, 0x42, 0x17, 0x2c, 0x06, 0x42, 0x17, 0x2c, 0x06, 0x01, 0x47,
  0x5a, 0x16, 0xf8, 0x00, 0x04, 0x00, 0x00, 0x00, 0x00, 0x00, 0x01, 0x00,
  0x00, 0x00, 0x02, 0x22, 0x0e, 0x06, 0xf8, 0x00, 0x52, 0x00, 0x00, 0x00,
  0x83, 0x30, 0x40, 0x00, 0x02, 0x00, 0x00, 0x00, 0x00, 0x00, 0x00, 0x00,
  0x00, 0x00, 0x00, 0x00, 0x00, 0x00, 0x80, 0x00, 0x00, 0x00, 0x51, 0x02,
  0x02, 0x23, 0x30, 0x34, 0xf8, 0x00, 0x20, 0x10, 0x10, 0x01, 0x02, 0x00,
  0x40, 0x37, 0x0a, 0x01, 0x00, 0x82, 0x37, 0x09, 0x00, 0x82, 0x03, 0x00,
  0x10, 0x00, 0x00, 0x00, 0x00, 0x00, 0x00, 0x00, 0x02, 0x23, 0x30, 0x34,
  0xf8, 0x00, 0x20, 0x10, 0x10, 0x01, 0x02, 0x00, 0x40, 0x37, 0x0a, 0x01,
  0x00, 0x02, 0x3a, 0x09, 0x00, 0x82, 0x03, 0x00, 0x00, 0x00, 0x00, 0x00,
  0x00, 0x08, 0x00, 0x00, 0x02, 0x23, 0x30, 0x34, 0xf8, 0x00, 0x20, 0x10,
  0x10, 0x01, 0x02, 0x00, 0x40, 0x37, 0x0a, 0x01, 0x00, 0x82, 0x3a, 0x09,
  0x00, 0x82, 0x03, 0x00, 0x30, 0x00, 0x00, 0x00, 0x00, 0x10, 0x00, 0x00,
  0x02, 0x23, 0x30, 0x34, 0xf8, 0x00, 0x20, 0x10, 0x10, 0x01, 0x02, 0x00,
  0x40, 0x37, 0x0a, 0x01, 0x00, 0x82, 0x39, 0x09, 0x00, 0x82, 0x03, 0x00,
  0x28, 0x00, 0x00, 0x00, 0x00, 0x18, 0x00, 0x00, 0x02, 0x23, 0x30, 0x34,
  0xf8, 0x00, 0x20, 0x10, 0x10, 0x01, 0x02, 0x00, 0x00, 0x37, 0x0a, 0x01,
  0x00, 0x02, 0x30, 0x09, 0x00, 0x82, 0x03, 0x00, 0x20, 0x00, 0x00, 0x00,
  0x00, 0x00, 0x00, 0x00, 0x02, 0x23, 0x30, 0x34, 0xf8, 0x00, 0x20, 0x10,
  0x10, 0x01, 0x02, 0x00, 0x00, 0x37, 0x0a, 0x01, 0x00, 0x02, 0x39, 0x09,
  0x00, 0x82, 0x03, 0x00, 0x08, 0x00, 0x00, 0x00, 0x00, 0x08, 0x00, 0x00,
  0x02, 0x23, 0x30, 0x34, 0xf8, 0x00, 0x20, 0x10, 0x10, 0x01, 0x02, 0x00,
  0x00, 0x37, 0x0a, 0x01, 0x00, 0x02, 0x38, 0x09, 0x00, 0x82, 0x03, 0x00,
  0x18, 0x00, 0x00, 0x00, 0x00, 0x10, 0x00, 0x00, 0x02, 0x23, 0x30, 0x34,
  0xf8, 0x00, 0x20, 0x10, 0x10, 0x01, 0x02, 0x00, 0x00, 0x37, 0x0a, 0x01,
  0x00, 0x02, 0x3a, 0x09, 0x00, 0x82, 0x03, 0x00, 0x10, 0x00, 0x00, 0x00,
  0x00, 0x18, 0x00, 0x00, 0x02, 0x5a, 0x00, 0x26, 0xf8, 0x00, 0x01, 0x00,
  0x02, 0x00, 0x00, 0x00, 0x83, 0x37, 0x06, 0x0b, 0x00, 0x02, 0x10, 0xc0,
  0xff, 0x00, 0xf8, 0x00, 0x00, 0x00, 0x00, 0x00, 0x00, 0x00, 0x00, 0x00,
  0x02, 0x22, 0x0e, 0x06, 0xf8, 0x00, 0x42, 0x00, 0x00, 0x00, 0x81, 0x39,
  0x40, 0x00, 0x02, 0x00, 0x00, 0x00, 0x00, 0x00, 0x00, 0x00, 0x00, 0x00,
  0x00, 0x00, 0x00, 0x00, 0xf4, 0x01, 0x00, 0x00, 0x42, 0x10, 0x36, 0x14,
  0x42, 0x10, 0x36, 0x14, 0x02, 0x5a, 0x00, 0x26, 0xf8, 0x00, 0x01, 0x00,
  0x02, 0x00, 0x00, 0x00, 0x03, 0x38, 0x06, 0x0b, 0x00, 0x82, 0x10, 0xc0,
  0xff, 0x00, 0xf8, 0x00, 0x00, 0x00, 0x00, 0x00, 0x00, 0x00, 0x00, 0x00,
  0xd0, 0x00, 0x02, 0x5a, 0x00, 0x26, 0xf8, 0x00, 0x01, 0x00, 0x02, 0x00,
  0x00, 0x00, 0x03, 0x30, 0x06, 0x0b, 0x00, 0x02, 0x11, 0xc0, 0xff, 0x00,
  0xf8, 0x00, 0x00, 0x00, 0x00, 0x00, 0x00, 0x00, 0x00, 0x00, 0xd0, 0x00,
  0x02, 0x5a, 0x00, 0x26, 0xf8, 0x00, 0x01, 0x00, 0x02, 0x00, 0x00, 0x00,
  0x83, 0x30, 0x06, 0x0b, 0x00, 0x82, 0x11, 0xc0, 0xff, 0x00, 0xf8, 0x00,
  0x00, 0x00, 0x00, 0x00, 0x00, 0x00, 0x00, 0x00, 0xd0, 0x00, 0x02, 0x5a,
  0x00, 0x26, 0xf8, 0x00, 0x01, 0x00, 0x02, 0x00, 0x00, 0x00, 0x83, 0x37,
  0x06, 0x08, 0x00, 0x02, 0x12, 0x82, 0x37, 0x00, 0xf8, 0x00, 0x00, 0x00,
  0x00, 0x00, 0x00, 0x00, 0x00, 0x00, 0xd0, 0x00, 0x02, 0x5a, 0x00, 0x26,
  0xf8, 0x00, 0x01, 0x00, 0x02, 0x00, 0x00, 0x00, 0x03, 0x38, 0x06, 0x08,
  0x00, 0x82, 0x12, 0x02, 0x38, 0x00, 0xf8, 0x00, 0x00, 0x00, 0x00, 0x00,
  0x00, 0x00, 0x00, 0x00, 0xd0, 0x00, 0x02, 0x5a, 0x00, 0x26, 0xf8, 0x00,
  0x01, 0x00, 0x02, 0x00, 0x00, 0x00, 0x03, 0x30, 0x06, 0x08, 0x00, 0x02,
  0x13, 0x02, 0x30, 0x00, 0xf8, 0x00, 0x00, 0x00, 0x00, 0x00, 0x00, 0x00,
  0x00, 0x00, 0xd0, 0x00, 0x02, 0x5a, 0x00, 0x26, 0xf8, 0x00, 0x01, 0x00,
  0x02, 0x00, 0x00, 0x00, 0x83, 0x30, 0x06, 0x08, 0x00, 0x82, 0x13, 0x82,
  0x30, 0x00, 0xf8, 0x00, 0x00, 0x00, 0x00, 0x00, 0x00, 0x00, 0x00, 0x00,
  0xd0, 0x00, 0x02, 0x5a, 0x00, 0x26, 0xf8, 0x00, 0x01, 0x00, 0x02, 0x00,
  0x00, 0x00, 0x83, 0x37, 0x06, 0x09, 0x00, 0x02, 0x14, 0x82, 0x37, 0x00,
  0xf8, 0x00, 0x00, 0x00, 0x00, 0x00, 0x00, 0x00, 0x00, 0x00, 0xd0, 0x00,
  0x02, 0x5a, 0x00, 0x26, 0xf8, 0x00, 0x01, 0x00, 0x02, 0x00, 0x00, 0x00,
  0x03, 0x38, 0x06, 0x09, 0x00, 0x82, 0x14, 0x02, 0x38, 0x00, 0xf8, 0x00,
  0x00, 0x00, 0x00, 0x00, 0x00, 0x00, 0x00, 0x00, 0xd0, 0x00, 0x02, 0x5a,
  0x00, 0x26, 0xf8, 0x00, 0x01, 0x00, 0x02, 0x00, 0x00, 0x00, 0x03, 0x30,
  0x06, 0x09, 0x00, 0x02, 0x15, 0x02, 0x30, 0x00, 0xf8, 0x00, 0x00, 0x00,
  0x00, 0x00, 0x00, 0x00, 0x00, 0x00, 0xd0, 0x00, 0x02, 0x5a, 0x00, 0x26,
  0xf8, 0x00, 0x01, 0x00, 0x02, 0x00, 0x00, 0x00, 0x83, 0x30, 0x06, 0x09,
  0x00, 0x82, 0x15, 0x82, 0x30, 0x00, 0xf8, 0x00, 0x00, 0x00, 0x00, 0x00,
  0x00, 0x00, 0x00, 0x00, 0xd0, 0x00, 0x02, 0x5a, 0x00, 0x26, 0xf8, 0x00,
  0x01, 0x00, 0x02, 0x00, 0x00, 0x00, 0x83, 0x37, 0x06, 0x0a, 0x00, 0x02,
  0x16, 0x82, 0x37, 0x00, 0xf8, 0x00, 0x00, 0x00, 0x00, 0x00, 0x00, 0x00,
  0x00, 0x00, 0xd0, 0x00, 0x02, 0x5a, 0x00, 0x26, 0xf8, 0x00, 0x01, 0x00,
  0x02, 0x00, 0x00, 0x00, 0x03, 0x38, 0x06, 0x0a, 0x00, 0x82, 0x16, 0x02,
  0x38, 0x00, 0xf8, 0x00, 0x00, 0x00, 0x00, 0x00, 0x00, 0x00, 0x00, 0x00,
  0xd0, 0x00, 0x02, 0x5a, 0x00, 0x26, 0xf8, 0x00, 0x01, 0x00, 0x02, 0x00,
  0x00, 0x00, 0x03, 0x30, 0x06, 0x0a, 0x00, 0x02, 0x17, 0x02, 0x30, 0x00,
  0xf8, 0x00, 0x00, 0x00, 0x00, 0x00, 0x00, 0x00, 0x00, 0x00, 0xd0, 0x00,
  0x02, 0x5a, 0x00, 0x26, 0xf8, 0x00, 0x01, 0x00, 0x02, 0x00, 0x00, 0x00,
  0x83, 0x30, 0x06, 0x0a, 0x00, 0x82, 0x17, 0x82, 0x30, 0x00, 0xf8, 0x00,
  0x00, 0x00, 0x00, 0x00, 0x00, 0x00, 0x00, 0x00, 0xd0, 0x00, 0x02, 0x5a,
  0x00, 0x26, 0xf8, 0x00, 0x01, 0x00, 0x02, 0x00, 0x00, 0x00, 0x83, 0x37,
  0x06, 0x0c, 0x00, 0x02, 0x18, 0x82, 0x37, 0x00, 0xf8, 0x00, 0x00, 0x00,
  0x00, 0x00, 0x00, 0x00, 0x00, 0x00, 0xd0, 0x00, 0x02, 0x5a, 0x00, 0x26,
  0xf8, 0x00, 0x01, 0x00, 0x02, 0x00, 0x00, 0x00, 0x03, 0x38, 0x06, 0x0c,
  0x00, 0x82, 0x18, 0x02, 0x38, 0x00, 0xf8, 0x00, 0x00, 0x00, 0x00, 0x00,
  0x00, 0x00, 0x00, 0x00, 0xd0, 0x00, 0x02, 0x5a, 0x00, 0x26, 0xf8, 0x00,
  0x01, 0x00, 0x02, 0x00, 0x00, 0x00, 0x03, 0x30, 0x06, 0x0c, 0x00, 0x02,
  0x19, 0x02, 0x30, 0x00, 0xf8, 0x00, 0x00, 0x00, 0x00, 0x00, 0x00, 0x00,
  0x00, 0x00, 0xd0, 0x00, 0x02, 0x5a, 0x00, 0x26, 0xf8, 0x00, 0x01, 0x00,
  0x02, 0x00, 0x00, 0x00, 0x83, 0x30, 0x06, 0x0c, 0x00, 0x82, 0x19, 0x82,
  0x30, 0x00, 0xf8, 0x00, 0x00, 0x00, 0x00, 0x00, 0x00, 0x00, 0x00, 0x00,
  0xd0, 0x00, 0x02, 0x5a, 0x00, 0x26, 0xf8, 0x00, 0x01, 0x00, 0x02, 0x00,
  0x00, 0x00, 0x83, 0x37, 0x06, 0x0d, 0x00, 0x02, 0x1a, 0x82, 0x37, 0x00,
  0xf8, 0x00, 0x00, 0x00, 0x00, 0x00, 0x00, 0x00, 0x00, 0x00, 0xd0, 0x00,
  0x02, 0x5a, 0x00, 0x26, 0xf8, 0x00, 0x01, 0x00, 0x02, 0x00, 0x00, 0x00,
  0x03, 0x38, 0x06, 0x0d, 0x00, 0x82, 0x1a, 0x02, 0x38, 0x00, 0xf8, 0x00,
  0x00, 0x00, 0x00, 0x00, 0x00, 0x00, 0x00, 0x00, 0xd0, 0x00, 0x02, 0x5a,
  0x00, 0x26, 0xf8, 0x00, 0x01, 0x00, 0x02, 0x00, 0x00, 0x00, 0x03, 0x30,
  0x06, 0x0d, 0x00, 0x02, 0x1b, 0x02, 0x30, 0x00, 0xf8, 0x00, 0x00, 0x00,
  0x00, 0x00, 0x00, 0x00, 0x00, 0x00, 0xd0, 0x00, 0x02, 0x5a, 0x00, 0x26,
  0xf8, 0x00, 0x01, 0x00, 0x02, 0x00, 0x00, 0x00, 0x83, 0x30, 0x06, 0x0d,
  0x00, 0x82, 0x1b, 0x82, 0x30, 0x00, 0xf8, 0x00, 0x00, 0x00, 0x00, 0x00,
  0x00, 0x00, 0x00, 0x00, 0xd0, 0x00, 0x02, 0x5a, 0x00, 0x26, 0xf8, 0x00,
  0x01, 0x00, 0x02, 0x00, 0x00, 0x00, 0x83, 0x37, 0x06, 0x0e, 0x00, 0x02,
  0x1c, 0x82, 0x37, 0x00, 0xf8, 0x00, 0x00, 0x00, 0x00, 0x00, 0x00, 0x00,
  0x00, 0x00, 0xd0, 0x00, 0x02, 0x5a, 0x00, 0x26, 0xf8, 0x00, 0x01, 0x00,
  0x02, 0x00, 0x00, 0x00, 0x03, 0x38, 0x06, 0x0e, 0x00, 0x82, 0x1c, 0x02,
  0x38, 0x00, 0xf8, 0x00, 0x00, 0x00, 0x00, 0x00, 0x00, 0x00, 0x00, 0x00,
  0xd0, 0x00, 0x02, 0x5a, 0x00, 0x26, 0xf8, 0x00, 0x01, 0x00, 0x02, 0x00,
  0x00, 0x00, 0x03, 0x30, 0x06, 0x0e, 0x00, 0x02, 0x1d, 0x02, 0x30, 0x00,
  0xf8, 0x00, 0x00, 0x00, 0x00, 0x00, 0x00, 0x00, 0x00, 0x00, 0xd0, 0x00,
  0x02, 0x5a, 0x00, 0x26, 0xf8, 0x00, 0x01, 0x00, 0x02, 0x00, 0x00, 0x00,
  0x83, 0x30, 0x06, 0x0e, 0x00, 0x82, 0x1d, 0x82, 0x30, 0x00, 0xf8, 0x00,
  0x00, 0x00, 0x00, 0x00, 0x00, 0x00, 0x00, 0x00, 0xd0, 0x00, 0x02, 0x5a,
  0x00, 0x26, 0xf8, 0x00, 0x01, 0x00, 0x02, 0x00, 0x00, 0x00, 0x83, 0x37,
  0x06, 0x0f, 0x00, 0x02, 0x1e, 0x82, 0x37, 0x00, 0xf8, 0x00, 0x00, 0x00,
  0x00, 0x00, 0x00, 0x00, 0x00, 0x00, 0xd0, 0x00, 0x02, 0x5a, 0x00, 0x26,
  0xf8, 0x00, 0x01, 0x00, 0x02, 0x00, 0x00, 0x00, 0x03, 0x38, 0x06, 0x0f,
  0x00, 0x82, 0x1e, 0x02, 0x38, 0x00, 0xf8, 0x00, 0x00, 0x00, 0x00, 0x00,
  0x00, 0x00, 0x00, 0x00, 0x02, 0x5a, 0x00, 0x26, 0xf8, 0x00, 0x01, 0x00,
  0x02, 0x00, 0x00, 0x00, 0x03, 0x30, 0x06, 0x0f, 0x00, 0x02, 0x1f, 0x02,
  0x30, 0x00, 0xf8, 0x00, 0x00, 0x00, 0x00, 0x00, 0x00, 0x00, 0x00, 0x00,
  0x02, 0x5a, 0x00, 0x26, 0xf8, 0x00, 0x01, 0x00, 0x02, 0x00, 0x00, 0x00,
  0x83, 0x30, 0x06, 0x0f, 0x00, 0x82, 0x1f, 0x82, 0x30, 0x00, 0xf8, 0x00,
  0x00, 0x00, 0x00, 0x00, 0x00, 0x00, 0x00, 0x00, 0x01, 0x23, 0x40, 0x0a,
  0xf8, 0x00, 0x08, 0x00, 0x00, 0x00, 0x00, 0x00, 0x00, 0x00, 0x00, 0x00,
  0x01, 0x47, 0x5a, 0x16, 0xf8, 0x00, 0x04, 0x00, 0x00, 0x00, 0x00, 0x00,
  0x01, 0x00, 0x00, 0x00, 0x42, 0x5b, 0x02, 0x06, 0x42, 0x5b, 0x02, 0x06,
  0x42, 0x5b, 0x02, 0x06, 0x42, 0x5b, 0x02, 0x06, 0x42, 0x5b, 0x02, 0x06,
  0x42, 0x5b, 0x02, 0x06, 0x42, 0x5b, 0x02, 0x06, 0x42, 0x5b, 0x02, 0x06,
  0x42, 0x5b, 0x02, 0x06, 0x42, 0x5b, 0x02, 0x06, 0x42, 0x5b, 0x02, 0x06,
  0x42, 0x5b, 0x02, 0x06, 0x42, 0x5b, 0x02, 0x06, 0x42, 0x5b, 0x02, 0x06,
  0x42, 0x5b, 0x02, 0x06, 0x42, 0x5b, 0x02, 0x06, 0x02, 0x5a, 0x00, 0x26,
  0xf8, 0x00, 0x01, 0x00, 0x02, 0x00, 0x00, 0x00, 0x83, 0x33, 0x06, 0x30,
  0x00, 0x02, 0x20, 0x82, 0x33, 0x00, 0xf8, 0x00, 0x00, 0x00, 0x00, 0x00,
  0x00, 0x00, 0x00, 0x00, 0x02, 0x5a, 0x00, 0x26, 0xf8, 0x00, 0x01, 0x00,
  0x02, 0x00, 0x00, 0x00, 0x03, 0x33, 0x06, 0x30, 0x00, 0x82, 0x20, 0x02,
  0x33, 0x00, 0xf8, 0x00, 0x00, 0x00, 0x00, 0x00, 0x00, 0x00, 0x00, 0x00,
  0xd0, 0x00, 0x02, 0x5a, 0x00, 0x26, 0xf8, 0x00, 0x01, 0x00, 0x02, 0x00,
  0x00, 0x00, 0x83, 0x32, 0x06, 0x30, 0x00, 0x02, 0x21, 0x82, 0x32, 0x00,
  0xf8, 0x00, 0x00, 0x00, 0x00, 0x00, 0x00, 0x00, 0x00, 0x00, 0xd0, 0x00,
  0x02, 0x5a, 0x00, 0x26, 0xf8, 0x00, 0x01, 0x00, 0x02, 0x00, 0x00, 0x00,
  0x03, 0x32, 0x06, 0x30, 0x00, 0x82, 0x21, 0x02, 0x32, 0x00, 0xf8, 0x00,
  0x00, 0x00, 0x00, 0x00, 0x00, 0x00, 0x00, 0x00, 0xd0, 0x00, 0x02, 0x5a,
  0x00, 0x26, 0xf8, 0x00, 0x01, 0x00, 0x02, 0x00, 0x00, 0x00, 0x83, 0x31,
  0x06, 0x30, 0x00, 0x02, 0x22, 0x82, 0x31, 0x00, 0xf8, 0x00, 0x00, 0x00,
  0x00, 0x00, 0x00, 0x00, 0x00, 0x00, 0xd0, 0x00, 0x02, 0x5a, 0x00, 0x26,
  0xf8, 0x00, 0x01, 0x00, 0x02, 0x00, 0x00, 0x00, 0x03, 0x31, 0x06, 0x30,
  0x00, 0x82, 0x22, 0x02, 0x31, 0x00, 0xf8, 0x00, 0x00, 0x00, 0x00, 0x00,
  0x00, 0x00, 0x00, 0x00, 0xd0, 0x00, 0x02, 0x5a, 0x00, 0x26, 0xf8, 0x00,
  0x01, 0x00, 0x02, 0x00, 0x00, 0x00, 0x83, 0x07, 0x06, 0x30, 0x00, 0x02,
  0x23, 0x82, 0x07, 0x00, 0xf8, 0x00, 0x00, 0x00, 0x00, 0x00, 0x00, 0x00,
  0x00, 0x00, 0xd0, 0x00, 0x02, 0x5a, 0x00, 0x26, 0xf8, 0x00, 0x01, 0x00,
  0x02, 0x00, 0x00, 0x00, 0x03, 0x07, 0x06, 0x30, 0x00, 0x82, 0x23, 0x02,
  0x07, 0x00, 0xf8, 0x00, 0x00, 0x00, 0x00, 0x00, 0x00, 0x00, 0x00, 0x00,
  0xd0, 0x00, 0x02, 0x5a, 0x00, 0x26, 0xf8, 0x00, 0x01, 0x00, 0x02, 0x00,
  0x00, 0x00, 0x83, 0x06, 0x06, 0x30, 0x00, 0x02, 0x24, 0x82, 0x06, 0x00,
  0xf8, 0x00, 0x00, 0x00, 0x00, 0x00, 0x00, 0x00, 0x00, 0x00, 0xd0, 0x00,
  0x02, 0x5a, 0x00, 0x26, 0xf8, 0x00, 0x01, 0x00, 0x02, 0x00, 0x00, 0x00,
  0x03, 0x06, 0x06, 0x30, 0x00, 0x82, 0x24, 0x02, 0x06, 0x00, 0xf8, 0x00,
  0x00, 0x00, 0x00, 0x00, 0x00, 0x00, 0x00, 0x00, 0xd0, 0x00, 0x02, 0x5a,
  0x00, 0x26, 0xf8, 0x00, 0x01, 0x00, 0x02, 0x00, 0x00, 0x00, 0x83, 0x05,
  0x06, 0x30, 0x00, 0x02, 0x25, 0x82, 0x05, 0x00, 0xf8, 0x00, 0x00, 0x00,
  0x00, 0x00, 0x00, 0x00, 0x00, 0x00, 0xd0, 0x00, 0x02, 0x5a, 0x00, 0x26,
  0xf8, 0x00, 0x01, 0x00, 0x02, 0x00, 0x00, 0x00, 0x03, 0x05, 0x06, 0x30,
  0x00, 0x82, 0x25, 0x02, 0x05, 0x00, 0xf8, 0x00, 0x00, 0x00, 0x00, 0x00,
  0x00, 0x00, 0x00, 0x00, 0xd0, 0x00, 0x02, 0x5a, 0x00, 0x26, 0xf8, 0x00,
  0x01, 0x00, 0x02, 0x00, 0x00, 0x00, 0x83, 0x04, 0x06, 0x30, 0x00, 0x02,
  0x26, 0x82, 0x04, 0x00, 0xf8, 0x00, 0x00, 0x00, 0x00, 0x00, 0x00, 0x00,
  0x00, 0x00, 0xd0, 0x00, 0x02, 0x5a, 0x00, 0x26, 0xf8, 0x00, 0x01, 0x00,
  0x02, 0x00, 0x00, 0x00, 0x03, 0x04, 0x06, 0x30, 0x00, 0x82, 0x26, 0x02,
  0x04, 0x00, 0xf8, 0x00, 0x00, 0x00, 0x00, 0x00, 0x00, 0x00, 0x00, 0x00,
  0xd0, 0x00, 0x02, 0x5a, 0x00, 0x26, 0xf8, 0x00, 0x01, 0x00, 0x02, 0x00,
  0x00, 0x00, 0x83, 0x03, 0x06, 0x30, 0x00, 0x02, 0x27, 0x82, 0x03, 0x00,
  0xf8, 0x00, 0x00, 0x00, 0x00, 0x00, 0x00, 0x00, 0x00, 0x00, 0xd0, 0x00,
  0x02, 0x5a, 0x00, 0x26, 0xf8, 0x00, 0x01, 0x00, 0x02, 0x00, 0x00, 0x00,
  0x03, 0x34, 0x06, 0x30, 0x00, 0x82, 0x27, 0x02, 0x34, 0x00, 0xf8, 0x00,
  0x00, 0x00, 0x00, 0x00, 0x00, 0x00, 0x00, 0x00, 0x02, 0x5a, 0x00, 0x26,
  0xf8, 0x00, 0x01, 0x00, 0x02, 0x00, 0x00, 0x00, 0x83, 0x33, 0x06, 0x30,
  0x00, 0x02, 0x28, 0x82, 0x33, 0x00, 0xf8, 0x00, 0x00, 0x00, 0x00, 0x00,
  0x00, 0x00, 0x00, 0x00, 0xd0, 0x00, 0x02, 0x5a, 0x00, 0x26, 0xf8, 0x00,
  0x01, 0x00, 0x02, 0x00, 0x00, 0x00, 0x03, 0x33, 0x06, 0x30, 0x00, 0x82,
  0x28, 0x02, 0x33, 0x00, 0xf8, 0x00, 0x00, 0x00, 0x00, 0x00, 0x00, 0x00,
  0x00, 0x00, 0xd0, 0x00, 0x02, 0x5a, 0x00, 0x26, 0xf8, 0x00, 0x01, 0x00,
  0x02, 0x00, 0x00, 0x00, 0x83, 0x32, 0x06, 0x30, 0x00, 0x02, 0x29, 0x82,
  0x32, 0x00, 0xf8, 0x00, 0x00, 0x00, 0x00, 0x00, 0x00, 0x00, 0x00, 0x00,
  0xd0, 0x00, 0x02, 0x5a, 0x00, 0x26, 0xf8, 0x00, 0x01, 0x00, 0x02, 0x00,
  0x00, 0x00, 0x03, 0x32, 0x06, 0x30, 0x00, 0x82, 0x29, 0x02, 0x32, 0x00,
  0xf8, 0x00, 0x00, 0x00, 0x00, 0x00, 0x00, 0x00, 0x00, 0x00, 0xd0, 0x00,
  0x02, 0x5a, 0x00, 0x26, 0xf8, 0x00, 0x01, 0x00, 0x02, 0x00, 0x00, 0x00,
  0x83, 0x31, 0x06, 0x30, 0x00, 0x02, 0x2a, 0x82, 0x31, 0x00, 0xf8, 0x00,
  0x00, 0x00, 0x00, 0x00, 0x00, 0x00, 0x00, 0x00, 0xd0, 0x00, 0x02, 0x5a,
  0x00, 0x26, 0xf8, 0x00, 0x01, 0x00, 0x02, 0x00, 0x00, 0x00, 0x03, 0x31,
  0x06, 0x30, 0x00, 0x82, 0x2a, 0x02, 0x31, 0x00, 0xf8, 0x00, 0x00, 0x00,
  0x00, 0x00, 0x00, 0x00, 0x00, 0x00, 0xd0, 0x00, 0x02, 0x5a, 0x00, 0x26,
  0xf8, 0x00, 0x01, 0x00, 0x02, 0x00, 0x00, 0x00, 0x83, 0x07, 0x06, 0x30,
  0x00, 0x02, 0x2b, 0x82, 0x07, 0x00, 0xf8, 0x00, 0x00, 0x00, 0x00, 0x00,
  0x00, 0x00, 0x00, 0x00, 0xd0, 0x00, 0x02, 0x5a, 0x00, 0x26, 0xf8, 0x00,
  0x01, 0x00, 0x02, 0x00, 0x00, 0x00, 0x03, 0x07, 0x06, 0x30, 0x00, 0x82,
  0x2b, 0x02, 0x07, 0x00, 0xf8, 0x00, 0x00, 0x00, 0x00, 0x00, 0x00, 0x00,
  0x00, 0x00, 0xd0, 0x00, 0x02, 0x5a, 0x00, 0x26, 0xf8, 0x00, 0x01, 0x00,
  0x02, 0x00, 0x00, 0x00, 0x83, 0x06, 0x06, 0x30, 0x00, 0x02, 0x2c, 0x82,
  0x06, 0x00, 0xf8, 0x00, 0x00, 0x00, 0x00, 0x00, 0x00, 0x00, 0x00, 0x00,
  0xd0, 0x00, 0x02, 0x5a, 0x00, 0x26, 0xf8, 0x00, 0x01, 0x00, 0x02, 0x00,
  0x00, 0x00, 0x03, 0x06, 0x06, 0x30, 0x00, 0x82, 0x2c, 0x02, 0x06, 0x00,
  0xf8, 0x00, 0x00, 0x00, 0x00, 0x00, 0x00, 0x00, 0x00, 0x00, 0xd0, 0x00,
  0x02, 0x5a, 0x00, 0x26, 0xf8, 0x00, 0x01, 0x00, 0x02, 0x00, 0x00, 0x00,
  0x83, 0x05, 0x06, 0x30, 0x00, 0x02, 0x2d, 0x82, 0x05, 0x00, 0xf8, 0x00,
  0x00, 0x00, 0x00, 0x00, 0x00, 0x00, 0x00, 0x00, 0xd0, 0x00, 0x02, 0x5a,
  0x00, 0x26, 0xf8, 0x00, 0x01, 0x00, 0x02, 0x00, 0x00, 0x00, 0x03, 0x05,
  0x06, 0x30, 0x00, 0x82, 0x2d, 0x02, 0x05, 0x00, 0xf8, 0x00, 0x00, 0x00,
  0x00, 0x00, 0x00, 0x00, 0x00, 0x00, 0xd0, 0x00, 0x02, 0x5a, 0x00, 0x26,
  0xf8, 0x00, 0x01, 0x00, 0x02, 0x00, 0x00, 0x00, 0x83, 0x04, 0x06, 0x30,
  0x00, 0x02, 0x2e, 0x82, 0x04, 0x00, 0xf8, 0x00, 0x00, 0x00, 0x00, 0x00,
  0x00, 0x00, 0x00, 0x00, 0xd0, 0x00, 0x02, 0x5a, 0x00, 0x26, 0xf8, 0x00,
  0x01, 0x00, 0x02, 0x00, 0x00, 0x00, 0x03, 0x04, 0x06, 0x30, 0x00, 0x82,
  0x2e, 0x02, 0x04, 0x00, 0xf8, 0x00, 0x00, 0x00, 0x00, 0x00, 0x00, 0x00,
  0x00, 0x00, 0xd0, 0x00, 0x02, 0x5a, 0x00, 0x26, 0xf8, 0x00, 0x01, 0x00,
  0x02, 0x00, 0x00, 0x00, 0x83, 0x03, 0x06, 0x30, 0x00, 0x02, 0x2f, 0x82,
  0x03, 0x00, 0xf8, 0x00, 0x00, 0x00, 0x00, 0x00, 0x00, 0x00, 0x00, 0x00,
  0xd0, 0x00, 0x02, 0x5a, 0x00, 0x26, 0xf8, 0x00, 0x01, 0x00, 0x02, 0x00,
  0x00, 0x00, 0x03, 0x34, 0x06, 0x30, 0x00, 0x82, 0x2f, 0x02, 0x34, 0x00,
  0xf8, 0x00, 0x00, 0x00, 0x00, 0x00, 0x00, 0x00, 0x00, 0x00, 0xd0, 0x00,
  0x42, 0x5b, 0x02, 0x06, 0x42, 0x5b, 0x02, 0x06, 0x42, 0x5b, 0x02, 0x06,
  0x42, 0x5b, 0x02, 0x06, 0x42, 0x5b, 0x02, 0x06, 0x42, 0x5b, 0x02, 0x06,
  0x42, 0x5b, 0x02, 0x06, 0x42, 0x5b, 0x02, 0x06, 0x42, 0x5b, 0x02, 0x06,
  0x42, 0x5b, 0x02, 0x06, 0x42, 0x5b, 0x02, 0x06, 0x42, 0x5b, 0x02, 0x06,
  0x42, 0x5b, 0x02, 0x06, 0x42, 0x5b, 0x02, 0x06, 0x42, 0x5b, 0x02, 0x06,
  0x42, 0x5b, 0x02, 0x06, 0x01, 0x0b, 0x04, 0x0a, 0xf8, 0x00, 0x04, 0x00,
  0x00, 0x00, 0x01, 0x03, 0x01, 0x02, 0x00, 0x00, 0x01, 0x0b, 0x06, 0x0a,
  0xfa, 0x00, 0x04, 0x00, 0x00, 0x00, 0xc1, 0x01, 0x2c, 0x02, 0x00, 0x00,
  0x01, 0x47, 0x5a, 0x16, 0xf8, 0x00, 0x04, 0x00, 0x00, 0x00, 0x00, 0x00,
  0x01, 0x00, 0x00, 0x00, 0x01, 0x0b, 0x06, 0x0a, 0xfa, 0x00, 0x04, 0x00,
  0x00, 0x00, 0x81, 0x02, 0x04, 0x02, 0x00, 0x00, 0x01, 0x0b, 0x06, 0x0a,
  0xfa, 0x00, 0x04, 0x00, 0x00, 0x00, 0x41, 0x02, 0x05, 0x02, 0x00, 0x00,
  0x02, 0x22, 0x08, 0x06, 0xfa, 0x00, 0x42, 0x00, 0x00, 0x00, 0x41, 0x01,
  0x40, 0x00, 0x02, 0x00, 0x00, 0x00, 0x00, 0x00, 0x00, 0x00, 0x00, 0x00,
  0x00, 0x00, 0x00, 0x00, 0xcc, 0x01, 0x00, 0x00, 0x02, 0x22, 0x08, 0x06,
  0xfa, 0x00, 0x42, 0x00, 0x00, 0x00, 0xc1, 0x01, 0x40, 0x00, 0x02, 0x00,
  0x00, 0x00, 0x00, 0x00, 0x00, 0x00, 0x00, 0x00, 0x00, 0x00, 0x00, 0x00,
  0xe4, 0x01, 0x00, 0x00, 0x02, 0x29, 0x04, 0x06, 0xf8, 0x00, 0x04, 0x00,
  0x00, 0x00, 0x01, 0xf8, 0x81, 0x00, 0x00, 0x00, 0x00, 0x02, 0x00, 0x00,
  0x00, 0x00, 0x00, 0x00, 0x00, 0x00, 0x00, 0x00, 0x10, 0x00, 0x00, 0x00,
  0x02, 0x29, 0x04, 0x06, 0xf8, 0x00, 0x04, 0x00, 0x00, 0x00, 0x01, 0xf8,
  0x01, 0x01, 0x00, 0x00, 0x00, 0x02, 0x00, 0x00, 0x00, 0x00, 0x00, 0x00,
  0x00, 0x00, 0x00, 0x00, 0x20, 0x00, 0x00, 0x00, 0x02, 0x29, 0x04, 0x06,
  0xf8, 0x00, 0x04, 0x00, 0x00, 0x00, 0x01, 0xf8, 0x81, 0x01, 0x00, 0x00,
  0x00, 0x02, 0x00, 0x00, 0x00, 0x00, 0x00, 0x00, 0x00, 0x00, 0x00, 0x00,
  0x30, 0x00, 0x00, 0x00, 0x02, 0x29, 0x04, 0x06, 0xf8, 0x00, 0x04, 0x00,
  0x00, 0x00, 0x01, 0xf8, 0x01, 0x02, 0x00, 0x00, 0x00, 0x02, 0x00, 0x00,
  0x00, 0x00, 0x00, 0x00, 0x00, 0x00, 0x00, 0x00, 0x40, 0x00, 0x00, 0x00,
  0x02, 0x29, 0x04, 0x06, 0xf8, 0x00, 0x04, 0x00, 0x00, 0x00, 0x01, 0xf8,
  0x41, 0x02, 0x00, 0x00, 0x00, 0x02, 0x00, 0x00, 0x00, 0x00, 0x00, 0x00,
  0x00, 0x00, 0x00, 0x00, 0x50, 0x00, 0x00, 0x00, 0x02, 0x29, 0x04, 0x06,
  0xf8, 0x00, 0x04, 0x00, 0x00, 0x00, 0x01, 0xf8, 0x41, 0x01, 0x00, 0x00,
  0x00, 0x02, 0x00, 0x00, 0x00, 0x00, 0x00, 0x00, 0x00, 0x00, 0x00, 0x00,
  0x60, 0x00, 0x00, 0x00, 0x02, 0x29, 0x04, 0x06, 0xf8, 0x00, 0x04, 0x00,
  0x00, 0x00, 0x01, 0xf8, 0x81, 0x00, 0x00, 0x00, 0x00, 0x02, 0x00, 0x00,
  0x00, 0x00, 0x00, 0x00, 0x00, 0x00, 0x00, 0x00, 0x70, 0x00, 0x00, 0x00,
  0x02, 0x29, 0x04, 0x06, 0xf8, 0x00, 0x04, 0x00, 0x00, 0x00, 0x01, 0xf8,
  0x01, 0x01, 0x00, 0x00, 0x00, 0x02, 0x00, 0x00, 0x00, 0x00, 0x00, 0x00,
  0x00, 0x00, 0x00, 0x00, 0x80, 0x00, 0x00, 0x00, 0x02, 0x29, 0x04, 0x06,
  0xf8, 0x00, 0x04, 0x00, 0x00, 0x00, 0x01, 0xf8, 0x81, 0x01, 0x00, 0x00,
  0x00, 0x02, 0x00, 0x00, 0x00, 0x00, 0x00, 0x00, 0x00, 0x00, 0x00, 0x00,
  0x90, 0x00, 0x00, 0x00, 0x02, 0x29, 0x04, 0x06, 0xf8, 0x00, 0x04, 0x00,
  0x00, 0x00, 0x01, 0xf8, 0x01, 0x02, 0x00, 0x00, 0x00, 0x02, 0x00, 0x00,
  0x00, 0x00, 0x00, 0x00, 0x00, 0x00, 0x00, 0x00, 0xa0, 0x00, 0x00, 0x00,
  0x02, 0x29, 0x04, 0x06, 0xf8, 0x00, 0x04, 0x00, 0x00, 0x00, 0x01, 0xf8,
  0x41, 0x02, 0x00, 0x00, 0x00, 0x02, 0x00, 0x00, 0x00, 0x00, 0x00, 0x00,
  0x00, 0x00, 0x00, 0x00, 0xe0, 0x00, 0x00, 0x00, 0x02, 0x29, 0x04, 0x06,
  0xf8, 0x00, 0x04, 0x00, 0x00, 0x00, 0x01, 0xf8, 0x41, 0x01, 0x00, 0x00,
  0x00, 0x02, 0x00, 0x00, 0x00, 0x00, 0x00, 0x00, 0x00, 0x00, 0x00, 0x00,
  0xb0, 0x00, 0x00, 0x00, 0x02, 0x29, 0x04, 0x06, 0xf8, 0x00, 0x04, 0x00,
  0x00, 0x00, 0x01, 0xf8, 0x81, 0x00, 0x00, 0x00, 0x00, 0x02, 0x00, 0x00,
  0x00, 0x00, 0x00, 0x00, 0x00, 0x00, 0x00, 0x00, 0xc0, 0x00, 0x00, 0x00,
  0x02, 0x29, 0x04, 0x06, 0xf8, 0x00, 0x04, 0x00, 0x00, 0x00, 0x01, 0xf8,
  0x01, 0x01, 0x00, 0x00, 0x00, 0x02, 0x00, 0x00, 0x00, 0x00, 0x00, 0x00,
  0x00, 0x00, 0x00, 0x00, 0xd0, 0x00, 0x00, 0x00, 0x02, 0x29, 0x04, 0x06,
  0xf8, 0x00, 0x04, 0x00, 0x00, 0x00, 0x01, 0xf8, 0x01, 0x00, 0x00, 0x00,
  0x00, 0x02, 0x00, 0x00, 0x00, 0x00, 0x00, 0x00, 0x00, 0x00, 0x00, 0x00,
  0xf0, 0x00, 0x00, 0x00, 0x41, 0x0c, 0x54, 0x04, 0x01, 0x47, 0x5a, 0x16,
  0xf8, 0x00, 0x04, 0x00, 0x00, 0x00, 0x00, 0x00, 0x01, 0x00, 0x00, 0x00,
  0x02, 0x22, 0x0e, 0x06, 0x01, 0x00, 0x52, 0x00, 0x00, 0x00, 0x83, 0x03,
  0x40, 0x00, 0x02, 0x00, 0x00, 0x00, 0x00, 0x00, 0x00, 0x00, 0x00, 0x00,
  0x00, 0x00, 0x00, 0x00, 0x90, 0x00, 0x00, 0x00, 0x02, 0x22, 0x0e, 0x06,
  0x01, 0x00, 0x52, 0x00, 0x00, 0x00, 0x03, 0x01, 0x40, 0x00, 0x02, 0x00,
  0x00, 0x00, 0x00, 0x00, 0x00, 0x00, 0x00, 0x00, 0x00, 0x00, 0x00, 0x00,
  0x60, 0x00, 0x00, 0x00, 0x41, 0x0c, 0x50, 0x04, 0x02, 0x38, 0x0e, 0x32,
  0x01, 0x00, 0x60, 0x11, 0x00, 0x00, 0x00, 0x00, 0x82, 0x00, 0x0a, 0x00,
  0x00, 0x82, 0x03, 0x06, 0x02, 0x00, 0x00, 0x00, 0x00, 0x00, 0x00, 0x00,
  0x00, 0x00, 0x00, 0x00, 0x02, 0x22, 0x0e, 0x06, 0x01, 0x00, 0x52, 0x00,
  0x00, 0x00, 0x03, 0x04, 0x40, 0x00, 0x02, 0x00, 0x00, 0x00, 0x00, 0x00,
  0x00, 0x00, 0x00, 0x00, 0x00, 0x00, 0x00, 0x00, 0x90, 0x00, 0x00, 0x00,
  0x02, 0x22, 0x0e, 0x06, 0x01, 0x00, 0x52, 0x00, 0x00, 0x00, 0x03, 0x01,
  0x40, 0x00, 0x02, 0x00, 0x00, 0x00, 0x00, 0x00, 0x00, 0x00, 0x00, 0x00,
  0x00, 0x00, 0x00, 0x00, 0x60, 0x00, 0x00, 0x00, 0x41, 0x0c, 0x50, 0x04,
  0x02, 0x38, 0x0e, 0x32, 0x01, 0x00, 0x60, 0x11, 0x00, 0x00, 0x00, 0x00,
  0x82, 0x00, 0x0a, 0x00, 0x00, 0x82, 0x03, 0x06, 0x02, 0x00, 0x00, 0x00,
  0x00, 0x00, 0x00, 0x00, 0x00, 0x00, 0x00, 0x00, 0x02, 0x22, 0x0e, 0x06,
  0x01, 0x00, 0x52, 0x00, 0x00, 0x00, 0x03, 0x04, 0x40, 0x00, 0x02, 0x00,
  0x00, 0x00, 0x00, 0x00, 0x00, 0x00, 0x00, 0x00, 0x00, 0x00, 0x00, 0x00,
  0x90, 0x00, 0x00, 0x00, 0x02, 0x22, 0x0e, 0x06, 0x01, 0x00, 0x52, 0x00,
  0x00, 0x00, 0x03, 0x01, 0x40, 0x00, 0x02, 0x00, 0x00, 0x00, 0x00, 0x00,
  0x00, 0x00, 0x00, 0x00, 0x00, 0x00, 0x00, 0x00, 0x60, 0x00, 0x00, 0x00,
  0x41, 0x0c, 0x50, 0x04, 0x02, 0x38, 0x0e, 0x32, 0x01, 0x00, 0x60, 0x11,
  0x00, 0x00, 0x00, 0x00, 0x82, 0x00, 0x0a, 0x00, 0x00, 0x82, 0x03, 0x06,
  0x02, 0x00, 0x00, 0x00, 0x00, 0x00, 0x00, 0x00, 0x00, 0x00, 0x00, 0x00,
  0x02, 0x22, 0x0e, 0x06, 0x01, 0x00, 0x52, 0x00, 0x00, 0x00, 0x03, 0x04,
  0x40, 0x00, 0x02, 0x00, 0x00, 0x00, 0x00, 0x00, 0x00, 0x00, 0x00, 0x00,
  0x00, 0x00, 0x00, 0x00, 0x90, 0x00, 0x00, 0x00, 0x02, 0x22, 0x0e, 0x06,
  0x01, 0x00, 0x52, 0x00, 0x00, 0x00, 0x03, 0x01, 0x40, 0x00, 0x02, 0x00,
  0x00, 0x00, 0x00, 0x00, 0x00, 0x00, 0x00, 0x00, 0x00, 0x00, 0x00, 0x00,
  0x60, 0x00, 0x00, 0x00, 0x41, 0x0c, 0x50, 0x04, 0x02, 0x38, 0x0e, 0x32,
  0x01, 0x00, 0x60, 0x11, 0x00, 0x00, 0x00, 0x00, 0x82, 0x00, 0x0a, 0x00,
  0x00, 0x82, 0x03, 0x06, 0x02, 0x00, 0x00, 0x00, 0x00, 0x00, 0x00, 0x00,
  0x00, 0x00, 0x00, 0x00, 0x02, 0x22, 0x0e, 0x06, 0x01, 0x00, 0x52, 0x00,
  0x00, 0x00, 0x03, 0x04, 0x40, 0x00, 0x02, 0x00, 0x00, 0x00, 0x00, 0x00,
  0x00, 0x00, 0x00, 0x00, 0x00, 0x00, 0x00, 0x00, 0x90, 0x00, 0x00, 0x00,
  0x02, 0x22, 0x0e, 0x06, 0x01, 0x00, 0x52, 0x00, 0x00, 0x00, 0x03, 0x01,
  0x40, 0x00, 0x02, 0x00, 0x00, 0x00, 0x00, 0x00, 0x00, 0x00, 0x00, 0x00,
  0x00, 0x00, 0x00, 0x00, 0x60, 0x00, 0x00, 0x00, 0x41, 0x0c, 0x50, 0x04,
  0x02, 0x38, 0x0e, 0x32, 0x01, 0x00, 0x60, 0x11, 0x00, 0x00, 0x00, 0x00,
  0x82, 0x00, 0x0a, 0x00, 0x00, 0x82, 0x03, 0x06, 0x02, 0x00, 0x00, 0x00,
  0x00, 0x00, 0x00, 0x00, 0x00, 0x00, 0x00, 0x00, 0x02, 0x22, 0x0e, 0x06,
  0x01, 0x00, 0x52, 0x00, 0x00, 0x00, 0x03, 0x04, 0x40, 0x00, 0x02, 0x00,
  0x00, 0x00, 0x00, 0x00, 0x00, 0x00, 0x00, 0x00, 0x00, 0x00, 0x00, 0x00,
  0x90, 0x00, 0x00, 0x00, 0x02, 0x22, 0x0e, 0x06, 0x01, 0x00, 0x52, 0x00,
  0x00, 0x00, 0x03, 0x01, 0x40, 0x00, 0x02, 0x00, 0x00, 0x00, 0x00, 0x00,
  0x00, 0x00, 0x00, 0x00, 0x00, 0x00, 0x00, 0x00, 0x60, 0x00, 0x00, 0x00,
  0x41, 0x0c, 0x50, 0x04, 0x02, 0x38, 0x0e, 0x32, 0x01, 0x00, 0x60, 0x11,
  0x00, 0x00, 0x00, 0x00, 0x82, 0x00, 0x0a, 0x00, 0x00, 0x82, 0x03, 0x06,
  0x02, 0x00, 0x00, 0x00, 0x00, 0x00, 0x00, 0x00, 0x00, 0x00, 0x00, 0x00,
  0x02, 0x22, 0x0e, 0x06, 0x01, 0x00, 0x52, 0x00, 0x00, 0x00, 0x83, 0x06,
  0x40, 0x00, 0x02, 0x00, 0x00, 0x00, 0x00, 0x00, 0x00, 0x00, 0x00, 0x00,
  0x00, 0x00, 0x00, 0x00, 0x90, 0x00, 0x00, 0x00, 0x02, 0x22, 0x0e, 0x06,
  0x01, 0x00, 0x52, 0x00, 0x00, 0x00, 0x03, 0x02, 0x40, 0x00, 0x02, 0x00,
  0x00, 0x00, 0x00, 0x00, 0x00, 0x00, 0x00, 0x00, 0x00, 0x00, 0x00, 0x00,
  0x60, 0x00, 0x00, 0x00, 0x02, 0x22, 0x0e, 0x06, 0x09, 0x00, 0x52, 0x00,
  0x00, 0x00, 0x03, 0x07, 0x40, 0x00, 0x02, 0x00, 0x00, 0x00, 0x00, 0x00,
  0x00, 0x00, 0x00, 0x00, 0x00, 0x00, 0x00, 0x00, 0x90, 0x00, 0x00, 0x00,
  0x02, 0x22, 0x0e, 0x06, 0x09, 0x00, 0x52, 0x00, 0x00, 0x00, 0x83, 0x02,
  0x40, 0x00, 0x02, 0x00, 0x00, 0x00, 0x00, 0x00, 0x00, 0x00, 0x00, 0x00,
  0x00, 0x00, 0x00, 0x00, 0x60, 0x00, 0x00, 0x00, 0x41, 0x0c, 0x50, 0x04,
  0x02, 0x38, 0x0e, 0x32, 0x01, 0x00, 0x60, 0x11, 0x00, 0x00, 0x00, 0x00,
  0x82, 0x00, 0x0a, 0x00, 0x00, 0x82, 0x03, 0x06, 0x04, 0x00, 0x00, 0x00,
  0x00, 0x00, 0x00, 0x00, 0x00, 0x00, 0x00, 0x00, 0x41, 0x0c, 0x50, 0x04,
  0x02, 0x38, 0x0e, 0x32, 0x09, 0x00, 0x60, 0x11, 0x00, 0x00, 0x00, 0x00,
  0x02, 0x01, 0x0a, 0x00, 0x00, 0x82, 0x03, 0x06, 0x05, 0x00, 0x00, 0x00,
  0x00, 0x00, 0x00, 0x00, 0x00, 0x00, 0x00, 0x00, 0x02, 0x22, 0x08, 0x06,
  0xfa, 0x00, 0x52, 0x00, 0x00, 0x00, 0x03, 0x02, 0x40, 0x00, 0x02, 0x00,
  0x00, 0x00, 0x00, 0x00, 0x00, 0x00, 0x00, 0x00, 0x00, 0x00, 0x00, 0x00,
  0x68, 0x00, 0x00, 0x00, 0x41, 0x10, 0x76, 0x0a, 0x02, 0x22, 0x0e, 0x06,
  0xf8, 0x00, 0x52, 0x00, 0x00, 0x00, 0x83, 0x01, 0x40, 0x00, 0x02, 0x00,
  0x00, 0x00, 0x00, 0x00, 0x00, 0x00, 0x00, 0x00, 0x00, 0x00, 0x00, 0x00,
  0x98, 0x00, 0x00, 0x00, 0x41, 0x0c, 0x50, 0x04, 0x41, 0x0c, 0x54, 0x04,
  0x02, 0x38, 0x0e, 0x32, 0x01, 0x00, 0x40, 0x11, 0x00, 0x00, 0x00, 0x00,
  0x82, 0x00, 0x0a, 0x00, 0x00, 0x82, 0x03, 0x40, 0x35, 0x00, 0x00, 0x00,
  0x00, 0x00, 0x00, 0x00, 0x00, 0x00, 0x00, 0x00, 0x02, 0x38, 0x0e, 0x32,
  0x01, 0x00, 0x40, 0x11, 0x00, 0x00, 0x00, 0x00, 0x82, 0x00, 0x0a, 0x00,
  0x00, 0x82, 0x03, 0x40, 0x08, 0x00, 0x00, 0x00, 0x00, 0x00, 0x00, 0x00,
  0x04, 0x00, 0x00, 0x00, 0x41, 0x0c, 0x50, 0x04, 0x41, 0x0c, 0x54, 0x04,
  0x02, 0x38, 0x0e, 0x32, 0xf8, 0x00, 0x40, 0x11, 0x00, 0x00, 0x00, 0x00,
  0x82, 0x00, 0x0a, 0x00, 0x00, 0x82, 0x03, 0xc0, 0x35, 0x00, 0x00, 0x00,
  0x00, 0x00, 0x00, 0x00, 0x00, 0x00, 0x00, 0x00, 0x02, 0x38, 0x0e, 0x32,
  0xf8, 0x00, 0x40, 0x11, 0x00, 0x00, 0x00, 0x00, 0x82, 0x00, 0x0a, 0x00,
  0x00, 0x82, 0x03, 0x00, 0x36, 0x00, 0x00, 0x00, 0x00, 0x00, 0x00, 0x00,
  0x04, 0x00, 0x00, 0x00, 0xd0, 0x04, 0xff, 0xff, 0xff, 0xff, 0x24, 0x00,
  0x00, 0x00, 0x00, 0x00, 0x00, 0x00, 0xff, 0xff, 0xff, 0xff, 0xff, 0xff,
  0xff, 0xff, 0x03, 0x00, 0x01, 0x7c, 0xff, 0xff, 0xff, 0xff, 0x0f, 0x0c,
  0x81, 0x80, 0x80, 0x28, 0x00, 0x08, 0xff, 0x81, 0x80, 0x28, 0x08, 0x81,
  0x80, 0x80, 0x28, 0x00, 0x00, 0x00, 0xff, 0xff, 0xff, 0xff, 0x34, 0x00,
  0x00, 0x00, 0x00, 0x00, 0x00, 0x00, 0x00, 0x00, 0x00, 0x00, 0x00, 0x00,
  0x00, 0x00, 0x00, 0x00, 0x00, 0x00, 0x00, 0x00, 0x00, 0x00, 0x40, 0x6a,
  0x00, 0x00, 0x00, 0x00, 0x00, 0x00, 0x04, 0x10, 0x00, 0x00, 0x00, 0x04,
  0xf0, 0x02, 0x00, 0x00, 0x0c, 0x81, 0x80, 0x80, 0x28, 0x00, 0x04, 0x30,
  0x67, 0x00, 0x00, 0x00, 0x00, 0x00, 0x00, 0x00, 0x00, 0x00, 0xff, 0xff,
  0xff, 0xff, 0x24, 0x00, 0x00, 0x00, 0x00, 0x00, 0x00, 0x00, 0xff, 0xff,
  0xff, 0xff, 0xff, 0xff, 0xff, 0xff, 0x03, 0x00, 0x01, 0x7c, 0xff, 0xff,
  0xff, 0xff, 0x0f, 0x0c, 0x81, 0x80, 0x80, 0x28, 0x00, 0x08, 0xff, 0x81,
  0x80, 0x28, 0x08, 0x81, 0x80, 0x80, 0x28, 0x00, 0x00, 0x00, 0xff, 0xff,
  0xff, 0xff, 0x34, 0x00, 0x00, 0x00, 0x00, 0x00, 0x00, 0x00, 0x70, 0x00,
  0x00, 0x00, 0x00, 0x00, 0x00, 0x00, 0x00, 0x00, 0x00, 0x00, 0x00, 0x00,
  0x00, 0x00, 0x00, 0x7f, 0x00, 0x00, 0x00, 0x00, 0x00, 0x00, 0x04, 0x10,
  0x00, 0x00, 0x00, 0x04, 0xf0, 0x02, 0x00, 0x00, 0x0c, 0x81, 0x80, 0x80,
  0x28, 0x00, 0x04, 0xf0, 0x7b, 0x00, 0x00, 0x00, 0x00, 0x00, 0x00, 0x00,
  0x00, 0x00, 0xff, 0xff, 0xff, 0xff, 0x24, 0x00, 0x00, 0x00, 0x00, 0x00,
  0x00, 0x00, 0xff, 0xff, 0xff, 0xff, 0xff, 0xff, 0xff, 0xff, 0x03, 0x00,
  0x01, 0x7c, 0xff, 0xff, 0xff, 0xff, 0x0f, 0x0c, 0x81, 0x80, 0x80, 0x28,
  0x00, 0x08, 0xff, 0x81, 0x80, 0x28, 0x08, 0x81, 0x80, 0x80, 0x28, 0x00,
  0x00, 0x00, 0xff, 0xff, 0xff, 0xff, 0x34, 0x00, 0x00, 0x00, 0x00, 0x00,
  0x00, 0x00, 0xe0, 0x00, 0x00, 0x00, 0x00, 0x00, 0x00, 0x00, 0x00, 0x00,
  0x00, 0x00, 0x00, 0x00, 0x00, 0x00, 0xd0, 0x75, 0x00, 0x00, 0x00, 0x00,
  0x00, 0x00, 0x04, 0x10, 0x00, 0x00, 0x00, 0x04, 0xf0, 0x02, 0x00, 0x00,
  0x0c, 0x81, 0x80, 0x80, 0x28, 0x00, 0x04, 0xc0, 0x72, 0x00, 0x00, 0x00,
  0x00, 0x00, 0x00, 0x00, 0x00, 0x00, 0xff, 0xff, 0xff, 0xff, 0x24, 0x00,
  0x00, 0x00, 0x00, 0x00, 0x00, 0x00, 0xff, 0xff, 0xff, 0xff, 0xff, 0xff,
  0xff, 0xff, 0x03, 0x00, 0x01, 0x7c, 0xff, 0xff, 0xff, 0xff, 0x0f, 0x0c,
  0x81, 0x80, 0x80, 0x28, 0x00, 0x08, 0xff, 0x81, 0x80, 0x28, 0x08, 0x81,
  0x80, 0x80, 0x28, 0x00, 0x00, 0x00, 0xff, 0xff, 0xff, 0xff, 0x34, 0x00,
  0x00, 0x00, 0x00, 0x00, 0x00, 0x00, 0x50, 0x01, 0x00, 0x00, 0x00, 0x00,
  0x00, 0x00, 0x00, 0x00, 0x00, 0x00, 0x00, 0x00, 0x00, 0x00, 0x60, 0x63,
  0x00, 0x00, 0x00, 0x00, 0x00, 0x00, 0x04, 0x10, 0x00, 0x00, 0x00, 0x04,
  0xf0, 0x02, 0x00, 0x00, 0x0c, 0x81, 0x80, 0x80, 0x28, 0x00, 0x04, 0x50,
  0x60, 0x00, 0x00, 0x00, 0x00, 0x00, 0x00, 0x00, 0x00, 0x00, 0x00, 0x00,
  0x04, 0x2f, 0x08, 0x00, 0x0d, 0x00, 0x00, 0x00, 0xff, 0x00, 0x00, 0x00,
  0x04, 0x11, 0x08, 0x00, 0x0d, 0x00, 0x00, 0x00, 0x00, 0x00, 0x00, 0x00,
  0x04, 0x2f, 0x08, 0x00, 0x0c, 0x00, 0x00, 0x00, 0xff, 0x00, 0x00, 0x00,
  0x04, 0x11, 0x08, 0x00, 0x0c, 0x00, 0x00, 0x00, 0x00, 0x00, 0x00, 0x00,
  0x04, 0x2f, 0x08, 0x00, 0x0b, 0x00, 0x00, 0x00, 0xff, 0x00, 0x00, 0x00,
  0x04, 0x11, 0x08, 0x00, 0x0b, 0x00, 0x00, 0x00, 0x00, 0x00, 0x00, 0x00,
  0x04, 0x2f, 0x08, 0x00, 0x0a, 0x00, 0x00, 0x00, 0xfd, 0x00, 0x00, 0x00,
  0x04, 0x11, 0x08, 0x00, 0x0a, 0x00, 0x00, 0x00, 0x00, 0x00, 0x00, 0x00,
  0x04, 0x12, 0x08, 0x00, 0x0a, 0x00, 0x00, 0x00, 0x00, 0x00, 0x00, 0x00,
  0x04, 0x12, 0x08, 0x00, 0x0b, 0x00, 0x00, 0x00, 0x00, 0x00, 0x00, 0x00,
  0x04, 0x12, 0x08, 0x00, 0x0c, 0x00, 0x00, 0x00, 0x00, 0x00, 0x00, 0x00,
  0x04, 0x12, 0x08, 0x00, 0x0d, 0x00, 0x00, 0x00, 0x00, 0x00, 0x00, 0x00,
  0x04, 0x37, 0x04, 0x00, 0x81, 0x00, 0x00, 0x00, 0x04, 0x5a, 0x34, 0x00,
  0x8a, 0x9d, 0x22, 0xa4, 0xb1, 0x9d, 0x14, 0x6d, 0x00, 0xb4, 0x2a, 0xf3,
  0xf7, 0x58, 0x03, 0x8e, 0x0c, 0x07, 0x0a, 0x1b, 0xe2, 0xde, 0x8a, 0xd7,
  0x52, 0x63, 0x87, 0x0c, 0xd7, 0x2b, 0x07, 0x00, 0xcd, 0x2b, 0x8a, 0x12,
  0x4e, 0x4c, 0x16, 0x24, 0xba, 0x19, 0xf5, 0xf0, 0x27, 0x94, 0x6a, 0x02,
  0x1a, 0x00, 0x00, 0x00, 0x04, 0x17, 0x0c, 0x00, 0x00, 0x00, 0x00, 0x00,
  0x00, 0x00, 0x00, 0x00, 0x00, 0xf0, 0x01, 0x0b, 0x03, 0x50, 0x00, 0x00,
  0x03, 0x1b, 0xff, 0x00, 0x02, 0x4c, 0x01, 0x00, 0x04, 0x29, 0x40, 0x00,
  0xff, 0xff, 0xff, 0xff, 0xff, 0xff, 0xff, 0xff, 0xff, 0xff, 0xff, 0xff,
  0xff, 0xff, 0xff, 0xff, 0xff, 0xff, 0xff, 0xff, 0xff, 0xff, 0xff, 0xff,
  0xff, 0xff, 0xff, 0xff, 0xff, 0xff, 0xff, 0xff, 0xff, 0xff, 0xff, 0xff,
  0xff, 0xff, 0xff, 0xff, 0xff, 0xff, 0xff, 0xff, 0xff, 0xff, 0xff, 0xff,
  0xff, 0xff, 0xff, 0xff, 0xff, 0xff, 0xff, 0xff, 0xff, 0xff, 0xff, 0xff,
  0xff, 0xff, 0xff, 0xff, 0x04, 0x28, 0x40, 0x00, 0x70, 0x37, 0x00, 0x00,
  0xc0, 0x37, 0x00, 0x00, 0xf0, 0x37, 0x00, 0x00, 0x30, 0x38, 0x00, 0x00,
  0xb0, 0x3d, 0x00, 0x00, 0x00, 0x3e, 0x00, 0x00, 0x30, 0x3e, 0x00, 0x00,
  0x60, 0x3e, 0x00, 0x00, 0x70, 0x3f, 0x00, 0x00, 0xc0, 0x3f, 0x00, 0x00,
  0xf0, 0x3f, 0x00, 0x00, 0xc0, 0x40, 0x00, 0x00, 0x30, 0x46, 0x00, 0x00,
  0x80, 0x46, 0x00, 0x00, 0xc0, 0x46, 0x00, 0x00, 0x00, 0x47, 0x00, 0x00,
  0x02, 0x4a, 0x00, 0x00, 0x04, 0x1c, 0x14, 0x00, 0xf0, 0x02, 0x00, 0x00,
  0xd0, 0x67, 0x00, 0x00, 0x30, 0x68, 0x00, 0x00, 0x70, 0x69, 0x00, 0x00,
  0x30, 0x6a, 0x00, 0x00, 0x04, 0x1e, 0x04, 0x00, 0x00, 0x00, 0x00, 0x00,
  0x04, 0x37, 0x04, 0x00, 0x81, 0x00, 0x00, 0x00, 0x04, 0x5a, 0x34, 0x00,
  0x8a, 0x9d, 0x22, 0xa4, 0xb1, 0x9d, 0x14, 0x6d, 0x00, 0xb4, 0x2a, 0xf3,
  0xf7, 0x58, 0x03, 0x8e, 0x0c, 0x07, 0x0a, 0x1b, 0xe2, 0xde, 0x8a, 0xd7,
  0x52, 0x63, 0x87, 0x0c, 0xd7, 0x2b, 0x07, 0x00, 0xcd, 0x2b, 0x8a, 0x12,
  0x4e, 0x4c, 0x16, 0x24, 0xba, 0x19, 0xf5, 0xf0, 0x27, 0x94, 0x6a, 0x02,
  0x1a, 0x00, 0x00, 0x00, 0x04, 0x17, 0x0c, 0x00, 0x00, 0x00, 0x00, 0x00,
  0x00, 0x00, 0x00, 0x00, 0x00, 0xf0, 0x01, 0x0b, 0x03, 0x50, 0x00, 0x00,
  0x03, 0x1b, 0xff, 0x00, 0x02, 0x4c, 0x01, 0x00, 0x04, 0x29, 0x40, 0x00,
  0xff, 0xff, 0xff, 0xff, 0xff, 0xff, 0xff, 0xff, 0xff, 0xff, 0xff, 0xff,
  0xff, 0xff, 0xff, 0xff, 0xff, 0xff, 0xff, 0xff, 0xff, 0xff, 0xff, 0xff,
  0xff, 0xff, 0xff, 0xff, 0xff, 0xff, 0xff, 0xff, 0xff, 0xff, 0xff, 0xff,
  0xff, 0xff, 0xff, 0xff, 0xff, 0xff, 0xff, 0xff, 0xff, 0xff, 0xff, 0xff,
  0xff, 0xff, 0xff, 0xff, 0xff, 0xff, 0xff, 0xff, 0xff, 0xff, 0xff, 0xff,
  0xff, 0xff, 0xff, 0xff, 0x04, 0x28, 0x40, 0x00, 0x10, 0x4c, 0x00, 0x00,
  0x70, 0x4c, 0x00, 0x00, 0xa0, 0x4c, 0x00, 0x00, 0x00, 0x4d, 0x00, 0x00,
  0x60, 0x52, 0x00, 0x00, 0xb0, 0x52, 0x00, 0x00, 0xe0, 0x52, 0x00, 0x00,
  0x10, 0x53, 0x00, 0x00, 0x00, 0x54, 0x00, 0x00, 0x50, 0x54, 0x00, 0x00,
  0xa0, 0x54, 0x00, 0x00, 0x30, 0x55, 0x00, 0x00, 0x40, 0x5a, 0x00, 0x00,
  0x20, 0x5b, 0x00, 0x00, 0x70, 0x5b, 0x00, 0x00, 0xf0, 0x5b, 0x00, 0x00,
  0x02, 0x4a, 0x00, 0x00, 0x04, 0x1c, 0x14, 0x00, 0xf0, 0x02, 0x00, 0x00,
  0x90, 0x7c, 0x00, 0x00, 0xf0, 0x7c, 0x00, 0x00, 0x30, 0x7e, 0x00, 0x00,
  0xf0, 0x7e, 0x00, 0x00, 0x04, 0x1e, 0x04, 0x00, 0x00, 0x00, 0x00, 0x00,
  0x04, 0x37, 0x04, 0x00, 0x81, 0x00, 0x00, 0x00, 0x04, 0x5a, 0x34, 0x00,
  0x8a, 0x9d, 0x22, 0xa4, 0xb1, 0x9d, 0x14, 0x6d, 0x00, 0xb4, 0x2a, 0xf3,
  0xf7, 0x58, 0x03, 0x8e, 0x0c, 0x07, 0x0a, 0x1b, 0xe2, 0xde, 0x8a, 0xd7,
  0x52, 0x63, 0x87, 0x0c, 0xd7, 0x2b, 0x07, 0x00, 0xcd, 0x2b, 0x8a, 0x12,
  0x4e, 0x4c, 0x16, 0x24, 0xba, 0x19, 0xf5, 0xf0, 0x27, 0x94, 0x6a, 0x02,
  0x1a, 0x00, 0x00, 0x00, 0x04, 0x17, 0x0c, 0x00, 0x00, 0x00, 0x00, 0x00,
  0x00, 0x00, 0x00, 0x00, 0x00, 0xf0, 0x01, 0x0b, 0x03, 0x50, 0x00, 0x00,
  0x03, 0x1b, 0xff, 0x00, 0x02, 0x4c, 0x01, 0x00, 0x04, 0x29, 0x40, 0x00,
  0xff, 0xff, 0xff, 0xff, 0xff, 0xff, 0xff, 0xff, 0xff, 0xff, 0xff, 0xff,
  0xff, 0xff, 0xff, 0xff, 0xff, 0xff, 0xff, 0xff, 0xff, 0xff, 0xff, 0xff,
  0xff, 0xff, 0xff, 0xff, 0xff, 0xff, 0xff, 0xff, 0xff, 0xff, 0xff, 0xff,
  0xff, 0xff, 0xff, 0xff, 0xff, 0xff, 0xff, 0xff, 0xff, 0xff, 0xff, 0xff,
  0xff, 0xff, 0xff, 0xff, 0xff, 0xff, 0xff, 0xff, 0xff, 0xff, 0xff, 0xff,
  0xff, 0xff, 0xff, 0xff, 0x04, 0x28, 0x40, 0x00, 0x80, 0x43, 0x00, 0x00,
  0xd0, 0x43, 0x00, 0x00, 0x00, 0x44, 0x00, 0x00, 0x40, 0x44, 0x00, 0x00,
  0x50, 0x49, 0x00, 0x00, 0xb0, 0x49, 0x00, 0x00, 0xe0, 0x49, 0x00, 0x00,
  0x10, 0x4a, 0x00, 0x00, 0xf0, 0x4a, 0x00, 0x00, 0x80, 0x4b, 0x00, 0x00,
  0xa0, 0x4b, 0x00, 0x00, 0xf0, 0x4b, 0x00, 0x00, 0x10, 0x51, 0x00, 0x00,
  0x70, 0x51, 0x00, 0x00, 0xb0, 0x51, 0x00, 0x00, 0x40, 0x52, 0x00, 0x00,
  0x02, 0x4a, 0x00, 0x00, 0x04, 0x1c, 0x14, 0x00, 0xf0, 0x02, 0x00, 0x00,
  0x60, 0x73, 0x00, 0x00, 0xc0, 0x73, 0x00, 0x00, 0x00, 0x75, 0x00, 0x00,
  0xc0, 0x75, 0x00, 0x00, 0x04, 0x1e, 0x04, 0x00, 0x00, 0x00, 0x00, 0x00,
  0x04, 0x37, 0x04, 0x00, 0x81, 0x00, 0x00, 0x00, 0x04, 0x5a, 0x34, 0x00,
  0x8a, 0x9d, 0x22, 0xa4, 0xb1, 0x9d, 0x14, 0x6d, 0x00, 0xb4, 0x2a, 0xf3,
  0xf7, 0x58, 0x03, 0x8e, 0x0c, 0x07, 0x0a, 0x1b, 0xe2, 0xde, 0x8a, 0xd7,
  0x52, 0x63, 0x87, 0x0c, 0xd7, 0x2b, 0x07, 0x00, 0xcd, 0x2b, 0x8a, 0x12,
  0x4e, 0x4c, 0x16, 0x24, 0xba, 0x19, 0xf5, 0xf0, 0x27, 0x94, 0x6a, 0x02,
  0x1a, 0x00, 0x00, 0x00, 0x04, 0x17, 0x0c, 0x00, 0x00, 0x00, 0x00, 0x00,
  0x00, 0x00, 0x00, 0x00, 0x00, 0xf0, 0x01, 0x0b, 0x03, 0x50, 0x00, 0x00,
  0x03, 0x1b, 0xff, 0x00, 0x02, 0x4c, 0x01, 0x00, 0x04, 0x29, 0x40, 0x00,
  0xff, 0xff, 0xff, 0xff, 0xff, 0xff, 0xff, 0xff, 0xff, 0xff, 0xff, 0xff,
  0xff, 0xff, 0xff, 0xff, 0xff, 0xff, 0xff, 0xff, 0xff, 0xff, 0xff, 0xff,
  0xff, 0xff, 0xff, 0xff, 0xff, 0xff, 0xff, 0xff, 0xff, 0xff, 0xff, 0xff,
  0xff, 0xff, 0xff, 0xff, 0xff, 0xff, 0xff, 0xff, 0xff, 0xff, 0xff, 0xff,
  0xff, 0xff, 0xff, 0xff, 0xff, 0xff, 0xff, 0xff, 0xff, 0xff, 0xff, 0xff,
  0xff, 0xff, 0xff, 0xff, 0x04, 0x28, 0x40, 0x00, 0x40, 0x31, 0x00, 0x00,
  0x80, 0x31, 0x00, 0x00, 0xa0, 0x31, 0x00, 0x00, 0x20, 0x32, 0x00, 0x00,
  0x20, 0x37, 0x00, 0x00, 0x50, 0x37, 0x00, 0x00, 0x90, 0x37, 0x00, 0x00,
  0xb0, 0x37, 0x00, 0x00, 0xf0, 0x38, 0x00, 0x00, 0x10, 0x39, 0x00, 0x00,
  0x50, 0x39, 0x00, 0x00, 0x10, 0x3a, 0x00, 0x00, 0x20, 0x3f, 0x00, 0x00,
  0x70, 0x3f, 0x00, 0x00, 0xb0, 0x3f, 0x00, 0x00, 0xf0, 0x3f, 0x00, 0x00,
  0x02, 0x4a, 0x00, 0x00, 0x04, 0x1c, 0x14, 0x00, 0xf0, 0x02, 0x00, 0x00,
  0xf0, 0x60, 0x00, 0x00, 0x50, 0x61, 0x00, 0x00, 0x90, 0x62, 0x00, 0x00,
  0x50, 0x63, 0x00, 0x00, 0x04, 0x1e, 0x04, 0x00, 0x00, 0x00, 0x00, 0x00,
  0x6c, 0x53, 0x00, 0x00, 0x00, 0x00, 0x00, 0x00, 0x03, 0x00, 0x01, 0x00,
  0x04, 0x00, 0x00, 0x00, 0x00, 0x00, 0x00, 0x00, 0x00, 0x00, 0x00, 0x00,
  0x9c, 0x07, 0x00, 0x00, 0x00, 0x00, 0x00, 0x00, 0x03, 0x00, 0x01, 0x00,
  0x04, 0x00, 0x00, 0x00, 0x00, 0x00, 0x00, 0x00, 0x00, 0x00, 0x00, 0x00,
  0x2c, 0x68, 0x00, 0x00, 0x00, 0x00, 0x00, 0x00, 0x03, 0x00, 0x01, 0x00,
  0x04, 0x00, 0x00, 0x00, 0x00, 0x00, 0x00, 0x00, 0x00, 0x00, 0x00, 0x00,
  0x0c, 0x08, 0x00, 0x00, 0x00, 0x00, 0x00, 0x00, 0x03, 0x00, 0x01, 0x00,
  0x04, 0x00, 0x00, 0x00, 0x00, 0x00, 0x00, 0x00, 0x00, 0x00, 0x00, 0x00,
  0xec, 0x5e, 0x00, 0x00, 0x00, 0x00, 0x00, 0x00, 0x03, 0x00, 0x01, 0x00,
  0x04, 0x00, 0x00, 0x00, 0x00, 0x00, 0x00, 0x00, 0x00, 0x00, 0x00, 0x00,
  0x7c, 0x04, 0x00, 0x00, 0x00, 0x00, 0x00, 0x00, 0x03, 0x00, 0x01, 0x00,
  0x04, 0x00, 0x00, 0x00, 0x00, 0x00, 0x00, 0x00, 0x00, 0x00, 0x00, 0x00,
  0x9c, 0x4c, 0x00, 0x00, 0x00, 0x00, 0x00, 0x00, 0x03, 0x00, 0x01, 0x00,
  0x04, 0x00, 0x00, 0x00, 0x00, 0x00, 0x00, 0x00, 0x00, 0x00, 0x00, 0x00,
  0x4c, 0x04, 0x00, 0x00, 0x00, 0x00, 0x00, 0x00, 0x03, 0x00, 0x01, 0x00,
  0x04, 0x00, 0x00, 0x00, 0x00, 0x00, 0x00, 0x00, 0x00, 0x00, 0x00, 0x00,
  0x94, 0x01, 0x00, 0x00, 0x00, 0x00, 0x00, 0x00, 0x3d, 0x00, 0x01, 0x00,
  0x0d, 0x00, 0x00, 0x00, 0x00, 0x00, 0x00, 0x00, 0x00, 0x00, 0x00, 0x00,
  0x24, 0x01, 0x00, 0x00, 0x00, 0x00, 0x00, 0x00, 0x3d, 0x00, 0x01, 0x00,
  0x0c, 0x00, 0x00, 0x00, 0x00, 0x00, 0x00, 0x00, 0x00, 0x00, 0x00, 0x00,
  0xb4, 0x00, 0x00, 0x00, 0x00, 0x00, 0x00, 0x00, 0x3d, 0x00, 0x01, 0x00,
  0x0b, 0x00, 0x00, 0x00, 0x00, 0x00, 0x00, 0x00, 0x00, 0x00, 0x00, 0x00,
  0x44, 0x00, 0x00, 0x00, 0x00, 0x00, 0x00, 0x00, 0x3d, 0x00, 0x01, 0x00,
  0x0a, 0x00, 0x00, 0x00, 0x00, 0x00, 0x00, 0x00, 0x00, 0x00, 0x00, 0x00,
  0x00, 0x00, 0x00, 0x00, 0x00, 0x00, 0x00, 0x00, 0x00, 0x00, 0x00, 0x00,
  0x00, 0x00, 0x00, 0x00, 0x00, 0x00, 0x00, 0x00, 0x00, 0x00, 0x00, 0x00,
  0x51, 0x00, 0x00, 0x00, 0x03, 0x00, 0x20, 0x00, 0x00, 0x00, 0x00, 0x00,
  0x00, 0x00, 0x00, 0x00, 0x00, 0x00, 0x00, 0x00, 0x00, 0x00, 0x00, 0x00,
  0x4c, 0x01, 0x00, 0x00, 0x21, 0x00, 0x00, 0x00, 0x00, 0x00, 0x00, 0x00,
  0x00, 0x00, 0x00, 0x00, 0x04, 0x00, 0x00, 0x00, 0x00, 0x00, 0x00, 0x00,
  0x7b, 0x01, 0x00, 0x00, 0x20, 0xa0, 0x2f, 0x00, 0x00, 0x00, 0x00, 0x00,
  0x00, 0x00, 0x00, 0x00, 0x00, 0x00, 0x00, 0x00, 0x00, 0x00, 0x00, 0x00,
  0x9c, 0x01, 0x00, 0x00, 0x21, 0x00, 0x00, 0x00, 0x00, 0x00, 0x00, 0x00,
  0x00, 0x00, 0x00, 0x00, 0x04, 0x00, 0x00, 0x00, 0x00, 0x00, 0x00, 0x00,
  0x67, 0x02, 0x00, 0x00, 0x03, 0x00, 0x21, 0x00, 0x00, 0x00, 0x00, 0x00,
  0x00, 0x00, 0x00, 0x00, 0x00, 0x00, 0x00, 0x00, 0x00, 0x00, 0x00, 0x00,
  0x53, 0x04, 0x00, 0x00, 0x03, 0x00, 0x22, 0x00, 0x00, 0x00, 0x00, 0x00,
  0x00, 0x00, 0x00, 0x00, 0x00, 0x00, 0x00, 0x00, 0x00, 0x00, 0x00, 0x00,
  0xe0, 0x05, 0x00, 0x00, 0x03, 0x00, 0x23, 0x00, 0x00, 0x00, 0x00, 0x00,
  0x00, 0x00, 0x00, 0x00, 0x00, 0x00, 0x00, 0x00, 0x00, 0x00, 0x00, 0x00,
  0x4a, 0x07, 0x00, 0x00, 0x03, 0x00, 0x24, 0x00, 0x00, 0x00, 0x00, 0x00,
  0x00, 0x00, 0x00, 0x00, 0x00, 0x00, 0x00, 0x00, 0x00, 0x00, 0x00, 0x00,
  0x7a, 0x07, 0x00, 0x00, 0x03, 0x00, 0x0d, 0x00, 0x00, 0x00, 0x00, 0x00,
  0x00, 0x00, 0x00, 0x00, 0x00, 0x00, 0x00, 0x00, 0x00, 0x00, 0x00, 0x00,
  0x96, 0x07, 0x00, 0x00, 0x12, 0x10, 0x20, 0x00, 0x00, 0x00, 0x00, 0x00,
  0x00, 0x00, 0x00, 0x00, 0x40, 0x6a, 0x00, 0x00, 0x00, 0x00, 0x00, 0x00,
  0xe1, 0x07, 0x00, 0x00, 0x12, 0x10, 0x21, 0x00, 0x00, 0x00, 0x00, 0x00,
  0x00, 0x00, 0x00, 0x00, 0x00, 0x7f, 0x00, 0x00, 0x00, 0x00, 0x00, 0x00,
  0x3a, 0x08, 0x00, 0x00, 0x12, 0x10, 0x22, 0x00, 0x00, 0x00, 0x00, 0x00,
  0x00, 0x00, 0x00, 0x00, 0xd0, 0x75, 0x00, 0x00, 0x00, 0x00, 0x00, 0x00,
  0x80, 0x08, 0x00, 0x00, 0x12, 0x10, 0x23, 0x00, 0x00, 0x00, 0x00, 0x00,
  0x00, 0x00, 0x00, 0x00, 0x60, 0x63, 0x00, 0x00, 0x00, 0x00, 0x00, 0x00,
  0x00, 0x00, 0x00, 0x00, 0x00, 0x00, 0x00, 0x00, 0x00, 0x00, 0x00, 0x00,
  0x00, 0x00, 0x00, 0x00, 0x00, 0x00, 0x00, 0x00, 0x00, 0x00, 0x00, 0x00,
  0x00, 0x00, 0x00, 0x00, 0x00, 0x00, 0x00, 0x00, 0x00, 0x00, 0x00, 0x00,
  0x00, 0x00, 0x00, 0x00, 0x00, 0x00, 0x00, 0x00, 0x00, 0x00, 0x00, 0x00,
  0x00, 0x00, 0x00, 0x00, 0x00, 0x00, 0x00, 0x00, 0x00, 0x00, 0x00, 0x00,
  0x00, 0x00, 0x00, 0x00, 0x01, 0x00, 0x00, 0x00, 0x03, 0x00, 0x00, 0x00,
  0x00, 0x00, 0x00, 0x00, 0x00, 0x00, 0x00, 0x00, 0x00, 0x00, 0x00, 0x00,
  0x00, 0x00, 0x00, 0x00, 0x40, 0x00, 0x00, 0x00, 0x00, 0x00, 0x00, 0x00,
  0x65, 0x0d, 0x00, 0x00, 0x00, 0x00, 0x00, 0x00, 0x00, 0x00, 0x00, 0x00,
  0x00, 0x00, 0x00, 0x00, 0x01, 0x00, 0x00, 0x00, 0x00, 0x00, 0x00, 0x00,
  0x00, 0x00, 0x00, 0x00, 0x00, 0x00, 0x00, 0x00, 0x0b, 0x00, 0x00, 0x00,
  0x03, 0x00, 0x00, 0x00, 0x00, 0x00, 0x00, 0x00, 0x00, 0x00, 0x00, 0x00,
  0x00, 0x00, 0x00, 0x00, 0x00, 0x00, 0x00, 0x00, 0xc9, 0x0d, 0x00, 0x00,
  0x00, 0x00, 0x00, 0x00, 0x20, 0x0a, 0x00, 0x00, 0x00, 0x00, 0x00, 0x00,
  0x00, 0x00, 0x00, 0x00, 0x00, 0x00, 0x00, 0x00, 0x01, 0x00, 0x00, 0x00,
  0x00, 0x00, 0x00, 0x00, 0x00, 0x00, 0x00, 0x00, 0x00, 0x00, 0x00, 0x00,
  0x13, 0x00, 0x00, 0x00, 0x02, 0x00, 0x00, 0x00, 0x00, 0x00, 0x00, 0x00,
  0x00, 0x00, 0x00, 0x00, 0x00, 0x00, 0x00, 0x00, 0x00, 0x00, 0x00, 0x00,
  0xf0, 0x17, 0x00, 0x00, 0x00, 0x00, 0x00, 0x00, 0xb0, 0x01, 0x00, 0x00,
  0x00, 0x00, 0x00, 0x00, 0x02, 0x00, 0x00, 0x00, 0x0a, 0x00, 0x00, 0x00,
  0x08, 0x00, 0x00, 0x00, 0x00, 0x00, 0x00, 0x00, 0x18, 0x00, 0x00, 0x00,
  0x00, 0x00, 0x00, 0x00, 0xfb, 0x06, 0x00, 0x00, 0x01, 0x00, 0x00, 0x00,
  0x00, 0x00, 0x00, 0x00, 0x00, 0x00, 0x00, 0x00, 0x00, 0x00, 0x00, 0x00,
  0x00, 0x00, 0x00, 0x00, 0xa0, 0x19, 0x00, 0x00, 0x00, 0x00, 0x00, 0x00,
  0xa0, 0x01, 0x00, 0x00, 0x00, 0x00, 0x00, 0x00, 0x00, 0x00, 0x00, 0x00,
  0x00, 0x00, 0x00, 0x00, 0x01, 0x00, 0x00, 0x00, 0x00, 0x00, 0x00, 0x00,
  0x00, 0x00, 0x00, 0x00, 0x00, 0x00, 0x00, 0x00, 0x29, 0x00, 0x00, 0x00,
  0x07, 0x00, 0x00, 0x00, 0x00, 0x00, 0x00, 0x02, 0x00, 0x00, 0x00, 0x00,
  0x00, 0x00, 0x00, 0x00, 0x00, 0x00, 0x00, 0x00, 0x40, 0x1b, 0x00, 0x00,
  0x00, 0x00, 0x00, 0x00, 0xa8, 0x00, 0x00, 0x00, 0x00, 0x00, 0x00, 0x00,
  0x00, 0x00, 0x00, 0x00, 0x00, 0x00, 0x00, 0x00, 0x04, 0x00, 0x00, 0x00,
  0x00, 0x00, 0x00, 0x00, 0x00, 0x00, 0x00, 0x00, 0x00, 0x00, 0x00, 0x00,
  0x39, 0x00, 0x00, 0x00, 0x07, 0x00, 0x00, 0x00, 0x40, 0x00, 0x00, 0x01,
  0x00, 0x00, 0x00, 0x00, 0x00, 0x00, 0x00, 0x00, 0x00, 0x00, 0x00, 0x00,
  0xe8, 0x1b, 0x00, 0x00, 0x00, 0x00, 0x00, 0x00, 0x24, 0x00, 0x00, 0x00,
  0x00, 0x00, 0x00, 0x00, 0x05, 0x00, 0x00, 0x00, 0x09, 0x00, 0x00, 0x00,
  0x04, 0x00, 0x00, 0x00, 0x00, 0x00, 0x00, 0x00, 0x00, 0x00, 0x00, 0x00,
  0x00, 0x00, 0x00, 0x00, 0x48, 0x00, 0x00, 0x00, 0x00, 0x00, 0x00, 0x70,
  0x00, 0x00, 0x00, 0x00, 0x00, 0x00, 0x00, 0x00, 0x00, 0x00, 0x00, 0x00,
  0x00, 0x00, 0x00, 0x00, 0x0c, 0x1c, 0x00, 0x00, 0x00, 0x00, 0x00, 0x00,
  0x90, 0x00, 0x00, 0x00, 0x00, 0x00, 0x00, 0x00, 0x03, 0x00, 0x00, 0x00,
  0x00, 0x00, 0x00, 0x00, 0x04, 0x00, 0x00, 0x00, 0x00, 0x00, 0x00, 0x00,
  0x00, 0x00, 0x00, 0x00, 0x00, 0x00, 0x00, 0x00, 0xa2, 0x00, 0x00, 0x00,
  0x00, 0x00, 0x00, 0x70, 0x40, 0x00, 0x00, 0x00, 0x00, 0x00, 0x00, 0x00,
  0x00, 0x00, 0x00, 0x00, 0x00, 0x00, 0x00, 0x00, 0x9c, 0x1c, 0x00, 0x00,
  0x00, 0x00, 0x00, 0x00, 0xe8, 0x00, 0x00, 0x00, 0x00, 0x00, 0x00, 0x00,
  0x03, 0x00, 0x00, 0x00, 0x13, 0x00, 0x00, 0x00, 0x04, 0x00, 0x00, 0x00,
  0x00, 0x00, 0x00, 0x00, 0x00, 0x00, 0x00, 0x00, 0x00, 0x00, 0x00, 0x00,
  0x62, 0x01, 0x00, 0x00, 0x86, 0x00, 0x00, 0x70, 0x00, 0x00, 0x00, 0x00,
  0x00, 0x00, 0x00, 0x00, 0x00, 0x00, 0x00, 0x00, 0x00, 0x00, 0x00, 0x00,
  0x84, 0x1d, 0x00, 0x00, 0x00, 0x00, 0x00, 0x00, 0x10, 0x00, 0x00, 0x00,
  0x00, 0x00, 0x00, 0x00, 0x00, 0x00, 0x00, 0x00, 0x00, 0x00, 0x00, 0x00,
  0x04, 0x00, 0x00, 0x00, 0x00, 0x00, 0x00, 0x00, 0x00, 0x00, 0x00, 0x00,
  0x00, 0x00, 0x00, 0x00, 0x77, 0x02, 0x00, 0x00, 0x00, 0x00, 0x00, 0x70,
  0x40, 0x00, 0x00, 0x00, 0x00, 0x00, 0x00, 0x00, 0x00, 0x00, 0x00, 0x00,
  0x00, 0x00, 0x00, 0x00, 0x94, 0x1d, 0x00, 0x00, 0x00, 0x00, 0x00, 0x00,
  0xe8, 0x00, 0x00, 0x00, 0x00, 0x00, 0x00, 0x00, 0x03, 0x00, 0x00, 0x00,
  0x14, 0x00, 0x00, 0x00, 0x04, 0x00, 0x00, 0x00, 0x00, 0x00, 0x00, 0x00,
  0x00, 0x00, 0x00, 0x00, 0x00, 0x00, 0x00, 0x00, 0x50, 0x04, 0x00, 0x00,
  0x00, 0x00, 0x00, 0x70, 0x40, 0x00, 0x00, 0x00, 0x00, 0x00, 0x00, 0x00,
  0x00, 0x00, 0x00, 0x00, 0x00, 0x00, 0x00, 0x00, 0x7c, 0x1e, 0x00, 0x00,
  0x00, 0x00, 0x00, 0x00, 0xe8, 0x00, 0x00, 0x00, 0x00, 0x00, 0x00, 0x00,
  0x03, 0x00, 0x00, 0x00, 0x15, 0x00, 0x00, 0x00, 0x04, 0x00, 0x00, 0x00,
  0x00, 0x00, 0x00, 0x00, 0x00, 0x00, 0x00, 0x00, 0x00, 0x00, 0x00, 0x00,
  0xd6, 0x05, 0x00, 0x00, 0x00, 0x00, 0x00, 0x70, 0x40, 0x00, 0x00, 0x00,
  0x00, 0x00, 0x00, 0x00, 0x00, 0x00, 0x00, 0x00, 0x00, 0x00, 0x00, 0x00,
  0x64, 0x1f, 0x00, 0x00, 0x00, 0x00, 0x00, 0x00, 0xe8, 0x00, 0x00, 0x00,
  0x00, 0x00, 0x00, 0x00, 0x03, 0x00, 0x00, 0x00, 0x16, 0x00, 0x00, 0x00,
  0x04, 0x00, 0x00, 0x00, 0x00, 0x00, 0x00, 0x00, 0x00, 0x00, 0x00, 0x00,
  0x00, 0x00, 0x00, 0x00, 0x2b, 0x07, 0x00, 0x00, 0x01, 0x00, 0x00, 0x70,
  0x00, 0x00, 0x00, 0x00, 0x00, 0x00, 0x00, 0x00, 0x00, 0x00, 0x00, 0x00,
  0x00, 0x00, 0x00, 0x00, 0x4c, 0x20, 0x00, 0x00, 0x00, 0x00, 0x00, 0x00,
  0x20, 0x00, 0x00, 0x00, 0x00, 0x00, 0x00, 0x00, 0x03, 0x00, 0x00, 0x00,
  0x00, 0x00, 0x00, 0x00, 0x04, 0x00, 0x00, 0x00, 0x00, 0x00, 0x00, 0x00,
  0x08, 0x00, 0x00, 0x00, 0x00, 0x00, 0x00, 0x00, 0xc2, 0x01, 0x00, 0x00,
  0x04, 0x00, 0x00, 0x00, 0x40, 0x00, 0x00, 0x00, 0x00, 0x00, 0x00, 0x00,
  0x00, 0x00, 0x00, 0x00, 0x00, 0x00, 0x00, 0x00, 0x70, 0x20, 0x00, 0x00,
  0x00, 0x00, 0x00, 0x00, 0x00, 0x00, 0x00, 0x00, 0x00, 0x00, 0x00, 0x00,
  0x03, 0x00, 0x00, 0x00, 0x13, 0x00, 0x00, 0x00, 0x08, 0x00, 0x00, 0x00,
  0x00, 0x00, 0x00, 0x00, 0x18, 0x00, 0x00, 0x00, 0x00, 0x00, 0x00, 0x00,
  0xa0, 0x03, 0x00, 0x00, 0x04, 0x00, 0x00, 0x00, 0x40, 0x00, 0x00, 0x00,
  0x00, 0x00, 0x00, 0x00, 0x00, 0x00, 0x00, 0x00, 0x00, 0x00, 0x00, 0x00,
  0x70, 0x20, 0x00, 0x00, 0x00, 0x00, 0x00, 0x00, 0x00, 0x00, 0x00, 0x00,
  0x00, 0x00, 0x00, 0x00, 0x03, 0x00, 0x00, 0x00, 0x14, 0x00, 0x00, 0x00,
  0x08, 0x00, 0x00, 0x00, 0x00, 0x00, 0x00, 0x00, 0x18, 0x00, 0x00, 0x00,
  0x00, 0x00, 0x00, 0x00, 0x40, 0x05, 0x00, 0x00, 0x04, 0x00, 0x00, 0x00,
  0x40, 0x00, 0x00, 0x00, 0x00, 0x00, 0x00, 0x00, 0x00, 0x00, 0x00, 0x00,
  0x00, 0x00, 0x00, 0x00, 0x70, 0x20, 0x00, 0x00, 0x00, 0x00, 0x00, 0x00,
  0x00, 0x00, 0x00, 0x00, 0x00, 0x00, 0x00, 0x00, 0x03, 0x00, 0x00, 0x00,
  0x15, 0x00, 0x00, 0x00, 0x08, 0x00, 0x00, 0x00, 0x00, 0x00, 0x00, 0x00,
  0x18, 0x00, 0x00, 0x00, 0x00, 0x00, 0x00, 0x00, 0xb1, 0x06, 0x00, 0x00,
  0x04, 0x00, 0x00, 0x00, 0x40, 0x00, 0x00, 0x00, 0x00, 0x00, 0x00, 0x00,
  0x00, 0x00, 0x00, 0x00, 0x00, 0x00, 0x00, 0x00, 0x70, 0x20, 0x00, 0x00,
  0x00, 0x00, 0x00, 0x00, 0x00, 0x00, 0x00, 0x00, 0x00, 0x00, 0x00, 0x00,
  0x03, 0x00, 0x00, 0x00, 0x16, 0x00, 0x00, 0x00, 0x08, 0x00, 0x00, 0x00,
  0x00, 0x00, 0x00, 0x00, 0x18, 0x00, 0x00, 0x00, 0x00, 0x00, 0x00, 0x00,
  0x19, 0x07, 0x00, 0x00, 0x04, 0x00, 0x00, 0x00, 0x40, 0x00, 0x00, 0x00,
  0x00, 0x00, 0x00, 0x00, 0x00, 0x00, 0x00, 0x00, 0x00, 0x00, 0x00, 0x00,
  0x70, 0x20, 0x00, 0x00, 0x00, 0x00, 0x00, 0x00, 0x60, 0x00, 0x00, 0x00,
  0x00, 0x00, 0x00, 0x00, 0x03, 0x00, 0x00, 0x00, 0x04, 0x00, 0x00, 0x00,
  0x08, 0x00, 0x00, 0x00, 0x00, 0x00, 0x00, 0x00, 0x18, 0x00, 0x00, 0x00,
  0x00, 0x00, 0x00, 0x00, 0x51, 0x00, 0x00, 0x00, 0x01, 0x00, 0x00, 0x00,
  0x06, 0x00, 0x00, 0x00, 0x00, 0x00, 0x00, 0x00, 0x00, 0x00, 0x00, 0x00,
  0x00, 0x00, 0x00, 0x00, 0x00, 0x21, 0x00, 0x00, 0x00, 0x00, 0x00, 0x00,
  0x00, 0x4a, 0x00, 0x00, 0x00, 0x00, 0x00, 0x00, 0x03, 0x00, 0x00, 0x00,
  0x0a, 0x00, 0x00, 0x00, 0x80, 0x00, 0x00, 0x00, 0x00, 0x00, 0x00, 0x00,
  0x00, 0x00, 0x00, 0x00, 0x00, 0x00, 0x00, 0x00, 0x18, 0x02, 0x00, 0x00,
  0x01, 0x00, 0x00, 0x00, 0x06, 0x00, 0x00, 0x00, 0x00, 0x00, 0x00, 0x00,
  0x00, 0x00, 0x00, 0x00, 0x00, 0x00, 0x00, 0x00, 0x00, 0x6b, 0x00, 0x00,
  0x00, 0x00, 0x00, 0x00, 0x80, 0x58, 0x00, 0x00, 0x00, 0x00, 0x00, 0x00,
  0x03, 0x00, 0x00, 0x00, 0x0b, 0x00, 0x00, 0x00, 0x80, 0x00, 0x00, 0x00,
  0x00, 0x00, 0x00, 0x00, 0x00, 0x00, 0x00, 0x00, 0x00, 0x00, 0x00, 0x00,
  0x04, 0x04, 0x00, 0x00, 0x01, 0x00, 0x00, 0x00, 0x06, 0x00, 0x00, 0x00,
  0x00, 0x00, 0x00, 0x00, 0x00, 0x00, 0x00, 0x00, 0x00, 0x00, 0x00, 0x00,
  0x80, 0xc3, 0x00, 0x00, 0x00, 0x00, 0x00, 0x00, 0x00, 0x53, 0x00, 0x00,
  0x00, 0x00, 0x00, 0x00, 0x03, 0x00, 0x00, 0x00, 0x0c, 0x00, 0x00, 0x00,
  0x80, 0x00, 0x00, 0x00, 0x00, 0x00, 0x00, 0x00, 0x00, 0x00, 0x00, 0x00,
  0x00, 0x00, 0x00, 0x00, 0x91, 0x05, 0x00, 0x00, 0x01, 0x00, 0x00, 0x00,
  0x06, 0x00, 0x00, 0x00, 0x00, 0x00, 0x00, 0x00, 0x00, 0x00, 0x00, 0x00,
  0x00, 0x00, 0x00, 0x00, 0x80, 0x16, 0x01, 0x00, 0x00, 0x00, 0x00, 0x00,
  0x80, 0x45, 0x00, 0x00, 0x00, 0x00, 0x00, 0x00, 0x03, 0x00, 0x00, 0x00,
  0x0d, 0x00, 0x00, 0x00, 0x80, 0x00, 0x00, 0x00, 0x00, 0x00, 0x00, 0x00,
  0x00, 0x00, 0x00, 0x00, 0x00, 0x00, 0x00, 0x00, 0xf6, 0x00, 0x00, 0x00,
  0x08, 0x00, 0x00, 0x00, 0x43, 0x00, 0x00, 0x00, 0x00, 0x00, 0x00, 0x00,
  0x00, 0x00, 0x00, 0x00, 0x00, 0x00, 0x00, 0x00, 0x00, 0x5c, 0x01, 0x00,
  0x00, 0x00, 0x00, 0x00, 0x00, 0x04, 0x00, 0x00, 0x00, 0x00, 0x00, 0x00,
  0x00, 0x00, 0x00, 0x00, 0x13, 0x00, 0x00, 0x00, 0x10, 0x00, 0x00, 0x00,
  0x00, 0x00, 0x00, 0x00, 0x00, 0x00, 0x00, 0x00, 0x00, 0x00, 0x00, 0x00,
  0x4c, 0x01, 0x00, 0x00, 0x08, 0x00, 0x00, 0x00, 0x03, 0x00, 0x00, 0x00,
  0x00, 0x00, 0x00, 0x00, 0x00, 0x00, 0x00, 0x00, 0x00, 0x00, 0x00, 0x00,
  0x00, 0x5c, 0x01, 0x00, 0x00, 0x00, 0x00, 0x00, 0x40, 0x00, 0x00, 0x00,
  0x00, 0x00, 0x00, 0x00, 0x00, 0x00, 0x00, 0x00, 0x00, 0x00, 0x00, 0x00,
  0x01, 0x00, 0x00, 0x00, 0x00, 0x00, 0x00, 0x00, 0x00, 0x00, 0x00, 0x00,
  0x00, 0x00, 0x00, 0x00, 0xd9, 0x02, 0x00, 0x00, 0x08, 0x00, 0x00, 0x00,
  0x43, 0x00, 0x00, 0x00, 0x00, 0x00, 0x00, 0x00, 0x00, 0x00, 0x00, 0x00,
  0x00, 0x00, 0x00, 0x00, 0x00, 0x5c, 0x01, 0x00, 0x00, 0x00, 0x00, 0x00,
  0x00, 0x04, 0x00, 0x00, 0x00, 0x00, 0x00, 0x00, 0x00, 0x00, 0x00, 0x00,
  0x14, 0x00, 0x00, 0x00, 0x10, 0x00, 0x00, 0x00, 0x00, 0x00, 0x00, 0x00,
  0x00, 0x00, 0x00, 0x00, 0x00, 0x00, 0x00, 0x00, 0x9f, 0x04, 0x00, 0x00,
  0x08, 0x00, 0x00, 0x00, 0x43, 0x00, 0x00, 0x00, 0x00, 0x00, 0x00, 0x00,
  0x00, 0x00, 0x00, 0x00, 0x00, 0x00, 0x00, 0x00, 0x00, 0x5c, 0x01, 0x00,
  0x00, 0x00, 0x00, 0x00, 0x00, 0x04, 0x00, 0x00, 0x00, 0x00, 0x00, 0x00,
  0x00, 0x00, 0x00, 0x00, 0x15, 0x00, 0x00, 0x00, 0x10, 0x00, 0x00, 0x00,
  0x00, 0x00, 0x00, 0x00, 0x00, 0x00, 0x00, 0x00, 0x00, 0x00, 0x00, 0x00,
  0x1e, 0x06, 0x00, 0x00, 0x08, 0x00, 0x00, 0x00, 0x43, 0x00, 0x00, 0x00,
  0x00, 0x00, 0x00, 0x00, 0x00, 0x00, 0x00, 0x00, 0x00, 0x00, 0x00, 0x00,
  0x00, 0x5c, 0x01, 0x00, 0x00, 0x00, 0x00, 0x00, 0x00, 0x04, 0x00, 0x00,
  0x00, 0x00, 0x00, 0x00, 0x00, 0x00, 0x00, 0x00, 0x16, 0x00, 0x00, 0x00,
  0x10, 0x00, 0x00, 0x00, 0x00, 0x00, 0x00, 0x00, 0x00, 0x00, 0x00, 0x00,
  0x00, 0x00, 0x00, 0x00, 0x47, 0x07, 0x00, 0x00, 0x01, 0x00, 0x00, 0x00,
  0x42, 0x00, 0x00, 0x00, 0x00, 0x00, 0x00, 0x00, 0x00, 0x00, 0x00, 0x00,
  0x00, 0x00, 0x00, 0x00, 0x00, 0x5c, 0x01, 0x00, 0x00, 0x00, 0x00, 0x00,
  0x40, 0x06, 0x00, 0x00, 0x00, 0x00, 0x00, 0x00, 0x00, 0x00, 0x00, 0x00,
  0x13, 0x00, 0x00, 0x00, 0x04, 0x00, 0x00, 0x00, 0x00, 0x00, 0x00, 0x00,
  0x00, 0x00, 0x00, 0x00, 0x00, 0x00, 0x00, 0x00, 0xa0, 0x07, 0x00, 0x00,
  0x01, 0x00, 0x00, 0x00, 0x42, 0x00, 0x00, 0x00, 0x00, 0x00, 0x00, 0x00,
  0x00, 0x00, 0x00, 0x00, 0x00, 0x00, 0x00, 0x00, 0x40, 0x62, 0x01, 0x00,
  0x00, 0x00, 0x00, 0x00, 0x40, 0x06, 0x00, 0x00, 0x00, 0x00, 0x00, 0x00,
  0x00, 0x00, 0x00, 0x00, 0x14, 0x00, 0x00, 0x00, 0x04, 0x00, 0x00, 0x00,
  0x00, 0x00, 0x00, 0x00, 0x00, 0x00, 0x00, 0x00, 0x00, 0x00, 0x00, 0x00,
  0x07, 0x08, 0x00, 0x00, 0x01, 0x00, 0x00, 0x00, 0x42, 0x00, 0x00, 0x00,
  0x00, 0x00, 0x00, 0x00, 0x00, 0x00, 0x00, 0x00, 0x00, 0x00, 0x00, 0x00,
  0x80, 0x68, 0x01, 0x00, 0x00, 0x00, 0x00, 0x00, 0x40, 0x06, 0x00, 0x00,
  0x00, 0x00, 0x00, 0x00, 0x00, 0x00, 0x00, 0x00, 0x15, 0x00, 0x00, 0x00,
  0x04, 0x00, 0x00, 0x00, 0x00, 0x00, 0x00, 0x00, 0x00, 0x00, 0x00, 0x00,
  0x00, 0x00, 0x00, 0x00, 0x5b, 0x08, 0x00, 0x00, 0x01, 0x00, 0x00, 0x00,
  0x42, 0x00, 0x00, 0x00, 0x00, 0x00, 0x00, 0x00, 0x00, 0x00, 0x00, 0x00,
  0x00, 0x00, 0x00, 0x00, 0xc0, 0x6e, 0x01, 0x00, 0x00, 0x00, 0x00, 0x00,
  0x40, 0x06, 0x00, 0x00, 0x00, 0x00, 0x00, 0x00, 0x00, 0x00, 0x00, 0x00,
  0x16, 0x00, 0x00, 0x00, 0x04, 0x00, 0x00, 0x00, 0x00, 0x00, 0x00, 0x00,
  0x00, 0x00, 0x00, 0x00, 0x00, 0x00, 0x00, 0x00, 0xa8, 0x08, 0x00, 0x00,
  0x16, 0x00, 0x00, 0x70, 0x00, 0x00, 0x00, 0x10, 0x00, 0x00, 0x00, 0x00,
  0x00, 0x00, 0x00, 0x00, 0x00, 0x00, 0x00, 0x00, 0x00, 0x75, 0x01, 0x00,
  0x00, 0x00, 0x00, 0x00, 0xb8, 0x1c, 0x00, 0x00, 0x00, 0x00, 0x00, 0x00,
  0x30, 0x00, 0x00, 0x00, 0x0a, 0x00, 0x00, 0x00, 0x10, 0x00, 0x00, 0x00,
  0x00, 0x00, 0x00, 0x00, 0x00, 0x00, 0x00, 0x00, 0x00, 0x00, 0x00, 0x00,
  0x04, 0x09, 0x00, 0x00, 0x16, 0x00, 0x00, 0x70, 0x00, 0x00, 0x00, 0x10,
  0x00, 0x00, 0x00, 0x00, 0x00, 0x00, 0x00, 0x00, 0x00, 0x00, 0x00, 0x00,
  0xc0, 0x91, 0x01, 0x00, 0x00, 0x00, 0x00, 0x00, 0x38, 0x1e, 0x00, 0x00,
  0x00, 0x00, 0x00, 0x00, 0x30, 0x00, 0x00, 0x00, 0x0b, 0x00, 0x00, 0x00,
  0x10, 0x00, 0x00, 0x00, 0x00, 0x00, 0x00, 0x00, 0x00, 0x00, 0x00, 0x00,
  0x00, 0x00, 0x00, 0x00, 0x6e, 0x09, 0x00, 0x00, 0x16, 0x00, 0x00, 0x70,
  0x00, 0x00, 0x00, 0x10, 0x00, 0x00, 0x00, 0x00, 0x00, 0x00, 0x00, 0x00,
  0x00, 0x00, 0x00, 0x00, 0x00, 0xb0, 0x01, 0x00, 0x00, 0x00, 0x00, 0x00,
  0xdc, 0x1d, 0x00, 0x00, 0x00, 0x00, 0x00, 0x00, 0x30, 0x00, 0x00, 0x00,
  0x0c, 0x00, 0x00, 0x00, 0x10, 0x00, 0x00, 0x00, 0x00, 0x00, 0x00, 0x00,
  0x00, 0x00, 0x00, 0x00, 0x00, 0x00, 0x00, 0x00, 0xc5, 0x09, 0x00, 0x00,
  0x16, 0x00, 0x00, 0x70, 0x00, 0x00, 0x00, 0x10, 0x00, 0x00, 0x00, 0x00,
  0x00, 0x00, 0x00, 0x00, 0x00, 0x00, 0x00, 0x00, 0xe0, 0xcd, 0x01, 0x00,
  0x00, 0x00, 0x00, 0x00, 0xc6, 0x1a, 0x00, 0x00, 0x00, 0x00, 0x00, 0x00,
  0x30, 0x00, 0x00, 0x00, 0x0d, 0x00, 0x00, 0x00, 0x10, 0x00, 0x00, 0x00,
  0x00, 0x00, 0x00, 0x00, 0x00, 0x00, 0x00, 0x00, 0x00, 0x00, 0x00, 0x00,
  0x15, 0x0a, 0x00, 0x00, 0x01, 0x00, 0x00, 0x00, 0x00, 0x00, 0x00, 0x10,
  0x00, 0x00, 0x00, 0x00, 0x00, 0x00, 0x00, 0x00, 0x00, 0x00, 0x00, 0x00,
  0xa6, 0xe8, 0x01, 0x00, 0x00, 0x00, 0x00, 0x00, 0xc0, 0x01, 0x00, 0x00,
  0x00, 0x00, 0x00, 0x00, 0x00, 0x00, 0x00, 0x00, 0x00, 0x00, 0x00, 0x00,
  0x01, 0x00, 0x00, 0x00, 0x00, 0x00, 0x00, 0x00, 0x00, 0x00, 0x00, 0x00,
  0x00, 0x00, 0x00, 0x00, 0x2a, 0x0a, 0x00, 0x00, 0x83, 0x00, 0x00, 0x70,
  0x00, 0x00, 0x00, 0x10, 0x00, 0x00, 0x00, 0x00, 0x00, 0x00, 0x00, 0x00,
  0x00, 0x00, 0x00, 0x00, 0x68, 0xea, 0x01, 0x00, 0x00, 0x00, 0x00, 0x00,
  0x90, 0x00, 0x00, 0x00, 0x00, 0x00, 0x00, 0x00, 0x30, 0x00, 0x00, 0x00,
  0x00, 0x00, 0x00, 0x00, 0x04, 0x00, 0x00, 0x00, 0x00, 0x00, 0x00, 0x00,
  0x00, 0x00, 0x00, 0x00, 0x00, 0x00, 0x00, 0x00, 0x3b, 0x0a, 0x00, 0x00,
  0x83, 0x00, 0x00, 0x70, 0x40, 0x00, 0x00, 0x10, 0x00, 0x00, 0x00, 0x00,
  0x00, 0x00, 0x00, 0x00, 0x00, 0x00, 0x00, 0x00, 0xf8, 0xea, 0x01, 0x00,
  0x00, 0x00, 0x00, 0x00, 0x08, 0x01, 0x00, 0x00, 0x00, 0x00, 0x00, 0x00,
  0x30, 0x00, 0x00, 0x00, 0x20, 0x00, 0x00, 0x00, 0x04, 0x00, 0x00, 0x00,
  0x00, 0x00, 0x00, 0x00, 0x00, 0x00, 0x00, 0x00, 0x00, 0x00, 0x00, 0x00,
  0x97, 0x0a, 0x00, 0x00, 0x83, 0x00, 0x00, 0x70, 0x40, 0x00, 0x00, 0x10,
  0x00, 0x00, 0x00, 0x00, 0x00, 0x00, 0x00, 0x00, 0x00, 0x00, 0x00, 0x00,
  0x00, 0xec, 0x01, 0x00, 0x00, 0x00, 0x00, 0x00, 0x08, 0x01, 0x00, 0x00,
  0x00, 0x00, 0x00, 0x00, 0x30, 0x00, 0x00, 0x00, 0x21, 0x00, 0x00, 0x00,
  0x04, 0x00, 0x00, 0x00, 0x00, 0x00, 0x00, 0x00, 0x00, 0x00, 0x00, 0x00,
  0x00, 0x00, 0x00, 0x00, 0x01, 0x0b, 0x00, 0x00, 0x83, 0x00, 0x00, 0x70,
  0x40, 0x00, 0x00, 0x10, 0x00, 0x00, 0x00, 0x00, 0x00, 0x00, 0x00, 0x00,
  0x00, 0x00, 0x00, 0x00, 0x08, 0xed, 0x01, 0x00, 0x00, 0x00, 0x00, 0x00,
  0x08, 0x01, 0x00, 0x00, 0x00, 0x00, 0x00, 0x00, 0x30, 0x00, 0x00, 0x00,
  0x22, 0x00, 0x00, 0x00, 0x04, 0x00, 0x00, 0x00, 0x00, 0x00, 0x00, 0x00,
  0x00, 0x00, 0x00, 0x00, 0x00, 0x00, 0x00, 0x00, 0x58, 0x0b, 0x00, 0x00,
  0x83, 0x00, 0x00, 0x70, 0x40, 0x00, 0x00, 0x10, 0x00, 0x00, 0x00, 0x00,
  0x00, 0x00, 0x00, 0x00, 0x00, 0x00, 0x00, 0x00, 0x10, 0xee, 0x01, 0x00,
  0x00, 0x00, 0x00, 0x00, 0x08, 0x01, 0x00, 0x00, 0x00, 0x00, 0x00, 0x00,
  0x30, 0x00, 0x00, 0x00, 0x23, 0x00, 0x00, 0x00, 0x04, 0x00, 0x00, 0x00,
  0x00, 0x00, 0x00, 0x00, 0x00, 0x00, 0x00, 0x00, 0x00, 0x00, 0x00, 0x00,
  0xa8, 0x0b, 0x00, 0x00, 0x82, 0x00, 0x00, 0x70, 0x40, 0x00, 0x00, 0x10,
  0x00, 0x00, 0x00, 0x00, 0x00, 0x00, 0x00, 0x00, 0x00, 0x00, 0x00, 0x00,
  0x18, 0xef, 0x01, 0x00, 0x00, 0x00, 0x00, 0x00, 0x30, 0x00, 0x00, 0x00,
  0x00, 0x00, 0x00, 0x00, 0x30, 0x00, 0x00, 0x00, 0x20, 0x00, 0x00, 0x00,
  0x08, 0x00, 0x00, 0x00, 0x00, 0x00, 0x00, 0x00, 0x18, 0x00, 0x00, 0x00,
  0x00, 0x00, 0x00, 0x00, 0x06, 0x0c, 0x00, 0x00, 0x82, 0x00, 0x00, 0x70,
  0x40, 0x00, 0x00, 0x10, 0x00, 0x00, 0x00, 0x00, 0x00, 0x00, 0x00, 0x00,
  0x00, 0x00, 0x00, 0x00, 0x48, 0xef, 0x01, 0x00, 0x00, 0x00, 0x00, 0x00,
  0x30, 0x00, 0x00, 0x00, 0x00, 0x00, 0x00, 0x00, 0x30, 0x00, 0x00, 0x00,
  0x21, 0x00, 0x00, 0x00, 0x08, 0x00, 0x00, 0x00, 0x00, 0x00, 0x00, 0x00,
  0x18, 0x00, 0x00, 0x00, 0x00, 0x00, 0x00, 0x00, 0x72, 0x0c, 0x00, 0x00,
  0x82, 0x00, 0x00, 0x70, 0x40, 0x00, 0x00, 0x10, 0x00, 0x00, 0x00, 0x00,
  0x00, 0x00, 0x00, 0x00, 0x00, 0x00, 0x00, 0x00, 0x78, 0xef, 0x01, 0x00,
  0x00, 0x00, 0x00, 0x00, 0x30, 0x00, 0x00, 0x00, 0x00, 0x00, 0x00, 0x00,
  0x30, 0x00, 0x00, 0x00, 0x22, 0x00, 0x00, 0x00, 0x08, 0x00, 0x00, 0x00,
  0x00, 0x00, 0x00, 0x00, 0x18, 0x00, 0x00, 0x00, 0x00, 0x00, 0x00, 0x00,
  0xcb, 0x0c, 0x00, 0x00, 0x82, 0x00, 0x00, 0x70, 0x40, 0x00, 0x00, 0x10,
  0x00, 0x00, 0x00, 0x00, 0x00, 0x00, 0x00, 0x00, 0x00, 0x00, 0x00, 0x00,
  0xa8, 0xef, 0x01, 0x00, 0x00, 0x00, 0x00, 0x00, 0x30, 0x00, 0x00, 0x00,
  0x00, 0x00, 0x00, 0x00, 0x30, 0x00, 0x00, 0x00, 0x23, 0x00, 0x00, 0x00,
  0x08, 0x00, 0x00, 0x00, 0x00, 0x00, 0x00, 0x00, 0x18, 0x00, 0x00, 0x00,
  0x00, 0x00, 0x00, 0x00, 0x1d, 0x0d, 0x00, 0x00, 0x82, 0x00, 0x00, 0x70,
  0x40, 0x00, 0x00, 0x10, 0x00, 0x00, 0x00, 0x00, 0x00, 0x00, 0x00, 0x00,
  0x00, 0x00, 0x00, 0x00, 0xd8, 0xef, 0x01, 0x00, 0x00, 0x00, 0x00, 0x00,
  0x60, 0x00, 0x00, 0x00, 0x00, 0x00, 0x00, 0x00, 0x30, 0x00, 0x00, 0x00,
  0x24, 0x00, 0x00, 0x00, 0x08, 0x00, 0x00, 0x00, 0x00, 0x00, 0x00, 0x00,
  0x18, 0x00, 0x00, 0x00, 0x00, 0x00, 0x00, 0x00, 0x37, 0x0d, 0x00, 0x00,
  0x15, 0x00, 0x00, 0x70, 0x03, 0x00, 0x00, 0x10, 0x00, 0x00, 0x00, 0x00,
  0x00, 0x00, 0x00, 0x00, 0x00, 0x00, 0x00, 0x00, 0x38, 0xf0, 0x01, 0x00,
  0x00, 0x00, 0x00, 0x00, 0x00, 0x00, 0x00, 0x00, 0x00, 0x00, 0x00, 0x00,
  0x00, 0x00, 0x00, 0x00, 0x00, 0x00, 0x00, 0x00, 0x01, 0x00, 0x00, 0x00,
  0x00, 0x00, 0x00, 0x00, 0x00, 0x00, 0x00, 0x00, 0x00, 0x00, 0x00, 0x00,
  0x55, 0x0d, 0x00, 0x00, 0x85, 0x00, 0x00, 0x70, 0x00, 0x00, 0x00, 0x10,
  0x00, 0x00, 0x00, 0x00, 0x00, 0x00, 0x00, 0x00, 0x00, 0x00, 0x00, 0x00,
  0x38, 0xf0, 0x01, 0x00, 0x00, 0x00, 0x00, 0x00, 0x50, 0x01, 0x00, 0x00,
  0x00, 0x00, 0x00, 0x00, 0x02, 0x00, 0x00, 0x00, 0x0a, 0x00, 0x00, 0x00,
  0x08, 0x00, 0x00, 0x00, 0x00, 0x00, 0x00, 0x00, 0x18, 0x00, 0x00, 0x00,
  0x00, 0x00, 0x00, 0x00, 0x06, 0x00, 0x00, 0x00, 0x04, 0x00, 0x00, 0x00,
  0xc8, 0xfd, 0x01, 0x00, 0x00, 0x00, 0x00, 0x00, 0x00, 0x00, 0x00, 0x00,
  0x00, 0x00, 0x00, 0x00, 0x00, 0x00, 0x00, 0x00, 0x00, 0x00, 0x00, 0x00,
  0x18, 0x01, 0x00, 0x00, 0x00, 0x00, 0x00, 0x00, 0x18, 0x01, 0x00, 0x00,
  0x00, 0x00, 0x00, 0x00, 0x08, 0x00, 0x00, 0x00, 0x00, 0x00, 0x00, 0x00,
  0x01, 0x00, 0x00, 0x00, 0x04, 0x00, 0x00, 0x00, 0xc8, 0xfd, 0x01, 0x00,
  0x00, 0x00, 0x00, 0x00, 0x00, 0x00, 0x00, 0x00, 0x00, 0x00, 0x00, 0x00,
  0x00, 0x00, 0x00, 0x00, 0x00, 0x00, 0x00, 0x00, 0x18, 0x01, 0x00, 0x00,
  0x00, 0x00, 0x00, 0x00, 0x18, 0x01, 0x00, 0x00, 0x00, 0x00, 0x00, 0x00,
  0x08, 0x00, 0x00, 0x00, 0x00, 0x00, 0x00, 0x00, 0x01, 0x00, 0x00, 0x00,
  0x05, 0x00, 0x00, 0x00, 0x00, 0x21, 0x00, 0x00, 0x00, 0x00, 0x00, 0x00,
  0x00, 0x00, 0x00, 0x00, 0x00, 0x00, 0x00, 0x00, 0x00, 0x00, 0x00, 0x00,
  0x00, 0x00, 0x00, 0x00, 0x00, 0x3b, 0x01, 0x00, 0x00, 0x00, 0x00, 0x00,
  0x00, 0x3b, 0x01, 0x00, 0x00, 0x00, 0x00, 0x00, 0x08, 0x00, 0x00, 0x00,
  0x00, 0x00, 0x00, 0x00, 0x01, 0x00, 0x00, 0x00, 0x06, 0x00, 0x00, 0x00,
  0x00, 0x5c, 0x01, 0x00, 0x00, 0x00, 0x00, 0x00, 0x00, 0x00, 0x00, 0x00,
  0x00, 0x00, 0x00, 0x00, 0x00, 0x00, 0x00, 0x00, 0x00, 0x00, 0x00, 0x00,
  0x00, 0x00, 0x00, 0x00, 0x00, 0x00, 0x00, 0x00, 0x40, 0x10, 0x00, 0x00,
  0x00, 0x00, 0x00, 0x00, 0x08, 0x00, 0x00, 0x00, 0x00, 0x00, 0x00, 0x00,
  0x01, 0x00, 0x00, 0x00, 0x04, 0x00, 0x00, 0x00, 0x00, 0x5c, 0x01, 0x00,
  0x00, 0x00, 0x00, 0x00, 0x00, 0x00, 0x00, 0x00, 0x00, 0x00, 0x00, 0x00,
  0x00, 0x00, 0x00, 0x00, 0x00, 0x00, 0x00, 0x00, 0x00, 0x19, 0x00, 0x00,
  0x00, 0x00, 0x00, 0x00, 0x00, 0x19, 0x00, 0x00, 0x00, 0x00, 0x00, 0x00,
  0x08, 0x00, 0x00, 0x00, 0x00, 0x00, 0x00, 0x00
};
unsigned int cubin_fmha_v2_flash_attention_fp16_64_32_S_q_k_v_128_sm121_cu_cubin_len = 130784;
